PlayerID,PlayerName,SeasonYear,Team,ModelVersion,MappingVersion,PA,Confidence,IncompleteSeason,AsOfDate,ContactScore,EyeScore,PowerScore,SpeedProxyScore,ContactRatingRaw,EyeRatingRaw,PowerRatingRaw,SpeedProxyRatingRaw,ContactRatingDisplay,EyeRatingDisplay,PowerRatingDisplay,SpeedProxyRatingDisplay
1,曾子祐,2024,台鋼雄鷹,A_WinsorizedBalanced-v0.1,B_QuadraticTanh-v1,522,Qualified,False,2026-08-11,1.28319271304,0.818296990214,-0.422126425114,1.33507156559,74.8194854436,71.1542573738,61.720868016,75.2325579699,75,71,62,75
1,曾子祐,2025,台鋼雄鷹,A_WinsorizedBalanced-v0.1,B_QuadraticTanh-v1,506,Qualified,False,2026-08-11,1.95804755818,-0.132780955039,-0.874754326158,-0.362533684514,80.2017992071,64.0195506089,57.737505803,62.2116760138,80,64,58,62
1,曾子祐,2026,台鋼雄鷹,A_WinsorizedBalanced-v0.1,B_QuadraticTanh-v1,352,Qualified,True,2026-08-11,1.86269213067,0.594035176216,0.207838094896,-0.250847939037,79.4436022957,69.4215363145,66.5152996673,63.1076474645,79,69,67,63
2,郭天信,2021,味全龍,A_WinsorizedBalanced-v0.1,B_QuadraticTanh-v1,442,Qualified,False,2026-08-11,2.01781181823,-1.11872536842,-0.259909225207,2.81518220958,80.6757851662,55.4418552731,63.0361445209,86.8311971295,81,55,63,87
2,郭天信,2022,味全龍,A_WinsorizedBalanced-v0.1,B_QuadraticTanh-v1,487,Qualified,False,2026-08-11,2.31827686569,-1.13376192702,-0.61968822754,3.3451953878,83.0385192843,55.2979606388,60.0343514814,90.638202216,83,55,60,91
2,郭天信,2023,味全龍,A_WinsorizedBalanced-v0.1,B_QuadraticTanh-v1,503,Qualified,False,2026-08-11,0.640084070495,-0.897682412716,-0.489406212579,0.641596478484,69.7749309871,57.5253690293,61.1565118824,69.7865598656,70,58,61,70
2,郭天信,2024,味全龍,A_WinsorizedBalanced-v0.1,B_QuadraticTanh-v1,430,Qualified,False,2026-08-11,1.85042653186,-1.03146308444,-0.261568733985,0.603304014908,79.3459291481,56.2719708698,63.0230262113,69.4925623424,79,56,63,69
2,郭天信,2025,味全龍,A_WinsorizedBalanced-v0.1,B_QuadraticTanh-v1,485,Qualified,False,2026-08-11,1.72373874597,-0.290383307727,-0.277842053518,1.85714437421,78.3356489247,62.7941164369,62.8940096876,79.3994281855,78,63,63,79
2,郭天信,2026,味全龍,A_WinsorizedBalanced-v0.1,B_QuadraticTanh-v1,353,Qualified,True,2026-08-11,1.91903297291,-0.282345812207,2.0553581719,3.01237476718,79.8918453079,62.8581829138,80.972996999,88.2810637745,80,63,81,88
3,魔鷹,2024,台鋼雄鷹,A_WinsorizedBalanced-v0.1,B_QuadraticTanh-v1,493,Qualified,False,2026-08-11,0.0440235317972,0.580093323224,5.48322100787,-1.16719485633,65.3178362757,69.3148040088,102.206504652,54.9772128592,65,69,102,55
3,魔鷹,2025,台鋼雄鷹,A_WinsorizedBalanced-v0.1,B_QuadraticTanh-v1,382,Qualified,False,2026-08-11,0.881365793779,1.08303306722,4.63512889087,-1.22684410092,71.6464235424,73.2319559925,98.4213128229,54.4024502904,72,73,98,54
3,魔鷹,2026,台鋼雄鷹,A_WinsorizedBalanced-v0.1,B_QuadraticTanh-v1,341,Qualified,True,2026-08-11,0.455796503468,0.314203202022,5.14379892667,-0.962245723215,68.3689073624,67.3046704968,100.819931985,56.9236551409,68,67,101,57
4,張政禹,2021,味全龍,A_WinsorizedBalanced-v0.1,B_QuadraticTanh-v1,204,Regular,False,2026-08-11,-1.03614469491,-0.623279870817,-0.560972171646,2.11586782212,56.2276654787,60.0028920659,60.5447351161,81.4509500169,56,60,61,81
4,張政禹,2022,味全龍,A_WinsorizedBalanced-v0.1,B_QuadraticTanh-v1,285,Regular,False,2026-08-11,-0.514205264661,-0.465893825176,-1.25063174258,2.61636378489,60.945831698,61.3549491275,54.1724479755,85.3350170908,61,61,54,85
4,張政禹,2023,味全龍,A_WinsorizedBalanced-v0.1,B_QuadraticTanh-v1,230,Regular,False,2026-08-11,-0.299265060568,0.6013956132,-0.290477184301,2.12357031932,62.7231282102,69.4779340609,62.7933671738,81.5116921387,63,69,63,82
4,張政禹,2024,味全龍,A_WinsorizedBalanced-v0.1,B_QuadraticTanh-v1,244,Regular,False,2026-08-11,-0.0452857221367,-0.708522273765,0.421693508376,0.872961578934,64.6710813688,59.2484616304,68.1112430122,71.5807288361,65,59,68,72
4,張政禹,2025,味全龍,A_WinsorizedBalanced-v0.1,B_QuadraticTanh-v1,370,Regular,False,2026-08-11,1.11074682868,-1.35091578421,-0.467362529959,1.78237780788,73.4510572008,53.1988785252,61.34259147,78.8035579611,73,53,61,79
4,張政禹,2026,味全龍,A_WinsorizedBalanced-v0.1,B_QuadraticTanh-v1,293,Qualified,True,2026-08-11,1.12137969626,0.495721917357,-0.565746638053,4.46296670261,73.5351865844,68.6716007856,60.5035130374,97.5210982939,74,69,61,98
5,劉基鴻,2021,味全龍,A_WinsorizedBalanced-v0.1,B_QuadraticTanh-v1,352,Regular,False,2026-08-11,-1.59640975561,-0.701961199945,-0.171294242546,-1.0172694422,50.8036568409,59.307048323,63.7261659431,56.4061247568,51,59,64,56
5,劉基鴻,2022,味全龍,A_WinsorizedBalanced-v0.1,B_QuadraticTanh-v1,413,Qualified,False,2026-08-11,-0.280267885192,-1.28972157883,1.42740535441,-1.29674439797,62.8747190099,53.7936444932,75.9688591004,53.7254883387,63,54,76,54
5,劉基鴻,2023,味全龍,A_WinsorizedBalanced-v0.1,B_QuadraticTanh-v1,511,Qualified,False,2026-08-11,0.361368002987,-0.940539234735,2.02911200308,-0.225660361335,67.657517758,57.1266490595,80.7652843858,63.3052800792,68,57,81,63
5,劉基鴻,2024,味全龍,A_WinsorizedBalanced-v0.1,B_QuadraticTanh-v1,474,Qualified,False,2026-08-11,-0.497232418195,-0.338162172844,1.03835893891,-0.413539350023,61.0901768466,62.4098811004,72.8793317062,61.7921239772,61,62,73,62
5,劉基鴻,2025,味全龍,A_WinsorizedBalanced-v0.1,B_QuadraticTanh-v1,447,Qualified,False,2026-08-11,0.814966143676,-1.2949105143,0.82022950877,-1.04839087327,71.1283194717,53.7432888709,71.1693088263,56.1116418303,71,54,71,56
5,劉基鴻,2026,味全龍,A_WinsorizedBalanced-v0.1,B_QuadraticTanh-v1,337,Qualified,True,2026-08-11,-0.0369889494307,-0.386246717471,0.857726927434,0.173110701761,64.7317693603,62.0174138597,71.4617272529,66.2595532599,65,62,71,66
6,陳晨威,2019,Lamigo,A_WinsorizedBalanced-v0.1,B_QuadraticTanh-v1,403,Qualified,False,2026-08-11,1.02962794919,0.733738828095,-0.219369980507,3.87982690156,72.8105010215,70.4975888626,63.3543779307,94.1458884074,73,70,63,94
6,陳晨威,2020,樂天桃猿,A_WinsorizedBalanced-v0.1,B_QuadraticTanh-v1,516,Qualified,False,2026-08-11,1.14113014354,-0.48211816794,-0.739886490927,6.43904498438,73.6915514972,61.2181581966,58.9672439434,105.260234057,74,61,59,105
6,陳晨威,2021,樂天桃猿,A_WinsorizedBalanced-v0.1,B_QuadraticTanh-v1,304,Regular,False,2026-08-11,1.08563179839,1.59868143601,-0.0129837249778,3.08149443567,73.2524901678,77.3368024281,64.9062813962,88.7803487684,73,77,65,89
6,陳晨威,2022,樂天桃猿,A_WinsorizedBalanced-v0.1,B_QuadraticTanh-v1,422,Qualified,False,2026-08-11,2.4786455887,0.377440952971,0.427194825746,6.14104634172,84.2811136722,67.778144978,68.1527519417,104.434471674,84,68,68,104
6,陳晨威,2023,樂天桃猿,A_WinsorizedBalanced-v0.1,B_QuadraticTanh-v1,448,Qualified,False,2026-08-11,0.78942148368,0.414504985979,0.243526475148,3.65098364633,70.929588071,68.0570365162,66.7791500405,92.689845432,71,68,67,93
6,陳晨威,2024,樂天桃猿,A_WinsorizedBalanced-v0.1,B_QuadraticTanh-v1,528,Qualified,False,2026-08-11,1.59019548397,-0.481293290674,1.68304104885,4.76025884851,77.2690034234,61.2251277082,78.0106932919,99.0475280963,77,61,78,99
6,陳晨威,2025,樂天桃猿,A_WinsorizedBalanced-v0.1,B_QuadraticTanh-v1,479,Qualified,False,2026-08-11,1.96703692387,0.844752568208,0.267199000937,3.33074873092,80.2731589131,71.3604698927,66.954729842,90.5384516625,80,71,67,91
6,陳晨威,2026,樂天桃猿,A_WinsorizedBalanced-v0.1,B_QuadraticTanh-v1,324,Qualified,True,2026-08-11,2.00056195576,0.543764532434,1.34515503651,3.5544555614,80.539086362,69.0372756997,75.3129033823,92.0548660236,81,69,75,92
7,李凱威,2021,味全龍,A_WinsorizedBalanced-v0.1,B_QuadraticTanh-v1,491,Qualified,False,2026-08-11,1.87506664469,-0.160080267224,-0.489167960733,2.49412656372,79.5421121221,63.8120026584,61.1585290921,84.4002301693,80,64,61,84
7,李凱威,2022,味全龍,A_WinsorizedBalanced-v0.1,B_QuadraticTanh-v1,446,Qualified,False,2026-08-11,0.887502609244,0.59455142721,-0.0154740603792,2.26972159608,71.694415264,69.4254908602,64.8882519198,82.6594513972,72,69,65,83
7,李凱威,2023,味全龍,A_WinsorizedBalanced-v0.1,B_QuadraticTanh-v1,506,Qualified,False,2026-08-11,1.03566080953,1.7531938664,0.0918690062829,0.77188347545,72.8580579683,78.5707372098,65.6652063471,70.7933440013,73,79,66,71
7,李凱威,2024,味全龍,A_WinsorizedBalanced-v0.1,B_QuadraticTanh-v1,495,Qualified,False,2026-08-11,2.13113473422,1.54961126256,-0.805408771818,1.26149417505,81.5713226666,76.944758569,58.3738126372,74.6468802872,82,77,58,75
7,李凱威,2025,味全龍,A_WinsorizedBalanced-v0.1,B_QuadraticTanh-v1,521,Qualified,False,2026-08-11,2.0829074884,2.08293022466,-1.06878490711,2.98007782392,81.1907686123,81.190948226,55.9180177277,88.0461259604,81,81,56,88
7,李凱威,2026,味全龍,A_WinsorizedBalanced-v0.1,B_QuadraticTanh-v1,295,Qualified,True,2026-08-11,0.691345054325,1.33046062384,0.0200733540083,2.41880979835,70.169838712,75.195823795,65.1447089728,83.8192776838,70,75,65,84
8,范國宸,2018,富邦悍將,A_WinsorizedBalanced-v0.1,B_QuadraticTanh-v1,210,Regular,False,2026-08-11,0.254441296768,-1.20502042932,-0.326260654328,-0.185755178525,66.8600500964,54.6130828132,62.5061322621,63.614979369,67,55,63,64
8,范國宸,2019,富邦悍將,A_WinsorizedBalanced-v0.1,B_QuadraticTanh-v1,169,Regular,False,2026-08-11,0.785334970308,-0.18581640165,0.603088874591,-0.304727375267,70.8978274558,63.6145074546,69.4909131344,62.6793702503,71,64,69,63
8,范國宸,2020,富邦悍將,A_WinsorizedBalanced-v0.1,B_QuadraticTanh-v1,281,Regular,False,2026-08-11,-0.17169321508,-0.619637233737,-0.0402358752296,-0.200609151005,63.7231058298,60.0347979434,64.7080419745,63.5001914971,64,60,65,64
8,范國宸,2021,富邦悍將,A_WinsorizedBalanced-v0.1,B_QuadraticTanh-v1,336,Regular,False,2026-08-11,0.0284837360474,0.85882871657,1.61223877603,-1.50426117484,65.2054465676,71.4703298522,77.4451181113,51.7029818258,65,71,77,52
8,范國宸,2022,富邦悍將,A_WinsorizedBalanced-v0.1,B_QuadraticTanh-v1,480,Qualified,False,2026-08-11,0.769033686123,-0.333974396226,1.49381238886,-1.5068655365,70.7712208464,62.4437894781,76.4990383549,51.6775508762,71,62,76,52
8,范國宸,2023,富邦悍將,A_WinsorizedBalanced-v0.1,B_QuadraticTanh-v1,454,Qualified,False,2026-08-11,-0.196394159191,-0.0755255701138,1.54867604976,0.106836254053,63.532823418,64.4482758448,76.9372870824,65.7742808991,64,64,77,66
8,范國宸,2024,富邦悍將,A_WinsorizedBalanced-v0.1,B_QuadraticTanh-v1,320,Regular,False,2026-08-11,-0.19772520043,0.463111939493,-0.600456625376,-0.557960877382,63.5225237549,68.4242861787,60.2023373809,60.5707083842,64,68,60,61
8,范國宸,2025,富邦悍將,A_WinsorizedBalanced-v0.1,B_QuadraticTanh-v1,368,Regular,False,2026-08-11,-0.060183160851,0.129773353071,2.16045337709,-0.996787540096,64.5616333482,65.9418090988,81.8022242958,56.5992499425,65,66,82,57
8,范國宸,2026,富邦悍將,A_WinsorizedBalanced-v0.1,B_QuadraticTanh-v1,284,Qualified,True,2026-08-11,-0.14635599523,0.33373851597,2.99706576109,-0.528310784929,63.9165949563,67.4506120478,88.169829561,60.8253727054,64,67,88,61
9,馬傑森,2021,樂天桃猿,A_WinsorizedBalanced-v0.1,B_QuadraticTanh-v1,214,Regular,False,2026-08-11,0.886790531067,-0.750580342865,-1.00365895322,0.144049111564,71.6888456974,58.8709316613,56.5345209913,66.0463025584,72,59,57,66
9,馬傑森,2023,樂天桃猿,A_WinsorizedBalanced-v0.1,B_QuadraticTanh-v1,101,Provisional,False,2026-08-11,0.218340528829,-1.58490730015,-0.512462201834,0.186269482688,66.5928387451,50.9158249059,60.9606858497,66.3563426601,67,51,61,66
9,馬傑森,2024,樂天桃猿,A_WinsorizedBalanced-v0.1,B_QuadraticTanh-v1,409,Qualified,False,2026-08-11,0.455970058773,-1.53471275577,-0.955105788935,-1.22509685886,68.3702207639,51.405653374,56.9905015512,54.4193277067,68,51,57,54
9,馬傑森,2025,樂天桃猿,A_WinsorizedBalanced-v0.1,B_QuadraticTanh-v1,191,Regular,False,2026-08-11,-0.299840168074,-1.73377642989,-0.649659835627,-0.55415724258,62.7185246708,49.4684369395,59.7710019335,60.6034871811,63,49,60,61
9,馬傑森,2026,樂天桃猿,A_WinsorizedBalanced-v0.1,B_QuadraticTanh-v1,266,Qualified,True,2026-08-11,0.426491480681,-1.38629469974,-0.317223670496,-1.09171320284,68.1474438006,52.8542574505,62.5789788391,55.6997505744,68,53,63,56
10,王念好,2024,富邦悍將,A_WinsorizedBalanced-v0.1,B_QuadraticTanh-v1,158,Regular,False,2026-08-11,-1.5701778481,0.963267493916,0.302630147632,-0.645821255084,51.0595118219,72.2883227382,67.2183507065,59.8048343536,51,72,67,60
10,王念好,2025,富邦悍將,A_WinsorizedBalanced-v0.1,B_QuadraticTanh-v1,142,Provisional,False,2026-08-11,-2.37126446057,-0.341585122248,0.462061155704,-0.0638817586245,43.5667392452,62.3821328799,68.4163292991,64.5343655813,44,62,68,65
10,王念好,2026,富邦悍將,A_WinsorizedBalanced-v0.1,B_QuadraticTanh-v1,262,Qualified,True,2026-08-11,-1.88816806909,1.64690537592,2.0087215755,-0.539493647465,47.9841109987,77.7220655604,80.6037597857,60.7295538438,48,78,81,61
11,潘傑楷,2016,統一7-ELEVEn獅,A_WinsorizedBalanced-v0.1,B_QuadraticTanh-v1,92,Provisional,False,2026-08-11,0.0383412450993,-1.06329796619,-0.149002685615,0.616903566826,65.2767149998,55.9701605037,63.8964640422,69.5968716011,65,56,64,70
11,潘傑楷,2017,統一7-ELEVEn獅,A_WinsorizedBalanced-v0.1,B_QuadraticTanh-v1,59,Provisional,False,2026-08-11,-1.28411073604,1.28387430194,-0.110895599359,-0.187206374085,53.848076483,74.8249089287,64.1844823504,63.6037907154,54,75,64,64
11,潘傑楷,2018,統一7-ELEVEn獅,A_WinsorizedBalanced-v0.1,B_QuadraticTanh-v1,176,Regular,False,2026-08-11,0.169813814153,1.07118209319,0.23796560315,1.4053957382,66.2353255391,73.1383438359,66.7379698685,75.7932389419,66,73,67,76
11,潘傑楷,2019,統一7-ELEVEn獅,A_WinsorizedBalanced-v0.1,B_QuadraticTanh-v1,88,Provisional,False,2026-08-11,-1.51262930162,0.990267308566,-0.314772371372,0.655668812887,51.6212699542,72.50056632,62.5987030334,69.8948281207,52,73,63,70
11,潘傑楷,2020,統一7-ELEVEn獅,A_WinsorizedBalanced-v0.1,B_QuadraticTanh-v1,103,Provisional,False,2026-08-11,-0.258737695602,1.04781935508,-0.090835989849,0.469587786175,63.0454010914,72.9539449229,64.3345094415,68.4733404448,63,73,64,68
11,潘傑楷,2022,統一7-ELEVEn獅,A_WinsorizedBalanced-v0.1,B_QuadraticTanh-v1,319,Regular,False,2026-08-11,1.38232488867,0.593337969754,0.656594583901,1.85671264625,75.6092178046,69.4161958952,69.9019548991,79.3959902882,76,69,70,79
11,潘傑楷,2023,統一7-ELEVEn獅,A_WinsorizedBalanced-v0.1,B_QuadraticTanh-v1,182,Regular,False,2026-08-11,0.855339640296,1.89371904756,-0.415483444957,0.158718805623,71.4430897017,79.6905371449,61.7760073409,66.153858669,71,80,62,66
11,潘傑楷,2024,統一7-ELEVEn獅,A_WinsorizedBalanced-v0.1,B_QuadraticTanh-v1,389,Qualified,False,2026-08-11,0.597640452627,2.08445446085,0.256330013526,-0.400172166688,69.4491566914,81.2029890841,66.8740588164,61.9026910384,69,81,67,62
11,潘傑楷,2025,統一7-ELEVEn獅,A_WinsorizedBalanced-v0.1,B_QuadraticTanh-v1,391,Qualified,False,2026-08-11,0.728010024414,0.181425470127,-0.345189424041,2.3083227416,70.453239606,66.3206958348,62.3528828423,82.9609079956,70,66,62,83
11,潘傑楷,2026,統一7-ELEVEn獅,A_WinsorizedBalanced-v0.1,B_QuadraticTanh-v1,290,Qualified,True,2026-08-11,0.581095198262,1.90188769968,0.197320333601,-0.450232836328,69.3224697643,79.7555143241,66.4377377863,61.4864051605,69,80,66,61
12,朱育賢,2016,Lamigo,A_WinsorizedBalanced-v0.1,B_QuadraticTanh-v1,297,Regular,False,2026-08-11,0.0926801280869,2.65927035193,1.71248677145,-1.16048790994,65.671112483,85.660569372,78.2458205284,55.0416437101,66,86,78,55
12,朱育賢,2017,Lamigo,A_WinsorizedBalanced-v0.1,B_QuadraticTanh-v1,424,Qualified,False,2026-08-11,0.0583153376219,1.75527039679,3.00505939022,-1.54878609318,65.4213884187,78.587306758,88.2279396975,51.268272199,65,79,88,51
12,朱育賢,2018,Lamigo,A_WinsorizedBalanced-v0.1,B_QuadraticTanh-v1,366,Qualified,False,2026-08-11,0.298428024838,0.699774665768,1.1056243573,-1.18485436122,67.1870340637,70.2349271587,73.4105403202,54.8073685302,67,70,73,55
12,朱育賢,2019,Lamigo,A_WinsorizedBalanced-v0.1,B_QuadraticTanh-v1,507,Qualified,False,2026-08-11,0.91084391475,0.27347476401,2.57942808757,-1.34499149506,71.8771104872,67.0013519888,85.0536712421,53.256537996,72,67,85,53
12,朱育賢,2020,樂天桃猿,A_WinsorizedBalanced-v0.1,B_QuadraticTanh-v1,394,Qualified,False,2026-08-11,0.852878279807,0.192250917741,2.71092531949,-1.20177812577,71.4238767578,66.4003864704,86.0506102011,54.6443432857,71,66,86,55
12,朱育賢,2021,樂天桃猿,A_WinsorizedBalanced-v0.1,B_QuadraticTanh-v1,403,Qualified,False,2026-08-11,1.08347818128,-0.730796118117,3.7595236548,-1.04784065539,73.2354729479,59.0489444386,93.3892573245,56.1168587196,73,59,93,56
12,朱育賢,2022,樂天桃猿,A_WinsorizedBalanced-v0.1,B_QuadraticTanh-v1,353,Regular,False,2026-08-11,-0.987315899121,-0.21908835278,2.74082751742,-1.01908556564,56.6883686044,63.3565736668,86.2754211756,56.3889737904,57,63,86,56
12,朱育賢,2023,樂天桃猿,A_WinsorizedBalanced-v0.1,B_QuadraticTanh-v1,409,Qualified,False,2026-08-11,-0.342685170272,0.532682657557,2.24538320383,-1.04808595789,62.3732090889,68.9527893324,82.4689951974,56.1145329304,62,69,82,56
12,朱育賢,2024,樂天桃猿,A_WinsorizedBalanced-v0.1,B_QuadraticTanh-v1,442,Qualified,False,2026-08-11,0.530591164874,-0.901404788216,1.46824345288,-0.980846917632,68.936853275,57.490849886,76.2948556842,56.7491646938,69,57,76,57
12,朱育賢,2025,味全龍,A_WinsorizedBalanced-v0.1,B_QuadraticTanh-v1,375,Qualified,False,2026-08-11,-0.00118913851636,0.320305187095,2.37696136142,-0.774633209753,64.9914362232,67.3502248897,83.4949770695,58.6535238841,65,67,83,59
12,朱育賢,2026,味全龍,A_WinsorizedBalanced-v0.1,B_QuadraticTanh-v1,311,Qualified,True,2026-08-11,-0.690189483435,-0.549201185131,2.81444354277,-1.16806701546,59.411950664,60.6461491879,86.8256991695,54.9688313167,59,61,87,55
13,吳念庭,2024,台鋼雄鷹,A_WinsorizedBalanced-v0.1,B_QuadraticTanh-v1,139,Provisional,False,2026-08-11,-0.000755788603956,-0.409537558134,0.0432425471932,0.291417811632,64.9945575224,61.8252702894,65.3121827945,67.134820491,65,62,65,67
13,吳念庭,2025,台鋼雄鷹,A_WinsorizedBalanced-v0.1,B_QuadraticTanh-v1,377,Qualified,False,2026-08-11,2.16072432833,1.85558257064,-0.211611079233,-0.323302232388,81.8043565429,79.3869911984,63.4147945424,62.5300026125,82,79,63,63
13,吳念庭,2026,台鋼雄鷹,A_WinsorizedBalanced-v0.1,B_QuadraticTanh-v1,309,Qualified,True,2026-08-11,1.64946320602,2.12850912866,-0.723909203525,-0.833302928071,77.742498071,81.5506274987,59.1107360274,58.118842265,78,82,59,58
14,王柏融,2015,Lamigo,A_WinsorizedBalanced-v0.1,B_QuadraticTanh-v1,122,Provisional,False,2026-08-11,0.0906647239443,0.0314145933424,2.70845764477,-0.464512433832,65.6564384855,65.2266272506,86.0320252683,61.3665675173,66,65,86,61
14,王柏融,2016,Lamigo,A_WinsorizedBalanced-v0.1,B_QuadraticTanh-v1,550,Qualified,False,2026-08-11,2.66612406652,0.580483018171,2.11502979819,2.47170925443,85.712441491,69.3177856478,81.4443399442,84.2276923511,86,69,81,84
14,王柏融,2017,Lamigo,A_WinsorizedBalanced-v0.1,B_QuadraticTanh-v1,517,Qualified,False,2026-08-11,3.30148036632,0.88700474963,2.90461816591,1.47102449496,90.3356152447,71.6905211972,87.4932773131,76.3170614464,90,72,87,76
14,王柏融,2018,Lamigo,A_WinsorizedBalanced-v0.1,B_QuadraticTanh-v1,534,Qualified,False,2026-08-11,1.81797099539,1.35904875296,1.69782585951,-0.0991627827639,79.0873442577,75.4236371302,78.1287602836,64.2723662597,79,75,78,64
14,王柏融,2024,台鋼雄鷹,A_WinsorizedBalanced-v0.1,B_QuadraticTanh-v1,478,Qualified,False,2026-08-11,0.228706548904,2.26246224479,0.759526234496,1.44794120126,66.6694586123,82.602674973,70.6974452588,76.1327691886,67,83,71,76
14,王柏融,2025,台鋼雄鷹,A_WinsorizedBalanced-v0.1,B_QuadraticTanh-v1,433,Qualified,False,2026-08-11,0.204736635181,0.602438520566,-0.13917430714,0.747035105952,66.4924189277,69.4859278714,63.9711242276,70.6005915099,66,69,64,71
14,王柏融,2026,台鋼雄鷹,A_WinsorizedBalanced-v0.1,B_QuadraticTanh-v1,281,Qualified,True,2026-08-11,-0.54856709837,-0.435686130281,1.59113801961,0.370614884051,60.6516035057,61.6079885055,77.2765338833,67.72689194,61,62,77,68
15,陳聖平,2024,統一7-ELEVEn獅,A_WinsorizedBalanced-v0.1,B_QuadraticTanh-v1,181,Regular,False,2026-08-11,0.424630619724,-0.566383373817,-0.387315876616,0.0377812195524,68.1334016066,60.4980117613,62.0086225275,65.2726637831,68,60,62,65
15,陳聖平,2025,統一7-ELEVEn獅,A_WinsorizedBalanced-v0.1,B_QuadraticTanh-v1,354,Regular,False,2026-08-11,0.55585410112,-0.755008073922,-0.198483972098,0.837173062523,69.1295368204,58.8309911863,63.5166502407,71.3013544741,69,59,64,71
15,陳聖平,2026,統一7-ELEVEn獅,A_WinsorizedBalanced-v0.1,B_QuadraticTanh-v1,254,Regular,True,2026-08-11,0.0911052015274,-0.750547187789,0.735573470556,0.551747650072,65.6596452677,58.8712305991,70.5117955218,69.0981878397,66,59,71,69
16,戴培峰,2019,富邦悍將,A_WinsorizedBalanced-v0.1,B_QuadraticTanh-v1,102,Provisional,False,2026-08-11,-0.992911570386,-0.019350504646,-0.810607503439,-0.326974320365,56.6357336749,64.8601528919,58.3263958464,62.5003706679,57,65,58,63
16,戴培峰,2020,富邦悍將,A_WinsorizedBalanced-v0.1,B_QuadraticTanh-v1,127,Provisional,False,2026-08-11,-1.07192159293,-0.25384126768,1.07694497814,-0.381842780706,55.8881936726,63.0840505684,73.1838593875,62.0535964139,56,63,73,62
16,戴培峰,2021,富邦悍將,A_WinsorizedBalanced-v0.1,B_QuadraticTanh-v1,109,Provisional,False,2026-08-11,-1.42063928575,-0.875566833857,-0.908562745102,-0.322661447549,52.51932632,57.7300026936,57.4244103073,62.5351699471,53,58,57,63
16,戴培峰,2022,富邦悍將,A_WinsorizedBalanced-v0.1,B_QuadraticTanh-v1,319,Regular,False,2026-08-11,0.065448223324,-0.595231854676,-0.723851560662,0.199321564942,65.4731373335,60.2478388624,59.111252833,66.4524886213,65,60,59,66
16,戴培峰,2023,富邦悍將,A_WinsorizedBalanced-v0.1,B_QuadraticTanh-v1,150,Regular,False,2026-08-11,-0.735478033584,0.604038328036,-0.0970857074166,0.66806465233,59.006884974,69.4981916089,64.2878853062,69.9902963209,59,69,64,70
16,戴培峰,2024,富邦悍將,A_WinsorizedBalanced-v0.1,B_QuadraticTanh-v1,323,Regular,False,2026-08-11,0.885382690994,0.0516114100467,-0.777348145039,-0.776109044198,71.67783488,65.3727923058,58.6289173329,58.6401494718,72,65,59,59
16,戴培峰,2025,富邦悍將,A_WinsorizedBalanced-v0.1,B_QuadraticTanh-v1,331,Regular,False,2026-08-11,-0.505407006398,1.14327017727,-0.00835418614029,-0.102324641518,61.0207385276,73.7085014942,64.9397522099,64.2487195327,61,74,65,64
16,戴培峰,2026,富邦悍將,A_WinsorizedBalanced-v0.1,B_QuadraticTanh-v1,206,Regular,True,2026-08-11,-0.0150514739936,1.64400939628,-0.173323068716,-0.598179649475,64.891312571,77.6989314947,63.7106004578,60.2221743074,65,78,64,60
17,宋嘉翔,2023,樂天桃猿,A_WinsorizedBalanced-v0.1,B_QuadraticTanh-v1,181,Regular,False,2026-08-11,-0.741421611704,-0.425026915028,0.484725234218,0.00371691045633,58.9534314193,61.6967595439,68.5881196783,65.0267679691,59,62,69,65
17,宋嘉翔,2024,樂天桃猿,A_WinsorizedBalanced-v0.1,B_QuadraticTanh-v1,120,Provisional,False,2026-08-11,-1.37608936139,-0.59882308016,-0.0929028546457,-0.388078506593,52.9537130371,60.2165698904,64.3191020486,62.0023499714,53,60,64,62
17,宋嘉翔,2025,樂天桃猿,A_WinsorizedBalanced-v0.1,B_QuadraticTanh-v1,135,Provisional,False,2026-08-11,-0.266256286428,-0.966384944168,-0.69731316097,-0.546063881107,62.985932919,56.8848689882,59.3485015139,60.6731270657,63,57,59,61
17,宋嘉翔,2026,樂天桃猿,A_WinsorizedBalanced-v0.1,B_QuadraticTanh-v1,206,Regular,True,2026-08-11,-0.506152121764,-1.42952067939,-0.56841988598,-0.709685777738,61.0144015961,52.4326669792,60.4804107083,59.2380634008,61,52,60,59
18,張育成,2024,富邦悍將,A_WinsorizedBalanced-v0.1,B_QuadraticTanh-v1,182,Regular,False,2026-08-11,-0.81944785458,4.68425975531,3.92546054364,0.66723581732,58.2456555763,98.6700108693,94.4276703047,69.9839100857,58,99,94,70
18,張育成,2025,富邦悍將,A_WinsorizedBalanced-v0.1,B_QuadraticTanh-v1,270,Regular,False,2026-08-11,1.02769934368,2.3085922236,3.30731558173,0.764612041126,72.7953007547,82.9630098102,90.3761338749,70.7369038649,73,83,90,71
18,張育成,2026,富邦悍將,A_WinsorizedBalanced-v0.1,B_QuadraticTanh-v1,292,Qualified,True,2026-08-11,0.712470573711,1.52352042091,4.40938303227,0.903549372607,70.3330344321,76.7363276576,97.2318236695,71.8199883879,70,77,97,72
19,劉俊緯,2024,味全龍,A_WinsorizedBalanced-v0.1,B_QuadraticTanh-v1,170,Regular,False,2026-08-11,-1.25228863571,-1.00378991298,-0.289526141898,2.21965823028,54.1564122992,56.5332867324,62.8009567464,82.2673786835,54,57,63,82
19,劉俊緯,2025,味全龍,A_WinsorizedBalanced-v0.1,B_QuadraticTanh-v1,188,Regular,False,2026-08-11,-0.0979498744209,-0.317773283028,-0.488922325048,0.832650300831,64.2814300408,62.5745543368,61.1606086812,71.2660933213,64,63,61,71
19,劉俊緯,2026,味全龍,A_WinsorizedBalanced-v0.1,B_QuadraticTanh-v1,212,Regular,True,2026-08-11,0.786509950608,-0.511099851548,0.160436091396,0.971368781655,70.9069585707,60.9722908019,66.1664613803,72.3519747573,71,61,66,72
20,王威晨,2017,中信兄弟,A_WinsorizedBalanced-v0.1,B_QuadraticTanh-v1,113,Provisional,False,2026-08-11,-0.206081496902,0.277409394825,-0.514680636126,1.38675096613,63.4577551358,67.0305979019,60.9417794451,75.6445160466,63,67,61,76
20,王威晨,2018,中信兄弟,A_WinsorizedBalanced-v0.1,B_QuadraticTanh-v1,537,Qualified,False,2026-08-11,1.78497347138,0.425421268646,-1.41662427271,7.34302145016,78.8242597986,68.1393675979,52.5584968023,107.171596535,79,68,53,107
20,王威晨,2019,中信兄弟,A_WinsorizedBalanced-v0.1,B_QuadraticTanh-v1,491,Qualified,False,2026-08-11,1.90994356202,-0.908332605368,-1.4768324379,4.18296017415,79.8195793115,57.4265476854,51.9708162224,95.9622973345,80,57,52,96
20,王威晨,2020,中信兄弟,A_WinsorizedBalanced-v0.1,B_QuadraticTanh-v1,549,Qualified,False,2026-08-11,2.22685723864,-0.222669341844,-0.980332887183,1.23302264143,82.3238314766,63.3286386285,56.7539931209,74.4205613175,82,63,57,74
20,王威晨,2021,中信兄弟,A_WinsorizedBalanced-v0.1,B_QuadraticTanh-v1,532,Qualified,False,2026-08-11,2.62395240045,-0.644952610585,-1.49428297396,2.01085257046,85.3926965598,59.8124861799,51.8004175062,80.6206467596,85,60,52,81
20,王威晨,2022,中信兄弟,A_WinsorizedBalanced-v0.1,B_QuadraticTanh-v1,454,Qualified,False,2026-08-11,2.36528998461,-1.0719067178,-1.02919439604,0.342709942354,83.4043486286,55.8883351346,56.2934311079,67.5177320525,83,56,56,68
20,王威晨,2023,中信兄弟,A_WinsorizedBalanced-v0.1,B_QuadraticTanh-v1,454,Qualified,False,2026-08-11,1.68651620085,-1.27797819234,-1.06241818655,1.60662423676,78.0384462507,53.9075476505,55.9785177927,77.4002613405,78,54,56,77
20,王威晨,2024,中信兄弟,A_WinsorizedBalanced-v0.1,B_QuadraticTanh-v1,299,Regular,False,2026-08-11,1.90063134229,0.429522549848,0.694521376458,1.03776785025,79.7455216727,68.1703217916,70.1943595631,72.874670961,80,68,70,73
20,王威晨,2025,中信兄弟,A_WinsorizedBalanced-v0.1,B_QuadraticTanh-v1,370,Regular,False,2026-08-11,1.38878372452,0.112495324812,-0.545761697763,0.208147804241,75.6607283519,65.8155718625,60.675724403,66.5175849521,76,66,61,67
20,王威晨,2026,中信兄弟,A_WinsorizedBalanced-v0.1,B_QuadraticTanh-v1,262,Qualified,True,2026-08-11,1.15948451684,-0.267459678488,-0.234759466007,-0.649560914408,73.836971139,62.9764011378,63.2340758352,59.7718741849,74,63,63,60
21,王博玄,2024,台鋼雄鷹,A_WinsorizedBalanced-v0.1,B_QuadraticTanh-v1,409,Qualified,False,2026-08-11,0.666323969168,-0.816666120564,-0.434981482363,2.11717479836,69.9768846987,58.2710762935,61.6138652672,81.4612584972,70,58,62,81
21,王博玄,2025,台鋼雄鷹,A_WinsorizedBalanced-v0.1,B_QuadraticTanh-v1,489,Qualified,False,2026-08-11,1.01052288635,0.755330726597,-0.414214586246,2.30846607592,72.6599877161,70.6649046398,61.7865272714,82.9620259309,73,71,62,83
21,王博玄,2026,台鋼雄鷹,A_WinsorizedBalanced-v0.1,B_QuadraticTanh-v1,254,Regular,True,2026-08-11,1.15350376312,-1.03020826515,-0.929997107666,2.23828524759,73.7895751833,56.2838414077,57.2249866892,82.41339709,74,56,57,82
22,林子豪,2021,統一7-ELEVEn獅,A_WinsorizedBalanced-v0.1,B_QuadraticTanh-v1,247,Regular,False,2026-08-11,0.0100703435977,0.483768243242,-0.648972192655,0.920449311731,65.0725520464,68.5808586308,59.7770649031,71.9523651038,65,69,60,72
22,林子豪,2022,統一7-ELEVEn獅,A_WinsorizedBalanced-v0.1,B_QuadraticTanh-v1,250,Regular,False,2026-08-11,0.542788851116,-0.929247011727,0.579282207166,0.346288665106,69.0298340093,57.2319773018,69.3085982987,67.5445234059,69,57,69,68
22,林子豪,2023,統一7-ELEVEn獅,A_WinsorizedBalanced-v0.1,B_QuadraticTanh-v1,286,Regular,False,2026-08-11,0.448201922258,1.82446381425,-0.0732260164967,0.0692617518578,68.3114552039,79.1390898412,64.4653074141,65.5008226696,68,79,64,66
22,林子豪,2025,統一7-ELEVEn獅,A_WinsorizedBalanced-v0.1,B_QuadraticTanh-v1,286,Regular,False,2026-08-11,-0.0024467881523,1.14082138326,1.75150627637,-0.701357008588,64.9823747453,73.6891060975,78.557270804,59.3124391641,65,74,79,59
22,林子豪,2026,統一7-ELEVEn獅,A_WinsorizedBalanced-v0.1,B_QuadraticTanh-v1,236,Regular,True,2026-08-11,0.674725058163,-0.301067005375,0.510191132331,-0.658016313021,70.0416299965,62.7087014402,68.7815693524,59.6972449869,70,63,69,60
23,高宇杰,2019,中信兄弟,A_WinsorizedBalanced-v0.1,B_QuadraticTanh-v1,102,Provisional,False,2026-08-11,0.0673399710533,-0.964392355123,-0.0899447102589,-0.33425718258,65.4868693952,56.9035433884,64.3411498535,62.4415011454,65,57,64,62
23,高宇杰,2020,中信兄弟,A_WinsorizedBalanced-v0.1,B_QuadraticTanh-v1,193,Regular,False,2026-08-11,-1.84084783838,0.0376714951738,-0.490955890535,-0.602095060239,48.436589701,65.2718700711,61.1433880057,60.1880565303,48,65,61,60
23,高宇杰,2021,中信兄弟,A_WinsorizedBalanced-v0.1,B_QuadraticTanh-v1,234,Regular,False,2026-08-11,-0.529376084263,-0.797340619017,0.7231764583,-0.520791657685,60.8162569448,58.4473062745,70.4158350613,60.8896409861,61,58,70,61
23,高宇杰,2022,中信兄弟,A_WinsorizedBalanced-v0.1,B_QuadraticTanh-v1,105,Provisional,False,2026-08-11,-1.12400814034,0.00419344221204,0.858651804875,-0.435414093347,55.3913275754,65.0302006926,71.4689485134,61.6102574331,55,65,71,62
23,高宇杰,2023,中信兄弟,A_WinsorizedBalanced-v0.1,B_QuadraticTanh-v1,231,Regular,False,2026-08-11,-1.68847846241,-0.481259835373,-0.945189612257,-0.405253736532,49.9076383002,61.2254103437,57.0832176684,61.8607096871,50,61,57,62
23,高宇杰,2024,中信兄弟,A_WinsorizedBalanced-v0.1,B_QuadraticTanh-v1,330,Regular,False,2026-08-11,0.032198570794,0.240163550916,-0.0767120440813,-0.447615136433,65.2322941829,66.7542434597,64.4394825764,61.5083213019,65,67,64,62
23,高宇杰,2025,中信兄弟,A_WinsorizedBalanced-v0.1,B_QuadraticTanh-v1,342,Regular,False,2026-08-11,-0.482485347763,-0.661948820681,-0.680531868779,-1.09451792703,61.2150553313,59.662485961,59.4978079329,55.6730099118,61,60,59,56
23,高宇杰,2026,中信兄弟,A_WinsorizedBalanced-v0.1,B_QuadraticTanh-v1,235,Regular,True,2026-08-11,0.500861921658,0.0044249263201,-1.54373116212,-0.975603212111,68.7106494117,65.0318682752,51.3176143377,56.7984029989,69,65,51,57
24,蘇智傑,2016,統一7-ELEVEn獅,A_WinsorizedBalanced-v0.1,B_QuadraticTanh-v1,176,Regular,False,2026-08-11,-0.36956174559,0.234190903283,1.28178709908,-0.75784993977,62.154245162,66.7100310855,74.8083011157,58.8053367641,62,67,75,59
24,蘇智傑,2017,統一7-ELEVEn獅,A_WinsorizedBalanced-v0.1,B_QuadraticTanh-v1,404,Qualified,False,2026-08-11,1.3148687852,0.957756712513,1.81462901902,0.730463129269,75.0716364365,72.2450401336,79.0607070549,70.4722279574,75,72,79,70
24,蘇智傑,2018,統一7-ELEVEn獅,A_WinsorizedBalanced-v0.1,B_QuadraticTanh-v1,284,Regular,False,2026-08-11,-0.218028071374,1.75360123231,2.63453551858,2.93213986921,63.3648383757,78.5739878025,85.4730646191,87.6955400335,63,79,85,88
24,蘇智傑,2019,統一7-ELEVEn獅,A_WinsorizedBalanced-v0.1,B_QuadraticTanh-v1,508,Qualified,False,2026-08-11,-0.431456579669,1.35875567873,2.46169801979,3.08012031449,61.6432451526,75.4213009849,84.1505346813,88.7704703727,62,75,84,89
24,蘇智傑,2020,統一7-ELEVEn獅,A_WinsorizedBalanced-v0.1,B_QuadraticTanh-v1,511,Qualified,False,2026-08-11,-0.436436978021,1.88415882929,2.44147531561,0.95764935515,61.6017251344,79.6144718852,83.994482383,72.2441970582,62,80,84,72
24,蘇智傑,2021,統一7-ELEVEn獅,A_WinsorizedBalanced-v0.1,B_QuadraticTanh-v1,425,Qualified,False,2026-08-11,0.305908655936,0.192911641268,1.14696741039,1.58691955272,67.2427935561,66.4052534641,73.7377884822,77.2428301085,67,66,74,77
24,蘇智傑,2023,統一7-ELEVEn獅,A_WinsorizedBalanced-v0.1,B_QuadraticTanh-v1,471,Qualified,False,2026-08-11,1.43827035102,1.58420372856,1.60797459062,0.409593993984,76.0555742281,77.2211318116,77.4110498967,68.0200256794,76,77,77,68
24,蘇智傑,2024,統一7-ELEVEn獅,A_WinsorizedBalanced-v0.1,B_QuadraticTanh-v1,207,Regular,False,2026-08-11,0.486304208403,-0.154586364959,-0.175495605525,-0.572157064614,68.6001013235,63.8539323268,63.6939202067,60.448087586,69,64,64,60
24,蘇智傑,2025,統一7-ELEVEn獅,A_WinsorizedBalanced-v0.1,B_QuadraticTanh-v1,232,Regular,False,2026-08-11,-0.167191274237,-0.106011294461,1.29461933472,-0.257484657333,63.757610943,64.2211135433,74.9104213211,63.0552977472,64,64,75,63
24,蘇智傑,2026,統一7-ELEVEn獅,A_WinsorizedBalanced-v0.1,B_QuadraticTanh-v1,273,Qualified,True,2026-08-11,0.98171690457,-0.632358431949,2.79276648645,0.491455497984,72.433319809,59.9232516148,86.6641438838,68.6392024969,72,60,87,69
25,邱智呈,2022,統一7-ELEVEn獅,A_WinsorizedBalanced-v0.1,B_QuadraticTanh-v1,301,Regular,False,2026-08-11,0.377258933164,0.234587150121,-0.900395195978,1.61594088555,67.7767778468,66.7129634032,57.5002144048,77.4746954167,68,67,58,77
25,邱智呈,2023,統一7-ELEVEn獅,A_WinsorizedBalanced-v0.1,B_QuadraticTanh-v1,258,Regular,False,2026-08-11,0.854171457023,0.395963749381,0.891496606811,0.998375131466,71.4339707027,67.9173956079,71.7256589574,72.5643593095,71,68,72,73
25,邱智呈,2024,統一7-ELEVEn獅,A_WinsorizedBalanced-v0.1,B_QuadraticTanh-v1,530,Qualified,False,2026-08-11,1.22914295319,1.74560671613,0.288177497271,0.631605178823,74.389736954,78.5101916304,67.1106988922,69.7097627409,74,79,67,70
25,邱智呈,2025,統一7-ELEVEn獅,A_WinsorizedBalanced-v0.1,B_QuadraticTanh-v1,391,Qualified,False,2026-08-11,0.165723608635,1.10692530479,1.06146359148,1.71678318585,66.2052805835,73.4208295232,73.0616131963,78.2801217033,66,73,73,78
25,邱智呈,2026,統一7-ELEVEn獅,A_WinsorizedBalanced-v0.1,B_QuadraticTanh-v1,246,Regular,True,2026-08-11,0.366084760667,2.60674359351,0.449618974728,0.0994180901118,67.6928969793,85.2618345863,68.3221719592,65.7201965295,68,85,68,66
26,林子偉,2023,樂天桃猿,A_WinsorizedBalanced-v0.1,B_QuadraticTanh-v1,82,Provisional,False,2026-08-11,-0.9917191645,0.0386061579293,0.0324963138501,1.16192102715,56.6469534585,65.2786314722,65.2344465432,73.8562828986,57,65,65,74
26,林子偉,2024,樂天桃猿,A_WinsorizedBalanced-v0.1,B_QuadraticTanh-v1,189,Regular,False,2026-08-11,-1.20955498002,0.60673659428,1.05375441417,1.3130405908,54.5693487048,69.5188795022,73.0007708652,75.0570780487,55,70,73,75
26,林子偉,2025,樂天桃猿,A_WinsorizedBalanced-v0.1,B_QuadraticTanh-v1,364,Regular,False,2026-08-11,-0.164455495915,0.535359887281,0.380011437856,1.77724336926,63.7785528066,68.9731926351,67.7974542346,78.7626051967,64,69,68,79
26,林子偉,2026,樂天桃猿,A_WinsorizedBalanced-v0.1,B_QuadraticTanh-v1,278,Qualified,True,2026-08-11,0.680012462508,-0.934058016383,0.454219797579,4.0723797263,70.0824001647,57.1871258964,68.3569764146,95.3149298501,70,57,68,95
27,岳政華,2021,中信兄弟,A_WinsorizedBalanced-v0.1,B_QuadraticTanh-v1,53,Provisional,False,2026-08-11,-1.52484703159,1.30272460184,0.180021527856,0.429688102564,51.5019745627,74.9749412966,66.3103679317,68.1715715447,52,75,66,68
27,岳政華,2022,中信兄弟,A_WinsorizedBalanced-v0.1,B_QuadraticTanh-v1,260,Regular,False,2026-08-11,0.370833311781,-1.31781138741,1.50415079478,0.323303142463,67.7285314522,53.5208680906,76.581609435,67.3726166159,68,54,77,67
27,岳政華,2023,中信兄弟,A_WinsorizedBalanced-v0.1,B_QuadraticTanh-v1,462,Qualified,False,2026-08-11,0.374841902691,-0.953743301594,1.24366484826,0.71845695957,67.75862612,57.0032492602,74.5051332213,70.3793258967,68,57,75,70
27,岳政華,2024,中信兄弟,A_WinsorizedBalanced-v0.1,B_QuadraticTanh-v1,504,Qualified,False,2026-08-11,-0.318097259509,0.863699815699,0.0954242458123,3.64821980165,62.5719458967,71.5083696647,65.6910978321,92.6718323119,63,72,66,93
27,岳政華,2025,中信兄弟,A_WinsorizedBalanced-v0.1,B_QuadraticTanh-v1,350,Regular,False,2026-08-11,0.396183384716,1.18378358698,0.126154317375,1.3331678649,67.9190482952,74.0296421719,65.9153465202,75.2173912212,68,74,66,75
27,岳政華,2026,中信兄弟,A_WinsorizedBalanced-v0.1,B_QuadraticTanh-v1,249,Regular,True,2026-08-11,-0.84872615417,0.283697948598,1.11349732984,0.233384971646,57.9772900144,67.0773656955,73.4728162064,66.7040673965,58,67,73,67
28,陳子豪,2014,中信兄弟,A_WinsorizedBalanced-v0.1,B_QuadraticTanh-v1,276,Regular,False,2026-08-11,-0.924486374989,-0.350640619685,0.936076856845,0.538759536602,57.2763248874,62.3085830608,72.0748887429,68.9991083835,57,62,72,69
28,陳子豪,2015,中信兄弟,A_WinsorizedBalanced-v0.1,B_QuadraticTanh-v1,339,Regular,False,2026-08-11,0.0138179850032,1.00117796371,-0.045710525871,-0.307030777442,65.099575251,72.5864183234,64.6679689417,62.6608952119,65,73,65,63
28,陳子豪,2016,中信兄弟,A_WinsorizedBalanced-v0.1,B_QuadraticTanh-v1,351,Regular,False,2026-08-11,0.936765090024,0.251669851651,1.01829641837,-0.793849669109,72.0802871238,66.839499279,72.7212121101,58.4790697782,72,67,73,58
28,陳子豪,2017,中信兄弟,A_WinsorizedBalanced-v0.1,B_QuadraticTanh-v1,345,Regular,False,2026-08-11,1.12487889576,0.176177847415,2.55417575501,1.3413419644,73.5628809029,66.2821008049,84.8607540393,75.2825186331,74,66,85,75
28,陳子豪,2018,中信兄弟,A_WinsorizedBalanced-v0.1,B_QuadraticTanh-v1,473,Qualified,False,2026-08-11,-0.320830069343,1.52583373288,0.999461917558,-0.863310243513,62.5499325988,76.7548068686,72.572912226,57.8430719293,63,77,73,58
28,陳子豪,2019,中信兄弟,A_WinsorizedBalanced-v0.1,B_QuadraticTanh-v1,420,Qualified,False,2026-08-11,0.387507356033,0.726694703195,1.4103589467,-0.231320843732,67.8537908018,70.4430596977,75.8328364435,63.2610099638,68,70,76,63
28,陳子豪,2020,中信兄弟,A_WinsorizedBalanced-v0.1,B_QuadraticTanh-v1,328,Regular,False,2026-08-11,-0.640507874736,2.46506586495,0.981714134976,-0.561642058782,59.8516151078,84.1764981798,72.4332980318,60.5389544301,60,84,72,61
28,陳子豪,2021,中信兄弟,A_WinsorizedBalanced-v0.1,B_QuadraticTanh-v1,465,Qualified,False,2026-08-11,0.919221782429,2.57381574897,2.15928635348,-1.32947239642,71.9427455734,85.0108345032,81.7930400674,53.407506592,72,85,82,53
28,陳子豪,2022,中信兄弟,A_WinsorizedBalanced-v0.1,B_QuadraticTanh-v1,380,Qualified,False,2026-08-11,1.013654584,2.58830443673,2.50212507698,0.158290848523,72.6846501653,85.1213746693,84.4617120688,66.1507183884,73,85,84,66
28,陳子豪,2023,中信兄弟,A_WinsorizedBalanced-v0.1,B_QuadraticTanh-v1,243,Regular,False,2026-08-11,-2.26095262558,2.34971003088,0.221167622907,-0.662712568329,44.535225806,83.2832496773,66.6137264127,59.6557316182,45,83,67,60
28,陳子豪,2024,中信兄弟,A_WinsorizedBalanced-v0.1,B_QuadraticTanh-v1,344,Regular,False,2026-08-11,-0.365174144509,1.39471819231,4.13273305715,-1.29054558691,62.1901134259,75.7080621047,95.6704540946,53.7856490283,62,76,96,54
28,陳子豪,2025,味全龍,A_WinsorizedBalanced-v0.1,B_QuadraticTanh-v1,409,Qualified,False,2026-08-11,-0.60722738509,2.61788646763,-0.175907557728,-0.763044420423,60.1432852738,85.3465941221,63.6907559083,58.7584057331,60,85,64,59
28,陳子豪,2026,味全龍,A_WinsorizedBalanced-v0.1,B_QuadraticTanh-v1,244,Regular,True,2026-08-11,-1.44526886791,1.06021759074,0.574976960507,-0.898872030614,52.2789688359,73.051778064,69.2756666533,57.5143395704,52,73,69,58
29,林政華,2023,樂天桃猿,A_WinsorizedBalanced-v0.1,B_QuadraticTanh-v1,110,Provisional,False,2026-08-11,0.501509401115,-0.477334066449,-0.448264291431,0.0300095856497,68.7155695918,61.2585577781,61.5028879009,65.2164726057,69,61,62,65
29,林政華,2024,樂天桃猿,A_WinsorizedBalanced-v0.1,B_QuadraticTanh-v1,192,Regular,False,2026-08-11,0.0326295215316,-0.154525829042,-0.219708303705,0.392060042155,65.2354095161,63.8543938875,63.3517398873,67.8880273283,65,64,63,68
29,林政華,2025,樂天桃猿,A_WinsorizedBalanced-v0.1,B_QuadraticTanh-v1,343,Regular,False,2026-08-11,0.514130810362,-0.805540416475,1.51647037615,0.0735653031585,68.8115361765,58.3726125158,76.6800119794,65.5320807186,69,58,77,66
29,林政華,2026,樂天桃猿,A_WinsorizedBalanced-v0.1,B_QuadraticTanh-v1,201,Regular,True,2026-08-11,-0.0752390827225,0.251730872829,0.0372382186265,1.66828921817,64.4503984975,66.8399516972,65.2687359876,77.8928745092,64,67,65,78
30,張仁瑋,2023,中信兄弟,A_WinsorizedBalanced-v0.1,B_QuadraticTanh-v1,92,Provisional,False,2026-08-11,-0.459590666308,0.363743514239,-0.637433799437,0.706936185068,61.4079263364,67.6753337955,59.8786535566,70.2902562741,61,68,60,70
30,張仁瑋,2025,中信兄弟,A_WinsorizedBalanced-v0.1,B_QuadraticTanh-v1,138,Provisional,False,2026-08-11,0.74479680866,-0.0404387030653,0.0646713748824,1.83520071545,70.5832452046,64.7065588096,65.4674991532,79.2246432517,71,65,65,79
30,張仁瑋,2026,中信兄弟,A_WinsorizedBalanced-v0.1,B_QuadraticTanh-v1,268,Qualified,True,2026-08-11,2.11213451123,-0.591482286485,0.534138124063,1.23220566282,81.4215007335,60.2804569463,68.9638809257,74.4140700624,81,60,69,74
31,王順和,2024,味全龍,A_WinsorizedBalanced-v0.1,B_QuadraticTanh-v1,101,Provisional,False,2026-08-11,0.00618553227786,-1.32836009083,-0.437492406865,0.085314333199,65.0445530352,53.4183226768,61.592918757,65.6174997774,65,53,62,66
31,王順和,2025,味全龍,A_WinsorizedBalanced-v0.1,B_QuadraticTanh-v1,192,Regular,False,2026-08-11,-1.10794403784,0.810481684784,0.72655947585,0.410442436695,55.5448833056,71.0934071132,70.4420131626,68.026418571,56,71,70,68
31,王順和,2026,味全龍,A_WinsorizedBalanced-v0.1,B_QuadraticTanh-v1,221,Regular,True,2026-08-11,-0.826309513421,0.780231125923,1.29109675467,3.15057632398,58.1828932676,70.8581724415,74.882384863,89.2744202394,58,71,75,89
32,黃韋盛,2022,中信兄弟,A_WinsorizedBalanced-v0.1,B_QuadraticTanh-v1,92,Provisional,False,2026-08-11,-0.140804201381,-0.0292012105705,-0.550310967275,0.0466299475901,63.9587609417,64.7885600612,60.6366008605,65.3367077972,64,65,61,65
32,黃韋盛,2023,中信兄弟,A_WinsorizedBalanced-v0.1,B_QuadraticTanh-v1,88,Provisional,False,2026-08-11,-1.14228394622,-0.084890172374,-0.649111063552,-0.289566435628,55.2163058376,64.3787671321,59.7758405525,62.8006352386,55,64,60,63
32,黃韋盛,2025,中信兄弟,A_WinsorizedBalanced-v0.1,B_QuadraticTanh-v1,344,Regular,False,2026-08-11,0.0680119245769,-0.167117775381,-0.17351884192,1.39368672542,65.4917478113,63.7581738248,63.7090978719,75.6998347014,65,64,64,76
32,黃韋盛,2026,中信兄弟,A_WinsorizedBalanced-v0.1,B_QuadraticTanh-v1,233,Regular,True,2026-08-11,0.312857309117,0.323615787323,0.284849266493,-0.148192761552,67.2946265864,67.3749521569,67.0859313759,63.9026263855,67,67,67,64
33,岳東華,2018,中信兄弟,A_WinsorizedBalanced-v0.1,B_QuadraticTanh-v1,62,Provisional,False,2026-08-11,-1.36419571331,-1.09067156409,-0.716045425907,0.504405721275,53.0695757265,55.7096794789,59.1811806435,68.7375821464,53,56,59,69
33,岳東華,2019,中信兄弟,A_WinsorizedBalanced-v0.1,B_QuadraticTanh-v1,179,Regular,False,2026-08-11,0.482101571432,-0.339968962995,0.853304240139,0.048280674713,68.5682144778,62.3952379684,71.4272015178,65.3486628412,69,62,71,65
33,岳東華,2020,中信兄弟,A_WinsorizedBalanced-v0.1,B_QuadraticTanh-v1,272,Regular,False,2026-08-11,0.489458924147,0.682314999675,-0.421105276524,0.0233314686964,68.6240452203,70.1001597165,61.7293508532,65.1682307517,69,70,62,65
33,岳東華,2021,中信兄弟,A_WinsorizedBalanced-v0.1,B_QuadraticTanh-v1,207,Regular,False,2026-08-11,-0.578866644354,0.343860420348,-0.331860921671,-0.452895937895,60.3899793783,67.5263438065,62.460885546,61.4640922714,60,68,62,61
33,岳東華,2022,中信兄弟,A_WinsorizedBalanced-v0.1,B_QuadraticTanh-v1,424,Qualified,False,2026-08-11,-0.507796333329,0.148552618814,-0.221164396977,-0.0963033099735,61.000413692,66.0793023718,63.3403827015,64.2937279978,61,66,63,64
33,岳東華,2023,中信兄弟,A_WinsorizedBalanced-v0.1,B_QuadraticTanh-v1,302,Regular,False,2026-08-11,-1.39454565192,2.70033383289,-0.151227114534,-1.26286198019,52.7738236544,85.9708074029,63.8795302892,54.0540372618,53,86,64,54
33,岳東華,2024,中信兄弟,A_WinsorizedBalanced-v0.1,B_QuadraticTanh-v1,442,Qualified,False,2026-08-11,-1.36171833742,2.94687351393,0.738262998644,0.514328255329,53.093702554,87.8035267113,70.5326254129,68.8130383004,53,88,71,69
33,岳東華,2025,中信兄弟,A_WinsorizedBalanced-v0.1,B_QuadraticTanh-v1,405,Qualified,False,2026-08-11,-0.759109641534,0.987549871471,-0.601887820821,1.11970380964,58.7939602275,72.4791912289,60.1898631783,73.5219242114,59,72,60,74
33,岳東華,2026,中信兄弟,A_WinsorizedBalanced-v0.1,B_QuadraticTanh-v1,232,Regular,True,2026-08-11,0.361026855349,-0.111732325786,0.908847589443,-0.403107840067,67.6549595401,64.1782005686,71.8614752613,61.8784456405,68,64,72,62
34,宋晟睿,2021,中信兄弟,A_WinsorizedBalanced-v0.1,B_QuadraticTanh-v1,93,Provisional,False,2026-08-11,-0.955274231155,-0.56510483516,0.847687932213,2.15793523227,56.988925385,60.5090571912,71.3833715073,81.7824063175,57,61,71,82
34,宋晟睿,2024,中信兄弟,A_WinsorizedBalanced-v0.1,B_QuadraticTanh-v1,141,Provisional,False,2026-08-11,0.661247372979,-0.450840484534,0.665857092481,5.88398918222,69.9377808042,61.481315435,69.9732878113,103.632960561,70,61,70,104
34,宋晟睿,2025,中信兄弟,A_WinsorizedBalanced-v0.1,B_QuadraticTanh-v1,451,Qualified,False,2026-08-11,-0.412411164908,-0.481856304263,1.38479834704,2.22792482931,61.8014725012,61.2203708932,75.6289434435,82.3322011923,62,61,76,82
34,宋晟睿,2026,中信兄弟,A_WinsorizedBalanced-v0.1,B_QuadraticTanh-v1,216,Regular,True,2026-08-11,0.306508913404,-0.0896887944402,2.50805249066,0.964402873253,67.2472696649,64.343056133,84.5072467176,72.2972417875,67,64,85,72
35,紀慶然,2024,台鋼雄鷹,A_WinsorizedBalanced-v0.1,B_QuadraticTanh-v1,107,Provisional,False,2026-08-11,-0.72689580727,0.363509704904,-0.801769395444,0.0746306820892,59.0839504462,67.6735800674,58.4069783973,65.5398213969,59,68,58,66
35,紀慶然,2025,台鋼雄鷹,A_WinsorizedBalanced-v0.1,B_QuadraticTanh-v1,257,Regular,False,2026-08-11,-0.430374438306,-0.534388703247,-0.837799501395,1.07021415302,61.6522587902,60.7733297098,58.0776150077,73.1307001407,62,61,58,73
35,紀慶然,2026,台鋼雄鷹,A_WinsorizedBalanced-v0.1,B_QuadraticTanh-v1,195,Regular,True,2026-08-11,0.164704104499,-0.00469143130393,-1.1685427114,0.111542105093,66.1977939024,64.9661908918,54.9642595322,65.8086148464,66,65,55,66
36,江坤宇,2020,中信兄弟,A_WinsorizedBalanced-v0.1,B_QuadraticTanh-v1,442,Qualified,False,2026-08-11,1.75336038557,-1.46117900354,-0.795442867168,0.184485108778,78.5720659587,52.1236523755,58.4645762669,66.3432092907,79,52,58,66
36,江坤宇,2021,中信兄弟,A_WinsorizedBalanced-v0.1,B_QuadraticTanh-v1,488,Qualified,False,2026-08-11,1.05717192044,-0.242392259559,-0.534055698174,1.33587444928,73.0277398432,63.1741790471,60.7761832611,75.2389547222,73,63,61,75
36,江坤宇,2022,中信兄弟,A_WinsorizedBalanced-v0.1,B_QuadraticTanh-v1,465,Qualified,False,2026-08-11,2.30654550627,0.545812724142,0.690962852945,0.182686444712,82.9470455592,69.0528996526,70.1668885541,66.3299734084,83,69,70,66
36,江坤宇,2023,中信兄弟,A_WinsorizedBalanced-v0.1,B_QuadraticTanh-v1,457,Qualified,False,2026-08-11,1.41597384247,0.701285018349,0.0614903639307,0.949711777642,75.8776369446,70.2465935301,65.44441765,72.1818769897,76,70,65,72
36,江坤宇,2024,中信兄弟,A_WinsorizedBalanced-v0.1,B_QuadraticTanh-v1,374,Qualified,False,2026-08-11,1.63992706116,0.0782063524231,-0.341607402473,0.437898970997,77.6663198356,65.5658082229,62.3819521686,68.2335797605,78,66,62,68
36,江坤宇,2025,中信兄弟,A_WinsorizedBalanced-v0.1,B_QuadraticTanh-v1,455,Qualified,False,2026-08-11,1.09416318631,0.127521244425,-0.862499326646,-0.0793464815812,73.3199181455,65.9253402531,57.850544097,64.4199442386,73,66,58,64
36,江坤宇,2026,中信兄弟,A_WinsorizedBalanced-v0.1,B_QuadraticTanh-v1,251,Regular,True,2026-08-11,1.30176390347,0.261335893403,0.133101686557,-0.544947802432,74.9672932042,66.9112014489,65.9661558735,60.6827190137,75,67,66,61
37,陳文杰,2020,中信兄弟,A_WinsorizedBalanced-v0.1,B_QuadraticTanh-v1,199,Regular,False,2026-08-11,-0.156889470162,0.541972041334,-0.678047394595,1.69640385915,63.8363648104,69.0236045422,59.519865016,78.1174053479,64,69,60,78
37,陳文杰,2021,中信兄弟,A_WinsorizedBalanced-v0.1,B_QuadraticTanh-v1,320,Regular,False,2026-08-11,-0.350519713798,1.52453476778,1.14163945048,1.03264965363,62.30956642,76.7444304394,73.6955853021,72.8343193574,62,77,74,73
37,陳文杰,2022,中信兄弟,A_WinsorizedBalanced-v0.1,B_QuadraticTanh-v1,406,Qualified,False,2026-08-11,1.33356835782,-0.0493681825734,0.496694505942,1.00597503376,75.2205818875,64.6411495561,68.6789881607,72.6241797271,75,65,69,73
37,陳文杰,2023,中信兄弟,A_WinsorizedBalanced-v0.1,B_QuadraticTanh-v1,284,Regular,False,2026-08-11,-1.03457157126,0.648540083945,1.19910715882,2.50385994012,56.2425561401,69.8399669201,74.1512304174,84.4750417852,56,70,74,84
37,陳文杰,2024,台鋼雄鷹,A_WinsorizedBalanced-v0.1,B_QuadraticTanh-v1,463,Qualified,False,2026-08-11,0.555705721154,0.188523566514,0.529250114663,1.12341019083,69.1284038838,66.3729369557,68.9266367203,73.5512564027,69,66,69,74
37,陳文杰,2026,台鋼雄鷹,A_WinsorizedBalanced-v0.1,B_QuadraticTanh-v1,286,Qualified,True,2026-08-11,1.478882459,-0.092488593913,0.516155475151,0.40137186645,76.3798082541,64.3221910822,68.8269406882,67.9581002639,76,64,69,68
38,朱迦恩,2022,統一7-ELEVEn獅,A_WinsorizedBalanced-v0.1,B_QuadraticTanh-v1,84,Provisional,False,2026-08-11,-1.4417611388,0.739130182243,1.21130545127,1.04776807757,52.3132069658,70.5393424416,74.248065696,72.9535404139,52,71,74,73
38,朱迦恩,2025,統一7-ELEVEn獅,A_WinsorizedBalanced-v0.1,B_QuadraticTanh-v1,94,Provisional,False,2026-08-11,-1.65433117831,1.43275383268,1.62824348272,0.505515051703,50.2395188605,76.0115444772,77.5729824208,68.7460147667,50,76,78,69
38,朱迦恩,2026,統一7-ELEVEn獅,A_WinsorizedBalanced-v0.1,B_QuadraticTanh-v1,209,Regular,True,2026-08-11,0.121038812975,-0.489824569429,1.72479576242,0.91513938436,65.877960707,61.1529694583,78.3440868228,71.9107587245,66,61,78,72
39,陳重羽,2017,統一7-ELEVEn獅,A_WinsorizedBalanced-v0.1,B_QuadraticTanh-v1,53,Provisional,False,2026-08-11,-0.228707317217,-0.412308315113,-0.377642153269,-0.230278607153,63.281460553,61.8023245966,62.0880642478,63.2691675082,63,62,62,63
39,陳重羽,2018,統一7-ELEVEn獅,A_WinsorizedBalanced-v0.1,B_QuadraticTanh-v1,300,Regular,False,2026-08-11,0.336934773102,-0.684961594698,-1.45564691655,3.07312532917,67.474517933,59.4584502885,52.1776607787,88.7201540011,67,59,52,89
39,陳重羽,2019,統一7-ELEVEn獅,A_WinsorizedBalanced-v0.1,B_QuadraticTanh-v1,205,Regular,False,2026-08-11,0.2028944427,-1.11072285568,-0.39556420383,0.716738810088,66.4788320459,55.5183403456,61.9407054289,70.3660377317,66,56,62,70
39,陳重羽,2020,統一7-ELEVEn獅,A_WinsorizedBalanced-v0.1,B_QuadraticTanh-v1,207,Regular,False,2026-08-11,-0.493726797519,0.404019822966,-0.732916299604,2.01336270945,61.1199079967,67.978038124,59.029903207,80.6405364376,61,68,59,81
39,陳重羽,2021,統一7-ELEVEn獅,A_WinsorizedBalanced-v0.1,B_QuadraticTanh-v1,124,Provisional,False,2026-08-11,-0.0620509573239,0.252690112417,-0.80364352657,0.865854485026,64.54786781,66.8470640029,58.3899023061,71.5251997388,65,67,58,72
39,陳重羽,2022,統一7-ELEVEn獅,A_WinsorizedBalanced-v0.1,B_QuadraticTanh-v1,118,Provisional,False,2026-08-11,-0.27317934483,-0.221739589198,0.4421347189,-0.103061967172,62.9310459251,63.3358948015,68.2655867821,64.2432013389,63,63,68,64
39,陳重羽,2023,統一7-ELEVEn獅,A_WinsorizedBalanced-v0.1,B_QuadraticTanh-v1,256,Regular,False,2026-08-11,0.601750739183,-0.00636494531327,-0.0283883859841,-0.146943575731,69.4806559995,64.9541157025,64.7944777225,63.9121274073,69,65,65,64
39,陳重羽,2024,統一7-ELEVEn獅,A_WinsorizedBalanced-v0.1,B_QuadraticTanh-v1,272,Regular,False,2026-08-11,-0.125915607185,-0.813872659099,0.0920077503507,1.59634973251,64.0714289494,58.2965905981,65.6662165635,77.3181731913,64,58,66,77
39,陳重羽,2025,統一7-ELEVEn獅,A_WinsorizedBalanced-v0.1,B_QuadraticTanh-v1,211,Regular,False,2026-08-11,-0.807762281893,-1.32215241654,-0.348455881776,0.630932412324,58.3523525519,53.4786750983,62.326346489,69.7045937797,58,53,62,70
39,陳重羽,2026,統一7-ELEVEn獅,A_WinsorizedBalanced-v0.1,B_QuadraticTanh-v1,194,Regular,True,2026-08-11,0.609777214556,1.18624811344,-0.825712099284,-0.307049307039,69.54219772,74.049193139,58.1883609395,62.6607465357,70,74,58,63
40,李勛傑,2025,樂天桃猿,A_WinsorizedBalanced-v0.1,B_QuadraticTanh-v1,192,Regular,False,2026-08-11,-1.27894856546,0.417899937501,0.171375512546,-0.772154738986,53.8981388786,68.0826321817,66.2468008083,58.6759754964,54,68,66,59
40,李勛傑,2026,樂天桃猿,A_WinsorizedBalanced-v0.1,B_QuadraticTanh-v1,212,Regular,True,2026-08-11,-1.9024652997,1.38372374404,2.3182594004,-0.979799527403,47.8479010249,75.62037346,83.0383831554,56.7590027262,48,76,83,57
41,王苡丞,2023,富邦悍將,A_WinsorizedBalanced-v0.1,B_QuadraticTanh-v1,91,Provisional,False,2026-08-11,-1.08027355748,-0.143728738121,1.69179882766,-0.256129826638,55.8087262241,63.9365593887,78.0806322307,63.065993792,56,64,78,63
41,王苡丞,2024,富邦悍將,A_WinsorizedBalanced-v0.1,B_QuadraticTanh-v1,56,Provisional,False,2026-08-11,-1.3520936998,0.409793220582,0.322343386885,0.0252587216776,53.1874124143,68.0215267757,67.3654474521,65.1821489026,53,68,67,65
41,王苡丞,2026,富邦悍將,A_WinsorizedBalanced-v0.1,B_QuadraticTanh-v1,226,Regular,True,2026-08-11,0.236680557228,-0.805981991394,0.923341218477,0.0106667791603,66.7284571967,58.3685867317,71.9750301817,65.0768519363,67,58,72,65
42,蔣少宏,2021,味全龍,A_WinsorizedBalanced-v0.1,B_QuadraticTanh-v1,291,Regular,False,2026-08-11,-0.714859660997,-0.248633812952,-0.387527730164,-1.09569613195,59.1917924746,63.125086796,62.0068801958,55.6617741195,59,63,62,56
42,蔣少宏,2022,味全龍,A_WinsorizedBalanced-v0.1,B_QuadraticTanh-v1,202,Regular,False,2026-08-11,-1.11193602655,0.446181597345,-0.498645988792,-0.88709395753,55.5067496784,68.2961785303,61.0781803629,57.6234406137,56,68,61,58
42,蔣少宏,2023,味全龍,A_WinsorizedBalanced-v0.1,B_QuadraticTanh-v1,241,Regular,False,2026-08-11,-0.101110306894,0.0135991722057,-0.220694755445,-0.923207469354,64.257804458,65.0979971068,63.3440464042,57.2882326611,64,65,63,57
42,蔣少宏,2024,味全龍,A_WinsorizedBalanced-v0.1,B_QuadraticTanh-v1,251,Regular,False,2026-08-11,0.329923796372,-0.473161454674,0.432299205409,-0.589569354693,67.4220906586,61.2937501087,68.1912852873,60.297086171,67,61,68,60
42,蔣少宏,2025,味全龍,A_WinsorizedBalanced-v0.1,B_QuadraticTanh-v1,292,Regular,False,2026-08-11,-1.29476588955,0.0396814502262,0.47771796772,-0.653345849356,53.7446925837,65.286411152,68.5349675661,59.7384856552,54,65,69,60
42,蔣少宏,2026,味全龍,A_WinsorizedBalanced-v0.1,B_QuadraticTanh-v1,178,Regular,True,2026-08-11,-0.46416204124,-1.38485518676,0.335213862585,-0.655200213525,61.3695138328,52.8682882434,67.4616456968,59.7221167799,61,53,67,60
43,曾昱磬,2025,台鋼雄鷹,A_WinsorizedBalanced-v0.1,B_QuadraticTanh-v1,221,Regular,False,2026-08-11,-0.398606038864,1.6320649917,0.72253357608,0.854415285121,61.9156169461,77.6035120805,70.4108611062,71.4358740036,62,78,70,71
43,曾昱磬,2026,台鋼雄鷹,A_WinsorizedBalanced-v0.1,B_QuadraticTanh-v1,177,Regular,True,2026-08-11,-1.12815585415,4.34170196021,-0.785597084291,2.02350094629,55.3516359959,96.8603094137,58.5540716043,80.720849039,55,97,59,81
44,陳傑憲,2016,統一7-ELEVEn獅,A_WinsorizedBalanced-v0.1,B_QuadraticTanh-v1,131,Provisional,False,2026-08-11,1.37999212064,0.198452724077,-0.209606175986,1.29764130061,75.5906149694,66.4460840959,63.4303804227,74.9344753812,76,66,63,75
44,陳傑憲,2017,統一7-ELEVEn獅,A_WinsorizedBalanced-v0.1,B_QuadraticTanh-v1,516,Qualified,False,2026-08-11,3.3310762682,1.11152214158,-0.423445863204,1.54885988276,90.5407159321,73.4571903925,61.7099035327,76.9387557364,91,73,62,77
44,陳傑憲,2018,統一7-ELEVEn獅,A_WinsorizedBalanced-v0.1,B_QuadraticTanh-v1,527,Qualified,False,2026-08-11,2.52415483745,0.932951390321,0.352588914827,1.44884240165,84.6308266587,72.0503757366,67.5917124038,76.1399632576,85,72,68,76
44,陳傑憲,2019,統一7-ELEVEn獅,A_WinsorizedBalanced-v0.1,B_QuadraticTanh-v1,88,Provisional,False,2026-08-11,1.94422348408,0.651794872757,0.0954133577741,1.81409478723,80.0920178917,69.8650112994,65.6910185219,79.0564487914,80,70,66,79
44,陳傑憲,2020,統一7-ELEVEn獅,A_WinsorizedBalanced-v0.1,B_QuadraticTanh-v1,549,Qualified,False,2026-08-11,3.05485796639,0.739024923194,-0.912188668237,1.74673953509,88.5885158576,70.5385271041,57.3907244361,78.5192319722,89,71,57,79
44,陳傑憲,2021,統一7-ELEVEn獅,A_WinsorizedBalanced-v0.1,B_QuadraticTanh-v1,450,Qualified,False,2026-08-11,2.67648972214,0.754126756331,-0.222656507659,2.47589312656,85.7908242631,70.6555683378,63.3287388072,84.2599188496,86,71,63,84
44,陳傑憲,2022,統一7-ELEVEn獅,A_WinsorizedBalanced-v0.1,B_QuadraticTanh-v1,467,Qualified,False,2026-08-11,2.41942635107,1.03026108204,1.01206267521,1.54394375741,83.8240477986,72.8154913531,72.6721132379,76.8994808135,84,73,73,77
44,陳傑憲,2023,統一7-ELEVEn獅,A_WinsorizedBalanced-v0.1,B_QuadraticTanh-v1,481,Qualified,False,2026-08-11,2.30021555683,2.36446274672,-0.146766452924,0.354575153534,82.8976584896,83.3979221634,63.9134742225,67.6065955729,83,83,64,68
44,陳傑憲,2024,統一7-ELEVEn獅,A_WinsorizedBalanced-v0.1,B_QuadraticTanh-v1,472,Qualified,False,2026-08-11,2.43943515959,1.86959821672,-0.189222270906,-0.0774675169922,83.978724916,79.4985834758,63.5882389457,64.4338815529,84,79,64,64
44,陳傑憲,2025,統一7-ELEVEn獅,A_WinsorizedBalanced-v0.1,B_QuadraticTanh-v1,350,Regular,False,2026-08-11,1.82637784933,1.33604313361,0.508779484856,0.050381332156,79.1543426759,75.2402986822,68.7708343287,65.3638798856,79,75,69,65
44,陳傑憲,2026,統一7-ELEVEn獅,A_WinsorizedBalanced-v0.1,B_QuadraticTanh-v1,238,Regular,True,2026-08-11,2.27030124374,1.5041600231,1.09138630859,-0.256447776941,82.6639837741,76.5816831429,73.297968326,63.0634840825,83,77,73,63
45,林泓育,2010,Lamigo,A_WinsorizedBalanced-v0.1,B_QuadraticTanh-v1,407,Qualified,False,2026-08-11,0.949252028188,-1.22578783599,2.03217047971,-1.05480201331,72.1782681968,54.4126535205,80.7895009405,56.0508273978,72,54,81,56
45,林泓育,2011,Lamigo,A_WinsorizedBalanced-v0.1,B_QuadraticTanh-v1,496,Qualified,False,2026-08-11,0.926015792335,0.17889722616,3.41556854116,-0.808279559711,71.9959952421,66.3020983434,91.1205769544,58.3476345317,72,66,91,58
45,林泓育,2012,Lamigo,A_WinsorizedBalanced-v0.1,B_QuadraticTanh-v1,263,Regular,False,2026-08-11,0.49439004887,-0.685710695141,1.28169680129,-0.874919549661,68.6614855199,59.4517907337,74.8075826397,57.7359801319,69,59,75,58
45,林泓育,2013,Lamigo,A_WinsorizedBalanced-v0.1,B_QuadraticTanh-v1,460,Qualified,False,2026-08-11,0.506546379106,0.350495421051,1.95759299782,-0.86820712427,68.7538551927,67.5760287722,80.1981902135,57.7979267954,69,68,80,58
45,林泓育,2014,Lamigo,A_WinsorizedBalanced-v0.1,B_QuadraticTanh-v1,426,Qualified,False,2026-08-11,0.954066417096,-0.700397211263,2.83524799068,-1.33219682488,72.2160631183,59.32100139,86.9803651892,53.3810116737,72,59,87,53
45,林泓育,2015,Lamigo,A_WinsorizedBalanced-v0.1,B_QuadraticTanh-v1,508,Qualified,False,2026-08-11,1.19577769874,1.14034540844,2.20964064986,-0.740866297614,74.1248066344,73.6853364062,82.1887835121,58.9584284724,74,74,82,59
45,林泓育,2016,Lamigo,A_WinsorizedBalanced-v0.1,B_QuadraticTanh-v1,466,Qualified,False,2026-08-11,1.98325602032,-0.275806053249,1.89450572177,-1.50885453107,80.4018528031,62.9101886704,79.6967953658,51.6581289735,80,63,80,52
45,林泓育,2017,Lamigo,A_WinsorizedBalanced-v0.1,B_QuadraticTanh-v1,431,Qualified,False,2026-08-11,1.37799505177,-1.68546150206,1.40906533299,-1.61056906627,75.5746898234,49.9369351866,75.8225154265,50.6656346179,76,50,76,51
45,林泓育,2018,Lamigo,A_WinsorizedBalanced-v0.1,B_QuadraticTanh-v1,299,Regular,False,2026-08-11,1.27038294416,-0.799556480946,0.707885601368,-1.38725257556,74.7175751592,58.4271332779,70.2975935643,52.8449207592,75,58,70,53
45,林泓育,2019,Lamigo,A_WinsorizedBalanced-v0.1,B_QuadraticTanh-v1,494,Qualified,False,2026-08-11,1.78499967584,-0.801351873978,2.11140043734,-1.37075993288,78.8244687886,58.4107817836,81.415709545,53.0056363983,79,58,81,53
45,林泓育,2020,樂天桃猿,A_WinsorizedBalanced-v0.1,B_QuadraticTanh-v1,430,Qualified,False,2026-08-11,0.410390774934,-2.03658985632,0.287220286295,-0.980924396928,68.0260292922,46.5833019193,67.1035747782,56.748436878,68,47,67,57
45,林泓育,2021,樂天桃猿,A_WinsorizedBalanced-v0.1,B_QuadraticTanh-v1,425,Qualified,False,2026-08-11,1.25404346653,-0.762206335622,2.78898324521,-1.17163704667,74.5876365173,58.7659810374,86.6359064734,54.9345156433,75,59,87,55
45,林泓育,2022,樂天桃猿,A_WinsorizedBalanced-v0.1,B_QuadraticTanh-v1,340,Regular,False,2026-08-11,-0.53418476679,-0.990341807364,1.99121465441,-1.40374294008,60.7750772897,56.6599111083,80.46497462,52.6841407993,61,57,80,53
45,林泓育,2023,樂天桃猿,A_WinsorizedBalanced-v0.1,B_QuadraticTanh-v1,224,Regular,False,2026-08-11,0.0180742699094,0.0831667133351,0.176639867147,-0.947387429536,65.130281385,65.6018769579,66.2854979337,57.0626804776,65,66,66,57
45,林泓育,2024,樂天桃猿,A_WinsorizedBalanced-v0.1,B_QuadraticTanh-v1,374,Qualified,False,2026-08-11,1.44007990109,-0.467203575353,1.44005686484,-0.618490799616,76.0700177444,61.3439291553,76.0698338709,60.0448337788,76,61,76,60
45,林泓育,2025,樂天桃猿,A_WinsorizedBalanced-v0.1,B_QuadraticTanh-v1,417,Qualified,False,2026-08-11,1.35900125142,-1.02095535767,0.707218350244,-1.28515296351,75.4232584863,56.3713115284,70.2924368526,53.8379670466,75,56,70,54
45,林泓育,2026,樂天桃猿,A_WinsorizedBalanced-v0.1,B_QuadraticTanh-v1,232,Regular,True,2026-08-11,0.687679248186,-0.559021579031,0.381209918937,-0.95816320298,70.1415463719,60.5615618141,67.8064587909,56.961886007,70,61,68,57
46,林智平,2009,Lamigo,A_WinsorizedBalanced-v0.1,B_QuadraticTanh-v1,366,Regular,False,2026-08-11,-0.364941176992,1.69734565527,-0.954614310642,0.344661062575,62.1920165849,78.1249257821,56.9951002318,67.5323375014,62,78,57,68
46,林智平,2010,Lamigo,A_WinsorizedBalanced-v0.1,B_QuadraticTanh-v1,273,Regular,False,2026-08-11,0.590233821898,0.402568399642,-0.878411240038,0.173426681432,69.3924226712,67.9671089597,57.7037275758,66.2618757636,69,68,58,66
46,林智平,2011,Lamigo,A_WinsorizedBalanced-v0.1,B_QuadraticTanh-v1,166,Regular,False,2026-08-11,-0.321731099878,1.8951933546,-0.0669667427638,0.511715826814,62.5426704929,79.7022655701,64.5115927955,68.7931655676,63,80,65,69
46,林智平,2012,Lamigo,A_WinsorizedBalanced-v0.1,B_QuadraticTanh-v1,421,Qualified,False,2026-08-11,0.489139706853,0.799653137058,-0.993798324914,1.76982392706,68.6216220901,71.0091473807,56.6273886252,78.7034206171,69,71,57,79
46,林智平,2013,Lamigo,A_WinsorizedBalanced-v0.1,B_QuadraticTanh-v1,382,Qualified,False,2026-08-11,0.461671328055,0.611668176808,-0.697748030435,1.12501809766,68.4133775929,69.5567022349,59.3446249686,73.5639826931,68,70,59,74
46,林智平,2014,Lamigo,A_WinsorizedBalanced-v0.1,B_QuadraticTanh-v1,415,Qualified,False,2026-08-11,0.602038796988,-0.0642574005867,-0.7077217795,4.43881268,69.4828639379,64.5315940645,59.2556141082,97.3912338454,69,65,59,97
46,林智平,2015,Lamigo,A_WinsorizedBalanced-v0.1,B_QuadraticTanh-v1,420,Qualified,False,2026-08-11,0.945098224101,0.710475598492,-0.566357000667,4.92839484297,72.145667122,70.3176122243,60.498239638,99.8517261452,72,70,60,100
46,林智平,2016,Lamigo,A_WinsorizedBalanced-v0.1,B_QuadraticTanh-v1,392,Qualified,False,2026-08-11,1.94293204249,-0.117315608489,-0.93665735715,4.17596034492,80.0817595721,64.1362349098,57.1628787088,95.9218456618,80,64,57,96
46,林智平,2017,Lamigo,A_WinsorizedBalanced-v0.1,B_QuadraticTanh-v1,272,Regular,False,2026-08-11,0.313433768771,-1.29035868203,-0.603303844195,2.56430475154,67.2989283247,53.7874626277,60.1775169028,84.9381895801,67,54,60,85
46,林智平,2018,Lamigo,A_WinsorizedBalanced-v0.1,B_QuadraticTanh-v1,184,Regular,False,2026-08-11,0.237963104107,-0.333365534889,-0.925547398553,1.22823744376,66.7379513678,62.4487157574,57.266443914,74.3825431631,67,62,57,74
46,林智平,2019,Lamigo,A_WinsorizedBalanced-v0.1,B_QuadraticTanh-v1,96,Provisional,False,2026-08-11,-0.526815738809,0.442061495779,-0.836831492318,1.08019291088,60.8381614924,68.2650333703,58.0864932017,73.2095168314,61,68,58,73
46,林智平,2020,樂天桃猿,A_WinsorizedBalanced-v0.1,B_QuadraticTanh-v1,283,Regular,False,2026-08-11,0.76678591939,-0.200150804749,-1.11951192704,1.91402392409,70.7537743138,63.5037422351,55.4343339866,79.8520229564,71,64,55,80
46,林智平,2021,樂天桃猿,A_WinsorizedBalanced-v0.1,B_QuadraticTanh-v1,53,Provisional,False,2026-08-11,-0.331287112072,-0.312458529424,-0.457677038437,0.854018550828,62.4655252017,62.6173072305,61.4239916435,71.4327771451,62,63,61,71
46,林智平,2024,樂天桃猿,A_WinsorizedBalanced-v0.1,B_QuadraticTanh-v1,166,Regular,False,2026-08-11,0.957771339019,0.797807843816,0.480689785616,-0.0511082532653,72.2451549956,70.9947947172,68.5575055091,64.6283776677,72,71,69,65
46,林智平,2025,樂天桃猿,A_WinsorizedBalanced-v0.1,B_QuadraticTanh-v1,393,Qualified,False,2026-08-11,0.963326195112,0.156396992392,-0.28184915163,-0.798953989297,72.2887838561,66.1368234187,62.8621363358,58.4326191702,72,66,63,58
46,林智平,2026,樂天桃猿,A_WinsorizedBalanced-v0.1,B_QuadraticTanh-v1,205,Regular,True,2026-08-11,1.44638237097,-0.765134332045,-0.514970689417,-1.0433492493,76.1203256053,58.7395097207,60.9393066646,56.1594300557,76,59,61,56
47,林澤彬,2021,樂天桃猿,A_WinsorizedBalanced-v0.1,B_QuadraticTanh-v1,62,Provisional,False,2026-08-11,0.583255884896,-0.170432299193,-0.732770887167,-0.206933862824,69.3390042451,63.7327755823,59.0312094222,63.4511381731,69,64,59,63
47,林澤彬,2022,富邦悍將 / 樂天桃猿,A_WinsorizedBalanced-v0.1,B_QuadraticTanh-v1,84,Provisional,False,2026-08-11,-0.540004950445,0.739130182243,-0.434073488885,1.76990625305,60.7251661082,70.5393424416,61.6214361835,78.7040773687,61,71,62,79
47,林澤彬,2025,富邦悍將,A_WinsorizedBalanced-v0.1,B_QuadraticTanh-v1,312,Regular,False,2026-08-11,1.35161306838,0.414162075212,-0.540668538394,-1.04104180974,75.3643703102,68.0544516616,60.7194706706,56.1812911972,75,68,61,56
47,林澤彬,2026,富邦悍將,A_WinsorizedBalanced-v0.1,B_QuadraticTanh-v1,210,Regular,True,2026-08-11,2.04745253829,0.13872067122,-0.280577285037,0.121697456831,80.9104559174,66.0072800929,62.8722575156,65.8827730447,81,66,63,66
48,孔念恩,2023,富邦悍將,A_WinsorizedBalanced-v0.1,B_QuadraticTanh-v1,133,Provisional,False,2026-08-11,-1.95623892351,0.0596217916422,0.264869909506,0.325894122783,47.3378860596,65.4308633737,66.9374351331,67.391974195,47,65,67,67
48,孔念恩,2024,富邦悍將,A_WinsorizedBalanced-v0.1,B_QuadraticTanh-v1,142,Provisional,False,2026-08-11,-1.74425151567,-0.24922913337,-0.27153090323,1.16790171598,49.3670696737,63.1203990705,62.9441262199,73.903693153,49,63,63,74
48,孔念恩,2025,富邦悍將,A_WinsorizedBalanced-v0.1,B_QuadraticTanh-v1,267,Regular,False,2026-08-11,-1.36420483655,-0.626927520264,-0.178639513699,0.78677233239,53.0694868721,59.9709143177,63.6697596713,70.9089977153,53,60,64,71
48,孔念恩,2026,富邦悍將,A_WinsorizedBalanced-v0.1,B_QuadraticTanh-v1,198,Regular,True,2026-08-11,0.117743354752,-1.53626374725,0.520298276648,1.63475390447,65.8538882218,51.3905116435,68.8584694795,77.6249932568,66,51,69,78
49,林泓弦,2025,統一7-ELEVEn獅,A_WinsorizedBalanced-v0.1,B_QuadraticTanh-v1,121,Provisional,False,2026-08-11,-0.653444101213,0.258801649605,-0.571220878793,0.626585209901,59.7376185417,66.8923953734,60.4561875935,69.6712002963,60,67,60,70
49,林泓弦,2026,統一7-ELEVEn獅,A_WinsorizedBalanced-v0.1,B_QuadraticTanh-v1,126,Provisional,True,2026-08-11,0.0991232966592,0.0103279789138,-0.488368987923,-0.116371321699,65.7180482275,65.0744093806,61.1652928066,64.1433384157,66,65,61,64
50,池恩齊,2023,富邦悍將,A_WinsorizedBalanced-v0.1,B_QuadraticTanh-v1,109,Provisional,False,2026-08-11,-0.458805041867,-0.219369683299,-0.917535078611,2.17713028014,61.4145228612,63.354380248,57.3410177995,81.9334049815,61,63,57,82
50,池恩齊,2024,富邦悍將,A_WinsorizedBalanced-v0.1,B_QuadraticTanh-v1,232,Regular,False,2026-08-11,0.15260631462,0.038085068826,-0.364747324146,2.36325266672,66.1090207635,65.2748617899,62.1936001059,83.3885208589,66,65,62,83
50,池恩齊,2025,富邦悍將,A_WinsorizedBalanced-v0.1,B_QuadraticTanh-v1,73,Provisional,False,2026-08-11,0.135917100522,-1.22932530896,-0.169031655115,2.9954339643,65.9867579783,54.378479145,63.7435119016,88.1579593694,66,54,64,88
50,池恩齊,2026,富邦悍將,A_WinsorizedBalanced-v0.1,B_QuadraticTanh-v1,200,Regular,True,2026-08-11,-1.76203260911,-0.560294060009,-0.951617459362,1.92418202542,49.1951905002,60.5505857667,57.0231337012,79.9327743618,49,61,57,80
51,詹子賢,2017,中信兄弟,A_WinsorizedBalanced-v0.1,B_QuadraticTanh-v1,308,Regular,False,2026-08-11,1.26742271553,0.136890319605,2.18647108663,-0.526555764499,74.6940296678,65.9938811798,82.0068275999,60.8403848263,75,66,82,61
51,詹子賢,2018,中信兄弟,A_WinsorizedBalanced-v0.1,B_QuadraticTanh-v1,356,Regular,False,2026-08-11,-0.0405243916446,-0.853135083964,1.10136783785,-0.721278824567,64.7059321833,57.9367517615,73.3768793907,59.1343125584,65,58,73,59
51,詹子賢,2019,中信兄弟,A_WinsorizedBalanced-v0.1,B_QuadraticTanh-v1,391,Qualified,False,2026-08-11,1.68396561427,0.110280277842,3.00826873818,0.361907667246,78.0180770597,65.7994066749,88.25125244,67.6615648018,78,66,88,68
51,詹子賢,2020,中信兄弟,A_WinsorizedBalanced-v0.1,B_QuadraticTanh-v1,478,Qualified,False,2026-08-11,1.01897088388,1.54765737818,1.05525905997,-0.562382239935,72.726525309,76.9291488642,73.0126441359,60.5325660033,73,77,73,61
51,詹子賢,2021,中信兄弟,A_WinsorizedBalanced-v0.1,B_QuadraticTanh-v1,415,Qualified,False,2026-08-11,0.968066568033,1.35006713582,1.33860459569,-0.873083139187,72.3260258739,75.3520494504,75.2607072526,57.7529350241,72,75,75,58
51,詹子賢,2022,中信兄弟,A_WinsorizedBalanced-v0.1,B_QuadraticTanh-v1,241,Regular,False,2026-08-11,0.0729059497909,2.12406496135,0.446493547908,0.348089276559,65.5272905788,81.515592108,68.2985371538,67.5580069655,66,82,68,68
51,詹子賢,2023,中信兄弟,A_WinsorizedBalanced-v0.1,B_QuadraticTanh-v1,410,Qualified,False,2026-08-11,1.20747453502,2.23524807334,0.640956704517,1.03448365989,74.2176500031,82.3895996359,69.7816404852,72.8487774395,74,82,70,73
51,詹子賢,2024,中信兄弟,A_WinsorizedBalanced-v0.1,B_QuadraticTanh-v1,287,Regular,False,2026-08-11,-0.439854630754,1.09128157177,-0.266479820033,-0.877509310628,61.5731990169,73.2971404853,62.9841626456,57.7120605392,62,73,63,58
51,詹子賢,2025,中信兄弟,A_WinsorizedBalanced-v0.1,B_QuadraticTanh-v1,300,Regular,False,2026-08-11,0.493724147672,0.820030582016,1.02596886329,-1.05589818951,68.656428593,71.1677593946,72.7816632102,56.040424358,69,71,73,56
51,詹子賢,2026,中信兄弟,A_WinsorizedBalanced-v0.1,B_QuadraticTanh-v1,208,Regular,True,2026-08-11,0.402548331591,0.323977611192,0.303123851115,-0.884890124141,67.9669578588,67.3776551718,67.2220309695,57.6438303743,68,67,67,58
52,郭阜林,2015,統一7-ELEVEn獅,A_WinsorizedBalanced-v0.1,B_QuadraticTanh-v1,124,Provisional,False,2026-08-11,-2.54307598023,-0.497892859892,1.81547239973,-0.398288774388,42.1184163652,61.0845724785,79.0674293914,61.9182347358,42,61,79,62
52,郭阜林,2016,統一7-ELEVEn獅,A_WinsorizedBalanced-v0.1,B_QuadraticTanh-v1,75,Provisional,False,2026-08-11,-2.02023865602,-0.467414562087,0.202427153565,-0.140257481886,46.7360706848,61.3421535799,66.47538605,63.962908789,47,61,66,64
52,郭阜林,2017,統一7-ELEVEn獅,A_WinsorizedBalanced-v0.1,B_QuadraticTanh-v1,200,Regular,False,2026-08-11,-0.33171320826,-0.0328997872776,1.76095789355,-0.593831780825,62.4620799923,64.7616098637,78.6326870764,60.2600218654,62,65,79,60
52,郭阜林,2018,統一7-ELEVEn獅,A_WinsorizedBalanced-v0.1,B_QuadraticTanh-v1,471,Qualified,False,2026-08-11,-0.611360424353,0.0178649845212,2.14401447455,1.27066136132,60.1071903774,65.128771158,81.6728014767,74.7197897735,60,65,82,75
52,郭阜林,2019,統一7-ELEVEn獅,A_WinsorizedBalanced-v0.1,B_QuadraticTanh-v1,210,Regular,False,2026-08-11,-2.64302877062,-0.344105043775,0.314608434161,-0.254639850096,41.313000876,62.3616863423,67.3076948706,63.0777512811,41,62,67,63
52,郭阜林,2020,統一7-ELEVEn獅,A_WinsorizedBalanced-v0.1,B_QuadraticTanh-v1,284,Regular,False,2026-08-11,-0.543344589382,-0.804026689152,2.1295890844,-0.404661587634,60.6964926961,58.3864103652,81.559140101,61.8656049464,61,58,82,62
52,郭阜林,2021,統一7-ELEVEn獅,A_WinsorizedBalanced-v0.1,B_QuadraticTanh-v1,254,Regular,False,2026-08-11,-1.16811797898,-1.36238296654,1.23711974029,1.45127801636,54.9683415301,53.087230055,74.453117045,76.1594065889,55,53,74,76
52,郭阜林,2022,統一7-ELEVEn獅,A_WinsorizedBalanced-v0.1,B_QuadraticTanh-v1,116,Provisional,False,2026-08-11,-1.03389082289,-0.704169071336,2.63704075827,-0.1222754937,56.2489989114,59.2873426966,85.4920770249,64.098883816,56,59,85,64
52,郭阜林,2023,統一7-ELEVEn獅,A_WinsorizedBalanced-v0.1,B_QuadraticTanh-v1,71,Provisional,False,2026-08-11,0.0335054311806,-0.895187467618,0.26396723424,-0.187099464407,65.2417419553,57.5484935016,66.930733458,63.6046151754,65,58,67,64
52,郭阜林,2024,統一7-ELEVEn獅 / 台鋼雄鷹,A_WinsorizedBalanced-v0.1,B_QuadraticTanh-v1,144,Provisional,False,2026-08-11,-1.41022355773,-0.278933334663,0.690182881336,-0.0869790282035,52.6209343441,62.8853334829,70.1608683275,64.3632297762,53,63,70,64
52,郭阜林,2025,台鋼雄鷹,A_WinsorizedBalanced-v0.1,B_QuadraticTanh-v1,247,Regular,False,2026-08-11,-0.548465917653,-0.106159262174,-0.424387132834,-0.383724462506,60.6524737642,64.2200047737,61.7020790611,62.0381424138,61,64,62,62
52,郭阜林,2026,台鋼雄鷹,A_WinsorizedBalanced-v0.1,B_QuadraticTanh-v1,150,Regular,True,2026-08-11,-0.377965128937,-0.736184495463,-0.281550033566,-0.669536337633,62.0854156413,59.0005349246,62.8645170123,59.5953317463,62,59,63,60
53,劉時豪,2014,Lamigo,A_WinsorizedBalanced-v0.1,B_QuadraticTanh-v1,127,Provisional,False,2026-08-11,0.111408987414,0.471985084526,-0.284756850718,-0.527601721893,65.8076433571,68.4915072939,62.8389820328,60.8314387361,66,68,63,61
53,劉時豪,2015,Lamigo,A_WinsorizedBalanced-v0.1,B_QuadraticTanh-v1,157,Regular,False,2026-08-11,-0.271645639829,0.763779959019,-0.221603303852,-0.635174498505,62.943216018,70.7304471394,63.3369582377,59.8985130204,63,71,63,60
53,劉時豪,2016,Lamigo,A_WinsorizedBalanced-v0.1,B_QuadraticTanh-v1,155,Regular,False,2026-08-11,-0.228282784443,0.596465213144,-1.09360867414,0.109451122111,63.2847807905,69.4401521644,55.6816798255,65.7933566629,63,69,56,66
53,劉時豪,2017,Lamigo,A_WinsorizedBalanced-v0.1,B_QuadraticTanh-v1,133,Provisional,False,2026-08-11,-0.473776165613,-0.674535694242,-0.479739486436,0.0142866135477,61.2885681093,59.5510206243,61.2382517404,65.1029552862,61,60,61,65
53,劉時豪,2018,Lamigo,A_WinsorizedBalanced-v0.1,B_QuadraticTanh-v1,266,Regular,False,2026-08-11,0.550881834006,1.19835596097,-1.18476611756,-1.24197683482,69.0915795377,74.145268382,54.8082179265,54.2561799809,69,74,55,54
53,劉時豪,2019,Lamigo,A_WinsorizedBalanced-v0.1,B_QuadraticTanh-v1,84,Provisional,False,2026-08-11,0.359661756336,0.0718396286241,-0.268951707676,-0.288202648977,67.6447237282,65.5195446592,62.964577938,62.811514721,68,66,63,63
53,劉時豪,2021,味全龍,A_WinsorizedBalanced-v0.1,B_QuadraticTanh-v1,66,Provisional,False,2026-08-11,-0.855394866198,0.838856464283,-0.266717625463,-0.151183141212,57.9159614293,71.3144815039,62.9822792048,63.8798651708,58,71,63,64
53,劉時豪,2022,味全龍,A_WinsorizedBalanced-v0.1,B_QuadraticTanh-v1,52,Provisional,False,2026-08-11,0.523074059353,0.959043128725,-0.578372308333,-0.195510169117,68.879601019,72.2551427157,60.3942639161,63.5396611813,69,72,60,64
53,劉時豪,2023,味全龍,A_WinsorizedBalanced-v0.1,B_QuadraticTanh-v1,74,Provisional,False,2026-08-11,0.514074255986,1.08825700461,-0.587303283809,-0.302959532746,68.8111059264,73.2732358912,60.3167750311,62.6935405418,69,73,60,63
53,劉時豪,2024,味全龍,A_WinsorizedBalanced-v0.1,B_QuadraticTanh-v1,59,Provisional,False,2026-08-11,0.587247656646,0.328983127908,-0.114923178205,-0.15090732873,69.3695587914,67.4150592997,64.1542275308,63.8819655197,69,67,64,64
53,劉時豪,2026,台鋼雄鷹,A_WinsorizedBalanced-v0.1,B_QuadraticTanh-v1,168,Regular,True,2026-08-11,0.148822706449,1.83924950461,-0.549715905377,-0.470998859326,66.0812820041,79.2568993154,60.6417209856,61.3119737283,66,79,61,61
54,林辰勳,2022,味全龍,A_WinsorizedBalanced-v0.1,B_QuadraticTanh-v1,53,Provisional,False,2026-08-11,-0.782746499521,0.20039004904,-0.592391411439,-0.0840547398184,58.5799499898,66.4603656354,60.2725511054,64.3849779077,59,66,60,64
54,林辰勳,2023,味全龍,A_WinsorizedBalanced-v0.1,B_QuadraticTanh-v1,58,Provisional,False,2026-08-11,-1.49811681528,0.306380181778,1.10267326543,-0.0314890745142,51.7629805157,67.2463096921,73.3872021876,64.7718937067,52,67,73,65
54,林辰勳,2025,味全龍,A_WinsorizedBalanced-v0.1,B_QuadraticTanh-v1,65,Provisional,False,2026-08-11,-0.297233058078,-1.09835619484,-0.470240120513,-0.144515595667,62.7393869438,55.6364011403,61.3183648307,63.9305820387,63,56,61,64
54,林辰勳,2026,味全龍,A_WinsorizedBalanced-v0.1,B_QuadraticTanh-v1,115,Provisional,True,2026-08-11,-0.2154876273,-0.0331005457602,-0.459091201993,-0.482336529413,63.3846286575,64.7601459208,61.4121202753,61.2163129634,63,65,61,61
55,李丞齡,2022,統一7-ELEVEn獅,A_WinsorizedBalanced-v0.1,B_QuadraticTanh-v1,144,Provisional,False,2026-08-11,-0.239736175545,-1.05765307789,0.487936952,-0.292252910523,63.1950393821,56.023766926,68.6124927886,62.7791902106,63,56,69,63
55,李丞齡,2023,統一7-ELEVEn獅,A_WinsorizedBalanced-v0.1,B_QuadraticTanh-v1,72,Provisional,False,2026-08-11,-0.986368755164,-0.0303788873705,0.018017723019,0.816685108234,56.6972735508,64.7799828816,65.1298733324,71.1417046541,57,65,65,71
55,李丞齡,2026,統一7-ELEVEn獅,A_WinsorizedBalanced-v0.1,B_QuadraticTanh-v1,139,Provisional,True,2026-08-11,-0.169393046302,-1.01672332691,0.637907867105,-0.118649664223,63.7407422419,56.4112812804,69.7582006379,64.1261951913,64,56,70,64
56,劉子杰,2026,樂天桃猿,A_WinsorizedBalanced-v0.1,B_QuadraticTanh-v1,174,Regular,True,2026-08-11,1.18211768094,-1.17126408859,-0.416245958824,-0.695858651242,74.0164275807,54.9381011182,61.7696835772,59.3614646978,74,55,62,59
57,陳俊秀,2014,Lamigo,A_WinsorizedBalanced-v0.1,B_QuadraticTanh-v1,98,Provisional,False,2026-08-11,-0.33895462968,1.26284802617,0.974638766204,-0.0156055552579,62.4034596401,74.657646698,72.3776748456,64.887299445,62,75,72,65
57,陳俊秀,2015,Lamigo,A_WinsorizedBalanced-v0.1,B_QuadraticTanh-v1,475,Qualified,False,2026-08-11,0.861834873005,1.11774091914,2.64642240906,0.59635260213,71.4938044403,73.5063917383,85.5632326152,69.4392893997,71,74,86,69
57,陳俊秀,2016,Lamigo,A_WinsorizedBalanced-v0.1,B_QuadraticTanh-v1,423,Qualified,False,2026-08-11,0.275493911029,2.11235606329,2.14080715154,3.40207798228,67.0163586833,81.423248541,81.6475374064,91.028564297,67,81,82,91
57,陳俊秀,2017,Lamigo,A_WinsorizedBalanced-v0.1,B_QuadraticTanh-v1,417,Qualified,False,2026-08-11,0.604239954973,1.9603525972,1.54127188191,2.64290827644,69.4997373462,80.2200992602,76.8781355061,85.5365873425,69,80,77,86
57,陳俊秀,2018,Lamigo,A_WinsorizedBalanced-v0.1,B_QuadraticTanh-v1,443,Qualified,False,2026-08-11,1.57305039834,0.923393531639,2.29225418019,-0.570707222477,77.1320216711,71.975440216,82.8355131925,60.4606310034,77,72,83,60
57,陳俊秀,2019,Lamigo,A_WinsorizedBalanced-v0.1,B_QuadraticTanh-v1,435,Qualified,False,2026-08-11,2.42384502866,1.8894855786,2.07853320153,-0.922762478915,83.8582272516,79.6568563066,81.1562087816,57.2923753448,84,80,81,57
57,陳俊秀,2020,樂天桃猿,A_WinsorizedBalanced-v0.1,B_QuadraticTanh-v1,388,Qualified,False,2026-08-11,0.0393195193049,1.28759668064,0.362030866421,-0.622223566498,65.2837924876,74.8545300763,67.6624887261,60.0121471178,65,75,68,60
57,陳俊秀,2021,樂天桃猿,A_WinsorizedBalanced-v0.1,B_QuadraticTanh-v1,386,Qualified,False,2026-08-11,2.37208707335,1.70730783323,0.74034262586,-0.103434718823,83.4571376181,78.2044713435,70.5487344817,64.2404110762,83,78,71,64
57,陳俊秀,2022,樂天桃猿,A_WinsorizedBalanced-v0.1,B_QuadraticTanh-v1,335,Regular,False,2026-08-11,-0.0234606253062,0.570623419908,-0.979591433363,-0.675434587784,64.830314266,69.242377711,56.7609571516,59.5430480546,65,69,57,60
57,陳俊秀,2023,樂天桃猿,A_WinsorizedBalanced-v0.1,B_QuadraticTanh-v1,268,Regular,False,2026-08-11,0.00550495426038,3.4643173935,1.26184266552,-0.576324666792,65.0396492974,91.4512274449,74.6496515947,60.4120056862,65,91,75,60
57,陳俊秀,2024,中信兄弟,A_WinsorizedBalanced-v0.1,B_QuadraticTanh-v1,378,Qualified,False,2026-08-11,-0.0995338827295,2.00309266439,1.13686861369,-0.893274641513,64.2695923131,80.5591470168,73.6578025239,57.5662159327,64,81,74,58
57,陳俊秀,2025,中信兄弟,A_WinsorizedBalanced-v0.1,B_QuadraticTanh-v1,229,Regular,False,2026-08-11,-0.616135526686,1.84523473021,0.74779081328,-0.331197982056,60.0654430279,79.3045771325,70.6064486942,62.4662458066,60,79,71,62
57,陳俊秀,2026,中信兄弟,A_WinsorizedBalanced-v0.1,B_QuadraticTanh-v1,178,Regular,True,2026-08-11,-0.523499101357,2.53241184646,0.84987196274,-0.835966191729,60.8665143589,84.6941281762,71.4004139837,58.0944280436,61,85,71,58
58,申皓瑋,2017,富邦悍將,A_WinsorizedBalanced-v0.1,B_QuadraticTanh-v1,96,Provisional,False,2026-08-11,-1.96227855817,-2.30070315263,-0.587150334951,-0.397401161587,47.2808419315,44.1830068657,60.3181035344,61.9255572412,47,44,60,62
58,申皓瑋,2018,富邦悍將,A_WinsorizedBalanced-v0.1,B_QuadraticTanh-v1,152,Regular,False,2026-08-11,-0.854483444974,0.156798808845,0.728656974959,-0.234781799129,57.9243476638,66.139771241,70.4582470248,63.2339008027,58,66,70,63
58,申皓瑋,2019,富邦悍將,A_WinsorizedBalanced-v0.1,B_QuadraticTanh-v1,73,Provisional,False,2026-08-11,-0.999116733793,-1.10959178362,-0.162695420044,1.38682792132,56.5773159517,55.5291452205,63.792015252,75.6451297936,57,56,64,76
58,申皓瑋,2020,富邦悍將,A_WinsorizedBalanced-v0.1,B_QuadraticTanh-v1,250,Regular,False,2026-08-11,-1.40509436126,-0.960541149371,0.56441894978,0.933335367101,52.6709610938,56.9396205713,69.1949569424,72.0533870325,53,57,69,72
58,申皓瑋,2021,富邦悍將,A_WinsorizedBalanced-v0.1,B_QuadraticTanh-v1,354,Regular,False,2026-08-11,0.204577337511,1.06293584701,0.630077874003,0.909892741986,66.491243936,73.0732349565,69.6980286396,71.8696606741,66,73,70,72
58,申皓瑋,2022,富邦悍將,A_WinsorizedBalanced-v0.1,B_QuadraticTanh-v1,432,Qualified,False,2026-08-11,-0.498768253324,-0.336547456318,1.72493039901,1.26138810423,61.0771425304,62.4229606506,78.345161585,74.6460367835,61,62,78,75
58,申皓瑋,2023,富邦悍將,A_WinsorizedBalanced-v0.1,B_QuadraticTanh-v1,374,Qualified,False,2026-08-11,-0.492960812688,-0.20435975684,1.83710451593,1.5290446599,61.1264005416,63.4711152405,79.2398109013,76.7804567968,61,63,79,77
58,申皓瑋,2024,富邦悍將,A_WinsorizedBalanced-v0.1,B_QuadraticTanh-v1,450,Qualified,False,2026-08-11,-0.0674297113477,-0.754432689767,1.13540893278,-0.497819309177,64.5081729825,58.8361835276,73.6462439451,61.0851966639,65,59,74,61
58,申皓瑋,2025,富邦悍將,A_WinsorizedBalanced-v0.1,B_QuadraticTanh-v1,312,Regular,False,2026-08-11,-0.0191674409458,0.403426221229,1.68173360758,-0.64027772646,64.8614808013,67.9735681392,78.0002516983,59.8536400878,65,68,78,60
58,申皓瑋,2026,富邦悍將,A_WinsorizedBalanced-v0.1,B_QuadraticTanh-v1,165,Regular,True,2026-08-11,-1.03543034197,-0.153429140256,0.452143054473,0.375487196786,56.2344276897,63.862753969,68.341264352,67.7634718086,56,64,68,68
59,王政順,2023,中信兄弟,A_WinsorizedBalanced-v0.1,B_QuadraticTanh-v1,200,Regular,False,2026-08-11,0.549716548813,1.21316620908,1.07071403502,-0.548373970375,69.0826863266,74.2628406306,73.1346476013,60.6532645858,69,74,73,61
59,王政順,2024,中信兄弟,A_WinsorizedBalanced-v0.1,B_QuadraticTanh-v1,158,Regular,False,2026-08-11,-0.886692432135,-0.27159484165,-0.063064994941,0.147621427242,57.6271560857,62.9436190026,64.5403903867,66.0724775883,58,63,65,66
59,王政順,2025,中信兄弟,A_WinsorizedBalanced-v0.1,B_QuadraticTanh-v1,149,Provisional,False,2026-08-11,0.199114444184,1.85940485315,0.952029453093,-0.350244281818,66.4509618065,79.4174280279,72.2000709092,62.3118064446,66,79,72,62
59,王政順,2026,中信兄弟,A_WinsorizedBalanced-v0.1,B_QuadraticTanh-v1,128,Provisional,True,2026-08-11,-0.630797389326,0.629616095771,-1.05124658204,-0.595191871174,59.9369579377,69.6944811339,56.0845594879,60.2481868448,60,70,56,60
60,張士綸,2026,中信兄弟,A_WinsorizedBalanced-v0.1,B_QuadraticTanh-v1,190,Regular,True,2026-08-11,1.95330947996,-0.966137319651,-0.40774922223,1.66286657906,80.1641783757,56.8871900142,61.8400703206,77.84956205,80,57,62,78
61,陳世嘉,2026,台鋼雄鷹,A_WinsorizedBalanced-v0.1,B_QuadraticTanh-v1,90,Provisional,True,2026-08-11,-1.50497701682,-0.861029486039,-0.92553984551,-0.126823484304,51.6959917875,57.8640851316,57.2665142591,64.0645758586,52,58,57,64
62,何品室融,2026,樂天桃猿,A_WinsorizedBalanced-v0.1,B_QuadraticTanh-v1,143,Provisional,True,2026-08-11,-1.72641229386,0.569711273482,-0.111651854932,1.62293026982,49.5397464635,69.2354046157,64.178804792,77.530534968,50,69,64,78
63,成晉,2020,樂天桃猿,A_WinsorizedBalanced-v0.1,B_QuadraticTanh-v1,114,Provisional,False,2026-08-11,0.72168382864,-1.08292375564,-0.0988501426635,0.0122213750603,70.4042869995,55.7834932825,64.2747029308,65.0880610009,70,56,64,65
63,成晉,2021,樂天桃猿,A_WinsorizedBalanced-v0.1,B_QuadraticTanh-v1,156,Regular,False,2026-08-11,1.44349597326,-1.08045370825,-0.182449461023,2.02955686112,76.0972851686,55.8070112356,63.6404453778,80.7688068929,76,56,64,81
63,成晉,2022,樂天桃猿,A_WinsorizedBalanced-v0.1,B_QuadraticTanh-v1,426,Qualified,False,2026-08-11,2.58021860942,-0.403044187725,-0.629869886296,3.21706792669,85.059703166,61.87897156,59.9450992209,89.7451287197,85,62,60,90
63,成晉,2023,樂天桃猿,A_WinsorizedBalanced-v0.1,B_QuadraticTanh-v1,510,Qualified,False,2026-08-11,1.79729842645,0.058840669739,-0.997169328905,1.17632992152,78.9225446135,65.4251981684,56.5956551421,73.9705229652,79,65,57,74
63,成晉,2025,樂天桃猿,A_WinsorizedBalanced-v0.1,B_QuadraticTanh-v1,371,Regular,False,2026-08-11,1.3886301087,-0.869624716461,-0.573142838663,-0.179344459275,75.6595031656,57.7848504468,60.439556463,63.6643386345,76,58,60,64
63,成晉,2026,樂天桃猿,A_WinsorizedBalanced-v0.1,B_QuadraticTanh-v1,122,Provisional,True,2026-08-11,-0.0527754292245,-0.369831203594,-0.859573124996,0.667397686546,64.616132958,62.1520408159,57.8774984641,69.985157268,65,62,58,70
64,吉力吉撈．鞏冠,2021,味全龍,A_WinsorizedBalanced-v0.1,B_QuadraticTanh-v1,226,Regular,False,2026-08-11,-0.334589574781,-0.12150946864,2.85411775385,-0.533654327249,62.4388111412,64.1046568352,87.1203165014,60.7796223148,62,64,87,61
64,吉力吉撈．鞏冠,2022,味全龍,A_WinsorizedBalanced-v0.1,B_QuadraticTanh-v1,354,Qualified,False,2026-08-11,0.193367831791,0.633741524253,3.73967252012,-1.42731319182,66.4086140453,69.7261784254,93.2625142625,52.4542078487,66,70,93,52
64,吉力吉撈．鞏冠,2023,味全龍,A_WinsorizedBalanced-v0.1,B_QuadraticTanh-v1,436,Qualified,False,2026-08-11,-0.120604381559,0.146433740031,4.18029745164,-1.13451646304,64.1114758186,66.0637739863,95.9469180293,55.2907338961,64,66,96,55
64,吉力吉撈．鞏冠,2024,味全龍,A_WinsorizedBalanced-v0.1,B_QuadraticTanh-v1,508,Qualified,False,2026-08-11,0.178162303399,-0.00100031553869,3.4878409427,-1.31569444055,66.296693325,64.9927963273,91.6097380816,53.5414404225,66,65,92,54
64,吉力吉撈．鞏冠,2025,味全龍,A_WinsorizedBalanced-v0.1,B_QuadraticTanh-v1,499,Qualified,False,2026-08-11,0.196599874979,-0.165567029215,3.862919697,-0.497003296547,66.4324281782,63.7700466483,94.0407533594,61.0921208899,66,64,94,61
64,吉力吉撈．鞏冠,2026,味全龍,A_WinsorizedBalanced-v0.1,B_QuadraticTanh-v1,147,Provisional,True,2026-08-11,-0.985133066413,0.721145973943,0.334581368351,-0.649284440755,56.7088895127,70.4001260741,67.4569152703,59.7743119225,57,70,67,60
65,周佳樂,2023,富邦悍將,A_WinsorizedBalanced-v0.1,B_QuadraticTanh-v1,150,Regular,False,2026-08-11,-1.20327396823,-1.41839945676,-0.719868454121,1.83263918692,54.629922294,52.5411785529,59.146948449,79.2042344253,55,53,59,79
65,周佳樂,2024,富邦悍將,A_WinsorizedBalanced-v0.1,B_QuadraticTanh-v1,172,Regular,False,2026-08-11,-1.0973770484,-0.648925371362,-0.0918350786846,0.903789434518,55.6457416259,59.7774776925,64.3270632187,71.8218678792,56,60,64,72
65,周佳樂,2025,富邦悍將,A_WinsorizedBalanced-v0.1,B_QuadraticTanh-v1,223,Regular,False,2026-08-11,-1.11156066873,1.24271785001,-0.51958864594,0.0190338039201,55.5103360251,74.4976064692,60.8999116275,65.1372059916,56,74,61,65
66,宋柏翰,2026,台鋼雄鷹,A_WinsorizedBalanced-v0.1,B_QuadraticTanh-v1,92,Provisional,True,2026-08-11,-0.415596843122,0.914702015749,1.43526983322,-0.355431645368,61.7750669835,71.9073322502,76.0316253751,62.2695871033,62,72,76,62
67,許庭綸,2025,中信兄弟,A_WinsorizedBalanced-v0.1,B_QuadraticTanh-v1,87,Provisional,False,2026-08-11,-0.591425243219,0.407489016795,0.483779583625,0.507050280971,60.2809529408,68.0041672416,68.5809446709,68.7576862514,60,68,69,69
67,許庭綸,2026,中信兄弟,A_WinsorizedBalanced-v0.1,B_QuadraticTanh-v1,96,Provisional,True,2026-08-11,-0.666901670494,0.0640784897639,0.680828819624,-0.326867032951,59.6186634231,65.4631964903,70.0886964012,62.5012369064,60,65,70,63
68,曾頌恩,2023,中信兄弟,A_WinsorizedBalanced-v0.1,B_QuadraticTanh-v1,197,Regular,False,2026-08-11,1.11671666065,-0.268033004315,-0.232159240659,-0.505039268027,73.4982872107,62.9718586454,63.2544457998,61.0238655388,73,63,63,61
68,曾頌恩,2024,中信兄弟,A_WinsorizedBalanced-v0.1,B_QuadraticTanh-v1,424,Qualified,False,2026-08-11,1.40038103465,-0.704877260224,1.52495340582,-0.396847320428,75.7532338132,59.2810199642,76.7477746074,61.9301252718,76,59,77,62
68,曾頌恩,2025,中信兄弟,A_WinsorizedBalanced-v0.1,B_QuadraticTanh-v1,216,Regular,False,2026-08-11,-0.258627882325,1.19364959423,-0.422433743056,-0.534287782938,63.0462685734,74.1079188104,61.7183145884,60.7741945316,63,74,62,61
68,曾頌恩,2026,中信兄弟,A_WinsorizedBalanced-v0.1,B_QuadraticTanh-v1,105,Provisional,True,2026-08-11,0.0171031208858,0.867277278636,1.66640807809,-0.443071534396,65.1232737945,71.5363143684,77.8778493951,61.5463231011,65,72,78,62
69,張翔,2026,統一7-ELEVEn獅,A_WinsorizedBalanced-v0.1,B_QuadraticTanh-v1,92,Provisional,True,2026-08-11,-0.369527261918,-0.889985874082,0.489759065851,-0.277047177694,62.1545272485,57.5966729818,68.6263236144,62.900327401,62,58,69,63
70,張皓崴,2026,統一7-ELEVEn獅,A_WinsorizedBalanced-v0.1,B_QuadraticTanh-v1,69,Provisional,True,2026-08-11,1.3308106355,0.0701900386894,0.0687802963992,1.79566805625,75.1986121134,65.5075637415,65.4973267129,78.9095446011,75,66,65,79
71,董子恩,2022,富邦悍將,A_WinsorizedBalanced-v0.1,B_QuadraticTanh-v1,112,Provisional,False,2026-08-11,-0.137519238548,0.929380398493,-0.50377131065,-0.57717787486,63.9836711271,72.0223737277,61.0346450613,60.4046141833,64,72,61,60
71,董子恩,2024,富邦悍將,A_WinsorizedBalanced-v0.1,B_QuadraticTanh-v1,385,Qualified,False,2026-08-11,2.29559060803,-1.31134256476,-0.907172087824,-0.744882287936,82.8615608391,53.5837242604,57.4373245151,58.9222770174,83,54,57,59
71,董子恩,2025,富邦悍將,A_WinsorizedBalanced-v0.1,B_QuadraticTanh-v1,271,Regular,False,2026-08-11,1.91203891313,-0.199066975143,-0.509712948323,-0.780973092209,79.8362402937,63.5121362833,60.9841005584,58.5960420368,80,64,61,59
71,董子恩,2026,富邦悍將,A_WinsorizedBalanced-v0.1,B_QuadraticTanh-v1,125,Provisional,True,2026-08-11,1.50116770922,-0.193444643199,-0.191829956902,0.147059807141,76.5577833601,63.5556301779,63.5681057571,66.0683617792,77,64,64,66
72,張祐嘉,2024,味全龍,A_WinsorizedBalanced-v0.1,B_QuadraticTanh-v1,179,Regular,False,2026-08-11,-0.713381946961,-0.542679013119,0.699370796484,-0.663695327964,59.2050132398,60.7022091763,70.2318077855,59.6470386555,59,61,70,60
72,張祐嘉,2026,味全龍,A_WinsorizedBalanced-v0.1,B_QuadraticTanh-v1,64,Provisional,True,2026-08-11,-0.489719721188,-1.32581538557,-0.656707647017,1.20006159075,61.1538572956,53.4430651821,59.7088051447,74.1588056805,61,53,60,74
73,許基宏,2014,中信兄弟,A_WinsorizedBalanced-v0.1,B_QuadraticTanh-v1,77,Provisional,False,2026-08-11,-0.387401364235,2.95830247237,2.77830250284,-0.304532614115,62.0079194711,87.8871496876,86.556121306,62.6809317645,62,88,87,63
73,許基宏,2015,中信兄弟,A_WinsorizedBalanced-v0.1,B_QuadraticTanh-v1,322,Regular,False,2026-08-11,-1.00410932814,3.76998856005,1.73637376981,-0.742203039806,56.5302762388,93.4558585558,78.4365036645,58.9463986668,57,93,78,59
73,許基宏,2016,中信兄弟,A_WinsorizedBalanced-v0.1,B_QuadraticTanh-v1,322,Regular,False,2026-08-11,0.103099557071,1.88850606106,1.51856595727,-1.00571733721,65.7470314599,79.6490628481,76.6967512087,56.5151186633,66,80,77,57
73,許基宏,2017,中信兄弟,A_WinsorizedBalanced-v0.1,B_QuadraticTanh-v1,126,Provisional,False,2026-08-11,-2.52543095783,0.505405691655,2.5732494748,-0.445460118299,42.2635365334,68.7451834247,85.0065111077,61.5263515567,42,69,85,62
73,許基宏,2018,中信兄弟,A_WinsorizedBalanced-v0.1,B_QuadraticTanh-v1,62,Provisional,False,2026-08-11,-1.46356542597,2.83108692726,0.465022700102,-0.253232889404,52.1003533136,86.9494612112,68.4387570642,63.0888483977,52,87,68,63
73,許基宏,2020,中信兄弟,A_WinsorizedBalanced-v0.1,B_QuadraticTanh-v1,395,Qualified,False,2026-08-11,0.18496066391,1.11797605972,1.63068304943,-1.13362445191,66.3467092197,73.5082523547,77.5924719325,55.2992772765,66,74,78,55
73,許基宏,2021,中信兄弟,A_WinsorizedBalanced-v0.1,B_QuadraticTanh-v1,522,Qualified,False,2026-08-11,0.576259832027,1.40548262453,2.20081726985,0.26497350291,69.2854783361,75.7939321121,82.1195198186,66.9382042764,69,76,82,67
73,許基宏,2022,中信兄弟,A_WinsorizedBalanced-v0.1,B_QuadraticTanh-v1,429,Qualified,False,2026-08-11,0.843948813015,3.69737377241,1.20304106727,0.59219636267,71.3541997594,92.990690081,74.1824551578,69.4074521479,71,93,74,69
73,許基宏,2023,中信兄弟,A_WinsorizedBalanced-v0.1,B_QuadraticTanh-v1,236,Regular,False,2026-08-11,-0.457206029302,1.59352909021,0.650411103125,-0.321510860418,61.4279445416,77.2956375092,69.8543629312,62.5444457633,61,77,70,63
73,許基宏,2024,中信兄弟,A_WinsorizedBalanced-v0.1,B_QuadraticTanh-v1,387,Qualified,False,2026-08-11,0.44765296442,0.204232634527,1.61011396567,-0.29982976376,68.3073039771,66.4887014518,77.4281422237,62.7186079613,68,66,77,63
73,許基宏,2025,中信兄弟,A_WinsorizedBalanced-v0.1,B_QuadraticTanh-v1,410,Qualified,False,2026-08-11,-0.191820698337,2.39373843059,3.35230670592,-1.55797384214,63.5681772717,83.6251135183,90.6872141005,51.1785992882,64,84,91,51
73,許基宏,2026,中信兄弟,A_WinsorizedBalanced-v0.1,B_QuadraticTanh-v1,132,Provisional,True,2026-08-11,-1.47811045678,2.26288441562,-0.280337913453,-0.611102413574,51.9583371956,82.6059775468,62.8741619071,60.1094447146,52,83,63,60
74,梁家榮,2015,Lamigo,A_WinsorizedBalanced-v0.1,B_QuadraticTanh-v1,69,Provisional,False,2026-08-11,0.108428427069,0.0473464389227,-0.257594138548,-0.189332797103,65.7858952858,65.3418965397,63.0544332129,63.5873859716,66,65,63,64
74,梁家榮,2016,Lamigo,A_WinsorizedBalanced-v0.1,B_QuadraticTanh-v1,157,Regular,False,2026-08-11,-0.0927266621775,1.56239148648,-0.949247621925,-0.325028955953,64.320415927,77.0468628359,57.0452926527,62.5160730354,64,77,57,63
74,梁家榮,2017,Lamigo,A_WinsorizedBalanced-v0.1,B_QuadraticTanh-v1,270,Regular,False,2026-08-11,-0.0655346851956,0.331836573875,0.305477036678,-1.31085015439,64.5221672442,67.4363904726,67.2395751518,53.5885080022,65,67,67,54
74,梁家榮,2018,Lamigo,A_WinsorizedBalanced-v0.1,B_QuadraticTanh-v1,112,Provisional,False,2026-08-11,0.0408376943958,0.115625035338,-0.452902409485,-0.530813511644,65.294777656,65.8384193365,61.4640380285,60.8039528353,65,66,61,61
74,梁家榮,2019,Lamigo,A_WinsorizedBalanced-v0.1,B_QuadraticTanh-v1,99,Provisional,False,2026-08-11,-0.154901938726,-0.271766840608,0.0647520226398,-0.322777548792,63.851526051,62.9422544991,65.4680844508,62.5342337753,64,63,65,63
74,梁家榮,2020,樂天桃猿,A_WinsorizedBalanced-v0.1,B_QuadraticTanh-v1,194,Regular,False,2026-08-11,1.01694978424,0.232358805275,0.517573402217,-0.79447074084,72.7106043317,66.6964747847,68.8377305239,58.4734203552,73,67,69,58
74,梁家榮,2021,樂天桃猿,A_WinsorizedBalanced-v0.1,B_QuadraticTanh-v1,325,Regular,False,2026-08-11,1.05242267656,0.564547571144,0.356004528224,-1.00816430016,72.9902627123,69.1959397427,67.6173079164,56.4920462748,73,69,68,56
74,梁家榮,2022,樂天桃猿,A_WinsorizedBalanced-v0.1,B_QuadraticTanh-v1,379,Qualified,False,2026-08-11,1.23328407292,3.41508742923,-0.280406891764,-1.46848484589,74.4226385407,91.1172992961,62.8736131448,52.0523224611,74,91,63,52
74,梁家榮,2023,樂天桃猿,A_WinsorizedBalanced-v0.1,B_QuadraticTanh-v1,392,Qualified,False,2026-08-11,2.38063379396,0.177775389764,1.81178878515,-1.45502104548,83.5234773921,66.2938479335,79.0380675325,52.1837707823,84,66,79,52
74,梁家榮,2024,樂天桃猿,A_WinsorizedBalanced-v0.1,B_QuadraticTanh-v1,411,Qualified,False,2026-08-11,0.603181019851,-0.413442906808,-0.252741701386,-1.20460526616,69.4916194917,61.7929232585,63.0927213329,54.6170860692,69,62,63,55
74,梁家榮,2025,樂天桃猿,A_WinsorizedBalanced-v0.1,B_QuadraticTanh-v1,166,Regular,False,2026-08-11,-0.322950731694,0.196506097453,-0.119475243379,-0.621444291602,62.5328372674,66.4317370916,64.1199796981,60.0189734076,63,66,64,60
74,梁家榮,2026,樂天桃猿,A_WinsorizedBalanced-v0.1,B_QuadraticTanh-v1,110,Provisional,True,2026-08-11,-0.0531162621591,0.52422675113,-0.145995356424,-0.056308900567,64.6136287362,68.8883777727,63.9193365395,64.5901556809,65,69,64,65
75,嚴宏鈞,2017,Lamigo,A_WinsorizedBalanced-v0.1,B_QuadraticTanh-v1,105,Provisional,False,2026-08-11,-0.0666405344063,1.34661645263,-0.697393246172,-0.650298507442,64.5140020461,75.324549443,59.3477876406,59.7653698721,65,75,59,60
75,嚴宏鈞,2018,Lamigo,A_WinsorizedBalanced-v0.1,B_QuadraticTanh-v1,71,Provisional,False,2026-08-11,0.128947078191,0.103982991849,-0.343112524511,-0.202580539241,65.9357663524,65.7534727241,62.369741497,63.4849131157,66,66,62,63
75,嚴宏鈞,2020,樂天桃猿,A_WinsorizedBalanced-v0.1,B_QuadraticTanh-v1,59,Provisional,False,2026-08-11,-0.0165192919819,-0.025326583989,-0.457288504378,-0.0772499657273,64.8806795182,64.8167522595,61.4272524153,64.4354946237,65,65,61,64
75,嚴宏鈞,2021,樂天桃猿,A_WinsorizedBalanced-v0.1,B_QuadraticTanh-v1,94,Provisional,False,2026-08-11,0.0498837818776,-0.267551510866,0.607165639445,0.498681843624,65.3602753079,62.9756736019,69.5221694571,68.6940851526,65,63,70,69
75,嚴宏鈞,2022,樂天桃猿,A_WinsorizedBalanced-v0.1,B_QuadraticTanh-v1,154,Regular,False,2026-08-11,-0.191682016001,-1.16501042521,0.920069326354,-0.64737138841,63.5692484493,54.9982023862,71.9493872774,59.7911754706,64,55,72,60
75,嚴宏鈞,2023,樂天桃猿,A_WinsorizedBalanced-v0.1,B_QuadraticTanh-v1,84,Provisional,False,2026-08-11,-1.73412811323,0.54612129855,0.187618553458,-0.240205260255,49.4650324204,69.0552537497,66.3662738535,63.1913566262,49,69,66,63
75,嚴宏鈞,2024,樂天桃猿,A_WinsorizedBalanced-v0.1,B_QuadraticTanh-v1,139,Provisional,False,2026-08-11,-0.241535180732,-0.422201980713,0.811522107313,-0.222143715937,63.1809123785,61.7202402645,71.1015060834,63.3327411089,63,62,71,63
76,蔡佳諺,2023,富邦悍將,A_WinsorizedBalanced-v0.1,B_QuadraticTanh-v1,87,Provisional,False,2026-08-11,-1.07187605456,-0.335237173804,-0.367308714821,0.768639778715,55.8886267402,62.4335694153,62.1726694383,70.7681632521,56,62,62,71
76,蔡佳諺,2024,富邦悍將,A_WinsorizedBalanced-v0.1,B_QuadraticTanh-v1,100,Provisional,False,2026-08-11,-0.182187898085,-0.0103299781176,1.67028833089,1.50971583919,63.6424591182,64.9254748784,77.9088416704,76.6260591492,64,65,78,77
76,蔡佳諺,2025,富邦悍將,A_WinsorizedBalanced-v0.1,B_QuadraticTanh-v1,125,Provisional,False,2026-08-11,-1.98436646145,-0.57990175066,0.29520194844,1.12473891131,47.0726573828,60.3810061229,67.163000798,73.5617729249,47,60,67,74
76,蔡佳諺,2026,富邦悍將,A_WinsorizedBalanced-v0.1,B_QuadraticTanh-v1,55,Provisional,True,2026-08-11,-1.26039897543,-0.872039534823,-0.742867524596,0.445379161943,54.0778917746,57.76256779,58.9404174807,68.2901117219,54,58,59,68
77,林培緯,2025,統一7-ELEVEn獅,A_WinsorizedBalanced-v0.1,B_QuadraticTanh-v1,63,Provisional,False,2026-08-11,-0.596815709898,-0.36032991022,0.167664530981,-0.0942620150917,60.2340515721,62.2296593079,66.219536055,64.3089638474,60,62,66,64
77,林培緯,2026,統一7-ELEVEn獅,A_WinsorizedBalanced-v0.1,B_QuadraticTanh-v1,93,Provisional,True,2026-08-11,-0.657577632369,-0.904239018455,-0.311703677633,-0.297734656245,59.7011204817,57.4645523353,62.6233736002,62.7353744674,60,57,63,63
78,劉俊豪,2023,富邦悍將,A_WinsorizedBalanced-v0.1,B_QuadraticTanh-v1,185,Regular,False,2026-08-11,-0.844139948383,-1.18245657439,-0.7519459694,-0.305408396159,58.019423629,54.8304461779,58.8586169003,62.6739093487,58,55,59,63
78,劉俊豪,2025,富邦悍將,A_WinsorizedBalanced-v0.1,B_QuadraticTanh-v1,79,Provisional,False,2026-08-11,-0.570586137358,-0.999663257395,-0.354617201017,0.62233387133,60.4616783722,56.5721682886,62.2762202001,69.638554445,60,57,62,70
79,曾聖安,2025,味全龍,A_WinsorizedBalanced-v0.1,B_QuadraticTanh-v1,198,Regular,False,2026-08-11,-0.875967291332,1.09970182026,0.539604701279,2.31489445716,57.7263042718,73.3637060171,69.0055523163,83.0121528916,58,73,69,83
79,曾聖安,2026,味全龍,A_WinsorizedBalanced-v0.1,B_QuadraticTanh-v1,81,Provisional,True,2026-08-11,-1.54009269491,0.918077604701,-0.137842563901,1.07157628466,51.3531323486,71.9337798342,63.9812206135,73.1414568082,51,72,64,73
80,葉子霆,2022,富邦悍將,A_WinsorizedBalanced-v0.1,B_QuadraticTanh-v1,74,Provisional,False,2026-08-11,-0.135292465791,-0.600463335496,-0.32506387727,2.95127954786,64.0005403754,60.2022789061,62.5157912456,87.8357794539,64,60,63,88
80,葉子霆,2023,富邦悍將,A_WinsorizedBalanced-v0.1,B_QuadraticTanh-v1,141,Provisional,False,2026-08-11,1.43894210685,-1.53810082608,-0.182850064353,4.36673549201,76.0609360271,51.3725773218,63.6373608294,96.9985192306,76,51,64,97
80,葉子霆,2024,富邦悍將,A_WinsorizedBalanced-v0.1,B_QuadraticTanh-v1,118,Provisional,False,2026-08-11,-0.544717471242,-0.0897720086058,-0.992022797567,1.9216459558,60.6846982104,64.3424363026,56.6440966472,79.9126163302,61,64,57,80
80,葉子霆,2025,富邦悍將,A_WinsorizedBalanced-v0.1,B_QuadraticTanh-v1,93,Provisional,False,2026-08-11,0.486863326392,-0.0243516512401,-0.582701950502,1.6920036825,68.6043444601,64.8238393945,60.3567197392,78.0822681177,69,65,60,78
80,葉子霆,2026,富邦悍將,A_WinsorizedBalanced-v0.1,B_QuadraticTanh-v1,81,Provisional,True,2026-08-11,-0.290112411588,-0.449326005589,-0.190829571399,1.66680092565,62.7962784311,61.493999246,63.5758315798,77.8809871791,63,61,64,78
81,童堉誠,2026,富邦悍將,A_WinsorizedBalanced-v0.1,B_QuadraticTanh-v1,89,Provisional,True,2026-08-11,-1.3624917463,1.51082188689,-0.458208972722,1.19215415916,53.0861706856,76.6348936977,61.4195268087,74.0960523472,53,77,61,74
82,林靖凱,2019,統一7-ELEVEn獅,A_WinsorizedBalanced-v0.1,B_QuadraticTanh-v1,235,Regular,False,2026-08-11,0.754939967142,-1.22309802671,-1.23757231953,1.35129211652,70.661874372,54.4386324623,54.2987707816,75.3618123375,71,54,54,75
82,林靖凱,2020,統一7-ELEVEn獅,A_WinsorizedBalanced-v0.1,B_QuadraticTanh-v1,335,Regular,False,2026-08-11,-0.979306202096,-1.71919951893,-0.982022831153,2.67762600868,56.7636359544,49.609626504,56.7381176434,85.7994115027,57,50,57,86
82,林靖凱,2021,統一7-ELEVEn獅,A_WinsorizedBalanced-v0.1,B_QuadraticTanh-v1,477,Qualified,False,2026-08-11,2.01144165569,-2.19330212763,0.167246291767,2.95870409152,80.625314691,45.1425054009,66.2164639522,87.8900859577,81,45,66,88
82,林靖凱,2022,統一7-ELEVEn獅,A_WinsorizedBalanced-v0.1,B_QuadraticTanh-v1,438,Qualified,False,2026-08-11,0.328809512416,-0.788868255923,-0.957851134603,1.58711692505,67.4137616233,58.5243569292,56.9648073952,77.2444070308,67,59,57,77
82,林靖凱,2023,統一7-ELEVEn獅,A_WinsorizedBalanced-v0.1,B_QuadraticTanh-v1,381,Qualified,False,2026-08-11,0.619101270579,-1.8412092892,-1.05203872857,-0.0438111012466,69.613738906,48.4331243467,56.0770453409,64.6818816539,70,48,56,65
82,林靖凱,2024,統一7-ELEVEn獅,A_WinsorizedBalanced-v0.1,B_QuadraticTanh-v1,75,Provisional,False,2026-08-11,1.31811313674,-0.651922549131,-0.208614840385,0.68676208662,75.0974736198,59.7510446492,63.438083029,70.1344690288,75,60,63,70
82,林靖凱,2025,統一7-ELEVEn獅,A_WinsorizedBalanced-v0.1,B_QuadraticTanh-v1,122,Provisional,False,2026-08-11,0.644833255523,-1.30917571777,0.118198310398,0.734210585966,69.8114520512,53.6047740968,65.8572110053,70.5012417681,70,54,66,71
82,林靖凱,2026,統一7-ELEVEn獅,A_WinsorizedBalanced-v0.1,B_QuadraticTanh-v1,63,Provisional,True,2026-08-11,-0.964820258429,-0.400569622194,0.0942949023709,-0.0241873317953,56.8995335856,61.8994097232,65.6828720608,64.8250336308,57,62,66,65
83,高聖恩,2025,台鋼雄鷹,A_WinsorizedBalanced-v0.1,B_QuadraticTanh-v1,87,Provisional,False,2026-08-11,-1.45375818242,-0.818541680603,0.744739527601,0.267463050784,52.1960992106,58.253938075,70.5828013253,66.9566908198,52,58,71,67
83,高聖恩,2026,台鋼雄鷹,A_WinsorizedBalanced-v0.1,B_QuadraticTanh-v1,53,Provisional,True,2026-08-11,-0.539174927591,-0.835846028897,-0.477447250927,1.29198953959,60.7322886357,58.0955298409,61.2576026009,74.889490358,61,58,61,75
84,林孝程,2021,味全龍,A_WinsorizedBalanced-v0.1,B_QuadraticTanh-v1,100,Provisional,False,2026-08-11,-0.00324840456474,0.528570915229,0.250873800153,2.73536124239,64.9765967176,68.9214628162,66.833597532,86.2343792151,65,69,67,86
84,林孝程,2022,味全龍,A_WinsorizedBalanced-v0.1,B_QuadraticTanh-v1,102,Provisional,False,2026-08-11,-1.11287114279,0.0604616076888,-0.332778316517,0.838154977217,55.4978144809,65.4369548643,62.4534660423,71.3090111941,55,65,62,71
84,林孝程,2023,味全龍,A_WinsorizedBalanced-v0.1,B_QuadraticTanh-v1,344,Regular,False,2026-08-11,-0.480890972413,0.0327420847212,-0.530791272694,4.30087773985,61.2285263821,65.23622326,60.804143232,96.6329209314,61,65,61,97
84,林孝程,2024,味全龍,A_WinsorizedBalanced-v0.1,B_QuadraticTanh-v1,206,Regular,False,2026-08-11,-0.329345253248,-0.495286842957,-0.532040373347,3.13232556087,62.481220361,61.1066807537,60.7934474507,89.1443819538,62,61,61,89
85,林佳緯,2024,統一7-ELEVEn獅,A_WinsorizedBalanced-v0.1,B_QuadraticTanh-v1,303,Regular,False,2026-08-11,-0.636810216738,0.635065024412,0.228706370903,-0.785804384755,59.8841359675,69.7363496045,66.6694572958,58.552189101,60,70,67,59
85,林佳緯,2025,統一7-ELEVEn獅,A_WinsorizedBalanced-v0.1,B_QuadraticTanh-v1,498,Qualified,False,2026-08-11,0.754338179732,-0.555813218835,0.84648880638,0.730855850836,70.6572077836,60.589220315,71.3740154554,70.4752681457,71,61,71,70
85,林佳緯,2026,統一7-ELEVEn獅,A_WinsorizedBalanced-v0.1,B_QuadraticTanh-v1,92,Provisional,True,2026-08-11,-1.7950526487,-1.14779842977,-0.991277466036,0.218734247897,48.8766853431,55.1634297413,56.6511090704,66.5957473051,49,55,57,67
86,李宗賢,2016,義大,A_WinsorizedBalanced-v0.1,B_QuadraticTanh-v1,75,Provisional,False,2026-08-11,-0.0703388243542,-0.762003923514,-0.138468741037,1.17429481812,64.4866707061,58.7678104106,63.9764739543,73.9543841475,64,59,64,74
86,李宗賢,2017,富邦悍將,A_WinsorizedBalanced-v0.1,B_QuadraticTanh-v1,357,Qualified,False,2026-08-11,-0.432835043177,0.247536536368,-0.513885226343,0.0139160325336,61.6317592622,66.8088613198,60.9485595406,65.1002824134,62,67,61,65
86,李宗賢,2018,富邦悍將,A_WinsorizedBalanced-v0.1,B_QuadraticTanh-v1,127,Provisional,False,2026-08-11,-0.572472543259,0.34844589016,-0.906713529156,3.84995267641,60.4453575899,67.5606776937,57.4415822189,93.9598519019,60,68,57,94
86,李宗賢,2019,富邦悍將,A_WinsorizedBalanced-v0.1,B_QuadraticTanh-v1,346,Regular,False,2026-08-11,0.122080568213,-1.17928614163,-1.41554942786,3.77627779794,65.8855723929,54.8609523938,52.5689823619,93.4958135818,66,55,53,93
86,李宗賢,2020,富邦悍將,A_WinsorizedBalanced-v0.1,B_QuadraticTanh-v1,526,Qualified,False,2026-08-11,0.759300158171,-0.910347113892,-0.868356740638,3.45441521699,70.6956915535,57.4078355462,57.7965468387,91.3842987118,71,57,58,91
86,李宗賢,2021,富邦悍將,A_WinsorizedBalanced-v0.1,B_QuadraticTanh-v1,309,Regular,False,2026-08-11,-0.193581955646,-0.441039328462,-0.918106432576,0.904732813926,63.554568939,61.5633042132,57.3357032164,71.8292540345,64,62,57,72
86,李宗賢,2022,富邦悍將,A_WinsorizedBalanced-v0.1,B_QuadraticTanh-v1,88,Provisional,False,2026-08-11,-0.304880514209,-0.837574660504,-0.379210998299,1.02532229404,62.678142378,58.0796773011,62.0751963157,72.7765680294,63,58,62,73
86,李宗賢,2023,富邦悍將,A_WinsorizedBalanced-v0.1,B_QuadraticTanh-v1,417,Qualified,False,2026-08-11,2.00187657096,-0.219417222132,0.273820273329,2.49423722076,80.5495074175,63.3540095866,67.0039196534,84.4010810414,81,63,67,84
86,李宗賢,2024,富邦悍將,A_WinsorizedBalanced-v0.1,B_QuadraticTanh-v1,423,Qualified,False,2026-08-11,0.951253423986,-0.598987178734,-0.377384633226,1.19288013754,72.1939787688,60.2151404151,62.0901758926,74.1018129997,72,60,62,74
86,李宗賢,2025,富邦悍將,A_WinsorizedBalanced-v0.1,B_QuadraticTanh-v1,158,Regular,False,2026-08-11,-0.0843990923005,-1.67495072754,-0.825170756089,0.596220368792,64.3824181532,50.039042136,58.1933149052,69.4382763096,64,50,58,69
86,李宗賢,2026,富邦悍將,A_WinsorizedBalanced-v0.1,B_QuadraticTanh-v1,64,Provisional,True,2026-08-11,0.142029157343,0.183331281885,-0.420414195496,0.295585307618,66.0315067393,66.3347182828,61.7350903466,67.1658562804,66,66,62,67
87,顏郁軒,2025,台鋼雄鷹,A_WinsorizedBalanced-v0.1,B_QuadraticTanh-v1,175,Regular,False,2026-08-11,0.0781200140583,0.0614383721182,1.10087775173,-0.742241100057,65.5651806122,65.4440404696,73.3730041329,58.9460560999,66,65,73,59
87,顏郁軒,2026,台鋼雄鷹,A_WinsorizedBalanced-v0.1,B_QuadraticTanh-v1,64,Provisional,True,2026-08-11,-0.944212874549,-0.722156718587,1.03869383748,-0.026132641111,57.0923423809,59.1264453291,72.8819724456,64.8108907434,57,59,73,65
88,余德龍,2012,Lamigo,A_WinsorizedBalanced-v0.1,B_QuadraticTanh-v1,113,Provisional,False,2026-08-11,-0.482630886474,-0.80752049167,-0.301144521858,2.3606830344,61.2138253649,58.3545577257,62.7080806404,83.3685542268,61,58,63,83
88,余德龍,2013,Lamigo,A_WinsorizedBalanced-v0.1,B_QuadraticTanh-v1,436,Qualified,False,2026-08-11,0.404821364757,-1.35015052453,-0.367616900812,2.71017644885,67.9840743622,53.2063274318,62.1701499716,86.0449707094,68,53,62,86
88,余德龍,2014,Lamigo,A_WinsorizedBalanced-v0.1,B_QuadraticTanh-v1,311,Regular,False,2026-08-11,0.773841922182,-1.10586000809,-0.71356619505,0.974925607428,70.8085501053,55.5647842733,59.2033650465,72.3799294542,71,56,59,72
88,余德龍,2015,Lamigo,A_WinsorizedBalanced-v0.1,B_QuadraticTanh-v1,373,Qualified,False,2026-08-11,0.515146008646,-0.10837576103,-0.697069696029,3.31969272186,68.8192598921,64.2033886923,59.350671664,90.4619479332,69,64,59,90
88,余德龍,2016,Lamigo,A_WinsorizedBalanced-v0.1,B_QuadraticTanh-v1,340,Regular,False,2026-08-11,-0.730557586939,-1.28275702089,-0.871582489645,1.3510912393,59.0510861362,53.8612063108,57.7667858889,75.3602113632,59,54,58,75
88,余德龍,2017,Lamigo,A_WinsorizedBalanced-v0.1,B_QuadraticTanh-v1,172,Regular,False,2026-08-11,-0.0550469568791,-0.609779291098,-0.547251730689,1.44716557674,64.599437166,60.1210031113,60.6629152474,76.126577626,65,60,61,76
88,余德龍,2018,Lamigo,A_WinsorizedBalanced-v0.1,B_QuadraticTanh-v1,76,Provisional,False,2026-08-11,0.0238202690191,-0.998857748495,-0.548839362812,-0.135824257081,65.1717604352,56.5797551739,60.6492616379,63.9965129297,65,57,61,64
88,余德龍,2019,Lamigo,A_WinsorizedBalanced-v0.1,B_QuadraticTanh-v1,132,Provisional,False,2026-08-11,1.05349505588,0.22581666363,-0.256256316482,0.245675777341,72.998724333,66.6480894303,63.0649953883,66.7950730128,73,67,63,67
88,余德龍,2020,樂天桃猿,A_WinsorizedBalanced-v0.1,B_QuadraticTanh-v1,115,Provisional,False,2026-08-11,-0.242588428344,-0.30197633816,-0.60768232502,0.765355303697,63.1726376482,62.7014179799,60.1393139462,70.7426716909,63,63,60,71
88,余德龍,2021,樂天桃猿,A_WinsorizedBalanced-v0.1,B_QuadraticTanh-v1,103,Provisional,False,2026-08-11,0.479863030813,-1.06921741324,-0.983365978367,0.336162941297,68.5512348776,55.9139060831,56.7254971864,67.4687444308,69,56,57,67
88,余德龍,2022,樂天桃猿,A_WinsorizedBalanced-v0.1,B_QuadraticTanh-v1,80,Provisional,False,2026-08-11,-0.319269433895,-0.3973479133,-0.427705122518,-0.256855421727,62.5625061225,61.9259964606,61.6744807318,63.0602659948,63,62,62,63
88,余德龍,2023,樂天桃猿,A_WinsorizedBalanced-v0.1,B_QuadraticTanh-v1,52,Provisional,False,2026-08-11,-0.593551711666,-0.860855504009,0.315236307412,0.0493326302694,60.2624584331,57.8656877201,67.3123811344,65.3562826619,60,58,67,65
88,余德龍,2024,樂天桃猿,A_WinsorizedBalanced-v0.1,B_QuadraticTanh-v1,138,Provisional,False,2026-08-11,0.383297010469,0.250435348176,-0.666479152905,0.706613719419,67.8221422849,66.8303471637,59.6224037796,70.2877643084,68,67,60,70
88,余德龍,2025,樂天桃猿,A_WinsorizedBalanced-v0.1,B_QuadraticTanh-v1,248,Regular,False,2026-08-11,0.284583210376,-1.43477962095,-0.652778574983,2.12293710164,67.0839518549,52.3813459475,59.7434917002,81.5066994397,67,52,60,82
89,林立,2017,Lamigo,A_WinsorizedBalanced-v0.1,B_QuadraticTanh-v1,53,Provisional,False,2026-08-11,0.0874374921124,0.750491725427,0.590482704424,1.00204967001,65.6329485894,70.6273849378,69.3943285214,72.593279513,66,71,69,73
89,林立,2018,Lamigo,A_WinsorizedBalanced-v0.1,B_QuadraticTanh-v1,335,Regular,False,2026-08-11,-0.202692452697,-0.963776428033,0.532218046425,2.28714373248,63.4840454709,56.9093146695,68.9492489923,82.7956045755,63,57,69,83
89,林立,2019,Lamigo,A_WinsorizedBalanced-v0.1,B_QuadraticTanh-v1,445,Qualified,False,2026-08-11,2.2433496214,0.222194415797,2.11791775132,0.526323412964,82.4530686671,66.6213143633,81.4671180757,68.9043443225,82,67,81,69
89,林立,2020,樂天桃猿,A_WinsorizedBalanced-v0.1,B_QuadraticTanh-v1,462,Qualified,False,2026-08-11,0.663367862191,0.182714830505,2.06614073316,2.93002279872,69.9541125972,66.330182271,81.0582627223,87.6800065431,70,66,81,88
89,林立,2021,樂天桃猿,A_WinsorizedBalanced-v0.1,B_QuadraticTanh-v1,407,Qualified,False,2026-08-11,-0.0248005049432,0.110158918676,1.31869712735,4.3655715415,64.8205768451,65.7985211296,75.1021245827,96.9921137648,65,66,75,97
89,林立,2022,樂天桃猿,A_WinsorizedBalanced-v0.1,B_QuadraticTanh-v1,474,Qualified,False,2026-08-11,1.72232894707,0.768848335167,3.24883398062,2.54897192977,78.3243946802,70.7697821019,89.9682852819,84.8209431355,78,71,90,85
89,林立,2023,樂天桃猿,A_WinsorizedBalanced-v0.1,B_QuadraticTanh-v1,265,Regular,False,2026-08-11,1.55296421268,0.338074709216,1.55336904297,0.371019506972,76.971545731,67.483045779,76.9747799927,67.7299290559,77,67,77,68
89,林立,2024,樂天桃猿,A_WinsorizedBalanced-v0.1,B_QuadraticTanh-v1,372,Qualified,False,2026-08-11,2.13029345564,0.0866455007125,0.361451982964,3.29431436308,81.5646919607,65.6271853389,67.6581475253,90.2858021548,82,66,68,90
89,林立,2025,樂天桃猿,A_WinsorizedBalanced-v0.1,B_QuadraticTanh-v1,294,Regular,False,2026-08-11,2.49523203509,-0.399956633739,1.19757698122,3.78257297046,84.4087300766,61.9044702758,74.1390860105,93.5357526526,84,62,74,94
89,林立,2026,樂天桃猿,A_WinsorizedBalanced-v0.1,B_QuadraticTanh-v1,83,Provisional,True,2026-08-11,1.2288577184,-1.29238287376,0.628850992885,0.543863318202,74.3874708932,53.7678201351,69.6886036939,69.0380291909,74,54,70,69
90,陳鏞基,2011,統一7-ELEVEn獅,A_WinsorizedBalanced-v0.1,B_QuadraticTanh-v1,303,Regular,False,2026-08-11,0.92892240716,1.14358039968,1.56587594216,0.548073708046,72.0187827852,73.7109587069,77.0747015422,69.0701500248,72,74,77,69
90,陳鏞基,2012,統一7-ELEVEn獅,A_WinsorizedBalanced-v0.1,B_QuadraticTanh-v1,446,Qualified,False,2026-08-11,0.161907606083,1.15156762162,0.777429220672,0.355486407955,66.1772624063,73.7742340378,70.8364085174,67.6134247248,66,74,71,68
90,陳鏞基,2013,統一7-ELEVEn獅,A_WinsorizedBalanced-v0.1,B_QuadraticTanh-v1,433,Qualified,False,2026-08-11,1.19705983717,1.12381901387,1.24240655809,2.07696973994,74.1349817879,73.5544920848,74.4951323647,81.1438547029,74,74,74,81
90,陳鏞基,2014,統一7-ELEVEn獅,A_WinsorizedBalanced-v0.1,B_QuadraticTanh-v1,394,Qualified,False,2026-08-11,0.955173679694,0.398795496579,1.15705798476,1.39098293209,72.2247569813,67.9387063287,73.8177402077,75.6782688269,72,68,74,76
90,陳鏞基,2015,統一7-ELEVEn獅,A_WinsorizedBalanced-v0.1,B_QuadraticTanh-v1,387,Qualified,False,2026-08-11,-0.255413412492,0.584590638709,1.56143155135,2.3632500158,63.0716477756,69.3492198307,77.0391935671,83.3885002626,63,69,77,83
90,陳鏞基,2016,統一7-ELEVEn獅,A_WinsorizedBalanced-v0.1,B_QuadraticTanh-v1,436,Qualified,False,2026-08-11,0.130646619711,0.0239502601718,1.06670501867,1.12411160859,65.9481961379,65.1726991521,73.1029917492,73.5568078957,66,65,73,74
90,陳鏞基,2017,統一7-ELEVEn獅,A_WinsorizedBalanced-v0.1,B_QuadraticTanh-v1,428,Qualified,False,2026-08-11,0.665878021215,0.231601497758,0.618320945016,0.96974049465,69.9734490466,66.6908720063,69.60774959,72.339179067,70,67,70,72
90,陳鏞基,2018,統一7-ELEVEn獅,A_WinsorizedBalanced-v0.1,B_QuadraticTanh-v1,347,Regular,False,2026-08-11,-0.915887554337,1.04437885153,1.05711225762,0.967372014054,57.3563398358,72.9268062348,73.0272689825,72.3205686285,57,73,73,72
90,陳鏞基,2019,統一7-ELEVEn獅,A_WinsorizedBalanced-v0.1,B_QuadraticTanh-v1,303,Regular,False,2026-08-11,0.193700158394,1.6999761808,0.850939201835,0.599609513114,66.4110622763,78.1459306874,71.4087427364,69.46424532,66,78,71,69
90,陳鏞基,2020,統一7-ELEVEn獅,A_WinsorizedBalanced-v0.1,B_QuadraticTanh-v1,347,Regular,False,2026-08-11,0.470895872624,1.14802231724,0.954139738654,1.12436396447,68.4832526948,73.7461455045,72.216638799,73.5588052486,68,74,72,74
90,陳鏞基,2021,統一7-ELEVEn獅,A_WinsorizedBalanced-v0.1,B_QuadraticTanh-v1,209,Regular,False,2026-08-11,-1.16537083598,1.71129256653,0.314365989394,1.06667817565,54.994739615,78.2362860841,67.3058854145,73.1027798116,55,78,67,73
90,陳鏞基,2022,統一7-ELEVEn獅,A_WinsorizedBalanced-v0.1,B_QuadraticTanh-v1,160,Regular,False,2026-08-11,-0.306025454556,0.487313720188,-0.403496160447,-0.426674191938,62.668960325,68.607762647,61.8752369788,61.6830586181,63,69,62,62
90,陳鏞基,2023,統一7-ELEVEn獅,A_WinsorizedBalanced-v0.1,B_QuadraticTanh-v1,293,Regular,False,2026-08-11,1.68219035103,-0.237786158609,0.827697468126,-0.107860040001,78.0038993933,63.2103426896,71.2274908854,64.2072560133,78,63,71,64
90,陳鏞基,2024,統一7-ELEVEn獅,A_WinsorizedBalanced-v0.1,B_QuadraticTanh-v1,254,Regular,False,2026-08-11,1.58580413806,0.682521816296,1.12164723882,-0.638885490976,77.2339184121,70.1017550524,73.5373039046,59.8658874514,77,70,74,60
90,陳鏞基,2025,統一7-ELEVEn獅,A_WinsorizedBalanced-v0.1,B_QuadraticTanh-v1,193,Regular,False,2026-08-11,0.231132847035,0.989921582841,1.00894235756,0.400120478686,66.6874050255,72.49784671,72.6475423392,67.9486796859,67,72,73,68
90,陳鏞基,2026,統一7-ELEVEn獅,A_WinsorizedBalanced-v0.1,B_QuadraticTanh-v1,61,Provisional,True,2026-08-11,0.721626282692,0.25458918288,-0.791518639279,0.23751834449,70.4038418075,66.8611468735,58.5002672417,66.734658844,70,67,59,67
91,林書逸,2018,中信兄弟,A_WinsorizedBalanced-v0.1,B_QuadraticTanh-v1,217,Regular,False,2026-08-11,-0.824992907124,-0.17491791945,0.575268424663,0.972463477324,58.1949423347,63.6983567814,69.2778957423,72.3605779056,58,64,69,72
91,林書逸,2019,中信兄弟,A_WinsorizedBalanced-v0.1,B_QuadraticTanh-v1,161,Regular,False,2026-08-11,-0.558347612385,0.677422316697,0.167452108834,0.955148628673,60.5673738051,70.0624259912,66.2179757271,72.2245602831,61,70,66,72
91,林書逸,2020,中信兄弟,A_WinsorizedBalanced-v0.1,B_QuadraticTanh-v1,104,Provisional,False,2026-08-11,-0.00250147687155,0.46369075175,-0.715639647612,0.797211642572,64.9819806078,68.428669465,59.1848124046,70.9901578506,65,68,59,71
91,林書逸,2022,中信兄弟,A_WinsorizedBalanced-v0.1,B_QuadraticTanh-v1,328,Regular,False,2026-08-11,0.184481071112,2.32210345928,-0.22073952471,0.758652744213,66.3431795756,83.0683407989,63.3436971814,70.6906696272,66,83,63,71
91,林書逸,2026,富邦悍將,A_WinsorizedBalanced-v0.1,B_QuadraticTanh-v1,51,Provisional,True,2026-08-11,-0.949434805441,0.512564806788,0.238437819913,0.376525801596,57.0435427077,68.7996232496,66.7414658308,67.7712716231,57,69,67,68
92,陳重廷,2017,統一7-ELEVEn獅,A_WinsorizedBalanced-v0.1,B_QuadraticTanh-v1,50,Provisional,False,2026-08-11,-0.544178203647,-0.718257081478,0.291774719128,0.504147074444,60.6893315822,59.1613804669,67.1374778889,68.7356161521,61,59,67,69
92,陳重廷,2019,統一7-ELEVEn獅,A_WinsorizedBalanced-v0.1,B_QuadraticTanh-v1,90,Provisional,False,2026-08-11,-1.49526056116,-1.07684210162,0.159563930579,-0.180730569041,51.790871489,55.8413856721,66.1600605114,63.6536755754,52,56,66,64
92,陳重廷,2020,統一7-ELEVEn獅,A_WinsorizedBalanced-v0.1,B_QuadraticTanh-v1,265,Regular,False,2026-08-11,-0.136764166167,-0.786484400931,-0.973728785321,0.68391726373,63.9893927921,58.5460133037,56.8159945256,70.1125198665,64,59,57,70
92,陳重廷,2021,統一7-ELEVEn獅,A_WinsorizedBalanced-v0.1,B_QuadraticTanh-v1,150,Regular,False,2026-08-11,0.186621480457,-0.254123187361,0.244863071596,0.815185956958,66.358933749,63.0818269506,66.7890516973,71.1300310234,66,63,67,71
92,陳重廷,2022,統一7-ELEVEn獅,A_WinsorizedBalanced-v0.1,B_QuadraticTanh-v1,279,Regular,False,2026-08-11,0.0904555123299,-0.707103675083,-0.656889234276,0.624035734558,65.6549154337,59.2611360616,59.7072012951,69.6516216444,66,59,60,70
92,陳重廷,2023,統一7-ELEVEn獅,A_WinsorizedBalanced-v0.1,B_QuadraticTanh-v1,262,Regular,False,2026-08-11,1.01944302478,-1.04745360779,-0.51828811256,1.47673115978,72.7302447712,56.120528288,60.9110111633,76.3626293799,73,56,61,76
92,陳重廷,2024,統一7-ELEVEn獅,A_WinsorizedBalanced-v0.1,B_QuadraticTanh-v1,399,Qualified,False,2026-08-11,0.441645842864,-0.441512813407,-0.618997891476,1.25635481743,68.2618919863,61.5593486502,60.0403950604,74.6060136912,68,62,60,75
92,陳重廷,2025,統一7-ELEVEn獅,A_WinsorizedBalanced-v0.1,B_QuadraticTanh-v1,166,Regular,False,2026-08-11,-0.185967365376,-1.09635710037,-0.474183266141,0.532877647212,63.6133437674,55.6554702099,61.2851357757,68.9542751976,64,56,61,69
93,林家鋐,2024,台鋼雄鷹,A_WinsorizedBalanced-v0.1,B_QuadraticTanh-v1,129,Provisional,False,2026-08-11,-0.522665299535,-1.18351025866,-0.539110518188,1.28054596119,60.8736383519,54.8203055525,60.7328412762,74.7984258576,61,55,61,75
93,林家鋐,2025,台鋼雄鷹,A_WinsorizedBalanced-v0.1,B_QuadraticTanh-v1,298,Regular,False,2026-08-11,0.0546258412224,0.987915312777,-0.487120469636,2.69592308375,65.3946387314,72.4820655802,61.1758591982,85.93754761,65,72,61,86
93,林家鋐,2026,台鋼雄鷹,A_WinsorizedBalanced-v0.1,B_QuadraticTanh-v1,51,Provisional,True,2026-08-11,-0.883306062763,0.840379447136,-0.551396905851,-0.125088924886,57.6584812316,71.3263588097,60.6272550305,64.0776671988,58,71,61,64
94,林岱安,2015,統一7-ELEVEn獅,A_WinsorizedBalanced-v0.1,B_QuadraticTanh-v1,62,Provisional,False,2026-08-11,-0.22382111701,-1.51132643774,-0.425818583788,-0.114865237525,63.3196465511,51.6339917931,61.6901757952,64.1546630891,63,52,62,64
94,林岱安,2016,統一7-ELEVEn獅,A_WinsorizedBalanced-v0.1,B_QuadraticTanh-v1,120,Provisional,False,2026-08-11,-0.272091612823,-1.45804149804,-0.191132986137,0.301433685672,62.9396778057,52.15428349,63.5734886355,67.2094325855,63,52,64,67
94,林岱安,2017,統一7-ELEVEn獅,A_WinsorizedBalanced-v0.1,B_QuadraticTanh-v1,108,Provisional,False,2026-08-11,-0.250710100748,-1.02410315293,-0.659048394253,-0.519556698921,63.1087335054,56.3415669188,59.6881255835,60.9001843285,63,56,60,61
94,林岱安,2018,統一7-ELEVEn獅,A_WinsorizedBalanced-v0.1,B_QuadraticTanh-v1,62,Provisional,False,2026-08-11,-0.999420840569,-1.4471950633,-0.137462521134,0.504405721275,56.5744516432,52.2601668961,63.9841009646,68.7375821464,57,52,64,69
94,林岱安,2019,統一7-ELEVEn獅,A_WinsorizedBalanced-v0.1,B_QuadraticTanh-v1,254,Regular,False,2026-08-11,-0.2757874252,-1.2185079249,-0.786768597081,-0.827763858069,62.9103366481,54.4829519782,58.5434320327,58.169580198,63,54,59,58
94,林岱安,2020,統一7-ELEVEn獅,A_WinsorizedBalanced-v0.1,B_QuadraticTanh-v1,268,Regular,False,2026-08-11,-1.66575646189,-0.504113463994,0.20206408657,-0.486351472501,50.1284083266,61.0317366119,66.4727087576,61.1823655377,50,61,66,61
94,林岱安,2021,統一7-ELEVEn獅,A_WinsorizedBalanced-v0.1,B_QuadraticTanh-v1,311,Regular,False,2026-08-11,0.0184374594732,-0.300876428351,-0.409913711005,-0.266652304463,65.1329022948,62.7102276333,61.8221563131,62.9827965677,65,63,62,63
94,林岱安,2022,統一7-ELEVEn獅,A_WinsorizedBalanced-v0.1,B_QuadraticTanh-v1,246,Regular,False,2026-08-11,-0.72751321953,-0.574473950699,-0.594780976738,-0.380583720307,59.0784110003,60.428033334,60.2517627209,62.0639320574,59,60,60,62
94,林岱安,2023,統一7-ELEVEn獅,A_WinsorizedBalanced-v0.1,B_QuadraticTanh-v1,171,Regular,False,2026-08-11,-0.311316802184,-0.485919012892,-0.37773553358,-0.629961321279,62.6264821666,61.1860238953,62.087298496,59.9442967179,63,61,62,60
94,林岱安,2024,統一7-ELEVEn獅,A_WinsorizedBalanced-v0.1,B_QuadraticTanh-v1,126,Provisional,False,2026-08-11,0.467992842029,0.700413988266,-0.655255375846,-0.0943286363839,68.4612560937,70.2398652984,59.7216297421,64.3084667782,68,70,60,64
94,林岱安,2025,統一7-ELEVEn獅,A_WinsorizedBalanced-v0.1,B_QuadraticTanh-v1,225,Regular,False,2026-08-11,-0.528397613867,-0.729075529723,0.711276214375,-0.717719882561,60.8246298064,59.0643906289,70.3238011343,59.1661906918,61,59,70,59
95,藍寅倫,2014,Lamigo,A_WinsorizedBalanced-v0.1,B_QuadraticTanh-v1,309,Regular,False,2026-08-11,1.46852273804,-0.58384783023,0.959537015393,3.22939995327,76.2970856608,60.3467765141,72.2590215302,89.8318951335,76,60,72,90
95,藍寅倫,2015,Lamigo,A_WinsorizedBalanced-v0.1,B_QuadraticTanh-v1,169,Regular,False,2026-08-11,0.758255460007,-0.933750404301,-0.0115015554858,0.891421827038,70.6875880451,57.1899946988,64.917003756,71.7250739124,71,57,65,72
95,藍寅倫,2017,Lamigo,A_WinsorizedBalanced-v0.1,B_QuadraticTanh-v1,304,Regular,False,2026-08-11,1.04032278533,0.0397978491971,1.56140801139,0.256964408047,72.8948176078,65.2872533534,77.0390054981,66.8787647943,73,65,77,67
95,藍寅倫,2018,Lamigo,A_WinsorizedBalanced-v0.1,B_QuadraticTanh-v1,464,Qualified,False,2026-08-11,1.38546680395,-1.45960492537,1.04218669238,-0.134091439706,75.6342744858,52.1390200573,72.9095167651,64.0096333617,76,52,73,64
95,藍寅倫,2019,Lamigo,A_WinsorizedBalanced-v0.1,B_QuadraticTanh-v1,493,Qualified,False,2026-08-11,1.64480956816,-1.4441950246,-0.041927850987,0.0771683702727,77.7053235739,52.2894505732,64.6956660207,65.5582633543,78,52,65,66
95,藍寅倫,2020,樂天桃猿,A_WinsorizedBalanced-v0.1,B_QuadraticTanh-v1,354,Regular,False,2026-08-11,0.587263974385,0.449185146409,-0.0523871827417,-0.160331056266,69.3696837144,68.3188908912,64.6189851528,63.8100866929,69,68,65,64
95,藍寅倫,2021,樂天桃猿,A_WinsorizedBalanced-v0.1,B_QuadraticTanh-v1,62,Provisional,False,2026-08-11,-0.178432970234,-0.551794982964,0.276045911044,0.325515313454,63.6713477411,60.6238284344,67.0204618144,67.3891437363,64,61,67,67
95,藍寅倫,2022,樂天桃猿,A_WinsorizedBalanced-v0.1,B_QuadraticTanh-v1,203,Regular,False,2026-08-11,0.474198866274,0.615932299934,0.174648553624,-0.329260424866,68.5082869939,69.5894181137,66.2708575112,62.4819057739,69,70,66,62
95,藍寅倫,2023,樂天桃猿,A_WinsorizedBalanced-v0.1,B_QuadraticTanh-v1,101,Provisional,False,2026-08-11,-0.135904050845,-0.830266335671,0.596010214888,0.0925407880369,63.9959085571,58.1466640001,69.436666263,65.6700978461,64,58,69,66
95,藍寅倫,2024,台鋼雄鷹,A_WinsorizedBalanced-v0.1,B_QuadraticTanh-v1,235,Regular,False,2026-08-11,0.0550227886442,-1.25527053001,0.151070241383,1.23557544884,65.3975161161,54.1275482399,66.0977579005,74.4408455549,65,54,66,74
95,藍寅倫,2025,台鋼雄鷹,A_WinsorizedBalanced-v0.1,B_QuadraticTanh-v1,118,Provisional,False,2026-08-11,-1.07681401277,0.579375181328,-0.728055846411,1.08384800371,55.8416529565,69.3093096067,59.0735419277,73.2383950575,56,69,59,73
96,拿莫．伊漾,2021,味全龍,A_WinsorizedBalanced-v0.1,B_QuadraticTanh-v1,225,Regular,False,2026-08-11,-2.63352349276,0.449099674191,0.507690888324,0.0296167568583,41.3883508757,68.3182444757,68.7625569012,65.2136337629,41,68,69,65
96,拿莫．伊漾,2022,味全龍,A_WinsorizedBalanced-v0.1,B_QuadraticTanh-v1,336,Regular,False,2026-08-11,-1.49757745807,-1.10942771961,0.803823706016,0.301562120566,51.768247272,55.5307123729,71.041592501,67.2103898531,52,56,71,67
96,拿莫．伊漾,2023,味全龍,A_WinsorizedBalanced-v0.1,B_QuadraticTanh-v1,303,Regular,False,2026-08-11,-2.16912306677,0.174899163517,0.733250703004,1.28323076304,45.3618307984,66.2726998498,70.493809353,74.8197882094,45,66,70,75
96,拿莫．伊漾,2024,味全龍,A_WinsorizedBalanced-v0.1,B_QuadraticTanh-v1,195,Regular,False,2026-08-11,-2.53363977003,-0.192342261538,1.04950379466,0.489582457126,42.195916596,63.5641482784,72.9672333672,68.6249829592,42,64,73,69
97,張洺瑀,2021,富邦悍將,A_WinsorizedBalanced-v0.1,B_QuadraticTanh-v1,63,Provisional,False,2026-08-11,-1.13678144323,0.18128961723,-0.108929732467,0.282347329738,55.26903708,66.3196963807,64.1992337293,67.0673185628,55,66,64,67
97,張洺瑀,2022,富邦悍將,A_WinsorizedBalanced-v0.1,B_QuadraticTanh-v1,73,Provisional,False,2026-08-11,-0.971215007021,0.0614696976117,0.0193833093834,1.10063619729,56.8395786397,65.4442677236,65.1397284492,73.3710941191,57,65,65,73
97,張洺瑀,2025,富邦悍將,A_WinsorizedBalanced-v0.1,B_QuadraticTanh-v1,60,Provisional,False,2026-08-11,-1.35348783572,-0.651618878787,-0.306320170845,0.386669481071,53.173840813,59.7537236535,62.666596256,67.8474915836,53,60,63,68
97,張洺瑀,2026,富邦悍將,A_WinsorizedBalanced-v0.1,B_QuadraticTanh-v1,74,Provisional,True,2026-08-11,-0.867055147826,1.67044808622,-0.312706143527,0.137610855043,57.8085505924,77.9101176457,62.6153169641,65.9991554517,58,78,63,66
98,林岳谷,2025,富邦悍將,A_WinsorizedBalanced-v0.1,B_QuadraticTanh-v1,275,Regular,False,2026-08-11,0.622099237242,-1.00309540386,-0.571147451385,2.4652835931,69.6367530243,56.5398320243,60.4568228164,84.1781764476,70,57,60,84
98,林岳谷,2026,富邦悍將,A_WinsorizedBalanced-v0.1,B_QuadraticTanh-v1,66,Provisional,True,2026-08-11,0.578204206151,-0.160935939395,-0.438182124184,2.42237072113,69.3003513496,63.8054648429,61.5871624008,83.8468244751,69,64,62,84
99,林承飛,2016,Lamigo,A_WinsorizedBalanced-v0.1,B_QuadraticTanh-v1,385,Qualified,False,2026-08-11,-0.30657492412,-0.173348291473,0.0945785451852,0.934524389307,62.6645525727,63.7104068755,65.6849379194,72.062712219,63,64,66,72
99,林承飛,2017,Lamigo,A_WinsorizedBalanced-v0.1,B_QuadraticTanh-v1,328,Regular,False,2026-08-11,-0.221289848731,0.0408986886578,0.193422342413,-0.115060937388,63.3394039465,65.2952190391,66.4090156157,64.1531919152,63,65,66,64
99,林承飛,2018,Lamigo,A_WinsorizedBalanced-v0.1,B_QuadraticTanh-v1,255,Regular,False,2026-08-11,-0.523963766546,-1.24177304748,0.679343703106,-0.409667243346,60.8625435827,54.2581508767,70.0772425815,61.8241967308,61,54,70,62
99,林承飛,2019,Lamigo,A_WinsorizedBalanced-v0.1,B_QuadraticTanh-v1,279,Regular,False,2026-08-11,-1.01528956446,-0.426706383647,1.67149537948,-0.928878509431,56.424817288,61.6827908047,77.9184824009,57.2354112951,56,62,78,57
99,林承飛,2020,樂天桃猿,A_WinsorizedBalanced-v0.1,B_QuadraticTanh-v1,273,Regular,False,2026-08-11,-0.498457842741,-1.01119724385,0.438352580026,-0.668966147853,61.0797773582,56.4634377013,68.2370068033,59.6003823369,61,56,68,60
99,林承飛,2021,樂天桃猿,A_WinsorizedBalanced-v0.1,B_QuadraticTanh-v1,351,Regular,False,2026-08-11,-0.525349544138,-1.3782033737,0.890137201991,0.253517901139,60.8506985829,52.9331139359,71.71502396,66.8532022532,61,53,72,67
99,林承飛,2022,樂天桃猿,A_WinsorizedBalanced-v0.1,B_QuadraticTanh-v1,322,Regular,False,2026-08-11,-0.782118561787,0.308261976412,2.27930935957,-1.03915261917,58.585648602,67.2603438194,82.7343983093,56.1991848397,59,67,83,56
99,林承飛,2023,樂天桃猿,A_WinsorizedBalanced-v0.1,B_QuadraticTanh-v1,329,Regular,False,2026-08-11,-0.0451977787596,-1.12859842035,1.6056773376,-0.90118695313,64.6717256447,55.3473998105,77.3926961413,57.4928705603,65,55,77,57
99,林承飛,2024,樂天桃猿,A_WinsorizedBalanced-v0.1,B_QuadraticTanh-v1,220,Regular,False,2026-08-11,-1.62361940806,-1.12585247924,1.60373934523,-0.66769402126,50.5384826344,55.3736803497,77.3772126195,59.6116481252,51,55,77,60
99,林承飛,2025,樂天桃猿,A_WinsorizedBalanced-v0.1,B_QuadraticTanh-v1,247,Regular,False,2026-08-11,-0.898289157011,-1.42758716081,1.54117244043,-0.815668836675,57.5197439201,52.4515344868,76.8773410839,58.2801866306,58,52,77,58
99,林承飛,2026,樂天桃猿,A_WinsorizedBalanced-v0.1,B_QuadraticTanh-v1,69,Provisional,True,2026-08-11,-0.623310279272,-0.222709432864,-0.702127565243,-0.144312015116,60.0026256005,63.3283256905,59.3055638181,63.9321286951,60,63,59,64
100,許哲晏,2024,統一7-ELEVEn獅,A_WinsorizedBalanced-v0.1,B_QuadraticTanh-v1,256,Regular,False,2026-08-11,-0.448558246225,-0.089722947676,-0.217214233054,0.801989959268,61.500427183,64.342801741,63.371180097,71.0273256816,62,64,63,71
100,許哲晏,2025,統一7-ELEVEn獅,A_WinsorizedBalanced-v0.1,B_QuadraticTanh-v1,121,Provisional,False,2026-08-11,-0.57705151712,0.518154297132,0.889800797156,0.68566826272,60.4057089444,68.8421512832,71.712392305,70.1260290985,60,69,72,70
102,邦力多,2026,富邦悍將,A_WinsorizedBalanced-v0.1,B_QuadraticTanh-v1,75,Provisional,True,2026-08-11,-0.148416266559,-0.0570453708019,-0.408229621229,0.209942489362,63.9009260142,64.5847369734,61.8360953624,66.530829126,64,65,62,67
103,李展毅,2026,味全龍,A_WinsorizedBalanced-v0.1,B_QuadraticTanh-v1,54,Provisional,True,2026-08-11,-0.343464700126,0.110225629338,0.349190199428,-0.114540631412,62.3668835682,65.7990079089,67.5662522372,64.1571030862,62,66,68,64
105,田子杰,2026,統一7-ELEVEn獅,A_WinsorizedBalanced-v0.1,B_QuadraticTanh-v1,54,Provisional,True,2026-08-11,-0.936565072404,-0.211203011522,0.679938829562,-0.0001565988407,57.1637397322,63.417967672,70.0818322824,64.998872454,57,63,70,65
107,陳統恩,2025,中信兄弟,A_WinsorizedBalanced-v0.1,B_QuadraticTanh-v1,75,Provisional,False,2026-08-11,-0.712503275067,0.704955460538,-0.52878308134,0.352452298698,59.2128725008,70.2749504737,60.8213315831,67.5906888288,59,70,61,68
109,黃劼希,2024,台鋼雄鷹,A_WinsorizedBalanced-v0.1,B_QuadraticTanh-v1,101,Provisional,False,2026-08-11,-0.168692786741,-0.549072804435,0.0713525453387,0.0689843020916,63.7461086317,60.6472535712,65.516006742,65.4988080195,64,61,66,65
110,陳佳樂,2026,樂天桃猿,A_WinsorizedBalanced-v0.1,B_QuadraticTanh-v1,56,Provisional,True,2026-08-11,-0.848902680685,-0.889788273305,0.216917916179,-0.0289774403509,57.9756675531,57.598502402,66.5823303877,64.7901893738,58,58,67,65
113,林祖傑,2019,統一7-ELEVEn獅,A_WinsorizedBalanced-v0.1,B_QuadraticTanh-v1,240,Regular,False,2026-08-11,-1.4169864673,-0.709625733724,-0.25814832789,0.286809027211,52.5549633821,59.2386000786,63.0500564996,67.1005141721,53,59,63,67
113,林祖傑,2020,統一7-ELEVEn獅,A_WinsorizedBalanced-v0.1,B_QuadraticTanh-v1,347,Regular,False,2026-08-11,-0.203169251907,-0.636806592907,-0.548270307224,-0.00799563434994,63.4803485617,59.8841678251,60.6541561509,64.9423419826,63,60,61,65
113,林祖傑,2021,統一7-ELEVEn獅,A_WinsorizedBalanced-v0.1,B_QuadraticTanh-v1,294,Regular,False,2026-08-11,-0.0490940298342,-1.22274592276,-0.870972110054,0.601497424452,64.6431610367,54.4420327678,57.7724185899,69.4787144068,65,54,58,69
113,林祖傑,2022,統一7-ELEVEn獅,A_WinsorizedBalanced-v0.1,B_QuadraticTanh-v1,110,Provisional,False,2026-08-11,-0.347765738607,0.17905800636,-0.260785968159,1.18164337985,62.3319553565,66.3032808675,63.0292148131,74.0126653886,62,66,63,74
113,林祖傑,2023,統一7-ELEVEn獅,A_WinsorizedBalanced-v0.1,B_QuadraticTanh-v1,156,Regular,False,2026-08-11,-0.787112015138,0.105086014139,-0.613466227189,-0.175997353682,58.5403126719,65.7615159783,60.0887859042,63.690066105,59,66,60,64
113,林祖傑,2024,統一7-ELEVEn獅,A_WinsorizedBalanced-v0.1,B_QuadraticTanh-v1,103,Provisional,False,2026-08-11,0.402526506164,-0.581822251595,0.36050882277,-0.407137921893,67.9667935262,60.3643512811,67.6510750538,61.8451275858,68,60,68,62
113,林祖傑,2025,統一7-ELEVEn獅,A_WinsorizedBalanced-v0.1,B_QuadraticTanh-v1,112,Provisional,False,2026-08-11,-0.0323019390821,-0.374436656402,-0.352374097597,-0.394745766134,64.7659687452,62.1143374557,62.2944802277,61.9474519014,65,62,62,62
114,王勝偉,2008,兄弟,A_WinsorizedBalanced-v0.1,B_QuadraticTanh-v1,444,Qualified,False,2026-08-11,0.0134989876046,-0.127864014459,-0.210731040135,4.21842133441,65.0972745594,64.0567186912,63.421637168,96.1661236242,65,64,63,96
114,王勝偉,2009,兄弟,A_WinsorizedBalanced-v0.1,B_QuadraticTanh-v1,453,Qualified,False,2026-08-11,0.690444380419,0.888713875329,0.639597768912,5.26249324676,70.1628866742,71.703889805,69.7711921181,101.323952644,70,72,70,101
114,王勝偉,2010,兄弟,A_WinsorizedBalanced-v0.1,B_QuadraticTanh-v1,504,Qualified,False,2026-08-11,-0.0299743475426,-1.06560976304,0.358947886121,1.58593238844,64.7829296348,55.9481956773,67.6393715288,77.2349430789,65,56,68,77
114,王勝偉,2011,兄弟,A_WinsorizedBalanced-v0.1,B_QuadraticTanh-v1,457,Qualified,False,2026-08-11,0.0696779450616,-0.333258808139,-0.625076253198,0.51500379894,65.5038449056,62.4495791845,59.9871472623,68.8181779066,66,62,60,69
114,王勝偉,2012,兄弟,A_WinsorizedBalanced-v0.1,B_QuadraticTanh-v1,504,Qualified,False,2026-08-11,-0.132258649738,0.13994909838,0.269467731699,2.19437833823,64.0235019206,66.0162742658,66.9715804706,82.0689519917,64,66,67,82
114,王勝偉,2013,兄弟,A_WinsorizedBalanced-v0.1,B_QuadraticTanh-v1,486,Qualified,False,2026-08-11,-1.22895176648,-0.896129582913,-0.295012872183,3.95845741277,54.3820882681,57.5397626312,62.757139353,94.6296056646,54,58,63,95
114,王勝偉,2014,中信兄弟,A_WinsorizedBalanced-v0.1,B_QuadraticTanh-v1,383,Qualified,False,2026-08-11,-0.147075916766,-0.800202762079,-0.84378722162,3.09463673887,63.9111210507,58.4212479496,58.0226626732,88.8747282905,64,58,58,89
114,王勝偉,2015,中信兄弟,A_WinsorizedBalanced-v0.1,B_QuadraticTanh-v1,425,Qualified,False,2026-08-11,0.627597283666,-1.60001121257,-0.255644485549,2.05296930935,69.6789736086,50.7685445344,63.0698242786,80.9541010651,70,51,63,81
114,王勝偉,2016,中信兄弟,A_WinsorizedBalanced-v0.1,B_QuadraticTanh-v1,433,Qualified,False,2026-08-11,0.991003678341,-0.242640736273,-0.484141602915,-0.802456594285,72.5063590453,63.172226621,61.2010552041,58.4007177281,73,63,61,58
114,王勝偉,2017,中信兄弟,A_WinsorizedBalanced-v0.1,B_QuadraticTanh-v1,350,Regular,False,2026-08-11,0.540863094566,-0.726935388039,-0.710011737539,5.00903890875,69.015147773,59.083595348,59.2351498257,100.222340248,69,59,59,100
114,王勝偉,2018,中信兄弟,A_WinsorizedBalanced-v0.1,B_QuadraticTanh-v1,260,Regular,False,2026-08-11,-0.119480145531,0.16297832021,2.12034581718,0.637901605128,64.119942786,66.1851226656,81.4862664349,69.7581525008,64,66,81,70
114,王勝偉,2019,中信兄弟,A_WinsorizedBalanced-v0.1,B_QuadraticTanh-v1,371,Regular,False,2026-08-11,-0.626445862703,-0.814431356729,0.785016874132,1.13071063141,59.9751384527,58.2914887795,70.8953555626,73.6090446446,60,58,71,74
114,王勝偉,2020,中信兄弟,A_WinsorizedBalanced-v0.1,B_QuadraticTanh-v1,83,Provisional,False,2026-08-11,-0.663649104179,1.61483141943,-0.374655913717,1.42169050546,59.6474475702,77.4658315751,62.1125411631,75.9232533498,60,77,62,76
114,王勝偉,2022,富邦悍將,A_WinsorizedBalanced-v0.1,B_QuadraticTanh-v1,372,Qualified,False,2026-08-11,0.856102667193,0.337624753381,-0.259885769242,1.05426557555,71.4490463523,67.4796795478,63.0363298877,73.0048043851,71,67,63,73
114,王勝偉,2023,富邦悍將,A_WinsorizedBalanced-v0.1,B_QuadraticTanh-v1,237,Regular,False,2026-08-11,-0.259354923034,-0.540898156255,0.371866459415,3.3317149465,63.0405246547,60.7174996789,67.7362867095,90.5451307631,63,61,68,91
114,王勝偉,2024,富邦悍將,A_WinsorizedBalanced-v0.1,B_QuadraticTanh-v1,124,Provisional,False,2026-08-11,-0.359436387266,0.275068519436,-0.286053361769,0.770769315663,62.2369472259,67.0131968228,62.8286507927,70.7846941675,62,67,63,71
115,張志豪,2010,兄弟,A_WinsorizedBalanced-v0.1,B_QuadraticTanh-v1,293,Regular,False,2026-08-11,-1.01933564337,-0.17257888385,1.03748608929,1.72157788769,56.3866117906,63.7163112431,72.8724493165,78.3183989893,56,64,73,78
115,張志豪,2011,兄弟,A_WinsorizedBalanced-v0.1,B_QuadraticTanh-v1,439,Qualified,False,2026-08-11,-0.147007492818,0.881694239719,0.614671454514,3.45191351478,63.9116413706,71.6489916401,69.5797432789,91.3673706755,64,72,70,91
115,張志豪,2012,兄弟,A_WinsorizedBalanced-v0.1,B_QuadraticTanh-v1,466,Qualified,False,2026-08-11,-0.887417824937,0.693732068182,-0.079485704444,3.73828158616,57.620443554,70.1882656464,64.41891116,93.2536137431,58,70,64,93
115,張志豪,2013,兄弟,A_WinsorizedBalanced-v0.1,B_QuadraticTanh-v1,438,Qualified,False,2026-08-11,-0.575158673974,0.368092961647,0.336830418507,1.112561205,60.4221043361,67.7079650372,67.473737307,73.4654103172,60,68,67,73
115,張志豪,2014,中信兄弟,A_WinsorizedBalanced-v0.1,B_QuadraticTanh-v1,443,Qualified,False,2026-08-11,-0.277888111151,-0.0376074788098,2.23086819985,2.5136100826,62.8936435694,64.7272516225,82.3552739092,84.549919048,63,65,82,85
115,張志豪,2015,中信兄弟,A_WinsorizedBalanced-v0.1,B_QuadraticTanh-v1,367,Regular,False,2026-08-11,-0.00781709963605,-0.410136701143,1.89741106068,1.56667817653,64.9436313815,61.8203101308,79.7199069715,77.0811109394,65,62,80,77
115,張志豪,2016,中信兄弟,A_WinsorizedBalanced-v0.1,B_QuadraticTanh-v1,324,Regular,False,2026-08-11,0.154738787032,-0.67828287146,1.99999373496,0.793470240177,66.1246598579,59.5177749914,80.5345818703,70.9610638719,66,60,81,71
115,張志豪,2017,中信兄弟,A_WinsorizedBalanced-v0.1,B_QuadraticTanh-v1,344,Regular,False,2026-08-11,-0.383588253314,-0.270084897069,3.11064095927,2.28629540275,62.0392613731,62.955594432,88.9894169622,82.788978485,62,63,89,83
115,張志豪,2018,中信兄弟,A_WinsorizedBalanced-v0.1,B_QuadraticTanh-v1,416,Qualified,False,2026-08-11,-1.40589081403,-0.442727842754,2.87937506399,-0.250825345319,52.6631934769,61.5491956778,87.3071408498,63.1078254859,53,62,87,63
115,張志豪,2019,中信兄弟,A_WinsorizedBalanced-v0.1,B_QuadraticTanh-v1,369,Regular,False,2026-08-11,-1.68048856861,0.853020731524,2.89555547409,1.70276825916,49.9852371919,71.4249886303,87.4265189068,78.1682249818,50,71,87,78
115,張志豪,2020,中信兄弟,A_WinsorizedBalanced-v0.1,B_QuadraticTanh-v1,418,Qualified,False,2026-08-11,-0.116520468367,0.643196596729,2.36500260881,-0.205633787159,64.1422166039,69.7988646584,83.4021161702,63.4612299617,64,70,83,63
115,張志豪,2021,中信兄弟,A_WinsorizedBalanced-v0.1,B_QuadraticTanh-v1,167,Regular,False,2026-08-11,-0.566744207896,1.78175281305,1.91188261449,0.537854558587,60.4948938282,78.7985731419,79.834997536,68.9922089296,60,79,80,69
115,張志豪,2022,中信兄弟,A_WinsorizedBalanced-v0.1,B_QuadraticTanh-v1,141,Provisional,False,2026-08-11,-0.541231445141,0.824098056211,0.932342688208,-0.240330734412,60.7146385871,71.1994447488,72.0456021895,63.1903714388,61,71,72,63
115,張志豪,2023,中信兄弟,A_WinsorizedBalanced-v0.1,B_QuadraticTanh-v1,279,Regular,False,2026-08-11,-1.3458038355,1.4073628176,3.06685575796,0.73096261663,53.2486326085,75.8089323338,88.6750128346,70.4760946701,53,76,89,70
115,張志豪,2024,中信兄弟,A_WinsorizedBalanced-v0.1,B_QuadraticTanh-v1,202,Regular,False,2026-08-11,-2.44946029783,1.62411182477,3.10707479748,-0.295089075685,42.8980049511,77.5399745213,88.9638845469,62.7565302451,43,78,89,63
115,張志豪,2025,中信兄弟,A_WinsorizedBalanced-v0.1,B_QuadraticTanh-v1,119,Provisional,False,2026-08-11,-1.97461556836,0.580961614718,-0.279222559134,0.33224260621,47.1644769648,69.3214476249,62.8830334974,67.4394263059,47,69,63,67
115,張志豪,2026,中信兄弟,A_WinsorizedBalanced-v0.1,B_QuadraticTanh-v1,50,Provisional,True,2026-08-11,-0.860757658798,-0.119745952145,-0.383289257404,0.0221554677972,57.8665889728,64.1179412246,62.0417174667,65.1597395863,58,64,62,65
118,張祐銘,2021,味全龍,A_WinsorizedBalanced-v0.1,B_QuadraticTanh-v1,177,Regular,False,2026-08-11,0.808312505913,-0.0106224882399,-0.670007497467,-0.502128132036,71.0765233383,64.923360235,59.5911578404,61.0486090441,71,65,60,61
118,張祐銘,2022,味全龍,A_WinsorizedBalanced-v0.1,B_QuadraticTanh-v1,265,Regular,False,2026-08-11,0.166168564567,-0.436558090073,-1.14559259032,1.09142743831,66.2085483687,61.6007147241,55.1845842026,73.2982934166,66,62,55,73
118,張祐銘,2023,味全龍,A_WinsorizedBalanced-v0.1,B_QuadraticTanh-v1,159,Regular,False,2026-08-11,-1.04080060951,-0.135721087162,-0.644066131038,-0.231184002266,56.1835759948,63.9972943322,59.8202935062,63.2620811788,56,64,60,63
118,張祐銘,2024,味全龍,A_WinsorizedBalanced-v0.1,B_QuadraticTanh-v1,222,Regular,False,2026-08-11,0.478408827569,-0.014531205745,-0.7669962496,1.49683815856,68.5402064268,64.8950800146,58.72266833,76.5232039623,69,65,59,77
118,張祐銘,2025,味全龍,A_WinsorizedBalanced-v0.1,B_QuadraticTanh-v1,58,Provisional,False,2026-08-11,-0.0207427321658,1.20371380688,0.144495556512,0.700857790145,64.8500508805,74.1877953296,66.0495731561,70.2432933711,65,74,66,70
120,陳致嘉,2025,台鋼雄鷹,A_WinsorizedBalanced-v0.1,B_QuadraticTanh-v1,60,Provisional,False,2026-08-11,-0.927301004758,-0.651618878787,-0.521414108588,0.443875180052,57.2501094098,59.7537236535,60.8843255613,68.2787421042,57,60,61,68
122,林吳晉瑋,2024,中信兄弟,A_WinsorizedBalanced-v0.1,B_QuadraticTanh-v1,81,Provisional,False,2026-08-11,-0.415305642122,1.83748584227,-0.353724398891,1.1378853136,61.7774817133,79.2428488633,62.2834895728,73.665853719,62,79,62,74
124,張閔勛,2021,樂天桃猿,A_WinsorizedBalanced-v0.1,B_QuadraticTanh-v1,81,Provisional,False,2026-08-11,0.123899516677,0.0450922536068,-0.372759319869,-0.245498005465,65.8988649355,65.3255735352,62.1280753239,63.1497638285,66,65,62,63
124,張閔勛,2022,樂天桃猿,A_WinsorizedBalanced-v0.1,B_QuadraticTanh-v1,231,Regular,False,2026-08-11,0.256981091487,-1.10169407302,-1.2019825725,-0.277196818946,66.8788885574,55.604551812,54.6423723826,62.8991381689,67,56,55,63
124,張閔勛,2023,樂天桃猿,A_WinsorizedBalanced-v0.1,B_QuadraticTanh-v1,105,Provisional,False,2026-08-11,-0.261047168725,-0.642177419267,-0.664698062341,-0.261406162771,63.0271499194,59.8369221841,59.6381669821,63.0243116413,63,60,60,63
124,張閔勛,2024,樂天桃猿,A_WinsorizedBalanced-v0.1,B_QuadraticTanh-v1,166,Regular,False,2026-08-11,0.0693896865276,-0.772485334781,0.203981319859,-0.551866882238,65.5017516662,58.6729813933,66.486847849,60.6232094973,66,59,66,61
124,張閔勛,2025,樂天桃猿,A_WinsorizedBalanced-v0.1,B_QuadraticTanh-v1,324,Regular,False,2026-08-11,2.11053832715,-1.61177416923,0.0240704349262,-1.09829464019,81.4089080002,50.6538905379,65.1735669944,55.6369883668,81,51,65,56
125,辛元旭,2020,富邦悍將,A_WinsorizedBalanced-v0.1,B_QuadraticTanh-v1,180,Regular,False,2026-08-11,0.793275118915,-0.785975018584,-0.868199421033,-0.69416411223,70.9595467657,58.5506395105,57.7979978437,59.3765618458,71,59,58,59
125,辛元旭,2021,富邦悍將,A_WinsorizedBalanced-v0.1,B_QuadraticTanh-v1,152,Regular,False,2026-08-11,0.474165914843,-0.779100538764,0.991530439294,-0.321598291595,68.5080372085,58.6130275451,72.5105029963,62.543741027,69,59,73,63
125,辛元旭,2022,富邦悍將,A_WinsorizedBalanced-v0.1,B_QuadraticTanh-v1,266,Regular,False,2026-08-11,0.696584909707,-0.749886833168,0.699153250648,-0.586437813747,70.2102929349,58.8771841601,70.2301275613,60.3242917777,70,59,70,60
125,辛元旭,2023,富邦悍將,A_WinsorizedBalanced-v0.1,B_QuadraticTanh-v1,215,Regular,False,2026-08-11,-0.347550281929,-1.1136717467,-0.689004801417,-0.813174228414,62.3337061527,55.4901638324,59.4224926245,58.3029676385,62,55,59,58
125,辛元旭,2024,富邦悍將,A_WinsorizedBalanced-v0.1,B_QuadraticTanh-v1,61,Provisional,False,2026-08-11,0.959120004468,-0.355601552871,0.726060219708,-0.195943150339,72.2557464643,62.2682031141,70.4381494689,63.5363122815,72,62,70,64
126,李聖裕,2021,中信兄弟,A_WinsorizedBalanced-v0.1,B_QuadraticTanh-v1,127,Provisional,False,2026-08-11,-0.540271259508,-0.900361136484,-0.413068489739,0.856790083523,60.722880551,57.5005302974,61.7960260586,71.4544129829,61,58,62,71
126,李聖裕,2022,中信兄弟,A_WinsorizedBalanced-v0.1,B_QuadraticTanh-v1,119,Provisional,False,2026-08-11,0.502960087961,-1.00054466982,-0.830989516343,-0.184656900204,68.7265943602,56.5638654898,58.1400395392,63.6234433209,69,57,58,64
128,吳明鴻,2018,中信兄弟,A_WinsorizedBalanced-v0.1,B_QuadraticTanh-v1,59,Provisional,False,2026-08-11,-0.59252525927,-1.3978604995,-0.356781994752,-0.121116685787,60.2713870009,52.7415033206,62.2585857912,64.1076163593,60,53,62,64
128,吳明鴻,2024,台鋼雄鷹,A_WinsorizedBalanced-v0.1,B_QuadraticTanh-v1,154,Regular,False,2026-08-11,-1.20019456992,-1.44823776186,-0.0488609690337,-0.123796913446,54.6596078661,52.2499887029,64.6448708588,64.0874131685,55,52,65,64
129,王正棠,2018,富邦悍將,A_WinsorizedBalanced-v0.1,B_QuadraticTanh-v1,142,Provisional,False,2026-08-11,1.26265761784,0.552404655542,-0.32353854177,0.148397227459,74.6561324633,69.1032027317,62.5280967353,66.0781634444,75,69,63,66
129,王正棠,2019,富邦悍將,A_WinsorizedBalanced-v0.1,B_QuadraticTanh-v1,413,Qualified,False,2026-08-11,0.617894464917,-0.611694720179,-0.527824122864,1.68529178337,69.6044763412,60.1042692989,60.8295362189,78.0286680113,70,60,61,78
129,王正棠,2020,富邦悍將,A_WinsorizedBalanced-v0.1,B_QuadraticTanh-v1,204,Regular,False,2026-08-11,-0.0627733845775,-1.23825074789,-0.406304439835,1.58001864883,64.5425409863,54.2922114376,61.8520214941,77.1876948092,65,54,62,77
129,王正棠,2021,富邦悍將,A_WinsorizedBalanced-v0.1,B_QuadraticTanh-v1,381,Qualified,False,2026-08-11,-0.103686645223,0.217765913642,0.217128797812,0.704531091223,64.238525046,66.5885940594,66.583887995,70.2716715049,64,67,67,70
129,王正棠,2022,富邦悍將,A_WinsorizedBalanced-v0.1,B_QuadraticTanh-v1,346,Regular,False,2026-08-11,1.50172027455,-1.29421739222,-0.680278461702,1.00363578317,76.5621966905,53.7500161315,59.50005824,72.6057645623,77,54,60,73
129,王正棠,2023,富邦悍將,A_WinsorizedBalanced-v0.1,B_QuadraticTanh-v1,422,Qualified,False,2026-08-11,0.734079522467,-0.544590546603,0.139055918445,0.748270472169,70.5002269076,60.6857888016,66.0097345452,70.6101665003,71,61,66,71
129,王正棠,2024,富邦悍將,A_WinsorizedBalanced-v0.1,B_QuadraticTanh-v1,354,Regular,False,2026-08-11,2.47090984617,-1.12069078189,1.12913452986,-0.109529184465,84.2215335836,55.4230602443,73.5965672417,64.1947367055,84,55,74,64
129,王正棠,2025,富邦悍將,A_WinsorizedBalanced-v0.1,B_QuadraticTanh-v1,76,Provisional,False,2026-08-11,0.881287174879,0.352952881835,-0.522259421906,0.164411716302,71.6458088338,67.5944394382,60.8771055965,66.1956469236,72,68,61,66
130,張進德,2020,富邦悍將,A_WinsorizedBalanced-v0.1,B_QuadraticTanh-v1,220,Regular,False,2026-08-11,1.87480676262,0.24717980866,0.910232919026,-0.853648813353,79.5400436039,66.8062177369,71.8723249752,57.9320261224,80,67,72,58
130,張進德,2021,富邦悍將,A_WinsorizedBalanced-v0.1,B_QuadraticTanh-v1,250,Regular,False,2026-08-11,2.06996523036,-0.22960180738,-0.0431857988356,-1.21989274822,81.088496119,63.2744632694,64.6864596176,54.469582618,81,63,65,54
130,張進德,2022,富邦悍將,A_WinsorizedBalanced-v0.1,B_QuadraticTanh-v1,138,Provisional,False,2026-08-11,0.540405220424,0.214923332473,0.340591952668,-0.667856620004,69.0116562859,66.5675998468,67.5018807373,59.6102083545,69,67,68,60
130,張進德,2023,富邦悍將,A_WinsorizedBalanced-v0.1,B_QuadraticTanh-v1,223,Regular,False,2026-08-11,0.576620810621,0.22784624511,0.601235827609,-0.882151720839,69.28823937,66.6630964118,69.4767093762,57.6691551124,69,67,69,58
130,張進德,2024,富邦悍將,A_WinsorizedBalanced-v0.1,B_QuadraticTanh-v1,70,Provisional,False,2026-08-11,0.605068574549,0.0570809337329,-0.150737559189,-0.2131732601,69.5060900797,65.4124373786,63.8832582356,63.4026429846,70,65,64,63
130,張進德,2025,富邦悍將,A_WinsorizedBalanced-v0.1,B_QuadraticTanh-v1,51,Provisional,False,2026-08-11,1.40017022874,-0.441001811998,0.455114149213,0.28994783663,75.7515521672,61.5636176085,68.3637437668,67.1238766632,76,62,68,67
133,郭永維,2011,Lamigo,A_WinsorizedBalanced-v0.1,B_QuadraticTanh-v1,358,Regular,False,2026-08-11,0.376988276423,-0.982444238583,-1.05891491864,0.178043524896,67.7747450185,56.7341582904,56.0117872221,66.2958198058,68,57,56,66
133,郭永維,2012,Lamigo,A_WinsorizedBalanced-v0.1,B_QuadraticTanh-v1,187,Regular,False,2026-08-11,-0.236565772917,0.181849449711,-0.678277152685,0.566949055768,63.219914957,66.3238151018,59.5178257509,69.2142915381,63,66,60,69
133,郭永維,2013,Lamigo,A_WinsorizedBalanced-v0.1,B_QuadraticTanh-v1,156,Regular,False,2026-08-11,0.290390996707,-0.936447038561,-0.861086245565,0.400521949667,67.1271757712,57.1648409781,57.8635622957,67.9517018769,67,57,58,68
133,郭永維,2014,Lamigo,A_WinsorizedBalanced-v0.1,B_QuadraticTanh-v1,171,Regular,False,2026-08-11,1.09133401963,-1.09812352244,-0.429188159966,1.33782106153,73.2975550331,55.6386207949,61.6621366129,75.2544642849,73,56,62,75
133,郭永維,2015,Lamigo,A_WinsorizedBalanced-v0.1,B_QuadraticTanh-v1,131,Provisional,False,2026-08-11,-0.352017997499,-0.871610722175,-0.311824181043,1.30449916167,62.297377916,57.766525339,62.622405271,74.9890689995,62,58,63,75
133,郭永維,2016,Lamigo,A_WinsorizedBalanced-v0.1,B_QuadraticTanh-v1,59,Provisional,False,2026-08-11,-0.378766781914,0.228888418181,-0.683588601324,0.945802793531,62.0788404674,66.6708036659,59.4706533856,72.1511964026,62,67,59,72
133,郭永維,2017,Lamigo,A_WinsorizedBalanced-v0.1,B_QuadraticTanh-v1,95,Provisional,False,2026-08-11,0.0917672888623,0.449589083995,-0.759613973875,1.22154127305,65.6644657378,68.3219458896,58.7894047072,74.3293520293,66,68,59,74
133,郭永維,2018,Lamigo,A_WinsorizedBalanced-v0.1,B_QuadraticTanh-v1,272,Regular,False,2026-08-11,1.63705914978,-1.37065104816,-1.10977881079,-0.59694824204,77.6434091932,53.0066971298,55.527358687,60.2328976497,78,53,56,60
133,郭永維,2021,樂天桃猿,A_WinsorizedBalanced-v0.1,B_QuadraticTanh-v1,234,Regular,False,2026-08-11,1.94469936617,-0.797340619017,-0.701578373593,-0.283478977978,80.0957978606,58.4473062745,59.3104641388,62.8491605352,80,58,59,63
133,郭永維,2022,樂天桃猿,A_WinsorizedBalanced-v0.1,B_QuadraticTanh-v1,106,Provisional,False,2026-08-11,0.0869633789429,-0.0141984177011,-0.369486374605,0.350977411321,65.629498445,64.8974894526,62.1548617148,67.5796393611,66,65,62,68
133,郭永維,2023,樂天桃猿,A_WinsorizedBalanced-v0.1,B_QuadraticTanh-v1,128,Provisional,False,2026-08-11,0.84489616587,-1.18560992387,-0.565168205155,-0.55344384042,71.3615901385,54.8000955234,60.5085098158,60.609631541,71,55,61,61
133,郭永維,2024,台鋼雄鷹,A_WinsorizedBalanced-v0.1,B_QuadraticTanh-v1,146,Provisional,False,2026-08-11,0.0539805355726,-1.15713418615,-1.02990182552,0.774548839558,65.3899613483,55.0738457039,56.2867400105,70.8140393756,65,55,56,71
133,郭永維,2025,台鋼雄鷹,A_WinsorizedBalanced-v0.1,B_QuadraticTanh-v1,64,Provisional,False,2026-08-11,0.336235633813,-1.43058014612,-0.174759750763,0.270322185643,67.4692881704,52.4223282629,63.6995713467,66.9779278434,67,52,64,67
134,何恆佑,2024,統一7-ELEVEn獅,A_WinsorizedBalanced-v0.1,B_QuadraticTanh-v1,70,Provisional,False,2026-08-11,-0.278403976337,-1.17144255305,0.339366104675,-0.0670926098288,62.8895425161,54.9363854456,67.4927078828,64.5106631109,63,55,67,65
135,高捷,2025,富邦悍將,A_WinsorizedBalanced-v0.1,B_QuadraticTanh-v1,194,Regular,False,2026-08-11,-1.60444804244,-0.196548129712,-0.176225342903,-0.358371539035,50.7252933014,63.5316322267,63.6883146186,62.2456299523,51,64,64,62
138,豊暐,2024,富邦悍將,A_WinsorizedBalanced-v0.1,B_QuadraticTanh-v1,59,Provisional,False,2026-08-11,-0.517258772275,-0.656153630363,-0.128678982007,-0.122329465176,60.9197934532,59.7136980191,64.0505627248,64.098477009,61,60,64,64
138,豊暐,2025,富邦悍將,A_WinsorizedBalanced-v0.1,B_QuadraticTanh-v1,152,Regular,False,2026-08-11,-1.43341499215,-0.25655673555,-0.450586530185,-0.141213380563,52.394663603,63.0626239681,61.4834426896,63.9556560562,52,63,61,64
139,石翔宇,2021,味全龍,A_WinsorizedBalanced-v0.1,B_QuadraticTanh-v1,134,Provisional,False,2026-08-11,-0.526669179615,-0.747627461807,-0.481519410654,1.70797758375,60.8394149043,58.8975477889,61.2232173438,78.2098188357,61,59,61,78
139,石翔宇,2022,味全龍,A_WinsorizedBalanced-v0.1,B_QuadraticTanh-v1,104,Provisional,False,2026-08-11,0.0541450883618,-0.795839888193,-0.677501983053,-0.51000379557,65.3911540451,58.4609638133,59.5247055035,60.9816242998,65,58,60,61
139,石翔宇,2023,味全龍,A_WinsorizedBalanced-v0.1,B_QuadraticTanh-v1,53,Provisional,False,2026-08-11,-0.0434707033419,-0.219340476434,-0.233899080361,0.502326452321,64.6843739093,63.3546079716,63.2408179883,68.7217787506,65,63,63,69
142,陳真,2021,富邦悍將,A_WinsorizedBalanced-v0.1,B_QuadraticTanh-v1,61,Provisional,False,2026-08-11,-1.9850888686,0.624670756309,1.47255308949,-0.0889862000759,47.0658602584,69.6564979085,76.3292670739,64.3482887335,47,70,76,64
142,陳真,2022,富邦悍將,A_WinsorizedBalanced-v0.1,B_QuadraticTanh-v1,120,Provisional,False,2026-08-11,-1.28066412596,-0.760175628219,1.63630712994,0.343830301768,53.8815033088,58.7843308541,77.6374015455,67.526118345,54,59,78,68
142,陳真,2024,富邦悍將,A_WinsorizedBalanced-v0.1,B_QuadraticTanh-v1,171,Regular,False,2026-08-11,-0.810938176751,1.67495357543,0.91029325452,0.0679046888111,58.3233782196,77.9461026094,71.8727975344,65.4909692479,58,78,72,65
142,陳真,2025,富邦悍將,A_WinsorizedBalanced-v0.1,B_QuadraticTanh-v1,273,Regular,False,2026-08-11,-0.994570858071,1.93223087693,0.578285734031,-0.734179365533,56.6201176185,79.9967403773,69.3009750301,59.0185556035,57,80,69,59
143,柯育民,2022,統一7-ELEVEn獅,A_WinsorizedBalanced-v0.1,B_QuadraticTanh-v1,113,Provisional,False,2026-08-11,-0.172979598351,-0.922122556293,-1.04685169689,1.09225497105,63.7132363921,57.2983322424,56.1262345935,73.3048343845,64,57,56,73
143,柯育民,2024,統一7-ELEVEn獅,A_WinsorizedBalanced-v0.1,B_QuadraticTanh-v1,53,Provisional,False,2026-08-11,0.386122871481,-0.529997235822,0.0911081975886,-0.0805689685714,67.8433824031,60.8109405744,65.6596670803,64.4108711718,68,61,66,64
146,杜家明,2021,中信兄弟,A_WinsorizedBalanced-v0.1,B_QuadraticTanh-v1,58,Provisional,False,2026-08-11,0.0957979815595,-1.22396433619,-0.0395327020258,0.299778386147,65.6938202446,54.4302660095,64.7131829977,67.1970962393,66,54,65,67
146,杜家明,2024,台鋼雄鷹,A_WinsorizedBalanced-v0.1,B_QuadraticTanh-v1,348,Regular,False,2026-08-11,0.759813531202,0.531867351118,-0.377738915705,-1.14408119439,70.699673899,68.9465767867,62.087270761,55.1990760528,71,69,62,55
146,杜家明,2025,台鋼雄鷹,A_WinsorizedBalanced-v0.1,B_QuadraticTanh-v1,175,Regular,False,2026-08-11,-0.306097239244,-0.98068772067,0.100486375536,-0.331305047763,62.6683845239,56.7506601131,65.7279822679,62.4653801915,63,57,66,62
147,歐晉,2023,味全龍,A_WinsorizedBalanced-v0.1,B_QuadraticTanh-v1,152,Regular,False,2026-08-11,-0.734285823004,1.97331072738,-0.0290093794107,-0.670916288345,59.0175990322,80.3229485834,64.7899568281,59.5831057845,59,80,65,60
147,歐晉,2024,味全龍,A_WinsorizedBalanced-v0.1,B_QuadraticTanh-v1,64,Provisional,False,2026-08-11,-0.765691127169,0.519236933353,0.193095448462,-0.146380331294,58.7344740757,68.8503910276,66.4066074808,63.9164099405,59,69,66,64
148,楊祥禾,2024,中信兄弟,A_WinsorizedBalanced-v0.1,B_QuadraticTanh-v1,95,Provisional,False,2026-08-11,-1.87355310068,0.088716476063,-0.500430808553,1.74407071588,48.123595116,65.6422567889,61.0630266586,78.4979335072,48,66,61,78
150,高國麟,2016,義大,A_WinsorizedBalanced-v0.1,B_QuadraticTanh-v1,121,Provisional,False,2026-08-11,-0.904994237376,0.395887430501,1.11086475989,-0.479343127967,57.4575428826,67.9168213404,73.451990095,61.2415986394,57,68,73,61
150,高國麟,2017,富邦悍將,A_WinsorizedBalanced-v0.1,B_QuadraticTanh-v1,312,Regular,False,2026-08-11,0.207896144271,0.519975179265,0.924179422499,-1.47527458049,66.5157279963,68.8560101324,71.9816002317,51.9860275634,67,69,72,52
150,高國麟,2018,富邦悍將,A_WinsorizedBalanced-v0.1,B_QuadraticTanh-v1,156,Regular,False,2026-08-11,-1.28937211062,0.976895976693,0.87914543394,-0.351596620511,53.7970353102,72.3954177251,71.6290640226,62.3008063733,54,72,72,62
150,高國麟,2019,富邦悍將,A_WinsorizedBalanced-v0.1,B_QuadraticTanh-v1,140,Provisional,False,2026-08-11,-0.47166102569,-0.161820008757,2.2250265997,-0.126227452274,61.3063949875,63.7987079938,82.3094783607,64.0690752455,61,64,82,64
150,高國麟,2020,富邦悍將,A_WinsorizedBalanced-v0.1,B_QuadraticTanh-v1,338,Regular,False,2026-08-11,-0.693570278552,0.736257752804,1.35963492106,-1.05114564075,59.3818511403,70.5170947792,75.428309619,56.0855169423,59,71,75,56
150,高國麟,2021,富邦悍將,A_WinsorizedBalanced-v0.1,B_QuadraticTanh-v1,349,Regular,False,2026-08-11,1.27046209188,0.988424629854,1.48005393219,-1.36107223511,74.7182047223,72.4860716657,76.3891630258,53.0999944637,75,72,76,53
150,高國麟,2022,富邦悍將,A_WinsorizedBalanced-v0.1,B_QuadraticTanh-v1,236,Regular,False,2026-08-11,-0.847244810241,-1.30728738348,1.38810309316,-0.595767865309,57.9909030358,53.6231162566,75.6552998982,60.2431735505,58,54,76,60
150,高國麟,2023,富邦悍將,A_WinsorizedBalanced-v0.1,B_QuadraticTanh-v1,151,Regular,False,2026-08-11,-0.0758571057591,0.787807096032,0.354115491453,-0.640864899693,64.4458191372,70.9170399097,67.6031509956,59.8484735747,64,71,68,60
150,高國麟,2024,富邦悍將,A_WinsorizedBalanced-v0.1,B_QuadraticTanh-v1,247,Regular,False,2026-08-11,-0.699943767135,1.21214666096,0.269510242511,-0.908359946426,59.3250458749,74.2547450234,66.9718962516,57.4262937649,59,74,67,57
150,高國麟,2025,富邦悍將,A_WinsorizedBalanced-v0.1,B_QuadraticTanh-v1,102,Provisional,False,2026-08-11,-0.248295324943,0.652850826884,0.492648899396,-0.369036369113,63.1277517376,69.8731378404,68.64826368,62.1585425763,63,70,69,62
151,董秉軒,2021,味全龍,A_WinsorizedBalanced-v0.1,B_QuadraticTanh-v1,60,Provisional,False,2026-08-11,-0.747464613952,0.271323448049,2.16052416369,-0.121232602106,58.8990151598,66.9853665277,81.8027813529,64.1067430014,59,67,82,64
151,董秉軒,2022,味全龍,A_WinsorizedBalanced-v0.1,B_QuadraticTanh-v1,137,Provisional,False,2026-08-11,-1.36797672572,-0.742238265505,0.457933210598,-0.584955593008,53.0327484294,58.9460816128,68.3850786347,60.3371613377,53,59,68,60
156,黃秉揚,2024,台鋼雄鷹,A_WinsorizedBalanced-v0.1,B_QuadraticTanh-v1,64,Provisional,False,2026-08-11,-1.24281915477,0.200869566351,-0.51871256174,0.425624245692,54.2480333032,66.4639010087,60.9073890798,68.140899272,54,66,61,68
158,陳飛霖,2024,台鋼雄鷹,A_WinsorizedBalanced-v0.1,B_QuadraticTanh-v1,61,Provisional,False,2026-08-11,-1.01980902337,-0.696116214969,-0.185871082949,0.987736637995,56.3821404652,59.3591694894,63.6140859569,72.4806602203,56,59,64,72
159,姚冠瑋,2023,富邦悍將,A_WinsorizedBalanced-v0.1,B_QuadraticTanh-v1,168,Regular,False,2026-08-11,-0.00643685479008,1.43812772493,-0.84961943743,-0.0582128961164,64.9535966664,76.0544358258,57.9690792802,64.5761436324,65,76,58,65
159,姚冠瑋,2024,富邦悍將,A_WinsorizedBalanced-v0.1,B_QuadraticTanh-v1,69,Provisional,False,2026-08-11,-0.356956968649,0.0803366889098,-0.416735515418,-0.155581923032,62.2571599453,65.5812961165,61.765622794,63.8463402053,62,66,62,64
160,＃林哲瑄,2015,義大,A_WinsorizedBalanced-v0.1,B_QuadraticTanh-v1,93,Provisional,False,2026-08-11,-0.957569132813,0.973708173279,0.228637655791,0.0268572312995,56.9674471984,72.3703605009,66.6689491053,65.193695459,57,72,67,65
160,＃林哲瑄,2016,義大,A_WinsorizedBalanced-v0.1,B_QuadraticTanh-v1,476,Qualified,False,2026-08-11,1.11161437546,1.43359860188,1.36089150144,0.998131204589,73.4579200311,76.0182867379,75.4383263124,72.5624396898,73,76,75,73
160,＃林哲瑄,2017,富邦悍將,A_WinsorizedBalanced-v0.1,B_QuadraticTanh-v1,407,Qualified,False,2026-08-11,0.802025595643,0.571342772897,-0.519940273384,0.783447072359,71.0276029212,69.2478773347,60.8969099683,70.8831575727,71,69,61,71
160,＃林哲瑄,2018,富邦悍將,A_WinsorizedBalanced-v0.1,B_QuadraticTanh-v1,441,Qualified,False,2026-08-11,0.159244236484,0.0456600712362,0.679742365335,3.11554054105,66.1577144064,65.329684793,70.080317099,89.0244743627,66,65,70,89
160,＃林哲瑄,2019,富邦悍將,A_WinsorizedBalanced-v0.1,B_QuadraticTanh-v1,452,Qualified,False,2026-08-11,1.47203277665,-0.764100123503,0.310302989023,2.10148244131,76.3251124224,58.7488615644,67.2755684645,81.3374452456,76,59,67,81
160,＃林哲瑄,2020,富邦悍將,A_WinsorizedBalanced-v0.1,B_QuadraticTanh-v1,261,Regular,False,2026-08-11,-0.275199302827,1.46070105438,0.483433803791,2.83432443774,62.9150081216,76.2346352863,68.5783212628,86.9735073386,63,76,69,87
160,＃林哲瑄,2021,富邦悍將,A_WinsorizedBalanced-v0.1,B_QuadraticTanh-v1,336,Regular,False,2026-08-11,-0.282804400788,1.28392565307,0.18753196677,1.8529664844,62.8545319829,74.8253175398,66.3656363999,79.3661576574,63,75,66,79
160,＃林哲瑄,2022,富邦悍將,A_WinsorizedBalanced-v0.1,B_QuadraticTanh-v1,135,Provisional,False,2026-08-11,0.132435539754,0.941765147856,0.080584077452,1.19713040001,65.9612822538,72.1195128996,65.5830949274,74.1355417932,66,72,66,74
160,＃林哲瑄,2023,富邦悍將,A_WinsorizedBalanced-v0.1,B_QuadraticTanh-v1,374,Qualified,False,2026-08-11,0.204727143547,0.108210872846,-0.313670447947,3.3776675219,66.4923489161,65.7843081698,62.6075646216,90.861516728,66,66,63,91
160,＃林哲瑄,2024,富邦悍將,A_WinsorizedBalanced-v0.1,B_QuadraticTanh-v1,173,Regular,False,2026-08-11,-1.19925917443,2.20806915796,-0.809842987323,0.881852809984,54.6686235626,82.1764498535,58.3333718587,71.650231509,55,82,58,72
163,黃柏豪,2021,味全龍,A_WinsorizedBalanced-v0.1,B_QuadraticTanh-v1,173,Regular,False,2026-08-11,-1.34178566682,0.735831112978,0.356135859838,-0.701402371445,53.2877330541,70.5137907404,67.6182922486,59.3120344432,53,71,68,59
163,黃柏豪,2024,味全龍,A_WinsorizedBalanced-v0.1,B_QuadraticTanh-v1,50,Provisional,False,2026-08-11,0.159858364456,-0.115052692126,0.763848877872,-0.0119018256259,66.1622213176,64.153253901,70.7309819164,64.9141087131,66,64,71,65
314,瑞克,1990,統一7-ELEVEn獅,A_WinsorizedBalanced-v0.1,B_QuadraticTanh-v1,381,Qualified,False,2026-08-11,1.36483085669,0.42938333806,1.50822092838,0.0619325271425,75.4697300764,68.1692709006,76.6141186664,65.4476254678,75,68,77,65
315,鷹俠,1990,三商,A_WinsorizedBalanced-v0.1,B_QuadraticTanh-v1,378,Qualified,False,2026-08-11,-0.239730587563,1.66656705491,3.51386682022,0.0785537420716,63.1950832495,77.8791191887,91.7843094942,65.5683335328,63,78,92,66
315,鷹俠,1991,三商,A_WinsorizedBalanced-v0.1,B_QuadraticTanh-v1,328,Qualified,False,2026-08-11,0.343410670806,2.82141661615,3.0651970827,-1.24689497401,67.5229771453,86.8775813282,88.6630635489,54.2086059332,68,87,89,54
315,鷹俠,1992,三商,A_WinsorizedBalanced-v0.1,B_QuadraticTanh-v1,343,Qualified,False,2026-08-11,-0.43177028124,1.29574583485,3.14577032295,-0.777255363477,61.640631669,74.9193877507,89.240211617,58.6297584715,62,75,89,59
315,鷹俠,1994,三商,A_WinsorizedBalanced-v0.1,B_QuadraticTanh-v1,348,Qualified,False,2026-08-11,1.03365065226,2.07082570658,2.27582733511,-0.987411065279,72.8422104061,81.0952976407,82.7071849008,56.6874737943,73,81,83,57
315,鷹俠,1995,三商,A_WinsorizedBalanced-v0.1,B_QuadraticTanh-v1,363,Qualified,False,2026-08-11,0.925085429076,0.435777441011,2.99754962399,-0.796907765071,71.9887020858,68.2175534232,88.1733488239,58.4512459141,72,68,88,58
315,鷹俠,1996,三商,A_WinsorizedBalanced-v0.1,B_QuadraticTanh-v1,444,Qualified,False,2026-08-11,0.46564600205,1.68281327633,3.92777513117,-1.50914797769,68.4434781087,78.008874245,94.4418850667,51.655263572,68,78,94,52
316,洪一中,1990,兄弟,A_WinsorizedBalanced-v0.1,B_QuadraticTanh-v1,404,Qualified,False,2026-08-11,1.81984809828,-0.0536590825153,-0.324800854225,-0.451299450609,79.1023048737,64.6096397771,62.5179135759,61.477470508,79,65,63,61
316,洪一中,1991,兄弟,A_WinsorizedBalanced-v0.1,B_QuadraticTanh-v1,247,Regular,False,2026-08-11,0.856615715835,-0.916387934019,0.521394224604,-0.970688781312,71.4530516799,57.351686726,68.8668121191,56.844514532,71,57,69,57
316,洪一中,1992,兄弟,A_WinsorizedBalanced-v0.1,B_QuadraticTanh-v1,328,Qualified,False,2026-08-11,0.786307262533,1.30759481624,-0.0537258926796,-0.372656052384,70.9053833707,75.0137157492,64.6091487609,62.1289208877,71,75,65,62
316,洪一中,1993,兄弟,A_WinsorizedBalanced-v0.1,B_QuadraticTanh-v1,346,Qualified,False,2026-08-11,1.30502636702,-0.984638103244,-0.412479624941,-0.851310186067,74.99326633,56.7135417728,61.8009053058,57.9535348743,75,57,62,58
316,洪一中,1994,兄弟,A_WinsorizedBalanced-v0.1,B_QuadraticTanh-v1,350,Qualified,False,2026-08-11,2.0421430385,-0.804854150928,0.248249365533,-0.553978173374,80.8684408846,58.3788684303,66.8141441498,60.6050295667,81,58,67,61
316,洪一中,1995,兄弟,A_WinsorizedBalanced-v0.1,B_QuadraticTanh-v1,392,Qualified,False,2026-08-11,0.99126634614,0.0548755825102,0.75913416587,-0.480664796371,72.5084254003,65.396449035,70.6944039459,61.23043689,73,65,71,61
316,洪一中,1996,兄弟,A_WinsorizedBalanced-v0.1,B_QuadraticTanh-v1,385,Qualified,False,2026-08-11,0.949953876384,-0.247331490877,-0.281874631412,-0.0246773081812,72.1837773748,63.1353384425,62.8619335319,64.8214723721,72,63,63,65
317,王俊郎,1990,兄弟,A_WinsorizedBalanced-v0.1,B_QuadraticTanh-v1,348,Qualified,False,2026-08-11,-0.257864041111,0.148088677153,-0.638997119358,-0.597600866768,63.0523017554,66.075902012,59.8649056155,60.2272148683,63,66,60,60
317,王俊郎,1991,兄弟,A_WinsorizedBalanced-v0.1,B_QuadraticTanh-v1,345,Qualified,False,2026-08-11,1.25074937152,-0.127997698855,0.200086414436,-0.618113554921,74.5614478504,64.0557090116,66.4581271034,60.0481355561,75,64,66,60
317,王俊郎,1992,兄弟,A_WinsorizedBalanced-v0.1,B_QuadraticTanh-v1,213,Regular,False,2026-08-11,0.87774225178,-0.935347781359,-0.135667560653,-0.561415354706,71.6180946708,57.1750959605,63.9976997273,60.5409108481,72,57,64,61
317,王俊郎,1993,兄弟,A_WinsorizedBalanced-v0.1,B_QuadraticTanh-v1,223,Regular,False,2026-08-11,0.597607578131,-0.748973619154,-0.0665808189789,-0.283243447015,69.4489047995,58.885416078,64.5144430497,62.8510361275,69,59,65,63
317,王俊郎,1994,兄弟,A_WinsorizedBalanced-v0.1,B_QuadraticTanh-v1,136,Provisional,False,2026-08-11,-0.597336970325,-0.620615661966,-0.696760119274,-0.030913575402,60.2295128775,60.0262306315,59.3534309395,64.7760874031,60,60,59,65
317,王俊郎,1995,俊國,A_WinsorizedBalanced-v0.1,B_QuadraticTanh-v1,154,Regular,False,2026-08-11,-0.704185370957,-0.135864579066,-0.861425247119,-0.113982303001,59.2871971841,63.9962075257,57.8604394991,64.161299255,59,64,58,64
317,王俊郎,1996,興農,A_WinsorizedBalanced-v0.1,B_QuadraticTanh-v1,121,Provisional,False,2026-08-11,0.412606961636,-0.908547212163,-0.778338346815,-0.406994647267,68.0427303141,57.4245545691,58.6199393895,61.8463127607,68,57,59,62
317,王俊郎,1997,興農,A_WinsorizedBalanced-v0.1,B_QuadraticTanh-v1,71,Provisional,False,2026-08-11,1.5472359928,-0.553779966873,-0.341122169369,-0.265237941067,76.9257824037,60.6067367058,62.3858875334,62.9939960666,77,61,62,63
318,李居明,1990,兄弟,A_WinsorizedBalanced-v0.1,B_QuadraticTanh-v1,371,Qualified,False,2026-08-11,0.971180196471,0.215938667209,1.14787677394,-0.848377376651,72.3504927277,66.5750979642,73.7449924835,57.9804954869,72,67,74,58
318,李居明,1991,兄弟,A_WinsorizedBalanced-v0.1,B_QuadraticTanh-v1,270,Regular,False,2026-08-11,0.553339672325,0.788451697799,1.2003198535,0.116420996555,69.1103401583,70.922050046,74.1608555368,65.8442313398,69,71,74,66
318,李居明,1992,兄弟,A_WinsorizedBalanced-v0.1,B_QuadraticTanh-v1,363,Qualified,False,2026-08-11,1.13903163841,-0.118142528894,0.469830995073,0.79555728298,73.6749317903,64.1300123153,68.4751833119,70.9772922827,74,64,68,71
318,李居明,1993,兄弟,A_WinsorizedBalanced-v0.1,B_QuadraticTanh-v1,361,Qualified,False,2026-08-11,2.16046134414,0.515536576389,1.27154452935,0.230790323334,81.8022869928,68.8222315499,74.7268148724,66.6848712185,82,69,75,67
318,李居明,1994,兄弟,A_WinsorizedBalanced-v0.1,B_QuadraticTanh-v1,357,Qualified,False,2026-08-11,2.12762162279,-0.442094566095,0.424468837967,-0.506482359273,81.54363151,61.5544878728,68.1321809071,61.0115926418,82,62,68,61
318,李居明,1995,兄弟,A_WinsorizedBalanced-v0.1,B_QuadraticTanh-v1,335,Qualified,False,2026-08-11,1.47783247447,-0.432655226881,0.0188936200331,0.108089310925,76.3714237168,61.6332578185,65.1361942844,65.7834213609,76,62,65,66
318,李居明,1996,兄弟,A_WinsorizedBalanced-v0.1,B_QuadraticTanh-v1,413,Qualified,False,2026-08-11,0.523051129547,1.11691238513,0.102703561584,-1.36819321117,68.8794264373,73.4998358701,65.7441444114,53.0306396845,69,73,66,53
318,李居明,1997,兄弟,A_WinsorizedBalanced-v0.1,B_QuadraticTanh-v1,409,Qualified,False,2026-08-11,1.87948229344,0.248915692617,0.0453735492139,-1.38747949803,79.5772560766,66.8190827169,65.3276102077,52.8427088378,80,67,65,53
318,李居明,1998,兄弟,A_WinsorizedBalanced-v0.1,B_QuadraticTanh-v1,360,Qualified,False,2026-08-11,1.14167824104,-0.0478914758627,-0.24959168585,-0.567691246203,73.6958925338,64.6519818132,63.1175437755,60.4867092006,74,65,63,60
319,林易增,1990,味全龍,A_WinsorizedBalanced-v0.1,B_QuadraticTanh-v1,383,Qualified,False,2026-08-11,2.29990634625,-0.216647678241,0.151223250284,5.85114185763,82.895245453,63.3755938669,66.0988797101,103.524310322,83,63,66,104
319,林易增,1991,味全龍,A_WinsorizedBalanced-v0.1,B_QuadraticTanh-v1,379,Qualified,False,2026-08-11,2.01285482889,-0.247924802558,-0.43661404195,5.66103638975,80.6365122844,63.1306685464,61.6002479185,102.86682461,81,63,62,103
319,林易增,1992,兄弟,A_WinsorizedBalanced-v0.1,B_QuadraticTanh-v1,405,Qualified,False,2026-08-11,1.46183870646,-0.070508388972,-0.916929932644,6.22402239492,76.2437182663,64.4854166756,57.3466461622,104.675243351,76,64,57,105
319,林易增,1993,兄弟,A_WinsorizedBalanced-v0.1,B_QuadraticTanh-v1,357,Qualified,False,2026-08-11,0.979927218749,-0.931171474969,-0.723422338939,6.49979842557,72.4192482055,57.2140403298,59.1151008826,105.415659038,72,57,59,105
319,林易增,1994,兄弟,A_WinsorizedBalanced-v0.1,B_QuadraticTanh-v1,383,Qualified,False,2026-08-11,1.81920628339,0.626101956778,-0.809791162366,5.39354077102,79.0971896397,69.6674888548,58.3338447109,101.85643361,79,70,58,102
319,林易增,1995,兄弟,A_WinsorizedBalanced-v0.1,B_QuadraticTanh-v1,432,Qualified,False,2026-08-11,1.26075392492,-1.05601279646,0.288604430771,4.19871471482,74.6409936732,56.0393366201,67.1138766078,96.0530799019,75,56,67,96
319,林易增,1996,兄弟,A_WinsorizedBalanced-v0.1,B_QuadraticTanh-v1,336,Qualified,False,2026-08-11,0.270884929937,-1.13347371709,-0.714121454195,2.79931547737,66.9821085452,55.300720884,59.1983975704,86.712995237,67,55,59,87
319,林易增,1997,兄弟,A_WinsorizedBalanced-v0.1,B_QuadraticTanh-v1,382,Qualified,False,2026-08-11,1.90358498728,0.439200198391,-0.316861775261,3.28902722412,79.7690134126,68.2434110022,62.5818917586,90.249011764,80,68,63,90
319,林易增,1998,兄弟,A_WinsorizedBalanced-v0.1,B_QuadraticTanh-v1,381,Qualified,False,2026-08-11,0.883362952083,0.15534404866,-0.75984116979,1.45642562166,71.6620399775,66.1290994124,58.7873523433,76.2005014053,72,66,59,76
319,林易增,2000,兄弟,A_WinsorizedBalanced-v0.1,B_QuadraticTanh-v1,201,Regular,False,2026-08-11,0.0736324636503,0.933550917529,-0.949631041642,1.41646849838,65.5325686545,72.0550774914,57.0417080758,75.8815839224,66,72,57,76
320,陳金茂,1990,味全龍,A_WinsorizedBalanced-v0.1,B_QuadraticTanh-v1,364,Qualified,False,2026-08-11,0.672708673835,0.778932447305,0.9453571433,0.116306724798,70.0260863736,70.8480843797,72.1476990288,65.8433969093,70,71,72,66
320,陳金茂,1991,味全龍,A_WinsorizedBalanced-v0.1,B_QuadraticTanh-v1,371,Qualified,False,2026-08-11,0.545011554755,-0.201704862185,1.3530201872,0.713758050572,69.0467878681,63.4917009371,75.3755851887,70.3429885061,69,63,75,70
320,陳金茂,1992,味全龍,A_WinsorizedBalanced-v0.1,B_QuadraticTanh-v1,345,Qualified,False,2026-08-11,-0.578797293578,-0.573208938926,1.5799822971,0.820598921452,60.3905804915,60.4389843397,77.1874043747,71.1721862184,60,60,77,71
320,陳金茂,1993,味全龍,A_WinsorizedBalanced-v0.1,B_QuadraticTanh-v1,295,Qualified,False,2026-08-11,0.760502146774,-1.02096609296,1.38820344468,0.179643397518,70.7050158627,56.3712101087,75.6561002592,66.3075865486,71,56,76,66
320,陳金茂,1994,味全龍,A_WinsorizedBalanced-v0.1,B_QuadraticTanh-v1,291,Qualified,False,2026-08-11,0.131661563679,0.90399774966,1.21822408044,-0.278000554563,65.9556202136,71.8234988402,74.3030060642,62.8927497189,66,72,74,63
320,陳金茂,1995,味全龍,A_WinsorizedBalanced-v0.1,B_QuadraticTanh-v1,281,Regular,False,2026-08-11,1.74953985974,-0.358607571016,2.69624648163,0.0159817572392,78.5415790261,62.2437056004,85.9399867582,65.115183338,79,62,86,65
320,陳金茂,1996,味全龍,A_WinsorizedBalanced-v0.1,B_QuadraticTanh-v1,342,Qualified,False,2026-08-11,0.907067334562,0.612360513684,0.62084778443,0.29955699526,71.8475338241,69.5620133218,69.6271454761,67.1954464548,72,70,70,67
320,陳金茂,1997,味全龍,A_WinsorizedBalanced-v0.1,B_QuadraticTanh-v1,210,Regular,False,2026-08-11,0.893487887753,-0.374001742057,1.13217568225,-0.0251491681567,71.741238843,62.1179001947,73.6206436001,64.8180421557,72,62,74,65
320,陳金茂,1998,味全龍,A_WinsorizedBalanced-v0.1,B_QuadraticTanh-v1,396,Qualified,False,2026-08-11,1.85745219298,1.68928918519,1.04588908139,-0.0358777771764,79.4018793578,78.0605909956,72.9387183892,64.7398826927,79,78,73,65
320,陳金茂,1999,味全龍,A_WinsorizedBalanced-v0.1,B_QuadraticTanh-v1,214,Regular,False,2026-08-11,-0.220961354576,0.203781068754,-0.170532162527,-0.99411633301,63.341966719,66.4853709089,63.7320099022,56.6243956619,63,66,64,57
320,陳金茂,2000,興農,A_WinsorizedBalanced-v0.1,B_QuadraticTanh-v1,136,Provisional,False,2026-08-11,0.814114773947,0.93607176108,0.167148448992,0.347515182858,71.1216906083,72.0748487734,66.2157452863,67.5537077007,71,72,66,68
321,林百亨,1990,兄弟,A_WinsorizedBalanced-v0.1,B_QuadraticTanh-v1,338,Qualified,False,2026-08-11,0.796630302351,-0.212456226291,0.261613663198,-0.346425119346,70.9856367414,63.4082212925,66.9132630288,62.3428473171,71,63,67,62
321,林百亨,1991,兄弟,A_WinsorizedBalanced-v0.1,B_QuadraticTanh-v1,282,Qualified,False,2026-08-11,0.166997525482,-1.00533714307,0.140267034502,-1.07692436946,66.2146367523,56.5187027974,66.018602306,55.8406028332,66,57,66,56
321,林百亨,1992,兄弟,A_WinsorizedBalanced-v0.1,B_QuadraticTanh-v1,163,Regular,False,2026-08-11,0.440063790062,-0.678533810706,0.310979339496,-0.312820708201,68.2499364136,59.5155476045,67.2806143152,62.6143960665,68,60,67,63
321,林百亨,1993,兄弟,A_WinsorizedBalanced-v0.1,B_QuadraticTanh-v1,170,Regular,False,2026-08-11,1.09339760967,1.00916885793,0.70462325343,-0.740306966255,73.3138663873,72.6493257851,70.2723836046,58.9634610851,73,73,70,59
321,林百亨,1994,兄弟,A_WinsorizedBalanced-v0.1,B_QuadraticTanh-v1,88,Provisional,False,2026-08-11,0.158666274238,0.862615740078,-0.253913230362,-0.272889864817,66.1534731939,71.4999028177,63.0834829884,62.9333434402,66,71,63,63
321,林百亨,1995,兄弟,A_WinsorizedBalanced-v0.1,B_QuadraticTanh-v1,171,Regular,False,2026-08-11,0.448533633661,-0.569472657144,-0.376854902373,-0.659460865677,68.3139637135,60.4713083105,62.0945191328,59.6844804039,68,60,62,60
321,林百亨,1996,兄弟,A_WinsorizedBalanced-v0.1,B_QuadraticTanh-v1,128,Provisional,False,2026-08-11,-0.246629065666,-0.122725847322,-0.670199906084,-0.416449878496,63.1408659756,64.095489058,59.5894532037,61.7679921707,63,64,60,62
322,何良志,1990,三商,A_WinsorizedBalanced-v0.1,B_QuadraticTanh-v1,330,Qualified,False,2026-08-11,0.0865729587407,2.39412676697,-0.798913908975,1.60609632493,65.6266574846,83.6281238206,58.4329840923,77.3960436193,66,84,58,77
322,何良志,1991,三商,A_WinsorizedBalanced-v0.1,B_QuadraticTanh-v1,58,Provisional,False,2026-08-11,-0.575229275761,0.741755596628,-0.409914513653,0.654061193825,60.4214929392,70.5596809042,61.822149668,69.8824535547,60,71,62,70
322,何良志,1993,三商,A_WinsorizedBalanced-v0.1,B_QuadraticTanh-v1,185,Regular,False,2026-08-11,0.250883325361,0.376972976634,-0.827699492885,-0.498929106038,66.8336681467,67.7746301076,58.1701694739,61.075777093,67,68,58,61
322,何良志,1994,三商,A_WinsorizedBalanced-v0.1,B_QuadraticTanh-v1,114,Provisional,False,2026-08-11,-0.772587661197,-0.857351053567,-0.68656785512,-0.294275948893,58.6720546142,57.8979573521,59.4441691487,62.7630289445,59,58,59,63
322,何良志,1995,三商,A_WinsorizedBalanced-v0.1,B_QuadraticTanh-v1,285,Regular,False,2026-08-11,-0.715825199254,0.434794688331,-0.809250078428,-0.399017920964,59.1831517363,68.2101306581,58.3387812919,61.912218089,59,68,58,62
322,何良志,1996,三商,A_WinsorizedBalanced-v0.1,B_QuadraticTanh-v1,119,Provisional,False,2026-08-11,-0.21782505273,-0.436076559586,-0.929704486598,-0.139245978484,63.3664205333,61.6047318164,57.2277139083,63.9705807276,63,62,57,64
322,何良志,1997,三商 / 時報,A_WinsorizedBalanced-v0.1,B_QuadraticTanh-v1,197,Regular,False,2026-08-11,-0.278274743335,-1.03964094476,-1.07378513556,0.00512038486309,62.8905699639,56.1945600449,55.8704694022,65.036878561,63,56,56,65
323,帝波,1990,兄弟,A_WinsorizedBalanced-v0.1,B_QuadraticTanh-v1,353,Qualified,False,2026-08-11,0.720790515251,0.932548458124,2.04924050164,1.62069191691,70.3973762812,72.0472158545,80.9246022632,77.5126524579,70,72,81,78
323,帝波,1991,兄弟,A_WinsorizedBalanced-v0.1,B_QuadraticTanh-v1,295,Qualified,False,2026-08-11,1.46031699138,0.578011679841,1.64317832484,2.86761959148,76.231568965,69.2988785586,77.69229255,87.2202594207,76,69,78,87
323,帝波,1992,兄弟,A_WinsorizedBalanced-v0.1,B_QuadraticTanh-v1,309,Qualified,False,2026-08-11,-0.601419195915,0.441258516345,0.539493703383,2.82756183344,60.1939481638,68.2589647954,69.0047059892,86.9232685653,60,68,69,87
323,帝波,1993,兄弟,A_WinsorizedBalanced-v0.1,B_QuadraticTanh-v1,181,Regular,False,2026-08-11,0.389771767343,-0.305199434885,1.30783739259,1.68214942819,67.8708174323,62.6755850717,75.0156471549,78.0035725714,68,63,75,78
323,帝波,1994,兄弟,A_WinsorizedBalanced-v0.1,B_QuadraticTanh-v1,157,Regular,False,2026-08-11,0.481691842857,-0.398596020622,1.56245700995,0.0285394293686,68.5651063784,61.9156996116,77.0473863272,65.2058489802,69,62,77,65
323,帝波,1995,兄弟,A_WinsorizedBalanced-v0.1,B_QuadraticTanh-v1,140,Provisional,False,2026-08-11,-0.402900509185,-0.345720296382,0.155704564726,2.31137843158,61.8801586498,62.3485719046,66.1317439203,82.9847384854,62,62,66,83
324,黃煚隆,1990,味全龍,A_WinsorizedBalanced-v0.1,B_QuadraticTanh-v1,350,Qualified,False,2026-08-11,0.751492848527,0.576981119133,0.233566957507,0.461878513018,70.6351462026,69.2909953621,66.7054139998,68.4149463476,71,69,67,68
324,黃煚隆,1991,味全龍,A_WinsorizedBalanced-v0.1,B_QuadraticTanh-v1,338,Qualified,False,2026-08-11,-0.0413315102259,-1.64104937901,0.520731080866,0.878589827724,64.7000288603,50.3687610517,68.861764001,71.6247204697,65,50,69,72
324,黃煚隆,1992,味全龍,A_WinsorizedBalanced-v0.1,B_QuadraticTanh-v1,304,Qualified,False,2026-08-11,0.948786854562,-0.766554471983,-0.548966741213,0.163229016408,72.1746169192,58.7266648694,60.6481659429,66.1869631993,72,59,61,66
324,黃煚隆,1993,味全龍,A_WinsorizedBalanced-v0.1,B_QuadraticTanh-v1,244,Regular,False,2026-08-11,1.74871015161,-1.5350804487,-0.156275384543,0.633567903327,78.5349579138,51.4020637049,63.841050297,69.7248442175,79,51,64,70
324,黃煚隆,1994,味全龍,A_WinsorizedBalanced-v0.1,B_QuadraticTanh-v1,219,Regular,False,2026-08-11,0.693454291093,-0.692724478394,0.453278799408,-0.857930002627,70.1861211322,59.3893835018,68.3498567068,57.8926276847,70,59,68,58
324,黃煚隆,1995,味全龍,A_WinsorizedBalanced-v0.1,B_QuadraticTanh-v1,370,Qualified,False,2026-08-11,0.196677901772,0.380757269883,-0.639395969427,-0.116120990018,66.4330031965,67.8030577747,59.8613972881,64.1452211579,66,68,60,64
324,黃煚隆,1996,味全龍,A_WinsorizedBalanced-v0.1,B_QuadraticTanh-v1,262,Regular,False,2026-08-11,0.92799778898,-0.388876423176,-0.778751320944,-0.0505961769809,72.0115334744,61.9957856636,58.6161945154,64.6321371099,72,62,59,65
324,黃煚隆,1997,味全龍,A_WinsorizedBalanced-v0.1,B_QuadraticTanh-v1,339,Qualified,False,2026-08-11,0.520769796001,1.58617485958,0.132512311775,1.81563049321,68.8620587082,77.2368803219,65.961843909,79.0686894944,69,77,66,79
324,黃煚隆,1998,味全龍,A_WinsorizedBalanced-v0.1,B_QuadraticTanh-v1,393,Qualified,False,2026-08-11,2.78052611623,0.119882002299,-0.472955017652,0.105086342638,86.5727397227,65.8695094425,61.2954901704,65.7615183738,87,66,61,66
324,黃煚隆,1999,味全龍,A_WinsorizedBalanced-v0.1,B_QuadraticTanh-v1,259,Regular,False,2026-08-11,1.60802789693,0.834658724883,-0.154718505725,-0.0547622122214,77.4114757831,71.2817504945,63.8529247752,64.6015308293,77,71,64,65
325,孟雷,1990,三商,A_WinsorizedBalanced-v0.1,B_QuadraticTanh-v1,331,Qualified,False,2026-08-11,-0.755679003227,2.61281530839,1.85174046427,-0.637589686129,58.8249358528,85.3080311707,79.3563936304,59.8772829065,59,85,79,60
326,羅曼,1990,統一7-ELEVEn獅,A_WinsorizedBalanced-v0.1,B_QuadraticTanh-v1,345,Qualified,False,2026-08-11,-0.201853244344,-1.28589054857,1.95745800253,-0.0984878630516,63.4905508937,53.8308121936,80.1971184041,64.2774102734,63,54,80,64
326,羅曼,1991,統一7-ELEVEn獅,A_WinsorizedBalanced-v0.1,B_QuadraticTanh-v1,249,Regular,False,2026-08-11,-0.849426823088,-1.06983094976,0.68374781659,0.339664128388,57.9708498342,55.9080730861,70.1112126502,67.4949378489,58,56,70,67
326,羅曼,1992,統一7-ELEVEn獅,A_WinsorizedBalanced-v0.1,B_QuadraticTanh-v1,126,Provisional,False,2026-08-11,-0.483715710434,-0.787716326374,1.6691195732,-0.320209403598,61.2046558301,58.53482303,77.8995066867,62.5549338343,61,59,78,63
327,林振賢,1990,三商,A_WinsorizedBalanced-v0.1,B_QuadraticTanh-v1,268,Regular,False,2026-08-11,0.168577506024,-0.564705660471,-0.362982419772,0.095574795009,66.2262426601,60.5125049676,62.2080127586,65.6921944668,66,61,62,66
327,林振賢,1991,三商,A_WinsorizedBalanced-v0.1,B_QuadraticTanh-v1,224,Regular,False,2026-08-11,0.293428278885,-0.293710015919,-1.06703658119,2.92847398972,67.1497909651,62.7675510163,55.9346360476,87.6686398485,67,63,56,88
327,林振賢,1992,三商,A_WinsorizedBalanced-v0.1,B_QuadraticTanh-v1,145,Provisional,False,2026-08-11,-0.135287091787,0.524201894151,-0.468204517937,0.345461205863,64.0005810708,68.8881884989,61.3355047189,67.5383279457,64,69,61,68
327,林振賢,1993,三商,A_WinsorizedBalanced-v0.1,B_QuadraticTanh-v1,150,Regular,False,2026-08-11,-0.411707505561,-0.090078396399,-0.608951330756,-0.186854730802,61.8073017044,64.3401539736,60.1282340288,63.6065023838,62,64,60,64
327,林振賢,1994,三商,A_WinsorizedBalanced-v0.1,B_QuadraticTanh-v1,114,Provisional,False,2026-08-11,-0.664605418929,0.000431758987419,-0.750400876202,0.0326865392078,59.6389867286,65.0031087486,58.8725497714,65.2358217079,60,65,59,65
328,宋榮泰,1990,統一7-ELEVEn獅,A_WinsorizedBalanced-v0.1,B_QuadraticTanh-v1,329,Qualified,False,2026-08-11,0.518454372919,3.12521986011,0.482667321557,-1.30846539139,68.8444350257,89.0936571991,68.5725063084,53.6116740129,69,89,69,54
328,宋榮泰,1991,統一7-ELEVEn獅,A_WinsorizedBalanced-v0.1,B_QuadraticTanh-v1,280,Qualified,False,2026-08-11,-0.202283115509,0.936891515372,-0.450999452345,-0.573798218651,63.4872188269,72.0812788046,61.4799837598,60.4338834736,63,72,61,60
328,宋榮泰,1992,統一7-ELEVEn獅,A_WinsorizedBalanced-v0.1,B_QuadraticTanh-v1,243,Regular,False,2026-08-11,-0.731526333427,0.362970053114,0.460607828613,-0.844935845832,59.0423873853,67.6695324702,68.4053255039,58.0121142345,59,68,68,58
328,宋榮泰,1993,統一7-ELEVEn獅,A_WinsorizedBalanced-v0.1,B_QuadraticTanh-v1,212,Regular,False,2026-08-11,0.403150066764,0.227610972429,-0.238046521904,-0.567158642693,67.9714887074,66.6613566051,63.2082999897,60.4913123837,68,67,63,60
328,宋榮泰,1994,統一7-ELEVEn獅,A_WinsorizedBalanced-v0.1,B_QuadraticTanh-v1,234,Regular,False,2026-08-11,0.403411234953,-0.661088851238,0.0964883757919,-0.556000903481,67.9734552917,59.6700898365,65.6988496176,60.5876029574,68,60,66,61
328,宋榮泰,1995,統一7-ELEVEn獅,A_WinsorizedBalanced-v0.1,B_QuadraticTanh-v1,99,Provisional,False,2026-08-11,-0.0759275889513,0.344911298786,-0.472682384104,-0.267088610284,64.4452968117,67.5342108964,61.2977880514,62.9793406794,64,68,61,63
328,宋榮泰,1996,統一7-ELEVEn獅,A_WinsorizedBalanced-v0.1,B_QuadraticTanh-v1,221,Regular,False,2026-08-11,1.03653243586,-0.468716924262,1.17502660977,-0.899853150677,72.864930117,61.3311911418,73.9601872806,57.5052415117,73,61,74,58
328,宋榮泰,1997,統一7-ELEVEn獅,A_WinsorizedBalanced-v0.1,B_QuadraticTanh-v1,291,Regular,False,2026-08-11,-0.400725583512,1.97795825487,-0.374069911231,-0.907748630189,61.8981220321,80.3598247752,62.117341796,57.4319708728,62,80,62,57
328,宋榮泰,1998,統一7-ELEVEn獅,A_WinsorizedBalanced-v0.1,B_QuadraticTanh-v1,173,Regular,False,2026-08-11,-0.60443648295,1.24472738326,-0.811965682568,-0.643339594245,60.1676383674,74.513578516,58.3140002807,59.8266909867,60,75,58,60
329,鄭百勝,1990,統一7-ELEVEn獅,A_WinsorizedBalanced-v0.1,B_QuadraticTanh-v1,332,Qualified,False,2026-08-11,1.6632198826,0.744989266578,-0.67251706846,1.18537976522,77.8523840557,70.5847366024,59.5689185161,74.0423043825,78,71,60,74
329,鄭百勝,1991,統一7-ELEVEn獅,A_WinsorizedBalanced-v0.1,B_QuadraticTanh-v1,295,Qualified,False,2026-08-11,1.07951202979,0.0400568772144,-0.273848828728,1.63305850218,73.2041378239,65.2891275864,62.9257316071,77.6114490616,73,65,63,78
329,鄭百勝,1992,統一7-ELEVEn獅,A_WinsorizedBalanced-v0.1,B_QuadraticTanh-v1,307,Qualified,False,2026-08-11,-0.307803374876,-0.167167684893,-1.02302570046,-0.204901810464,62.654695373,63.7577916007,56.3517495764,63.4669099379,63,64,56,63
329,鄭百勝,1993,統一7-ELEVEn獅,A_WinsorizedBalanced-v0.1,B_QuadraticTanh-v1,328,Qualified,False,2026-08-11,0.575278152997,0.831828714509,-0.882608977733,2.65047275815,69.2779701445,71.2596890191,57.6649272402,85.5939319587,69,71,58,86
329,鄭百勝,1994,統一7-ELEVEn獅,A_WinsorizedBalanced-v0.1,B_QuadraticTanh-v1,395,Qualified,False,2026-08-11,0.907624680433,0.03024388939,-0.658700793736,1.28656765642,71.8518983266,65.2181659061,59.6911972024,74.8463412362,72,65,60,75
329,鄭百勝,1995,統一7-ELEVEn獅,A_WinsorizedBalanced-v0.1,B_QuadraticTanh-v1,415,Qualified,False,2026-08-11,0.624279798935,0.513530912474,-1.11666157549,2.04533919716,69.6534957592,68.8069724285,55.46158673,80.893733798,70,69,55,81
329,鄭百勝,1996,統一7-ELEVEn獅,A_WinsorizedBalanced-v0.1,B_QuadraticTanh-v1,352,Qualified,False,2026-08-11,0.515677352692,0.958341106854,-1.05340312151,0.722381813536,68.82330268,72.2496294571,56.0641011885,70.4096869591,69,72,56,70
330,孫昭立,1990,味全龍,A_WinsorizedBalanced-v0.1,B_QuadraticTanh-v1,320,Qualified,False,2026-08-11,0.482221282486,-1.39552859079,0.432701990042,4.77815392355,68.569122598,52.7642401673,68.1943267324,99.1351501091,69,53,68,99
330,孫昭立,1991,味全龍,A_WinsorizedBalanced-v0.1,B_QuadraticTanh-v1,349,Qualified,False,2026-08-11,0.422304513468,-0.380497517431,-0.286476785958,2.99909739745,68.1158521369,62.0646395556,62.8252758063,88.1846046391,68,62,63,88
330,孫昭立,1992,味全龍,A_WinsorizedBalanced-v0.1,B_QuadraticTanh-v1,354,Qualified,False,2026-08-11,0.921809607981,-0.941846559736,0.101748758555,1.08266483142,71.963025848,57.1144427457,65.7371838705,73.2290465228,72,57,66,73
330,孫昭立,1993,味全龍,A_WinsorizedBalanced-v0.1,B_QuadraticTanh-v1,372,Qualified,False,2026-08-11,0.110915227437,-1.46582699462,-0.572792415843,0.395773928757,65.8040400425,52.078272713,60.4425893488,67.9159672954,66,52,60,68
330,孫昭立,1994,味全龍,A_WinsorizedBalanced-v0.1,B_QuadraticTanh-v1,342,Qualified,False,2026-08-11,0.0558707920491,-1.44771214489,-0.662365850913,0.830163240191,65.4036635706,52.2551194775,59.6587980246,71.246707607,65,52,60,71
330,孫昭立,1995,味全龍,A_WinsorizedBalanced-v0.1,B_QuadraticTanh-v1,384,Qualified,False,2026-08-11,-0.272434131241,-1.55707640766,0.463294439845,-0.632516360374,62.936960022,51.1873576525,68.42566821,59.9218646824,63,51,68,60
330,孫昭立,1996,味全龍,A_WinsorizedBalanced-v0.1,B_QuadraticTanh-v1,341,Qualified,False,2026-08-11,0.684653017554,0.286769250125,0.62928624914,-0.725555196972,70.1181961048,67.1002181565,69.6919472427,59.095975932,70,67,70,59
331,汪俊良,1990,統一7-ELEVEn獅,A_WinsorizedBalanced-v0.1,B_QuadraticTanh-v1,329,Qualified,False,2026-08-11,0.540618673581,0.541018423958,-0.486231968312,-0.591930183649,69.0132839407,69.0163322578,61.1833765172,60.2765622107,69,69,61,60
331,汪俊良,1991,統一7-ELEVEn獅,A_WinsorizedBalanced-v0.1,B_QuadraticTanh-v1,263,Regular,False,2026-08-11,0.465611342789,-0.083482789441,-0.931229166431,-1.06043365677,68.4432155837,64.3892287989,57.2135025303,55.9973660463,68,64,57,56
331,汪俊良,1992,統一7-ELEVEn獅,A_WinsorizedBalanced-v0.1,B_QuadraticTanh-v1,249,Regular,False,2026-08-11,0.149706882874,0.721757791256,-0.672371324189,-0.470159751247,66.0877630865,70.4048591982,59.5702104211,61.3190417282,66,70,60,61
331,汪俊良,1993,統一7-ELEVEn獅,A_WinsorizedBalanced-v0.1,B_QuadraticTanh-v1,176,Regular,False,2026-08-11,-0.139315934156,1.82979326184,-0.786193686891,-0.742147165445,63.9700502245,79.1815583111,58.5486536239,58.9469015672,64,79,59,59
332,涂忠男,1990,三商,A_WinsorizedBalanced-v0.1,B_QuadraticTanh-v1,298,Qualified,False,2026-08-11,0.0926253243325,0.223488177208,-1.2834326324,-0.271967698174,65.6707134148,66.6308764164,53.8546536226,62.9406609578,66,67,54,63
332,涂忠男,1991,三商,A_WinsorizedBalanced-v0.1,B_QuadraticTanh-v1,224,Regular,False,2026-08-11,0.554563312062,-0.744794872357,-0.76997377586,0.460060552452,69.1196816442,58.923064246,58.6957227761,68.4011822128,69,59,59,68
332,涂忠男,1992,三商,A_WinsorizedBalanced-v0.1,B_QuadraticTanh-v1,230,Regular,False,2026-08-11,1.14350807391,-0.606075373807,-0.97988438086,-0.677711397407,73.7103858256,60.1533396056,56.7582057628,59.5228470372,74,60,57,60
333,馬斯,1990,味全龍,A_WinsorizedBalanced-v0.1,B_QuadraticTanh-v1,298,Qualified,False,2026-08-11,-0.45065192689,0.526511383661,3.84812975784,-0.0294862576292,61.4828949072,68.905775905,93.9484600823,64.7864843787,61,69,94,65
333,馬斯,1991,味全龍,A_WinsorizedBalanced-v0.1,B_QuadraticTanh-v1,301,Qualified,False,2026-08-11,-1.95902557109,1.47000020327,2.28943480457,-0.659524137275,47.3115600397,76.3088827187,82.8134977229,59.6839212161,47,76,83,60
333,馬斯,1992,味全龍,A_WinsorizedBalanced-v0.1,B_QuadraticTanh-v1,90,Provisional,False,2026-08-11,-1.62878921968,0.998468247241,1.50751360001,0.365699140513,50.4881296692,72.5650921045,76.6084689801,67.6900039148,50,73,77,68
334,李安熙,1990,味全龍,A_WinsorizedBalanced-v0.1,B_QuadraticTanh-v1,321,Qualified,False,2026-08-11,-0.0632807293797,0.141402408908,0.0779030119214,-0.98642792769,64.5387992142,66.0269166148,65.5636032091,56.6967172531,65,66,66,57
334,李安熙,1991,味全龍,A_WinsorizedBalanced-v0.1,B_QuadraticTanh-v1,265,Regular,False,2026-08-11,-0.708438262785,0.432595017939,-0.197086976827,-0.67743028779,59.2492123338,68.1935189699,63.5274629469,59.5253417493,59,68,64,60
334,李安熙,1992,味全龍,A_WinsorizedBalanced-v0.1,B_QuadraticTanh-v1,260,Regular,False,2026-08-11,-0.803372514285,0.415523963424,0.703080266396,-0.706532948335,58.3923720116,68.0647180502,70.2604622149,59.2662340939,58,68,70,59
334,李安熙,1993,味全龍,A_WinsorizedBalanced-v0.1,B_QuadraticTanh-v1,266,Regular,False,2026-08-11,-0.422777474267,0.620033374796,0.198692084325,-1.00724992784,61.7154583434,69.6208936792,66.4478484409,56.5006688099,62,70,66,57
334,李安熙,1994,味全龍,A_WinsorizedBalanced-v0.1,B_QuadraticTanh-v1,259,Regular,False,2026-08-11,-1.59816371409,-0.885276084159,-0.408537372077,-0.242147256277,50.7865561792,57.6402600518,61.8335486506,63.1761040228,51,58,62,63
334,李安熙,1995,味全龍,A_WinsorizedBalanced-v0.1,B_QuadraticTanh-v1,318,Qualified,False,2026-08-11,-0.496465445045,1.78647554888,-0.242414917298,-1.15843848789,61.0966839591,78.836239247,63.1740010188,55.0613232433,61,79,63,55
334,李安熙,1996,味全龍,A_WinsorizedBalanced-v0.1,B_QuadraticTanh-v1,153,Regular,False,2026-08-11,-1.83774447393,0.911675677376,-0.908235807663,-0.229570306027,48.4663482565,71.8836253869,57.4274466507,63.2747097291,48,72,57,63
335,余富誠,1990,統一7-ELEVEn獅,A_WinsorizedBalanced-v0.1,B_QuadraticTanh-v1,246,Regular,False,2026-08-11,-2.03354217138,-0.670234301635,-0.151662934187,0.316287671619,46.6117443807,59.5891484698,63.8762109955,67.3202288914,47,60,64,67
335,余富誠,1991,統一7-ELEVEn獅,A_WinsorizedBalanced-v0.1,B_QuadraticTanh-v1,223,Regular,False,2026-08-11,-2.32569138898,-0.435125689536,-0.12320921797,0.257449701831,43.963425791,61.6126626762,64.0918448058,66.88236495,44,62,64,67
335,余富誠,1992,統一7-ELEVEn獅,A_WinsorizedBalanced-v0.1,B_QuadraticTanh-v1,92,Provisional,False,2026-08-11,-1.46445322052,0.173669734279,-0.311552931847,-0.20158794724,52.0916854768,66.2636622994,62.6245848964,63.4926070511,52,66,63,63
335,余富誠,1993,統一7-ELEVEn獅,A_WinsorizedBalanced-v0.1,B_QuadraticTanh-v1,72,Provisional,False,2026-08-11,-0.53633275302,0.0430172992847,0.173964731769,-0.0688230574916,60.7566660004,65.3105523442,66.2658307152,64.4978771805,61,65,66,64
336,王光輝,1990,兄弟,A_WinsorizedBalanced-v0.1,B_QuadraticTanh-v1,337,Qualified,False,2026-08-11,1.95706643459,-0.43543175179,1.67544593959,-0.759468149694,80.1940094813,61.610110158,77.9500350034,58.7907219527,80,62,78,59
336,王光輝,1991,兄弟,A_WinsorizedBalanced-v0.1,B_QuadraticTanh-v1,274,Regular,False,2026-08-11,1.05218585322,0.362078014683,1.85592911729,-0.558215865035,72.9883941115,67.6628423145,79.3897508673,60.5685098189,73,68,79,61
336,王光輝,1992,兄弟,A_WinsorizedBalanced-v0.1,B_QuadraticTanh-v1,362,Qualified,False,2026-08-11,0.0625326962146,0.216921199443,0.680036067797,1.08525952282,65.4519798651,66.5823546382,70.0825822174,73.2495484469,65,67,70,73
336,王光輝,1993,兄弟,A_WinsorizedBalanced-v0.1,B_QuadraticTanh-v1,320,Qualified,False,2026-08-11,1.95585630229,-0.248339445075,1.71205863378,0.403014590868,80.1844011602,63.1274043933,78.2424023236,67.9704685998,80,63,78,68
336,王光輝,1994,兄弟,A_WinsorizedBalanced-v0.1,B_QuadraticTanh-v1,360,Qualified,False,2026-08-11,0.804315287742,-1.405440169,0.897417590981,-1.03370671363,71.0454173742,52.6675885329,71.7719904251,56.2507412667,71,53,72,56
336,王光輝,1995,兄弟,A_WinsorizedBalanced-v0.1,B_QuadraticTanh-v1,327,Qualified,False,2026-08-11,1.136614126,-0.360794572678,0.878702461299,-0.727103961895,73.6557872989,62.2258685591,71.6256009915,59.0820829569,74,62,72,59
336,王光輝,1996,兄弟,A_WinsorizedBalanced-v0.1,B_QuadraticTanh-v1,377,Qualified,False,2026-08-11,1.55075555534,-1.64193296554,0.431860302358,-0.764749511935,76.9539004432,50.3601606276,68.1879712424,58.7429896923,77,50,68,59
336,王光輝,1997,兄弟,A_WinsorizedBalanced-v0.1,B_QuadraticTanh-v1,405,Qualified,False,2026-08-11,0.822986514104,-0.386817790069,-0.26670895378,-1.2426591745,71.1907850798,62.0127184719,62.9823478879,54.2495806261,71,62,63,54
336,王光輝,1998,兄弟,A_WinsorizedBalanced-v0.1,B_QuadraticTanh-v1,359,Qualified,False,2026-08-11,1.41209956157,-1.32794638917,0.704708660185,-0.564323410239,75.846724161,53.422345368,70.2730435121,60.5158062347,76,53,70,61
336,王光輝,1999,兄弟,A_WinsorizedBalanced-v0.1,B_QuadraticTanh-v1,363,Qualified,False,2026-08-11,0.133706744046,0.217129522522,0.689915756597,-0.701068862191,65.9705828819,66.5838933478,70.158806601,59.3150098707,66,67,70,59
336,王光輝,2000,兄弟,A_WinsorizedBalanced-v0.1,B_QuadraticTanh-v1,112,Provisional,False,2026-08-11,-0.0480547705913,-0.241176885403,-0.345941506151,-0.294477853997,64.6507842755,63.1837266289,62.3467753675,62.7614154293,65,63,62,63
336,王光輝,2001,兄弟,A_WinsorizedBalanced-v0.1,B_QuadraticTanh-v1,267,Regular,False,2026-08-11,0.095301918317,-0.113789029156,0.326789591923,-0.877930486388,65.6902067851,64.1627516248,67.398665566,57.7081694424,66,64,67,58
337,郭建霖,1990,味全龍,A_WinsorizedBalanced-v0.1,B_QuadraticTanh-v1,317,Qualified,False,2026-08-11,0.959587384757,0.656017930246,-0.893244346073,0.768983076895,72.2594171195,69.8975156386,57.566496575,70.770828002,72,70,58,71
337,郭建霖,1991,味全龍,A_WinsorizedBalanced-v0.1,B_QuadraticTanh-v1,352,Qualified,False,2026-08-11,0.930740521311,0.569934202061,-0.692272397469,0.375484523205,72.0330384983,69.2371087906,59.3934089741,67.7634517313,72,69,59,68
337,郭建霖,1992,味全龍,A_WinsorizedBalanced-v0.1,B_QuadraticTanh-v1,390,Qualified,False,2026-08-11,1.08561825664,0.464666052966,-0.930965278365,0.909374217625,73.2523831601,68.4360558519,57.2159624524,71.8655996395,73,68,57,72
337,郭建霖,1993,味全龍,A_WinsorizedBalanced-v0.1,B_QuadraticTanh-v1,337,Qualified,False,2026-08-11,0.430944327056,0.271201551821,-0.665591762003,1.04288808793,68.1810553904,66.984460881,59.6302582689,72.9150484496,68,67,60,73
337,郭建霖,1994,味全龍,A_WinsorizedBalanced-v0.1,B_QuadraticTanh-v1,357,Qualified,False,2026-08-11,0.133788476603,-0.054751532887,-0.888414401829,0.304642847184,65.9711809162,64.6016093477,57.6112202105,67.2333553584,66,65,58,67
337,郭建霖,1995,味全龍,A_WinsorizedBalanced-v0.1,B_QuadraticTanh-v1,448,Qualified,False,2026-08-11,0.998108226712,0.250674276843,-0.630177533923,0.247366338603,72.5622588631,66.8321183903,59.9423990017,66.8076000316,73,67,60,67
337,郭建霖,1996,味全龍,A_WinsorizedBalanced-v0.1,B_QuadraticTanh-v1,337,Qualified,False,2026-08-11,-0.240004739555,0.546042284385,-1.24771575765,2.0935612325,63.1929309725,69.0546509491,54.2006646606,81.2749112389,63,69,54,81
338,麥克,1990,味全龍,A_WinsorizedBalanced-v0.1,B_QuadraticTanh-v1,281,Qualified,False,2026-08-11,-0.591225588075,-0.00648087704,0.651204125541,-0.282662739159,60.2826888987,64.9532789106,69.8604652472,62.8556598418,60,65,70,63
338,麥克,1993,俊國,A_WinsorizedBalanced-v0.1,B_QuadraticTanh-v1,234,Regular,False,2026-08-11,-0.716823016276,-0.057355492839,0.400362497682,0.571016260894,59.1742202302,64.5824547482,67.9505015411,69.2453810319,59,65,68,69
339,陳正中,1990,三商,A_WinsorizedBalanced-v0.1,B_QuadraticTanh-v1,299,Qualified,False,2026-08-11,-0.641099285938,0.887412223731,0.934761324457,-0.391856085279,59.84641102,71.6937082946,72.0645705127,61.9712587965,60,72,72,62
339,陳正中,1991,三商,A_WinsorizedBalanced-v0.1,B_QuadraticTanh-v1,307,Qualified,False,2026-08-11,-0.0301829486729,0.652606068188,1.67227395025,-0.0954764831915,64.7814101971,69.8712541368,77.9247008199,64.2999006541,65,70,78,64
339,陳正中,1992,三商,A_WinsorizedBalanced-v0.1,B_QuadraticTanh-v1,356,Qualified,False,2026-08-11,-0.0435852487503,0.00596464619055,1.01063736829,-0.208525210045,64.6835352901,65.0429614492,72.660889206,63.4387793224,65,65,73,63
339,陳正中,1993,三商,A_WinsorizedBalanced-v0.1,B_QuadraticTanh-v1,322,Qualified,False,2026-08-11,-0.261451590925,-0.328446262623,0.347972033656,0.0538017031566,63.0239524535,62.4884832804,67.5571289383,65.3886651782,63,62,68,65
339,陳正中,1994,三商,A_WinsorizedBalanced-v0.1,B_QuadraticTanh-v1,215,Regular,False,2026-08-11,-0.615159865935,-1.24390404029,-0.386996993933,-0.713478951999,60.0739768765,54.2375398456,62.0112448842,59.2041454884,60,54,62,59
339,陳正中,1995,三商,A_WinsorizedBalanced-v0.1,B_QuadraticTanh-v1,99,Provisional,False,2026-08-11,-0.0322893010322,-0.747395992498,0.0832256848043,-0.209643927296,64.7660608779,58.8996334713,65.6023058912,63.4300870465,65,59,66,63
340,努那,1990,兄弟,A_WinsorizedBalanced-v0.1,B_QuadraticTanh-v1,283,Qualified,False,2026-08-11,-0.0113295628597,-1.59270041317,-0.450506098798,0.643129606384,64.9182475935,50.8398250112,61.4841163933,69.7983494764,65,51,61,70
341,洪正欽,1990,味全龍,A_WinsorizedBalanced-v0.1,B_QuadraticTanh-v1,276,Regular,False,2026-08-11,-0.856761631014,-1.15383385346,-0.760610740414,0.662554920178,57.9033828643,55.1055246072,58.7803997503,69.9478510835,58,55,59,70
341,洪正欽,1991,味全龍,A_WinsorizedBalanced-v0.1,B_QuadraticTanh-v1,117,Provisional,False,2026-08-11,-0.891372296796,0.30721554701,0.0566072075059,0.342244689659,57.5838355089,67.2525393759,65.4090026002,67.5142497484,58,67,65,68
341,洪正欽,1992,味全龍,A_WinsorizedBalanced-v0.1,B_QuadraticTanh-v1,118,Provisional,False,2026-08-11,-1.83490192734,-0.873018990521,-0.617650714022,0.775748139519,48.4936144268,57.7535271857,60.0521860906,70.8233526453,48,58,60,71
341,洪正欽,1993,味全龍,A_WinsorizedBalanced-v0.1,B_QuadraticTanh-v1,95,Provisional,False,2026-08-11,-1.93734259049,0.666434177406,-0.965919066461,0.461555058718,47.5166804674,69.9777337783,56.8892356657,68.4124972426,48,70,57,68
341,洪正欽,1994,味全龍,A_WinsorizedBalanced-v0.1,B_QuadraticTanh-v1,141,Provisional,False,2026-08-11,-0.463302846105,-0.434352184682,-0.1547209975,0.224481506314,61.3767372523,61.6191126068,63.8529057754,66.6382189272,61,62,64,67
341,洪正欽,1995,味全龍,A_WinsorizedBalanced-v0.1,B_QuadraticTanh-v1,164,Regular,False,2026-08-11,-1.59549163527,-1.099975671,-0.219606399634,0.943498693789,50.8126086537,55.6209499672,63.3525345064,72.133115213,51,56,63,72
341,洪正欽,1996,味全龍,A_WinsorizedBalanced-v0.1,B_QuadraticTanh-v1,127,Provisional,False,2026-08-11,-0.0958882192412,0.542218881878,-0.711575027587,-0.204868945161,64.2968270818,69.0254870456,59.221173557,63.4671649321,64,69,59,63
341,洪正欽,1997,味全龍,A_WinsorizedBalanced-v0.1,B_QuadraticTanh-v1,176,Regular,False,2026-08-11,-1.42079864756,1.037345597,-0.526288281856,0.299242844004,52.5177715106,72.8713415661,60.8426722133,67.193105494,53,73,61,67
341,洪正欽,1998,味全龍,A_WinsorizedBalanced-v0.1,B_QuadraticTanh-v1,175,Regular,False,2026-08-11,-1.34789145508,-0.494540786852,-0.458566205843,-0.0842455534151,53.2283153731,61.1130070801,61.4165279688,64.3835595293,53,61,61,64
341,洪正欽,1999,味全龍,A_WinsorizedBalanced-v0.1,B_QuadraticTanh-v1,274,Regular,False,2026-08-11,0.0950904635152,0.535864494551,-0.0542736660623,-0.854126967699,65.6886665554,68.9770388052,64.6051224769,57.9276273318,66,69,65,58
341,洪正欽,2000,中信,A_WinsorizedBalanced-v0.1,B_QuadraticTanh-v1,143,Provisional,False,2026-08-11,-0.0613044442195,-0.0629945695506,-0.171922526192,-0.407622523924,64.553370718,64.540909789,63.7213468245,61.8411185653,65,65,64,62
342,黃世明,1990,三商,A_WinsorizedBalanced-v0.1,B_QuadraticTanh-v1,300,Qualified,False,2026-08-11,1.17568605105,-1.04620661755,1.57142374,1.72399273101,73.9654168033,56.1323496552,77.1190254734,78.3376764339,74,56,77,78
342,黃世明,1991,三商,A_WinsorizedBalanced-v0.1,B_QuadraticTanh-v1,114,Provisional,False,2026-08-11,-0.0527283406241,-1.23529692508,0.793570625858,0.326496397606,64.6164789096,54.3207678163,70.9618443981,67.3964746112,65,54,71,67
342,黃世明,1992,三商,A_WinsorizedBalanced-v0.1,B_QuadraticTanh-v1,158,Regular,False,2026-08-11,-0.906503076983,-1.20408187951,0.260826240306,0.126230279013,57.4435361518,54.6221326792,66.9074190134,65.9159018412,57,55,67,66
342,黃世明,1993,三商,A_WinsorizedBalanced-v0.1,B_QuadraticTanh-v1,278,Regular,False,2026-08-11,-0.0216039845388,0.607985943769,0.816153908952,0.587082876042,64.8437989234,69.5284599411,71.1375681667,69.3682972969,65,70,71,69
342,黃世明,1994,三商,A_WinsorizedBalanced-v0.1,B_QuadraticTanh-v1,51,Provisional,False,2026-08-11,-1.44360621722,0.809150234037,-0.24457868393,0.416259838811,52.2951978214,71.083043498,63.1569935155,68.0702658938,52,71,63,68
342,黃世明,1995,兄弟,A_WinsorizedBalanced-v0.1,B_QuadraticTanh-v1,180,Regular,False,2026-08-11,-0.0900101320959,-1.0555353177,-0.279148269128,-0.280636054756,64.3406625069,56.0438682806,62.8836242907,62.8717899332,64,56,63,63
343,鄭幸生,1990,三商,A_WinsorizedBalanced-v0.1,B_QuadraticTanh-v1,282,Qualified,False,2026-08-11,0.667898146312,-1.3257720976,-0.151671928361,0.43510890617,69.989013347,53.4434860493,63.8761424886,68.2125038814,70,53,64,68
343,鄭幸生,1991,三商,A_WinsorizedBalanced-v0.1,B_QuadraticTanh-v1,285,Qualified,False,2026-08-11,0.520382170751,-0.769564576689,0.0683234124491,-0.873125665784,68.8591080747,58.6994268498,65.4940093627,57.7525424539,69,59,65,58
343,鄭幸生,1992,三商,A_WinsorizedBalanced-v0.1,B_QuadraticTanh-v1,256,Regular,False,2026-08-11,-0.562633155358,-1.08793919972,-0.655936185656,-0.119719268716,60.5304001045,55.735718603,59.7156182403,64.1181421632,61,56,60,64
343,鄭幸生,1993,三商,A_WinsorizedBalanced-v0.1,B_QuadraticTanh-v1,186,Regular,False,2026-08-11,0.00103710731706,-0.354049905078,-0.71782179064,0.608936788702,65.0074676566,62.2808394662,59.1652782221,69.535751999,65,62,59,70
343,鄭幸生,1994,三商,A_WinsorizedBalanced-v0.1,B_QuadraticTanh-v1,153,Regular,False,2026-08-11,0.101877225616,-0.114098308732,-0.602706799148,0.0774498741015,65.7381203533,64.160427473,60.1827230475,65.5603094523,66,64,60,66
344,曾智偵,1990,統一7-ELEVEn獅,A_WinsorizedBalanced-v0.1,B_QuadraticTanh-v1,245,Regular,False,2026-08-11,-0.274060857668,0.643543789836,0.258557705317,0.773587007536,62.9240482949,69.8015347532,66.890585385,70.806570738,63,70,67,71
344,曾智偵,1991,統一7-ELEVEn獅,A_WinsorizedBalanced-v0.1,B_QuadraticTanh-v1,362,Qualified,False,2026-08-11,0.988246239701,0.502430771651,0.420900372879,2.04150512888,72.4846685078,68.7225715552,68.1052603854,80.8633923566,72,69,68,81
344,曾智偵,1992,統一7-ELEVEn獅,A_WinsorizedBalanced-v0.1,B_QuadraticTanh-v1,274,Regular,False,2026-08-11,0.246829206484,0.482032809727,0.201963096795,-0.056150063888,66.8036196473,68.5676928604,66.4719640681,64.5913241529,67,69,66,65
344,曾智偵,1993,統一7-ELEVEn獅,A_WinsorizedBalanced-v0.1,B_QuadraticTanh-v1,330,Qualified,False,2026-08-11,0.730635975887,-1.00390154753,-0.0645402539875,-0.218581970047,70.47356601,56.5322345903,64.5295068924,63.360521201,70,57,65,63
344,曾智偵,1994,統一7-ELEVEn獅,A_WinsorizedBalanced-v0.1,B_QuadraticTanh-v1,213,Regular,False,2026-08-11,-0.219508467851,0.36466104943,0.965447044267,-0.302283237682,63.353298125,67.6822163246,72.3054448211,62.6989593392,63,68,72,63
344,曾智偵,1995,統一7-ELEVEn獅,A_WinsorizedBalanced-v0.1,B_QuadraticTanh-v1,372,Qualified,False,2026-08-11,0.875246229818,0.113646132649,0.87657045757,-0.109278647583,71.5985843624,65.8239720006,71.6089349027,64.1966163251,72,66,72,64
344,曾智偵,1996,統一7-ELEVEn獅,A_WinsorizedBalanced-v0.1,B_QuadraticTanh-v1,394,Qualified,False,2026-08-11,0.686850884739,0.493437437026,0.677234462402,-0.378626971734,70.1351542244,68.6542513743,70.0609774868,62.0799873071,70,69,70,62
344,曾智偵,1997,統一7-ELEVEn獅,A_WinsorizedBalanced-v0.1,B_QuadraticTanh-v1,359,Qualified,False,2026-08-11,0.166557253857,0.149686291822,-0.472998496927,0.59976778729,66.2114030633,66.087612145,61.295123691,69.4654582584,66,66,61,69
344,曾智偵,1998,統一7-ELEVEn獅,A_WinsorizedBalanced-v0.1,B_QuadraticTanh-v1,342,Qualified,False,2026-08-11,1.1714211144,-0.0116994756214,0.235235858526,-0.603344392473,73.9315970583,64.9155723105,66.7177642677,60.1771633002,74,65,67,60
344,曾智偵,2003,統一7-ELEVEn獅,A_WinsorizedBalanced-v0.1,B_QuadraticTanh-v1,110,Provisional,False,2026-08-11,1.02966363091,1.39233852249,0.0258491941853,-0.0636131930506,72.8107822596,75.6890811003,65.1864138132,64.5363468413,73,76,65,65
345,吳俊達,1990,兄弟,A_WinsorizedBalanced-v0.1,B_QuadraticTanh-v1,294,Qualified,False,2026-08-11,0.87383008374,0.896013727315,-0.773068698328,2.53277408651,71.5875162817,71.7610037827,58.6676975628,84.6969041855,72,72,59,85
345,吳俊達,1991,兄弟,A_WinsorizedBalanced-v0.1,B_QuadraticTanh-v1,317,Qualified,False,2026-08-11,0.0270670302168,-0.621190555033,-0.462316897486,1.70929240752,65.1952110739,60.0211958123,61.3850241776,78.2203166743,65,60,61,78
345,吳俊達,1992,兄弟,A_WinsorizedBalanced-v0.1,B_QuadraticTanh-v1,85,Provisional,False,2026-08-11,-0.702508615509,0.0975241307234,-0.586171916177,1.11027771344,59.3021634389,65.7063956402,60.3266008154,73.4473463122,59,66,60,73
345,吳俊達,1993,兄弟,A_WinsorizedBalanced-v0.1,B_QuadraticTanh-v1,71,Provisional,False,2026-08-11,-0.54960579835,0.0650117526896,-0.161118813398,0.28168357952,60.6426682995,65.469969469,63.8040673281,67.062381509,61,65,64,67
345,吳俊達,1994,兄弟,A_WinsorizedBalanced-v0.1,B_QuadraticTanh-v1,129,Provisional,False,2026-08-11,-0.0720044423279,0.0134263798209,-0.828861500214,0.261834044582,64.4743490466,65.0967509061,58.1595299711,66.9148987212,64,65,58,67
346,許錫華,1990,三商,A_WinsorizedBalanced-v0.1,B_QuadraticTanh-v1,192,Regular,False,2026-08-11,0.232610179803,0.359029671586,-0.0629917519937,-0.914737615327,66.698334628,67.6399846911,64.5409305688,57.3670318452,67,68,65,57
346,許錫華,1991,三商,A_WinsorizedBalanced-v0.1,B_QuadraticTanh-v1,157,Regular,False,2026-08-11,0.0625274716652,-1.00546427522,-0.413649271322,-0.658866016786,65.4519419582,56.5175043293,61.7912129678,59.6897372174,65,57,62,60
346,許錫華,1992,三商,A_WinsorizedBalanced-v0.1,B_QuadraticTanh-v1,182,Regular,False,2026-08-11,0.75854030702,-1.22869811608,-0.885253251942,-0.0895264269336,70.6897974861,54.3845389476,57.6404712678,64.3442654919,71,54,58,64
346,許錫華,1993,三商,A_WinsorizedBalanced-v0.1,B_QuadraticTanh-v1,212,Regular,False,2026-08-11,-0.921980267136,-0.644295200078,-0.856435356819,-0.747951822618,57.299656696,59.8182762248,57.9063859024,58.8946249268,57,60,58,59
346,許錫華,1994,三商,A_WinsorizedBalanced-v0.1,B_QuadraticTanh-v1,117,Provisional,False,2026-08-11,-0.277891001464,-0.0532205351367,-0.628058135836,-0.0400110715408,62.8936205937,64.6128625411,59.9609969122,64.7096857031,63,65,60,65
346,許錫華,1995,三商,A_WinsorizedBalanced-v0.1,B_QuadraticTanh-v1,167,Regular,False,2026-08-11,-0.693130920908,0.904400199782,-0.845068882171,-0.255879065608,59.3857640626,71.8266497976,58.0108923458,63.0679729646,59,72,58,63
346,許錫華,1996,三商,A_WinsorizedBalanced-v0.1,B_QuadraticTanh-v1,108,Provisional,False,2026-08-11,-0.446422607695,0.213310175159,-0.708447455306,-0.370740059978,61.5183001175,66.5556886128,59.2491301921,62.1446044436,62,67,59,62
346,許錫華,1997,時報 / 三商,A_WinsorizedBalanced-v0.1,B_QuadraticTanh-v1,115,Provisional,False,2026-08-11,-0.825540960227,-0.0726858310782,-0.689067922747,-0.338990083994,58.1899271301,64.4693061698,59.4219310062,62.4031723088,58,64,59,62
347,陳彥成,1990,味全龍,A_WinsorizedBalanced-v0.1,B_QuadraticTanh-v1,239,Regular,False,2026-08-11,0.938584896532,-0.746667954942,0.911939143633,-0.557983907536,72.0945623639,58.9061928852,71.8856890893,60.5705098185,72,59,72,61
347,陳彥成,1991,味全龍,A_WinsorizedBalanced-v0.1,B_QuadraticTanh-v1,136,Provisional,False,2026-08-11,0.0764115979356,0.426955406623,1.15068471991,-0.18325076577,65.5527631305,68.1509450072,73.767238681,63.6342750981,66,68,74,64
347,陳彥成,1992,兄弟,A_WinsorizedBalanced-v0.1,B_QuadraticTanh-v1,311,Qualified,False,2026-08-11,-0.282557693644,-0.10634914618,1.23595703813,-0.441176267506,62.8564961432,64.2185818245,74.4438777451,61.562160259,63,64,74,62
347,陳彥成,1993,兄弟,A_WinsorizedBalanced-v0.1,B_QuadraticTanh-v1,294,Qualified,False,2026-08-11,-0.174005581255,0.432309997506,0.748950521217,-0.87329504824,63.7053616377,68.1913667774,70.6154377339,57.7509788267,64,68,71,58
347,陳彥成,1994,兄弟,A_WinsorizedBalanced-v0.1,B_QuadraticTanh-v1,279,Qualified,False,2026-08-11,-0.783070653623,0.0972531196091,0.666497350464,0.319952429339,58.5770079718,65.7044210914,69.978220487,67.3475905958,59,66,70,67
347,陳彥成,1995,兄弟,A_WinsorizedBalanced-v0.1,B_QuadraticTanh-v1,270,Regular,False,2026-08-11,-0.856082631979,-1.59450304452,-0.496654617572,-0.699533598976,57.9096321941,50.8222478418,61.0950791174,59.3287040119,58,51,61,59
347,陳彥成,1996,興農,A_WinsorizedBalanced-v0.1,B_QuadraticTanh-v1,133,Provisional,False,2026-08-11,-0.770652451167,0.43983893257,-0.596481403539,-0.162083166595,58.6895787244,68.2482373099,60.2369621219,63.7966963013,59,68,60,64
347,陳彥成,1997,時報,A_WinsorizedBalanced-v0.1,B_QuadraticTanh-v1,100,Provisional,False,2026-08-11,-0.697998664639,0.189983987912,-0.662309229647,0.108687955864,59.3423905772,66.3836906429,59.659298766,65.7877886706,59,66,60,66
348,侯明坤,1990,三商,A_WinsorizedBalanced-v0.1,B_QuadraticTanh-v1,139,Provisional,False,2026-08-11,-0.0254483236494,0.157752184031,0.597286079676,-0.359523091704,64.8158671045,66.1467659728,69.4464414417,62.2362401178,65,66,69,62
348,侯明坤,1991,三商,A_WinsorizedBalanced-v0.1,B_QuadraticTanh-v1,252,Regular,False,2026-08-11,-1.4293186268,-0.806257082664,-0.771606238086,-0.180057053723,52.4346386674,58.3660785845,58.6809426562,63.6588574308,52,58,59,64
348,侯明坤,1992,三商,A_WinsorizedBalanced-v0.1,B_QuadraticTanh-v1,198,Regular,False,2026-08-11,-0.432680407426,-0.104075137694,-0.10497835327,0.0340178338985,61.6330479731,64.2356162836,64.2288520394,65.2454467159,62,64,64,65
348,侯明坤,1993,俊國,A_WinsorizedBalanced-v0.1,B_QuadraticTanh-v1,104,Provisional,False,2026-08-11,-0.501422528588,-1.05692822655,0.745889380606,0.0186333129139,61.0546034705,56.0306476775,70.59171205,65.1343156943,61,56,71,65
348,侯明坤,1994,俊國,A_WinsorizedBalanced-v0.1,B_QuadraticTanh-v1,73,Provisional,False,2026-08-11,-0.520821605567,-0.494592569961,0.316235838347,0.315010009473,60.889385266,61.1125680166,67.3198419695,67.3106920772,61,61,67,67
348,侯明坤,1996,三商,A_WinsorizedBalanced-v0.1,B_QuadraticTanh-v1,58,Provisional,False,2026-08-11,-1.66870957648,0.0982520413661,-0.0992631387449,-0.0346992136515,50.099699942,65.7116994081,64.2716161428,64.7484843417,50,66,64,65
348,侯明坤,1997,味全龍 / 兄弟,A_WinsorizedBalanced-v0.1,B_QuadraticTanh-v1,71,Provisional,False,2026-08-11,-0.404581351582,-0.000875348483242,0.105725428126,0.293982027292,61.8662681876,64.9936964183,65.7661790731,67.1539148769,62,65,66,67
349,吳英偉,1990,兄弟,A_WinsorizedBalanced-v0.1,B_QuadraticTanh-v1,168,Regular,False,2026-08-11,0.122383732999,-0.2332031574,0.00389510693263,1.6516894183,65.8877876698,63.2462699623,65.0280515936,77.7602813049,66,63,65,78
349,吳英偉,1991,兄弟,A_WinsorizedBalanced-v0.1,B_QuadraticTanh-v1,140,Provisional,False,2026-08-11,-0.929616134599,-0.853649828087,-0.178151865172,0.406846438143,57.2285373209,57.9320167877,63.6735089166,67.999326836,57,58,64,68
350,游宗龍,1990,三商,A_WinsorizedBalanced-v0.1,B_QuadraticTanh-v1,94,Provisional,False,2026-08-11,-0.711336396513,-0.810190402239,-0.371648191602,0.31348735033,59.2233072965,58.3302019146,62.1371719659,67.2993281815,59,58,62,67
350,游宗龍,1991,三商,A_WinsorizedBalanced-v0.1,B_QuadraticTanh-v1,58,Provisional,False,2026-08-11,0.149347167578,-0.183253855814,-0.563765660323,1.20095578093,66.0851262658,63.6342513006,60.5206226113,74.1659030305,66,64,61,74
351,李坤哲,1990,統一7-ELEVEn獅,A_WinsorizedBalanced-v0.1,B_QuadraticTanh-v1,128,Provisional,False,2026-08-11,-0.689371700216,-0.765570727004,-0.192887396939,0.222675865336,59.4192280529,58.7355630211,63.5599364217,66.6248725471,59,59,64,67
351,李坤哲,1994,統一7-ELEVEn獅,A_WinsorizedBalanced-v0.1,B_QuadraticTanh-v1,188,Regular,False,2026-08-11,0.266013645347,-0.996730901944,-0.340837871508,0.654480966697,66.9459274265,56.5997832124,62.3881929882,69.8856845855,67,57,62,70
351,李坤哲,1997,中信,A_WinsorizedBalanced-v0.1,B_QuadraticTanh-v1,301,Qualified,False,2026-08-11,-0.100776368873,0.660595331894,-0.119340145597,0.587282593916,64.2603020766,69.9327593886,64.1209969282,69.3698262594,64,70,64,69
351,李坤哲,1998,中信,A_WinsorizedBalanced-v0.1,B_QuadraticTanh-v1,126,Provisional,False,2026-08-11,0.109885574469,0.295665422408,-0.314256439303,-0.0579485701511,65.7965266115,67.1664530364,62.6028525045,64.5780894816,66,67,63,65
351,李坤哲,1999,中信,A_WinsorizedBalanced-v0.1,B_QuadraticTanh-v1,152,Regular,False,2026-08-11,0.995983494986,1.47102497413,-0.176850696766,-0.0652113993034,72.5455389868,76.3170652725,63.6835097371,64.5245536357,73,76,64,65
351,李坤哲,2000,中信,A_WinsorizedBalanced-v0.1,B_QuadraticTanh-v1,85,Provisional,False,2026-08-11,-0.282624744572,1.10531455309,-0.262751033102,-0.146628887285,62.8559623323,73.4080901589,63.0136758642,63.9145201927,63,73,63,64
352,姚百川,1990,兄弟,A_WinsorizedBalanced-v0.1,B_QuadraticTanh-v1,176,Regular,False,2026-08-11,-0.471382613122,0.0361012355163,-1.08878280482,-0.615642011211,61.3087407336,65.26051247,55.7276800372,60.0697599301,61,65,56,60
353,黃清文,1990,味全龍,A_WinsorizedBalanced-v0.1,B_QuadraticTanh-v1,124,Provisional,False,2026-08-11,-1.17774342572,-0.270648060431,0.754861661998,0.0904743925903,54.8757933184,62.951128649,70.66126714,65.6550528796,55,63,71,66
353,黃清文,1991,味全龍,A_WinsorizedBalanced-v0.1,B_QuadraticTanh-v1,68,Provisional,False,2026-08-11,-0.211947762915,-0.0807920479414,-0.132915297522,-0.144443245309,63.4121761635,64.4092150762,64.01853417,63.9311317167,63,64,64,64
353,黃清文,1992,味全龍,A_WinsorizedBalanced-v0.1,B_QuadraticTanh-v1,65,Provisional,False,2026-08-11,0.677560989785,-0.407488072746,-0.444927905004,-0.0993204885245,70.063495283,61.8422309114,61.5308026968,64.2711874661,70,62,62,64
353,黃清文,1993,味全龍,A_WinsorizedBalanced-v0.1,B_QuadraticTanh-v1,149,Provisional,False,2026-08-11,-0.257443696979,-0.0755082926378,-0.413358681399,-0.229120076127,63.0556211886,64.4484038641,61.7936212653,63.278231945,63,64,62,63
354,陳政賢,1990,統一7-ELEVEn獅,A_WinsorizedBalanced-v0.1,B_QuadraticTanh-v1,188,Regular,False,2026-08-11,-0.618232936819,0.615696800858,0.368037994765,1.74671039389,60.0470907165,69.5876109856,67.7075525662,78.5189994158,60,70,68,79
354,陳政賢,1991,統一7-ELEVEn獅,A_WinsorizedBalanced-v0.1,B_QuadraticTanh-v1,184,Regular,False,2026-08-11,-0.910517241892,1.19949695352,-0.420534088121,0.148620041894,57.406254993,74.1543241626,61.7340947093,66.0797965498,57,74,62,66
354,陳政賢,1992,統一7-ELEVEn獅,A_WinsorizedBalanced-v0.1,B_QuadraticTanh-v1,349,Qualified,False,2026-08-11,-1.26410738211,0.735561083408,1.63536191563,-0.45598792558,54.041973842,70.5116995949,77.6298504999,61.4381649341,54,71,78,61
354,陳政賢,1993,統一7-ELEVEn獅,A_WinsorizedBalanced-v0.1,B_QuadraticTanh-v1,321,Qualified,False,2026-08-11,-1.16152366961,0.443556987214,1.36050126012,-0.0841250621576,55.031696343,68.2763368746,75.4352155194,64.3844551909,55,68,75,64
354,陳政賢,1994,統一7-ELEVEn獅,A_WinsorizedBalanced-v0.1,B_QuadraticTanh-v1,351,Qualified,False,2026-08-11,-0.0916553265567,0.81018203623,1.17131121274,-0.977891303558,64.3284031154,71.0910746591,73.930725638,56.7769225667,64,71,74,57
354,陳政賢,1995,統一7-ELEVEn獅,A_WinsorizedBalanced-v0.1,B_QuadraticTanh-v1,378,Qualified,False,2026-08-11,0.66474109241,-0.0423632087483,1.9469008485,-1.22120296543,69.9646905054,64.6924803127,80.1132836368,54.4569321349,70,65,80,54
354,陳政賢,1996,統一7-ELEVEn獅,A_WinsorizedBalanced-v0.1,B_QuadraticTanh-v1,397,Qualified,False,2026-08-11,-0.851287836647,0.362655881007,1.15439140613,-0.538670153798,57.9537403817,67.6671761582,73.7966088565,60.7366194075,58,68,74,61
354,陳政賢,1997,統一7-ELEVEn獅,A_WinsorizedBalanced-v0.1,B_QuadraticTanh-v1,349,Qualified,False,2026-08-11,-0.0514279275924,0.77451011409,0.933171270296,-0.272155527643,64.6260303894,70.8137386624,72.0521001133,62.9391706832,65,71,72,63
354,陳政賢,1998,統一7-ELEVEn獅,A_WinsorizedBalanced-v0.1,B_QuadraticTanh-v1,368,Qualified,False,2026-08-11,-0.407559820973,-0.103256906967,0.98690994151,-0.586876085471,61.841637327,64.2417421486,72.474158038,60.3204855198,62,64,72,60
354,陳政賢,1999,統一7-ELEVEn獅,A_WinsorizedBalanced-v0.1,B_QuadraticTanh-v1,339,Qualified,False,2026-08-11,0.693736943785,0.618312525311,0.362998661442,-0.483334761544,70.1883032877,69.6076849674,67.6697470383,61.2078761327,70,70,68,61
354,陳政賢,2000,統一7-ELEVEn獅,A_WinsorizedBalanced-v0.1,B_QuadraticTanh-v1,165,Regular,False,2026-08-11,-0.518316240423,0.977413663611,0.739098874599,0.00622359839062,60.9107711437,72.3994873167,70.5390999317,65.0448273235,61,72,71,65
354,陳政賢,2001,統一7-ELEVEn獅,A_WinsorizedBalanced-v0.1,B_QuadraticTanh-v1,163,Regular,False,2026-08-11,0.321348292558,1.9567484813,1.4661192823,-0.351282609209,67.3580150614,80.1914850044,76.2778952764,62.3033609817,67,80,76,62
354,陳政賢,2002,統一7-ELEVEn獅,A_WinsorizedBalanced-v0.1,B_QuadraticTanh-v1,213,Regular,False,2026-08-11,1.55432764662,0.605404535355,0.289779776424,-0.338088484975,76.9824384642,69.5086658951,67.1226255781,62.4104781303,77,70,67,62
354,陳政賢,2003,統一7-ELEVEn獅,A_WinsorizedBalanced-v0.1,B_QuadraticTanh-v1,184,Regular,False,2026-08-11,-0.163427883794,1.44033196345,2.29467663936,-0.639912050175,63.7864138016,76.0720296898,82.8544260155,59.856857297,64,76,83,60
354,陳政賢,2004,統一7-ELEVEn獅,A_WinsorizedBalanced-v0.1,B_QuadraticTanh-v1,105,Provisional,False,2026-08-11,-1.20752846423,-0.29824929519,1.16538919186,-0.398965669157,54.5888957985,62.7312570059,73.8837745443,61.9126492945,55,63,74,62
355,藍文成,1990,三商,A_WinsorizedBalanced-v0.1,B_QuadraticTanh-v1,117,Provisional,False,2026-08-11,-0.0606523503724,-1.09053856997,0.149206028878,-0.129376676614,64.5581763576,55.7109470919,66.0840917067,64.0452911656,65,56,66,64
355,藍文成,1991,三商,A_WinsorizedBalanced-v0.1,B_QuadraticTanh-v1,82,Provisional,False,2026-08-11,0.317798487546,-0.866362418175,0.0596853723966,0.34108406722,67.3315076492,57.8149380604,65.4313245263,67.5055634845,67,58,65,68
355,藍文成,1992,三商,A_WinsorizedBalanced-v0.1,B_QuadraticTanh-v1,69,Provisional,False,2026-08-11,-0.989022035622,-0.469047517758,-0.677759633784,0.32651926087,56.6723245899,61.3284077889,59.5224189466,67.3966454593,57,61,60,67
356,彭裕國,1990,兄弟,A_WinsorizedBalanced-v0.1,B_QuadraticTanh-v1,129,Provisional,False,2026-08-11,-2.06016231091,-1.21445171493,-0.324871788994,0.028649190859,46.3638187943,54.5221027136,62.5173412212,65.2066420709,46,55,63,65
357,呂文生,1990,統一7-ELEVEn獅,A_WinsorizedBalanced-v0.1,B_QuadraticTanh-v1,180,Regular,False,2026-08-11,-0.478990638552,0.343739949523,-0.792300807154,-0.690720233024,61.2445747958,67.5254419908,58.4931556024,59.4072268537,61,68,58,59
357,呂文生,1991,統一7-ELEVEn獅,A_WinsorizedBalanced-v0.1,B_QuadraticTanh-v1,297,Qualified,False,2026-08-11,-0.48626056564,1.35615426862,-1.04768090083,-0.262456805565,61.183134593,75.4005653015,56.1183733625,63.0160031342,61,75,56,63
357,呂文生,1992,統一7-ELEVEn獅,A_WinsorizedBalanced-v0.1,B_QuadraticTanh-v1,187,Regular,False,2026-08-11,0.341732926913,-0.119454764224,-0.599109040304,-0.695135215463,67.5104195172,64.1201339008,60.2140788323,59.3679106955,68,64,60,59
357,呂文生,1993,統一7-ELEVEn獅,A_WinsorizedBalanced-v0.1,B_QuadraticTanh-v1,362,Qualified,False,2026-08-11,0.0448938439885,0.271805817428,-1.41297505277,-0.70888167388,65.3241370265,66.9889504798,52.5940953465,59.2452499554,65,67,53,59
357,呂文生,1994,統一7-ELEVEn獅,A_WinsorizedBalanced-v0.1,B_QuadraticTanh-v1,111,Provisional,False,2026-08-11,0.264119843342,0.635595561907,-0.734821587831,0.396828241531,66.9318664188,69.7404271178,59.0127846006,67.9239008456,67,70,59,68
357,呂文生,1997,統一7-ELEVEn獅,A_WinsorizedBalanced-v0.1,B_QuadraticTanh-v1,177,Regular,False,2026-08-11,-0.11377704324,0.338047130684,-0.494909701362,-0.051752070635,64.1628416904,67.4828394528,61.1098789586,64.6236500099,64,67,61,65
357,呂文生,1998,統一7-ELEVEn獅,A_WinsorizedBalanced-v0.1,B_QuadraticTanh-v1,200,Regular,False,2026-08-11,0.559362696166,-0.304595236737,-1.01115647622,-0.480437572414,69.1563304397,62.6804296928,56.4638223267,61.2323561299,69,63,56,61
358,陳耿佑,1990,統一7-ELEVEn獅,A_WinsorizedBalanced-v0.1,B_QuadraticTanh-v1,127,Provisional,False,2026-08-11,-2.0190043335,-0.312734840507,-0.366053081898,0.144416454255,46.7476198888,62.6150862942,62.1829319991,66.048993651,47,63,62,66
359,吳林煉,1990,統一7-ELEVEn獅,A_WinsorizedBalanced-v0.1,B_QuadraticTanh-v1,93,Provisional,False,2026-08-11,0.600124052431,0.500199651505,-0.452701592264,1.65267591737,69.4681885636,68.7056171327,61.4657211699,77.7681614965,69,69,61,78
359,吳林煉,1992,統一7-ELEVEn獅,A_WinsorizedBalanced-v0.1,B_QuadraticTanh-v1,144,Provisional,False,2026-08-11,-1.41596959419,2.62498073386,-0.491771299984,1.04632062963,52.5648834965,85.4005093979,61.1364802586,72.9421224423,53,85,61,73
359,吳林煉,1993,統一7-ELEVEn獅,A_WinsorizedBalanced-v0.1,B_QuadraticTanh-v1,72,Provisional,False,2026-08-11,-1.5997043433,0.950301353682,0.121959305054,1.28084330721,50.7715361939,72.1865049861,65.8846863242,74.8007916958,51,72,66,75
360,賴崇光,1990,統一7-ELEVEn獅,A_WinsorizedBalanced-v0.1,B_QuadraticTanh-v1,128,Provisional,False,2026-08-11,-0.469725793205,-0.546044186341,-0.54401732512,-0.543346285616,61.3226964106,60.6732963531,60.6907137204,60.6964781263,61,61,61,61
360,賴崇光,1992,統一7-ELEVEn獅,A_WinsorizedBalanced-v0.1,B_QuadraticTanh-v1,127,Provisional,False,2026-08-11,0.627284550783,-0.95768066764,-0.760802839946,-0.131982333646,69.6765715718,56.9664031407,58.7786640788,64.0255919915,70,57,59,64
360,賴崇光,1993,統一7-ELEVEn獅,A_WinsorizedBalanced-v0.1,B_QuadraticTanh-v1,64,Provisional,False,2026-08-11,-1.15281770698,1.8123862496,0.0794623618544,0.31872662628,55.1152761934,79.0428300356,65.5749391386,67.3384373927,55,79,66,67
360,賴崇光,1994,統一7-ELEVEn獅,A_WinsorizedBalanced-v0.1,B_QuadraticTanh-v1,72,Provisional,False,2026-08-11,0.434109227578,-0.119160405766,-0.299459948922,0.604263301258,68.2049537573,64.1223502175,62.7215682899,69.4999163281,68,64,63,69
360,賴崇光,1997,統一7-ELEVEn獅,A_WinsorizedBalanced-v0.1,B_QuadraticTanh-v1,51,Provisional,False,2026-08-11,-1.06688839464,-0.779762002612,-0.250977698118,0.556058667283,55.9360444362,58.6070282845,63.1066250353,69.1310987831,56,59,63,69
360,賴崇光,1998,統一7-ELEVEn獅,A_WinsorizedBalanced-v0.1,B_QuadraticTanh-v1,115,Provisional,False,2026-08-11,-0.271916756852,-0.698914898655,-0.407482982846,0.426676985607,62.9410651202,59.3342213424,61.8422730205,68.1488437708,63,59,62,68
360,賴崇光,1999,統一7-ELEVEn獅,A_WinsorizedBalanced-v0.1,B_QuadraticTanh-v1,138,Provisional,False,2026-08-11,0.396352878803,-0.0769430760912,-0.582381128831,-0.466378235216,67.9203237095,64.4377698877,60.3595031178,61.3508738681,68,64,60,61
360,賴崇光,2000,統一7-ELEVEn獅,A_WinsorizedBalanced-v0.1,B_QuadraticTanh-v1,76,Provisional,False,2026-08-11,0.71894589393,-0.0960515883897,-0.407552095509,0.296066452315,70.383107619,64.2956074174,61.8417012416,67.1694402882,70,64,62,67
360,賴崇光,2001,統一7-ELEVEn獅,A_WinsorizedBalanced-v0.1,B_QuadraticTanh-v1,137,Provisional,False,2026-08-11,-0.636533592606,-0.318006626391,-0.792302853967,0.334948093791,59.886567731,62.5726756402,58.4931369909,67.459657974,60,63,58,67
361,徐整當,1990,三商,A_WinsorizedBalanced-v0.1,B_QuadraticTanh-v1,120,Provisional,False,2026-08-11,-0.0350953400244,0.0147624700578,-0.763097634392,0.231303979296,64.7455936764,65.1063876549,58.7579246972,66.6886710059,65,65,59,67
361,徐整當,1991,三商,A_WinsorizedBalanced-v0.1,B_QuadraticTanh-v1,65,Provisional,False,2026-08-11,-0.107209527176,-0.612160953003,-0.519924647461,0.353898769839,64.2121330855,60.1001949581,60.8970433645,67.6015270004,64,60,61,68
361,徐整當,1992,三商,A_WinsorizedBalanced-v0.1,B_QuadraticTanh-v1,110,Provisional,False,2026-08-11,0.646986164608,-1.13796970131,-0.921097610621,0.0897000964108,69.8280123466,55.2576523962,57.3078719375,65.6494163527,70,55,57,66
361,徐整當,1993,三商,A_WinsorizedBalanced-v0.1,B_QuadraticTanh-v1,209,Regular,False,2026-08-11,0.642580929942,-0.436399236631,-0.979787051345,-0.288833549773,69.7941300418,61.602039995,56.7591199034,62.8064823599,70,62,57,63
361,徐整當,1994,三商,A_WinsorizedBalanced-v0.1,B_QuadraticTanh-v1,137,Provisional,False,2026-08-11,0.161083192058,0.140167966863,-0.813009960118,-0.477675923401,66.1712109235,66.0178768887,58.3044673706,61.2556727159,66,66,58,61
361,徐整當,1995,三商,A_WinsorizedBalanced-v0.1,B_QuadraticTanh-v1,103,Provisional,False,2026-08-11,0.531569911945,0.262223740002,-0.478080206039,0.0590651627835,68.9443104428,66.9177911735,61.2522604685,65.4268262835,69,67,61,65
361,徐整當,1996,三商,A_WinsorizedBalanced-v0.1,B_QuadraticTanh-v1,184,Regular,False,2026-08-11,0.156377551623,-1.12211476974,-0.726779479646,-0.303873580528,66.1366807999,55.4094402865,59.0849940601,62.686214907,66,55,59,63
361,徐整當,1997,三商,A_WinsorizedBalanced-v0.1,B_QuadraticTanh-v1,268,Regular,False,2026-08-11,0.975070536834,-1.0149495573,-1.04001146717,-0.220169197393,72.3810686307,56.4280268685,56.1910507327,63.3481456277,72,56,56,63
361,徐整當,1998,三商,A_WinsorizedBalanced-v0.1,B_QuadraticTanh-v1,292,Regular,False,2026-08-11,0.738898045265,-1.7558760328,-1.05951701711,-0.346168511118,70.5375443148,49.2546748307,56.0060703274,62.3449316383,71,49,56,62
361,徐整當,1999,三商,A_WinsorizedBalanced-v0.1,B_QuadraticTanh-v1,182,Regular,False,2026-08-11,0.894076037792,-1.10857105875,-0.627877228568,-0.359511331108,71.7458409108,55.5388947958,59.9625839541,62.236336031,72,56,60,62
362,鄧耀華,1990,統一7-ELEVEn獅,A_WinsorizedBalanced-v0.1,B_QuadraticTanh-v1,91,Provisional,False,2026-08-11,-0.754861179388,2.63803859554,-0.018125204075,-0.0756890538001,58.8323168404,85.4996483462,64.8690392096,64.4470644544,59,85,65,64
362,鄧耀華,1991,統一7-ELEVEn獅,A_WinsorizedBalanced-v0.1,B_QuadraticTanh-v1,180,Regular,False,2026-08-11,-1.30641710483,3.17097701508,-0.691577000768,0.52178532407,53.6315689747,89.4193534337,59.399600216,68.8697894645,54,89,59,69
362,鄧耀華,1993,統一7-ELEVEn獅,A_WinsorizedBalanced-v0.1,B_QuadraticTanh-v1,88,Provisional,False,2026-08-11,-0.729770275371,2.21313297776,-0.300378049061,-0.336027349773,59.0581543902,82.2161885809,62.7142183542,62.4271722333,59,82,63,62
362,鄧耀華,1994,統一7-ELEVEn獅,A_WinsorizedBalanced-v0.1,B_QuadraticTanh-v1,163,Regular,False,2026-08-11,-0.138358810923,2.99987853562,-0.828782242308,-0.446997185177,63.9773073428,88.1902843832,58.1602557415,61.5134926014,64,88,58,62
362,鄧耀華,1996,三商,A_WinsorizedBalanced-v0.1,B_QuadraticTanh-v1,114,Provisional,False,2026-08-11,-0.551069393409,1.03811260999,-0.355468446152,-0.447460476584,60.6300739514,72.8773893822,62.2692873469,61.5096156513,61,73,62,62
363,周惠盛,1990,兄弟,A_WinsorizedBalanced-v0.1,B_QuadraticTanh-v1,81,Provisional,False,2026-08-11,-0.584146946031,-0.896746971555,-0.380442361676,-0.269882790068,60.3441805062,57.5340403428,62.0650922293,62.9571969043,60,58,62,63
364,蔣坤珄,1990,三商,A_WinsorizedBalanced-v0.1,B_QuadraticTanh-v1,65,Provisional,False,2026-08-11,-0.0357514179585,-0.0230025175281,-0.435261347242,-0.273105025916,64.7408050997,64.8336423644,61.6115313367,62.9316357924,65,65,62,63
364,蔣坤珄,1991,三商,A_WinsorizedBalanced-v0.1,B_QuadraticTanh-v1,86,Provisional,False,2026-08-11,-0.641499382695,-1.44326202597,-0.723567486271,-0.199033934752,59.8428899811,52.2985573885,59.1137996505,63.5123921258,60,52,59,64
364,蔣坤珄,1992,三商,A_WinsorizedBalanced-v0.1,B_QuadraticTanh-v1,63,Provisional,False,2026-08-11,-0.408902038091,-1.04480076234,0.0169906602625,0.00362519262152,61.8305306556,56.1456747555,65.1224623587,65.0261072979,62,56,65,65
364,蔣坤珄,1993,三商,A_WinsorizedBalanced-v0.1,B_QuadraticTanh-v1,205,Regular,False,2026-08-11,0.0139605261768,-1.5970477951,-0.291361011323,-0.0941642654116,65.1006033242,50.7974360066,62.7863119233,64.309693147,65,51,63,64
364,蔣坤珄,1994,三商,A_WinsorizedBalanced-v0.1,B_QuadraticTanh-v1,190,Regular,False,2026-08-11,-0.55874797874,0.671340426111,-0.812406282132,-0.629332664595,60.5639213432,70.0155403822,58.3099784068,59.9498139339,61,70,58,60
364,蔣坤珄,1995,三商,A_WinsorizedBalanced-v0.1,B_QuadraticTanh-v1,258,Regular,False,2026-08-11,-0.918543170198,-1.36705600842,-1.09389398636,-0.732680968348,57.3316404624,53.0417167709,55.6789594136,59.0320171274,57,53,56,59
364,蔣坤珄,1996,三商,A_WinsorizedBalanced-v0.1,B_QuadraticTanh-v1,86,Provisional,False,2026-08-11,0.94093014775,-0.962560623793,-0.321374479568,-0.231645448184,72.1129615141,56.920705255,62.5455450185,63.2584687166,72,57,63,63
365,羅世幸,1990,味全龍,A_WinsorizedBalanced-v0.1,B_QuadraticTanh-v1,142,Provisional,False,2026-08-11,0.238526647644,-0.921169948886,1.45142449497,0.397353311149,66.7421234691,57.3071987005,76.1605759351,67.9278522217,67,57,76,68
365,羅世幸,1991,味全龍,A_WinsorizedBalanced-v0.1,B_QuadraticTanh-v1,320,Qualified,False,2026-08-11,0.22039224655,1.80874699372,1.90048715583,0.137272050717,66.6079969853,79.013819931,79.7443748381,65.9966753716,67,79,80,66
365,羅世幸,1992,味全龍,A_WinsorizedBalanced-v0.1,B_QuadraticTanh-v1,347,Qualified,False,2026-08-11,-0.698702257757,1.88029747155,2.92481239003,-0.0294672915976,59.3361174176,79.5837435906,87.6417583961,64.7866224943,59,80,88,65
365,羅世幸,1993,味全龍,A_WinsorizedBalanced-v0.1,B_QuadraticTanh-v1,332,Qualified,False,2026-08-11,-1.29882468396,-0.286360665987,1.37928846391,-0.987709967695,53.7052937734,62.8262014093,75.5850037611,56.6846632513,54,63,76,57
365,羅世幸,1994,味全龍,A_WinsorizedBalanced-v0.1,B_QuadraticTanh-v1,338,Qualified,False,2026-08-11,-1.00181764427,0.270027368933,1.3101859817,-0.668321917916,56.5518723873,66.975737711,75.0343473389,59.6060879635,57,67,75,60
365,羅世幸,1995,味全龍,A_WinsorizedBalanced-v0.1,B_QuadraticTanh-v1,380,Qualified,False,2026-08-11,0.231424236334,1.0582393255,1.25629382653,0.751959077102,66.6895606422,73.036164051,74.6055287466,70.6387608534,67,73,75,71
365,羅世幸,1996,味全龍,A_WinsorizedBalanced-v0.1,B_QuadraticTanh-v1,285,Regular,False,2026-08-11,0.0306858931596,1.08354374213,1.47525457681,-0.173587444057,65.2213603761,73.2359909661,76.3508385595,63.708571317,65,73,76,64
365,羅世幸,1997,味全龍,A_WinsorizedBalanced-v0.1,B_QuadraticTanh-v1,292,Regular,False,2026-08-11,-0.0460167160546,0.648433981156,0.44555174148,-0.585191899866,64.6657252553,69.8391506064,68.29141647,60.3351098937,65,70,68,60
366,林仲秋,1990,三商,A_WinsorizedBalanced-v0.1,B_QuadraticTanh-v1,110,Provisional,False,2026-08-11,0.228998578427,-0.296686737781,2.29939629907,-0.397898687151,66.6716183928,62.7437564393,82.8912650064,61.9214530597,67,63,83,62
366,林仲秋,1991,三商,A_WinsorizedBalanced-v0.1,B_QuadraticTanh-v1,314,Qualified,False,2026-08-11,0.55884829012,0.0431819037798,3.29446550427,-0.653456239868,69.152401642,65.3117438245,90.2868533939,59.7375114116,69,65,90,60
366,林仲秋,1992,三商,A_WinsorizedBalanced-v0.1,B_QuadraticTanh-v1,378,Qualified,False,2026-08-11,0.795709065053,-0.257377867164,2.62065704905,-0.236655409001,70.9784725971,63.0561410013,85.3676545618,63.2192120162,71,63,85,63
366,林仲秋,1993,三商,A_WinsorizedBalanced-v0.1,B_QuadraticTanh-v1,349,Qualified,False,2026-08-11,0.785587192517,2.10884699552,1.27604258972,0.201104506523,70.899787487,81.3955635568,74.7625970384,66.4656332386,71,81,75,66
366,林仲秋,1994,三商,A_WinsorizedBalanced-v0.1,B_QuadraticTanh-v1,332,Qualified,False,2026-08-11,1.03601726029,0.328025004036,2.1413593352,-0.458969948726,72.8608682926,67.4078981591,81.6518872527,61.4131383351,73,67,82,61
366,林仲秋,1995,三商,A_WinsorizedBalanced-v0.1,B_QuadraticTanh-v1,415,Qualified,False,2026-08-11,0.790708359911,-1.1609430118,1.66513667804,-0.344088558085,70.9395915611,55.0372730663,77.8676943043,62.3618201581,71,55,78,62
366,林仲秋,1996,三商,A_WinsorizedBalanced-v0.1,B_QuadraticTanh-v1,347,Qualified,False,2026-08-11,1.55661378593,-0.748575049179,0.740424500721,0.0771500152817,77.0007029621,58.8890083872,70.5493687441,65.5581299442,77,59,71,66
366,林仲秋,1997,三商,A_WinsorizedBalanced-v0.1,B_QuadraticTanh-v1,391,Qualified,False,2026-08-11,1.13027761507,0.00209066480192,1.57484131195,-0.917655344569,73.6056165394,65.0150547529,77.146330217,57.3398991589,74,65,77,57
366,林仲秋,1998,三商,A_WinsorizedBalanced-v0.1,B_QuadraticTanh-v1,438,Qualified,False,2026-08-11,0.871955988764,1.34527837782,1.92606024484,-0.488915189579,71.5728705033,75.3138862782,79.9477024302,61.1606690891,72,75,80,61
366,林仲秋,1999,三商,A_WinsorizedBalanced-v0.1,B_QuadraticTanh-v1,294,Qualified,False,2026-08-11,0.543865005915,0.99977002719,1.44993753048,-0.923883747956,69.038042064,72.5753371088,76.1487055184,57.2819362016,69,73,76,57
366,林仲秋,2000,興農,A_WinsorizedBalanced-v0.1,B_QuadraticTanh-v1,345,Qualified,False,2026-08-11,0.428923081646,1.01266119322,2.91897144619,-1.21525088678,68.1657965858,72.6768266942,87.5988512554,54.5143901024,68,73,88,55
366,林仲秋,2001,興農,A_WinsorizedBalanced-v0.1,B_QuadraticTanh-v1,370,Qualified,False,2026-08-11,0.488870224263,0.828732831623,3.04918091621,-1.11620677086,68.619576543,71.235559505,88.5475364601,55.4659344108,69,71,89,55
367,羅敏卿,1990,統一7-ELEVEn獅,A_WinsorizedBalanced-v0.1,B_QuadraticTanh-v1,103,Provisional,False,2026-08-11,-0.721418664023,1.12640255802,0.302558079419,-0.562593899757,59.1330594895,73.5749411034,67.2178134971,60.5307389675,59,74,67,61
367,羅敏卿,1991,統一7-ELEVEn獅,A_WinsorizedBalanced-v0.1,B_QuadraticTanh-v1,233,Regular,False,2026-08-11,-0.076310300988,1.23340617685,0.585804139287,-1.10186950142,64.4424604328,74.4236087322,69.3585083861,55.6028775738,64,74,69,56
367,羅敏卿,1992,統一7-ELEVEn獅,A_WinsorizedBalanced-v0.1,B_QuadraticTanh-v1,367,Qualified,False,2026-08-11,1.00356205992,-0.0526644338371,0.76358675053,-1.03996999442,72.6051842296,64.6169484116,70.7289479487,56.1914435401,73,65,71,56
367,羅敏卿,1993,統一7-ELEVEn獅,A_WinsorizedBalanced-v0.1,B_QuadraticTanh-v1,322,Qualified,False,2026-08-11,0.39416849501,1.97157238869,1.98708881442,-1.33015231776,67.9038882041,80.3091540205,80.4322539159,53.4008947273,68,80,80,53
367,羅敏卿,1994,統一7-ELEVEn獅,A_WinsorizedBalanced-v0.1,B_QuadraticTanh-v1,370,Qualified,False,2026-08-11,1.34997712446,0.00234541859388,1.36911131727,-1.05397278418,75.3513320851,65.0168894885,75.5038558163,56.058696065,75,65,76,56
367,羅敏卿,1995,統一7-ELEVEn獅,A_WinsorizedBalanced-v0.1,B_QuadraticTanh-v1,406,Qualified,False,2026-08-11,0.595072939461,1.07163859251,0.944318678667,-0.413870983847,69.429485879,73.1419488651,72.1395496986,61.7893753627,69,73,72,62
367,羅敏卿,1996,統一7-ELEVEn獅,A_WinsorizedBalanced-v0.1,B_QuadraticTanh-v1,349,Qualified,False,2026-08-11,1.22897435722,2.02745905488,1.46340380951,-0.91683214171,74.3883975332,80.752195332,76.2562141896,57.3475556469,74,81,76,57
367,羅敏卿,1997,統一7-ELEVEn獅,A_WinsorizedBalanced-v0.1,B_QuadraticTanh-v1,417,Qualified,False,2026-08-11,0.499772193195,2.54483212641,1.34396639339,-1.01406795348,68.7023692369,84.7892588531,75.303431324,56.4363482793,69,85,75,56
367,羅敏卿,1998,統一7-ELEVEn獅,A_WinsorizedBalanced-v0.1,B_QuadraticTanh-v1,440,Qualified,False,2026-08-11,0.350986282292,1.95240897815,0.19399006529,-1.22185433048,67.5797058151,80.1570276165,66.4131980779,54.4506425391,68,80,66,54
367,羅敏卿,1999,統一7-ELEVEn獅,A_WinsorizedBalanced-v0.1,B_QuadraticTanh-v1,304,Qualified,False,2026-08-11,-0.218805451204,1.0231528183,1.17870711821,-0.858083812994,63.3587791246,72.7594730051,73.9893761469,57.8912116495,63,73,74,58
367,羅敏卿,2000,統一7-ELEVEn獅,A_WinsorizedBalanced-v0.1,B_QuadraticTanh-v1,317,Qualified,False,2026-08-11,0.0553789213141,1.76327314503,2.64736119075,-1.53077643598,65.4000977615,78.6511592163,85.5703491631,51.4440833447,65,79,86,51
367,羅敏卿,2001,統一7-ELEVEn獅,A_WinsorizedBalanced-v0.1,B_QuadraticTanh-v1,316,Qualified,False,2026-08-11,1.61096152216,1.12525409079,1.24033990638,-1.44237352624,77.4349136722,73.5658506051,74.478707497,52.3072297326,77,74,74,52
367,羅敏卿,2002,統一7-ELEVEn獅,A_WinsorizedBalanced-v0.1,B_QuadraticTanh-v1,281,Qualified,False,2026-08-11,0.313752237121,0.53473350755,-0.279513912042,-1.02105920382,67.3013049538,68.9684185372,62.8807163687,56.3703304538,67,69,63,56
367,羅敏卿,2003,統一7-ELEVEn獅,A_WinsorizedBalanced-v0.1,B_QuadraticTanh-v1,178,Regular,False,2026-08-11,2.11835052058,1.9906492367,0.823717325683,-0.921552466426,81.4705311748,80.460490771,71.1964785289,57.3036385584,81,80,71,57
367,羅敏卿,2004,統一7-ELEVEn獅,A_WinsorizedBalanced-v0.1,B_QuadraticTanh-v1,188,Regular,False,2026-08-11,0.8553795012,0.943589243906,1.38835479481,-1.18816900678,71.4434008731,72.1338257526,75.6573073661,54.775458216,71,72,76,55
367,羅敏卿,2005,誠泰,A_WinsorizedBalanced-v0.1,B_QuadraticTanh-v1,232,Regular,False,2026-08-11,-1.46440449235,1.93782520185,0.376173242156,-0.597875428947,52.0921612283,80.0411901278,67.7686238485,60.2248238232,52,80,68,60
368,李文傳,1990,兄弟,A_WinsorizedBalanced-v0.1,B_QuadraticTanh-v1,52,Provisional,False,2026-08-11,-0.0633999057983,0.579251119267,-0.411475396391,0.305689058785,64.5379201607,69.3083604589,61.8092242639,67.241156094,65,69,62,67
368,李文傳,1991,兄弟,A_WinsorizedBalanced-v0.1,B_QuadraticTanh-v1,95,Provisional,False,2026-08-11,-0.846440407377,-0.781014106373,-0.771215247605,0.60384929238,57.9982936656,58.5956699353,58.6844830833,69.4967424236,58,59,59,69
368,李文傳,1995,兄弟,A_WinsorizedBalanced-v0.1,B_QuadraticTanh-v1,158,Regular,False,2026-08-11,-0.587355922783,0.438416011253,-0.173749795978,-0.61742979116,60.3163178008,68.2374860416,63.7073251365,60.0541193291,60,68,64,60
368,李文傳,1996,兄弟,A_WinsorizedBalanced-v0.1,B_QuadraticTanh-v1,90,Provisional,False,2026-08-11,-1.26333576631,0.798439029902,-0.300909138032,-0.223946807914,54.0494481175,70.9997038744,62.7099656918,63.318665053,54,71,63,63
369,寶力,1990,三商,A_WinsorizedBalanced-v0.1,B_QuadraticTanh-v1,80,Provisional,False,2026-08-11,-2.02375911086,-0.0483324089927,0.278986912897,2.19811790307,46.703143776,64.6487480178,67.042326938,82.0983227324,47,65,67,82
370,孫長川,1991,統一7-ELEVEn獅,A_WinsorizedBalanced-v0.1,B_QuadraticTanh-v1,147,Provisional,False,2026-08-11,-2.22217318376,-0.33222570359,-0.705821264586,0.258233225177,44.8821650083,62.4579355964,59.2725903351,66.8881779197,45,62,59,67
371,耿健輝,1991,統一7-ELEVEn獅,A_WinsorizedBalanced-v0.1,B_QuadraticTanh-v1,56,Provisional,False,2026-08-11,-0.910167789915,0.1694248663,-0.224525320903,1.644864075,57.4095014851,66.2324678889,63.3141470121,77.7057589944,57,66,63,78
371,耿健輝,1992,統一7-ELEVEn獅,A_WinsorizedBalanced-v0.1,B_QuadraticTanh-v1,178,Regular,False,2026-08-11,-1.91731789974,0.235663124558,-1.1474569917,-0.61429625607,47.7066624068,66.7209264997,55.1667045147,60.0815289642,48,67,55,60
371,耿健輝,1996,統一7-ELEVEn獅,A_WinsorizedBalanced-v0.1,B_QuadraticTanh-v1,138,Provisional,False,2026-08-11,-0.957491914768,-0.468602517668,-0.574477172901,2.19705348391,56.9681700123,61.3321543012,60.4280054354,82.0899633628,57,61,60,82
371,耿健輝,1997,統一7-ELEVEn獅,A_WinsorizedBalanced-v0.1,B_QuadraticTanh-v1,64,Provisional,False,2026-08-11,-2.17774801642,0.728180827707,-0.54408692503,2.30274662622,45.2834620698,70.4545616064,60.6901157813,82.9174087302,45,70,61,83
371,耿健輝,1998,統一7-ELEVEn獅,A_WinsorizedBalanced-v0.1,B_QuadraticTanh-v1,92,Provisional,False,2026-08-11,-1.29798578981,0.708778617885,-0.345493075008,1.7893175766,53.713437712,70.3044954544,62.3504171371,78.8589042406,54,70,62,79
377,陳琦豐,1991,兄弟,A_WinsorizedBalanced-v0.1,B_QuadraticTanh-v1,150,Regular,False,2026-08-11,-0.669736727744,-0.757979654306,-0.797654600921,0.904000484228,59.5935565873,58.8041654309,58.444448345,71.8235202501,60,59,58,72
377,陳琦豐,1995,兄弟,A_WinsorizedBalanced-v0.1,B_QuadraticTanh-v1,101,Provisional,False,2026-08-11,-0.348498930957,-1.58936134503,-0.820337224364,1.26915352432,62.3259965843,50.8723861781,58.2375252809,74.7077961869,62,51,58,75
377,陳琦豐,1996,兄弟,A_WinsorizedBalanced-v0.1,B_QuadraticTanh-v1,264,Regular,False,2026-08-11,0.0043030637078,-1.35973176978,-0.591189637883,0.890540807525,65.0309903862,53.113047734,60.2830014686,71.7181813874,65,53,60,72
377,陳琦豐,1997,兄弟,A_WinsorizedBalanced-v0.1,B_QuadraticTanh-v1,304,Qualified,False,2026-08-11,0.133929165604,-1.36008164602,-1.2719075811,0.738849484466,65.972210346,53.1096407549,53.966395028,70.5371681679,66,53,54,71
377,陳琦豐,1998,統一7-ELEVEn獅,A_WinsorizedBalanced-v0.1,B_QuadraticTanh-v1,381,Qualified,False,2026-08-11,0.302042629288,-0.546378590128,-1.22942536659,1.17663403917,67.2139713564,60.6704218512,54.3775123821,73.9729347863,67,61,54,74
377,陳琦豐,1999,統一7-ELEVEn獅,A_WinsorizedBalanced-v0.1,B_QuadraticTanh-v1,306,Qualified,False,2026-08-11,0.532270249756,-0.0118492519423,-0.730971381123,0.392674692474,68.9496467749,64.9144889895,59.0473707371,67.8926507099,69,65,59,68
377,陳琦豐,2000,統一7-ELEVEn獅,A_WinsorizedBalanced-v0.1,B_QuadraticTanh-v1,196,Regular,False,2026-08-11,-0.125083888048,-0.730240081405,-0.508797249442,-0.0437850689917,64.0777052018,59.0539367512,60.9918955111,64.6820722629,64,59,61,65
377,陳琦豐,2001,統一7-ELEVEn獅,A_WinsorizedBalanced-v0.1,B_QuadraticTanh-v1,155,Regular,False,2026-08-11,0.759975770403,-0.569037461635,-0.293576794984,-0.19640383138,70.7009324532,60.4750713626,62.7686153955,63.5327485911,71,60,63,64
377,陳琦豐,2002,統一7-ELEVEn獅,A_WinsorizedBalanced-v0.1,B_QuadraticTanh-v1,66,Provisional,False,2026-08-11,-0.833538977474,-0.422865418812,-0.590199483191,0.33173707095,58.1166788821,61.7147275199,60.2916093001,67.4356465257,58,62,60,67
413,吳復連,1991,兄弟,A_WinsorizedBalanced-v0.1,B_QuadraticTanh-v1,339,Qualified,False,2026-08-11,0.280756856863,1.12942112174,-0.844209143185,0.725107838117,67.0554890133,73.5988360237,58.0187881974,70.4307794697,67,74,58,70
413,吳復連,1992,兄弟,A_WinsorizedBalanced-v0.1,B_QuadraticTanh-v1,347,Qualified,False,2026-08-11,1.00018441531,1.12414197648,-0.0214539980211,-0.39799134033,72.5785984835,73.5570482512,64.8448878461,61.9206886798,73,74,65,62
413,吳復連,1993,兄弟,A_WinsorizedBalanced-v0.1,B_QuadraticTanh-v1,319,Qualified,False,2026-08-11,0.678886012727,0.557117280549,-0.418073700071,-0.772162796286,70.0737129486,69.1391822497,61.7545198487,58.6759025263,70,69,62,59
413,吳復連,1994,兄弟,A_WinsorizedBalanced-v0.1,B_QuadraticTanh-v1,332,Qualified,False,2026-08-11,0.563976158209,-0.1166389519,-0.0225801729104,0.928741066101,69.1915736385,64.1413253829,64.8367101299,72.0173609819,69,64,65,72
413,吳復連,1995,兄弟,A_WinsorizedBalanced-v0.1,B_QuadraticTanh-v1,403,Qualified,False,2026-08-11,0.606290696085,1.38493955161,-0.6165957511,0.613064475969,69.5154604389,75.6300695655,60.0614168667,69.5674138961,70,76,60,70
413,吳復連,1996,兄弟,A_WinsorizedBalanced-v0.1,B_QuadraticTanh-v1,366,Qualified,False,2026-08-11,0.896907975952,1.24880444267,-0.712646588644,0.0911516070616,71.7680020709,74.5459864972,59.2115907383,65.6599831209,72,75,59,66
414,吉彌,1991,味全龍,A_WinsorizedBalanced-v0.1,B_QuadraticTanh-v1,361,Qualified,False,2026-08-11,1.57430317817,-0.0276144459351,1.63871175936,-0.393714135946,77.1420307816,64.8001105819,77.6566112939,61.9559534171,77,65,78,62
414,吉彌,1992,味全龍,A_WinsorizedBalanced-v0.1,B_QuadraticTanh-v1,319,Qualified,False,2026-08-11,1.18089782547,-0.847245674079,0.740341437197,-0.68710362112,74.0067517227,57.9908950985,70.5487252734,59.4394045495,74,58,71,59
415,艾勃,1991,統一7-ELEVEn獅,A_WinsorizedBalanced-v0.1,B_QuadraticTanh-v1,344,Qualified,False,2026-08-11,0.495903358474,2.13464204437,2.59150772835,-1.50289415418,68.6729788872,81.5989631935,85.1457934633,51.7163305123,69,82,85,52
415,艾勃,1992,味全龍 / 統一7-ELEVEn獅,A_WinsorizedBalanced-v0.1,B_QuadraticTanh-v1,140,Provisional,False,2026-08-11,-0.0574860184782,1.49099951639,1.27023530696,-0.616506749058,64.581494115,76.4765736156,74.7164008151,60.0621955143,65,76,75,60
415,艾勃,1993,味全龍,A_WinsorizedBalanced-v0.1,B_QuadraticTanh-v1,382,Qualified,False,2026-08-11,0.950291997077,0.602398210141,3.42043142363,-0.71497210615,72.1864315384,69.4856188821,91.1536904671,59.1907862802,72,69,91,59
416,勃朗,1991,兄弟,A_WinsorizedBalanced-v0.1,B_QuadraticTanh-v1,337,Qualified,False,2026-08-11,1.12897461107,-0.745328833205,0.53848471175,1.49528388861,73.5953012685,58.9182553901,68.9970130914,76.5107905579,74,59,69,77
416,勃朗,1992,味全龍,A_WinsorizedBalanced-v0.1,B_QuadraticTanh-v1,348,Qualified,False,2026-08-11,1.47999929294,-1.07649684087,-0.277650693255,0.716011871409,76.3887267029,55.8446709971,62.8955307772,70.3604160919,76,56,63,70
417,蔡生豐,1991,三商,A_WinsorizedBalanced-v0.1,B_QuadraticTanh-v1,306,Qualified,False,2026-08-11,-0.709272992837,1.85215901409,0.139930069029,0.954634505166,59.2417527601,79.3597269948,66.0161349289,72.2205234944,59,79,66,72
417,蔡生豐,1992,三商,A_WinsorizedBalanced-v0.1,B_QuadraticTanh-v1,330,Qualified,False,2026-08-11,-0.909834303802,-0.0654560990871,-0.718986016747,2.93022623381,57.4125994745,64.5227473679,59.1548524894,87.6814993828,57,65,59,88
417,蔡生豐,1993,三商,A_WinsorizedBalanced-v0.1,B_QuadraticTanh-v1,205,Regular,False,2026-08-11,-0.903743381313,-0.0621016571713,-0.665041740834,0.0712185657454,57.4691520349,64.5474940212,59.6351258228,65.5150336209,57,65,60,66
417,蔡生豐,1994,三商,A_WinsorizedBalanced-v0.1,B_QuadraticTanh-v1,262,Regular,False,2026-08-11,-1.9211713407,1.79436671262,-0.673369407504,1.72696549384,47.6700635151,78.8991678441,59.5613623616,78.3614068955,48,79,60,78
417,蔡生豐,1995,三商,A_WinsorizedBalanced-v0.1,B_QuadraticTanh-v1,180,Regular,False,2026-08-11,-1.76191734781,2.2362281616,-0.482617635442,0.99473035239,49.1963038706,82.3972794917,61.2139373531,72.53567864,49,82,61,73
417,蔡生豐,1996,三商,A_WinsorizedBalanced-v0.1,B_QuadraticTanh-v1,99,Provisional,False,2026-08-11,-1.3394878458,1.34891073816,-0.10165753168,-0.337040941826,53.3100897103,75.3428333879,64.2537109478,62.4189640056,53,75,64,62
418,百漢,1991,三商,A_WinsorizedBalanced-v0.1,B_QuadraticTanh-v1,214,Regular,False,2026-08-11,0.540749765901,-0.662348469149,0.0746545732816,-0.217269363073,69.0142835804,59.6589517444,65.5399949935,63.3707505591,69,60,66,63
419,霸多,1991,三商,A_WinsorizedBalanced-v0.1,B_QuadraticTanh-v1,181,Regular,False,2026-08-11,0.535689661295,0.738334428285,1.45889254891,-0.587052708069,68.9757061885,70.5331786767,76.2201964721,60.3189514883,69,71,76,60
419,霸多,1992,三商,A_WinsorizedBalanced-v0.1,B_QuadraticTanh-v1,145,Provisional,False,2026-08-11,0.400159731911,0.539661608084,0.0700217918505,-0.635730198353,67.9489751709,69.0059862175,65.5063419037,59.8936293528,68,69,66,60
420,查維,1991,兄弟,A_WinsorizedBalanced-v0.1,B_QuadraticTanh-v1,179,Regular,False,2026-08-11,1.5936155452,-0.141839519249,0.700161117834,0.119709980213,77.2963282469,63.9509039891,70.2379120941,65.8682528054,77,64,70,66
421,卡羅,1991,統一7-ELEVEn獅,A_WinsorizedBalanced-v0.1,B_QuadraticTanh-v1,96,Provisional,False,2026-08-11,0.557800431894,0.448747243881,0.0779910707354,-0.0910930722913,69.1443991139,68.3155791446,65.5642433096,64.3325936637,69,68,66,64
421,卡羅,1992,統一7-ELEVEn獅,A_WinsorizedBalanced-v0.1,B_QuadraticTanh-v1,316,Qualified,False,2026-08-11,1.13979697634,0.57584090088,0.989895350584,0.686856880517,73.6809929442,69.2822741425,72.497640359,70.13520049,74,69,72,70
421,卡羅,1993,統一7-ELEVEn獅,A_WinsorizedBalanced-v0.1,B_QuadraticTanh-v1,190,Regular,False,2026-08-11,0.423684209592,-0.400675409729,-0.489713599641,0.425879282127,68.1262608803,61.8985362973,61.1539091311,68.1428238307,68,62,61,68
421,卡羅,1994,統一7-ELEVEn獅,A_WinsorizedBalanced-v0.1,B_QuadraticTanh-v1,341,Qualified,False,2026-08-11,0.845324103228,2.85903713296,0.934670336943,-0.00171569654121,71.3649286586,87.1567496395,72.0638568904,64.9876428644,71,87,72,65
421,卡羅,1997,中信,A_WinsorizedBalanced-v0.1,B_QuadraticTanh-v1,348,Qualified,False,2026-08-11,0.913448278522,1.19987915815,-0.00755672255142,0.686667575529,71.8975105814,74.1573577061,64.945511696,70.133739755,72,74,65,70
422,揚戈,1991,三商,A_WinsorizedBalanced-v0.1,B_QuadraticTanh-v1,68,Provisional,False,2026-08-11,-1.05812327521,-0.370775169937,1.12324011853,0.407044947619,56.0193031752,62.1443171288,73.5499103595,68.0008221328,56,62,74,68
435,呂明賜,1992,味全龍,A_WinsorizedBalanced-v0.1,B_QuadraticTanh-v1,347,Qualified,False,2026-08-11,-0.0747714332939,2.20756402195,0.867833185559,0.434594052396,64.4538629375,82.172485118,71.5406572851,68.2086153326,64,82,72,68
435,呂明賜,1993,味全龍,A_WinsorizedBalanced-v0.1,B_QuadraticTanh-v1,342,Qualified,False,2026-08-11,1.47317568769,1.32489607588,1.16220708474,-0.081204988169,76.3342384936,75.1514975936,73.858550303,64.4061491318,76,75,74,64
435,呂明賜,1994,味全龍,A_WinsorizedBalanced-v0.1,B_QuadraticTanh-v1,221,Regular,False,2026-08-11,-0.917757041786,1.18485457026,-0.301260606846,-0.450446551181,57.3389532162,74.0381380219,62.7071509317,61.4846151619,57,74,63,61
435,呂明賜,1995,味全龍,A_WinsorizedBalanced-v0.1,B_QuadraticTanh-v1,367,Qualified,False,2026-08-11,1.83762126588,0.866859870937,2.23764333487,-0.517213427617,79.2439277538,71.5330535477,82.408367817,60.9201802766,79,72,82,61
435,呂明賜,1996,味全龍,A_WinsorizedBalanced-v0.1,B_QuadraticTanh-v1,415,Qualified,False,2026-08-11,1.85284991078,2.14106268977,1.8012772023,0.75594379584,79.3652292773,81.6495504332,78.9542682937,70.6696590466,79,82,79,71
436,林克,1992,統一7-ELEVEn獅,A_WinsorizedBalanced-v0.1,B_QuadraticTanh-v1,361,Qualified,False,2026-08-11,0.645145698588,2.53758093159,2.42918413867,-0.305988043791,69.8138552065,84.7337326818,83.8995105734,62.6692603999,70,85,84,63
436,林克,1993,統一7-ELEVEn獅,A_WinsorizedBalanced-v0.1,B_QuadraticTanh-v1,370,Qualified,False,2026-08-11,0.5602053194,4.58086462375,0.462445229903,-1.00232469413,69.1627663819,98.1423928198,68.4192375453,56.5470947037,69,98,68,57
436,林克,1994,統一7-ELEVEn獅,A_WinsorizedBalanced-v0.1,B_QuadraticTanh-v1,394,Qualified,False,2026-08-11,0.691720937029,0.668576412135,1.92657107633,-1.25151697501,70.1727401796,69.9942396714,79.9517623627,54.1638807935,70,70,80,54
436,林克,1995,統一7-ELEVEn獅,A_WinsorizedBalanced-v0.1,B_QuadraticTanh-v1,406,Qualified,False,2026-08-11,0.595856777808,1.91669513624,0.839271895793,-0.20702273226,69.4354907572,79.8732600644,71.317721221,63.4504481643,69,80,71,63
436,林克,1996,統一7-ELEVEn獅,A_WinsorizedBalanced-v0.1,B_QuadraticTanh-v1,349,Qualified,False,2026-08-11,1.44340567996,0.888163358001,0.536494907998,-0.770298949184,76.0965644232,71.6995835656,68.9818441206,58.6927790856,76,72,69,59
437,克魯茲,1992,兄弟,A_WinsorizedBalanced-v0.1,B_QuadraticTanh-v1,291,Qualified,False,2026-08-11,-1.00649260643,2.45997549824,1.70421661952,2.56777467251,56.5078095163,84.1372525734,78.1797896485,84.964700254,57,84,78,85
437,克魯茲,1993,兄弟,A_WinsorizedBalanced-v0.1,B_QuadraticTanh-v1,294,Qualified,False,2026-08-11,-1.20017081878,1.23797433964,1.95890909106,3.2605973937,54.6598367977,74.4599082456,80.2086392159,90.0506357581,55,74,80,90
437,克魯茲,1996,興農,A_WinsorizedBalanced-v0.1,B_QuadraticTanh-v1,332,Qualified,False,2026-08-11,-0.684207507132,0.592102216106,0.179148474673,2.59815863332,59.4651530477,69.4067311015,66.3039462633,85.1964697076,59,69,66,85
438,康雷,1992,三商,A_WinsorizedBalanced-v0.1,B_QuadraticTanh-v1,230,Regular,False,2026-08-11,1.30519936693,-0.936632166256,1.33129757837,4.24995625344,74.9946436759,57.1631137429,75.2024913117,96.3458313949,75,57,75,96
438,康雷,1993,三商,A_WinsorizedBalanced-v0.1,B_QuadraticTanh-v1,362,Qualified,False,2026-08-11,1.18717930542,0.0466213190778,2.14196437249,4.62039457136,74.0565806783,65.3366453133,81.6566533132,98.346017621,74,65,82,98
438,康雷,1994,三商,A_WinsorizedBalanced-v0.1,B_QuadraticTanh-v1,334,Qualified,False,2026-08-11,1.72110118042,-0.242501085019,1.73995002817,1.71879023588,78.3145934168,63.173323962,78.4650468411,78.296144746,78,63,78,78
438,康雷,1995,三商,A_WinsorizedBalanced-v0.1,B_QuadraticTanh-v1,310,Qualified,False,2026-08-11,1.94432613162,0.108258834413,1.61241459468,-0.728052774923,80.0928332342,65.7846580587,77.4465227872,59.0735694902,80,66,77,59
438,康雷,1996,三商,A_WinsorizedBalanced-v0.1,B_QuadraticTanh-v1,253,Regular,False,2026-08-11,1.32392686808,-1.13554715118,0.821635962098,1.39788237206,75.1437776355,55.2808613147,71.1802642003,75.7333017994,75,55,71,76
439,愛迪生,1992,兄弟,A_WinsorizedBalanced-v0.1,B_QuadraticTanh-v1,82,Provisional,False,2026-08-11,0.452291461932,0.148720264052,-0.433636510329,1.15102789627,68.3423870609,66.0805311358,61.6250790415,73.7699576887,68,66,62,74
440,哥雅,1992,三商,A_WinsorizedBalanced-v0.1,B_QuadraticTanh-v1,120,Provisional,False,2026-08-11,0.776971031271,-0.396596125794,0.30308720188,0.765443386498,70.8328499072,61.9321968557,67.221757765,70.7433552459,71,62,67,71
440,哥雅,1993,三商,A_WinsorizedBalanced-v0.1,B_QuadraticTanh-v1,349,Qualified,False,2026-08-11,0.956209059025,1.13969004217,4.22116757403,1.80023553124,72.2328869121,73.6801460598,96.1818317243,78.9459630511,72,74,96,79
440,哥雅,1994,三商,A_WinsorizedBalanced-v0.1,B_QuadraticTanh-v1,381,Qualified,False,2026-08-11,1.09366941661,0.0168192951784,0.781195767902,-0.401397895558,73.3160149541,65.1212259319,70.8656663039,61.8925704263,73,65,71,62
440,哥雅,1995,三商,A_WinsorizedBalanced-v0.1,B_QuadraticTanh-v1,413,Qualified,False,2026-08-11,0.952283092143,1.22859591281,1.79512246716,1.66880889405,72.2020621334,74.3853909846,78.9051941708,77.8970252477,72,74,79,78
440,哥雅,1996,三商,A_WinsorizedBalanced-v0.1,B_QuadraticTanh-v1,283,Regular,False,2026-08-11,0.757287811928,0.756086594102,0.984784142592,3.48328395889,70.6800827262,70.6707664893,72.4574393518,91.5790848698,71,71,72,92
453,黃忠義,1993,俊國,A_WinsorizedBalanced-v0.1,B_QuadraticTanh-v1,402,Qualified,False,2026-08-11,1.06900134509,1.72707137855,1.31432606262,1.25613498432,73.1211232243,78.3622521174,75.0673145286,74.6042657809,73,78,75,75
453,黃忠義,1994,俊國,A_WinsorizedBalanced-v0.1,B_QuadraticTanh-v1,385,Qualified,False,2026-08-11,0.0437245035545,2.04828031219,-0.00362945093819,0.220017434152,65.315671572,80.9170053892,64.973849516,66.6052275887,65,81,65,67
453,黃忠義,1995,俊國,A_WinsorizedBalanced-v0.1,B_QuadraticTanh-v1,430,Qualified,False,2026-08-11,-0.317247260136,1.72291684136,0.200556837711,1.2750541208,62.578788953,78.329087789,66.4615953094,74.7547333681,63,78,66,75
453,黃忠義,1996,興農,A_WinsorizedBalanced-v0.1,B_QuadraticTanh-v1,413,Qualified,False,2026-08-11,1.25566230479,2.06686902341,0.510365030254,0.30585657246,74.6005075066,81.0640203954,68.782891871,67.2424051838,75,81,69,67
453,黃忠義,1997,興農,A_WinsorizedBalanced-v0.1,B_QuadraticTanh-v1,436,Qualified,False,2026-08-11,0.511858560503,0.925473203557,-0.51608285494,0.0175494998449,68.7942512233,71.9917418194,60.9298233885,65.1264946589,69,72,61,65
453,黃忠義,1998,興農,A_WinsorizedBalanced-v0.1,B_QuadraticTanh-v1,488,Qualified,False,2026-08-11,1.96062522344,0.548383531958,0.959632733539,0.0486031078132,80.2222635855,69.0725141148,72.2597732792,65.3509982758,80,69,72,65
453,黃忠義,1999,興農,A_WinsorizedBalanced-v0.1,B_QuadraticTanh-v1,378,Qualified,False,2026-08-11,1.38525286826,0.639668327478,0.664604871947,1.2708434838,75.6325683103,69.7717345899,69.9636411574,74.7212384401,76,70,70,75
453,黃忠義,2000,興農,A_WinsorizedBalanced-v0.1,B_QuadraticTanh-v1,375,Qualified,False,2026-08-11,2.50906522737,1.13996987848,1.7501022127,2.0009404535,84.5150242597,73.6823622812,78.5460665847,80.5420867963,85,74,79,81
453,黃忠義,2001,興農,A_WinsorizedBalanced-v0.1,B_QuadraticTanh-v1,385,Qualified,False,2026-08-11,1.81803745729,1.60169063062,0.109957960483,1.24951332097,79.087873973,77.3608444363,65.7970547862,74.5516216738,79,77,66,75
453,黃忠義,2002,興農,A_WinsorizedBalanced-v0.1,B_QuadraticTanh-v1,372,Qualified,False,2026-08-11,2.18140605776,0.317106573645,2.09310878266,0.338133191014,81.9670190816,67.3263420573,81.2713386666,67.4834833072,82,67,81,67
453,黃忠義,2003,興農,A_WinsorizedBalanced-v0.1,B_QuadraticTanh-v1,414,Qualified,False,2026-08-11,1.74603850942,0.313853843892,0.600506896659,0.298333759238,78.5136375285,67.3020632296,69.4711226517,67.1863316995,79,67,69,67
453,黃忠義,2004,興農,A_WinsorizedBalanced-v0.1,B_QuadraticTanh-v1,414,Qualified,False,2026-08-11,2.3637231195,1.49024569149,1.40627216219,-1.17539758963,83.3921759801,76.4705533555,75.800231006,54.8983561655,83,76,76,55
453,黃忠義,2005,興農,A_WinsorizedBalanced-v0.1,B_QuadraticTanh-v1,418,Qualified,False,2026-08-11,0.871826487824,0.999797676494,0.0175601431915,-0.823145094667,71.571858534,72.575554716,65.1265714586,58.2118477423,72,73,65,58
453,黃忠義,2006,興農,A_WinsorizedBalanced-v0.1,B_QuadraticTanh-v1,417,Qualified,False,2026-08-11,2.68404955189,0.761593024112,0.177483559926,-0.863650336371,85.8479369736,70.7134789136,66.2917018774,57.839937832,86,71,66,58
453,黃忠義,2007,興農,A_WinsorizedBalanced-v0.1,B_QuadraticTanh-v1,99,Provisional,False,2026-08-11,0.80065947659,-0.688211570043,-0.013240208121,0.224730403785,71.0169754186,59.4295496789,64.9044253147,66.640058858,71,59,65,67
453,黃忠義,2008,興農,A_WinsorizedBalanced-v0.1,B_QuadraticTanh-v1,261,Regular,False,2026-08-11,0.675010389224,0.600371331642,0.175657015818,-0.921885545364,70.0438297104,69.4700836815,66.278271458,57.3005383667,70,69,66,57
454,廖敏雄,1993,時報,A_WinsorizedBalanced-v0.1,B_QuadraticTanh-v1,387,Qualified,False,2026-08-11,-0.67574897019,0.637862979108,3.2602013522,-0.273642284695,59.540259314,69.7578555755,90.0478657905,62.9273712628,60,70,90,63
454,廖敏雄,1994,時報,A_WinsorizedBalanced-v0.1,B_QuadraticTanh-v1,387,Qualified,False,2026-08-11,-0.993461635446,0.58908742312,3.21842579213,1.99930918037,56.6305572605,69.3836444817,89.7546907575,80.5291550292,57,69,90,81
454,廖敏雄,1995,時報,A_WinsorizedBalanced-v0.1,B_QuadraticTanh-v1,403,Qualified,False,2026-08-11,-0.305783746642,1.830313909,3.33845897548,-0.208156020237,62.6708990221,79.1857068954,90.5917194024,63.4416471502,63,79,91,63
454,廖敏雄,1996,時報,A_WinsorizedBalanced-v0.1,B_QuadraticTanh-v1,314,Qualified,False,2026-08-11,-1.90492809235,1.00486207188,1.52813294246,0.78792824294,47.8244627197,72.6154179441,76.7731736575,70.9179815016,48,73,77,71
454,廖敏雄,1997,時報,A_WinsorizedBalanced-v0.1,B_QuadraticTanh-v1,196,Regular,False,2026-08-11,0.776539526362,1.0451184893,1.59364440231,0.214453366446,70.8294986488,72.9326401285,77.2965588027,66.564129492,71,73,77,67
455,張文宗,1993,俊國,A_WinsorizedBalanced-v0.1,B_QuadraticTanh-v1,380,Qualified,False,2026-08-11,-1.04235750085,0.564816951839,1.16081493557,1.09254349398,56.1688268866,69.1979981247,73.8475158098,73.3071149763,56,69,74,73
455,張文宗,1994,俊國,A_WinsorizedBalanced-v0.1,B_QuadraticTanh-v1,374,Qualified,False,2026-08-11,0.0100764073588,1.1100125334,0.580963092339,-0.858316709746,65.0725957603,73.4452486642,69.3214589311,57.8890674411,65,73,69,58
455,張文宗,1995,俊國,A_WinsorizedBalanced-v0.1,B_QuadraticTanh-v1,402,Qualified,False,2026-08-11,-1.65924442335,-0.00778509206469,0.238364759176,-1.00521826928,50.1917298936,64.9438625346,66.7409249285,56.519823395,50,65,67,57
455,張文宗,1996,興農,A_WinsorizedBalanced-v0.1,B_QuadraticTanh-v1,389,Qualified,False,2026-08-11,-0.00403532926574,1.27061861057,0.903874152042,-0.760684016275,64.9709228385,74.7194497199,71.8225311554,58.7797376911,65,75,72,59
455,張文宗,1997,興農,A_WinsorizedBalanced-v0.1,B_QuadraticTanh-v1,246,Regular,False,2026-08-11,-0.622741465649,2.30979113241,-0.0117006496258,-0.892206008466,60.0076097193,82.972360189,64.9155638192,57.5761143515,60,83,65,58
455,張文宗,2000,統一7-ELEVEn獅,A_WinsorizedBalanced-v0.1,B_QuadraticTanh-v1,336,Qualified,False,2026-08-11,-0.861798712161,1.83147013201,0.801352737669,-0.971406940997,57.8569990137,79.1949196592,71.0223684106,56.8377782402,58,79,71,57
455,張文宗,2001,統一7-ELEVEn獅,A_WinsorizedBalanced-v0.1,B_QuadraticTanh-v1,231,Regular,False,2026-08-11,-1.14697459607,1.6606123199,-0.119781664863,-0.394494882503,55.1713310351,77.8315560349,64.1176722881,61.949519636,55,78,64,62
455,張文宗,2002,統一7-ELEVEn獅,A_WinsorizedBalanced-v0.1,B_QuadraticTanh-v1,157,Regular,False,2026-08-11,-0.623374821338,0.691832373981,-0.396533465136,-0.664812106162,60.0020600202,70.1736003857,61.9327135897,59.6371578521,60,70,62,60
455,張文宗,2003,統一7-ELEVEn獅,A_WinsorizedBalanced-v0.1,B_QuadraticTanh-v1,61,Provisional,False,2026-08-11,-0.121040140205,0.529522195201,0.223407945194,-0.0346194168615,64.108193063,68.9287094211,66.6302833906,64.7490665926,64,69,67,65
456,凱斯,1993,味全龍,A_WinsorizedBalanced-v0.1,B_QuadraticTanh-v1,336,Qualified,False,2026-08-11,-0.0513469065141,1.10626438831,-0.978031814975,-0.070920301131,64.626625331,73.4156022603,56.775603218,64.482370012,65,73,57,64
456,凱斯,1994,味全龍,A_WinsorizedBalanced-v0.1,B_QuadraticTanh-v1,368,Qualified,False,2026-08-11,0.927856266866,0.770541683469,-0.770724298059,0.919827099503,72.0104239278,70.7829270156,58.6889282445,71.9474890551,72,71,59,72
457,江泰權,1993,統一7-ELEVEn獅,A_WinsorizedBalanced-v0.1,B_QuadraticTanh-v1,362,Qualified,False,2026-08-11,1.98572015867,-0.39688610011,-0.674644527996,2.18640249237,80.4213984472,61.9298054449,59.5500554301,82.0062885593,80,62,60,82
457,江泰權,1994,統一7-ELEVEn獅,A_WinsorizedBalanced-v0.1,B_QuadraticTanh-v1,207,Regular,False,2026-08-11,0.543841916474,1.01722197944,-0.721565336364,0.0766146525792,69.0378659481,72.7127484258,59.1317451522,65.5542388833,69,73,59,66
457,江泰權,1995,統一7-ELEVEn獅,A_WinsorizedBalanced-v0.1,B_QuadraticTanh-v1,366,Qualified,False,2026-08-11,1.09801733969,0.281772639669,-0.911842378054,1.45479468194,73.3503875973,67.063043929,57.3939424488,76.1874808734,73,67,57,76
457,江泰權,1996,統一7-ELEVEn獅,A_WinsorizedBalanced-v0.1,B_QuadraticTanh-v1,307,Regular,False,2026-08-11,1.38172795197,0.234825094591,-0.374717803545,0.593756084528,75.6044574125,66.7147243078,62.1120341016,69.4193985082,76,67,62,69
458,葛雷諾,1993,兄弟,A_WinsorizedBalanced-v0.1,B_QuadraticTanh-v1,368,Qualified,False,2026-08-11,1.31476875261,-0.446238530895,0.594753191689,1.352303583,75.0708398344,61.519840131,69.4270364466,75.3698737403,75,62,69,75
458,葛雷諾,1994,兄弟,A_WinsorizedBalanced-v0.1,B_QuadraticTanh-v1,388,Qualified,False,2026-08-11,1.788222731,-0.787626480625,2.08409770731,1.36220053745,78.850173055,58.5356392422,81.2001709492,75.4487614176,79,59,81,75
458,葛雷諾,1995,兄弟,A_WinsorizedBalanced-v0.1,B_QuadraticTanh-v1,299,Regular,False,2026-08-11,1.97733844154,-0.668974464952,0.181783342367,0.806914471711,80.35490717,59.600308671,66.3233287326,71.0656430372,80,60,66,71
458,葛雷諾,1996,兄弟,A_WinsorizedBalanced-v0.1,B_QuadraticTanh-v1,348,Qualified,False,2026-08-11,1.96713777765,-0.754583818512,0.836425820961,0.256553691595,80.2739593879,58.8348197821,71.2955279959,66.8757180376,80,59,71,67
459,褚志遠,1993,時報,A_WinsorizedBalanced-v0.1,B_QuadraticTanh-v1,335,Qualified,False,2026-08-11,0.292833966592,0.529475794093,0.6309639177,-0.384641465385,67.1453652292,68.9283559354,69.7048358338,62.0306080462,67,69,70,62
459,褚志遠,1994,時報,A_WinsorizedBalanced-v0.1,B_QuadraticTanh-v1,344,Qualified,False,2026-08-11,0.404900080426,1.15975683681,1.38680563578,-0.0948702176576,67.9846671781,73.8391294579,75.6449520578,64.3044255274,68,74,76,64
459,褚志遠,1995,時報,A_WinsorizedBalanced-v0.1,B_QuadraticTanh-v1,389,Qualified,False,2026-08-11,-0.712603558147,1.70777198535,2.1668867843,-1.17111471234,59.211975597,78.2081772795,81.8528435548,54.9395371281,59,78,82,55
459,褚志遠,1996,時報,A_WinsorizedBalanced-v0.1,B_QuadraticTanh-v1,156,Regular,False,2026-08-11,-0.664749478288,0.508752021618,-0.0866248393333,-0.577324543216,59.6377120254,68.7706254949,64.3658651511,60.4033434078,60,69,64,60
459,褚志遠,1997,時報,A_WinsorizedBalanced-v0.1,B_QuadraticTanh-v1,151,Regular,False,2026-08-11,1.5419987381,0.178357461249,1.25560555614,-0.769620703424,76.8839422546,66.2981285774,74.6000563016,58.6989188084,77,66,75,59
460,李聰富,1993,時報,A_WinsorizedBalanced-v0.1,B_QuadraticTanh-v1,309,Qualified,False,2026-08-11,-0.747802665507,-1.75482220141,2.51342150808,-1.00622427221,58.8959690276,49.2648598332,84.5484714739,56.51033943,59,49,85,57
460,李聰富,1994,時報,A_WinsorizedBalanced-v0.1,B_QuadraticTanh-v1,128,Provisional,False,2026-08-11,-1.06849341559,-0.506236649544,0.243273585795,-0.467747591161,55.9207886847,61.0136826383,66.7772767689,61.3393507355,56,61,67,61
460,李聰富,1995,時報,A_WinsorizedBalanced-v0.1,B_QuadraticTanh-v1,317,Qualified,False,2026-08-11,-0.480957817476,-0.0244454835464,0.977512241737,-0.463265863041,61.2279617195,64.823157409,72.4002622623,61.3770481372,61,65,72,61
460,李聰富,1996,時報,A_WinsorizedBalanced-v0.1,B_QuadraticTanh-v1,286,Regular,False,2026-08-11,-0.312810498252,-0.712997059685,1.12577932314,-0.60654256724,62.6144781378,59.2084560403,73.5700079411,60.1492624537,63,59,74,60
460,李聰富,1997,時報,A_WinsorizedBalanced-v0.1,B_QuadraticTanh-v1,172,Regular,False,2026-08-11,-0.49335823346,-0.623669826583,0.991072644017,-0.0488993439521,61.1230321422,59.999474786,72.5069015818,64.6445893363,61,60,73,65
461,白昆弘,1993,俊國,A_WinsorizedBalanced-v0.1,B_QuadraticTanh-v1,338,Qualified,False,2026-08-11,-0.927931539689,-0.815951372293,-0.413449179264,1.94585918417,57.2442349643,58.2776058019,61.7928712756,80.1050101382,57,58,62,80
461,白昆弘,1994,俊國,A_WinsorizedBalanced-v0.1,B_QuadraticTanh-v1,318,Qualified,False,2026-08-11,-1.42026920836,-1.16165129273,-0.0474167926123,1.54815048818,52.5229369489,55.0304705892,64.6554625296,76.9330883411,53,55,65,77
461,白昆弘,1995,俊國,A_WinsorizedBalanced-v0.1,B_QuadraticTanh-v1,359,Qualified,False,2026-08-11,-1.43549196106,-1.55855969728,-0.220855861401,1.20055741976,52.3743939593,51.1728818106,63.342789672,74.162741139,52,51,63,74
461,白昆弘,1996,興農,A_WinsorizedBalanced-v0.1,B_QuadraticTanh-v1,313,Qualified,False,2026-08-11,-1.50574336665,-1.36746857988,-0.690502416256,-0.283429147402,51.6885085654,53.0376981155,59.4091655476,62.8495573605,52,53,59,63
461,白昆弘,1997,時報 / 興農,A_WinsorizedBalanced-v0.1,B_QuadraticTanh-v1,282,Regular,False,2026-08-11,0.0474938890559,-0.861267142728,-0.359703541127,0.0298319112901,65.3429644117,57.8618959404,62.2347684234,65.2151885953,65,58,62,65
462,張天麟,1993,俊國,A_WinsorizedBalanced-v0.1,B_QuadraticTanh-v1,317,Qualified,False,2026-08-11,-0.618729930372,-0.170833346995,-0.454925213276,1.27728338805,60.0427406673,63.7297004751,61.4470786715,74.7724683916,60,64,61,75
462,張天麟,1994,俊國,A_WinsorizedBalanced-v0.1,B_QuadraticTanh-v1,324,Qualified,False,2026-08-11,-0.0556361430949,-0.478561813631,-0.223540299281,3.87927358798,64.5951043008,61.2481950824,63.3218392574,94.1424539765,65,61,63,94
462,張天麟,1995,俊國,A_WinsorizedBalanced-v0.1,B_QuadraticTanh-v1,272,Regular,False,2026-08-11,0.297898907861,-0.145823155042,-0.697456295115,1.51269902923,67.1830917516,63.920645494,59.3472256182,76.6498875103,67,64,59,77
462,張天麟,1996,興農,A_WinsorizedBalanced-v0.1,B_QuadraticTanh-v1,367,Qualified,False,2026-08-11,-0.482914765637,0.0871287780533,-0.417150124185,2.2266570488,61.2114261242,65.6307020401,61.7621832378,82.3222619654,61,66,62,82
462,張天麟,1997,興農,A_WinsorizedBalanced-v0.1,B_QuadraticTanh-v1,332,Qualified,False,2026-08-11,-0.143582495712,0.247226691214,-0.394716126174,1.34390911383,63.9376701327,66.8065651611,61.9476961962,75.3029748808,64,67,62,75
463,愛快,1993,時報,A_WinsorizedBalanced-v0.1,B_QuadraticTanh-v1,359,Qualified,False,2026-08-11,-0.97543009914,2.33778983549,1.30204270808,0.118586258652,56.8000278731,83.1905056954,74.9695127408,65.8600445378,57,83,75,66
463,愛快,1994,時報,A_WinsorizedBalanced-v0.1,B_QuadraticTanh-v1,96,Provisional,False,2026-08-11,0.542495949703,2.2726740798,0.907287993718,1.64959090623,69.0276001219,82.6825356856,71.8492617602,77.7435181608,69,83,72,78
463,愛快,1995,時報,A_WinsorizedBalanced-v0.1,B_QuadraticTanh-v1,192,Regular,False,2026-08-11,-0.668689517228,1.4277371038,-0.181144620127,1.81695803001,59.6028324208,75.971506648,63.6504893715,79.0792706202,60,76,64,79
464,曾貴章,1993,時報,A_WinsorizedBalanced-v0.1,B_QuadraticTanh-v1,352,Qualified,False,2026-08-11,1.85884604092,-0.215339525692,0.949101249584,1.50384875192,79.412978387,63.3857818578,72.1770846833,76.5791969772,79,63,72,77
464,曾貴章,1994,時報,A_WinsorizedBalanced-v0.1,B_QuadraticTanh-v1,395,Qualified,False,2026-08-11,1.36881820044,2.15024502899,-0.130840383568,0.598220449335,75.501518868,81.7218675213,64.0342275754,69.4536008692,76,82,64,69
464,曾貴章,1995,時報,A_WinsorizedBalanced-v0.1,B_QuadraticTanh-v1,463,Qualified,False,2026-08-11,0.984357353761,0.282257280228,0.300574192616,0.278090309683,72.4540830241,67.0666487434,67.2030268303,67.0356603454,72,67,67,67
464,曾貴章,1996,時報,A_WinsorizedBalanced-v0.1,B_QuadraticTanh-v1,452,Qualified,False,2026-08-11,1.00058137914,0.169234366788,0.520853425499,1.32292312012,72.5817227871,66.2310683104,68.8626953156,75.13578274,73,66,69,75
464,曾貴章,1997,時報,A_WinsorizedBalanced-v0.1,B_QuadraticTanh-v1,194,Regular,False,2026-08-11,1.93420862659,0.447535941816,1.29965080083,0.945613141328,80.01245551,68.3064190781,74.950471504,72.1497080396,80,68,75,72
465,陳威成,1993,俊國,A_WinsorizedBalanced-v0.1,B_QuadraticTanh-v1,318,Qualified,False,2026-08-11,0.341410676802,-1.05042792766,-0.939263107834,-0.404973771255,67.508007774,56.0923242801,57.1385616442,61.8630242492,68,56,57,62
465,陳威成,1994,俊國,A_WinsorizedBalanced-v0.1,B_QuadraticTanh-v1,203,Regular,False,2026-08-11,-0.0533521435148,-1.34142993332,-0.255704032636,1.27350560811,64.6118954432,53.2911943197,63.0693543444,74.7424147513,65,53,63,75
465,陳威成,1995,俊國,A_WinsorizedBalanced-v0.1,B_QuadraticTanh-v1,294,Regular,False,2026-08-11,0.406441600067,-0.904436485916,-0.715371581001,0.32848216915,67.9962774327,57.4627196561,59.1872114556,67.4113149823,68,57,59,67
465,陳威成,1996,興農,A_WinsorizedBalanced-v0.1,B_QuadraticTanh-v1,241,Regular,False,2026-08-11,-0.498352919143,0.223268146937,-0.40824555349,-0.235889838027,61.0806679208,66.6292501002,61.8359635247,63.2252150728,61,67,62,63
465,陳威成,1997,興農,A_WinsorizedBalanced-v0.1,B_QuadraticTanh-v1,177,Regular,False,2026-08-11,0.208492096208,-0.00327665900835,-0.227581472839,-0.349409959295,66.5201255073,64.9763930276,63.2902646585,62.318590643,67,65,63,62
466,古勝吉,1993,時報,A_WinsorizedBalanced-v0.1,B_QuadraticTanh-v1,328,Qualified,False,2026-08-11,0.850714930726,-1.96351063066,-0.418430643374,3.08954494484,71.4069924746,47.2692112342,61.7515575542,88.8381836164,71,47,62,89
466,古勝吉,1994,時報,A_WinsorizedBalanced-v0.1,B_QuadraticTanh-v1,253,Regular,False,2026-08-11,-0.107704667592,-0.834367164638,-0.432245145705,1.91161563592,64.2084209875,58.109087828,61.6366750715,79.8328747295,64,58,62,80
466,古勝吉,1995,時報,A_WinsorizedBalanced-v0.1,B_QuadraticTanh-v1,311,Qualified,False,2026-08-11,0.805082563279,-1.15855343663,-0.471545912306,2.74454778708,71.0513876002,55.0602195555,61.3073648894,86.3033396495,71,55,61,86
466,古勝吉,1996,時報,A_WinsorizedBalanced-v0.1,B_QuadraticTanh-v1,344,Qualified,False,2026-08-11,-0.0759827507916,-0.625044484163,-0.693679858074,2.31097071854,64.4448880178,59.9874257682,59.3808751648,82.9815591282,64,60,59,83
467,張耀騰,1993,俊國,A_WinsorizedBalanced-v0.1,B_QuadraticTanh-v1,328,Qualified,False,2026-08-11,-0.198885918828,-0.62660920471,-0.748406838196,1.48303881462,63.5135382257,59.9737059984,58.8905243824,76.4129992028,64,60,59,76
467,張耀騰,1994,俊國,A_WinsorizedBalanced-v0.1,B_QuadraticTanh-v1,256,Regular,False,2026-08-11,-0.505553572867,1.20249782551,-0.945577750266,4.56032053895,61.0194921342,74.178143021,57.0795912828,98.0356361202,61,74,57,98
467,張耀騰,1995,俊國,A_WinsorizedBalanced-v0.1,B_QuadraticTanh-v1,422,Qualified,False,2026-08-11,-0.648684852632,0.350892252905,-0.283955350282,7.69570816335,59.7795981006,67.5790014267,62.8453666278,107.713614844,60,68,63,108
467,張耀騰,1996,興農,A_WinsorizedBalanced-v0.1,B_QuadraticTanh-v1,234,Regular,False,2026-08-11,-1.33974745349,1.18392956868,-0.81396237957,2.2626454956,53.307563976,74.0308001904,58.295771341,82.6041085252,53,74,58,83
467,張耀騰,1997,時報,A_WinsorizedBalanced-v0.1,B_QuadraticTanh-v1,195,Regular,False,2026-08-11,0.879060778449,0.448015559973,0.185216892593,2.07795704091,71.6284022035,68.3100459058,66.3485950559,81.151656208,72,68,66,81
468,吳思賢,1993,俊國,A_WinsorizedBalanced-v0.1,B_QuadraticTanh-v1,302,Qualified,False,2026-08-11,0.802681954201,0.230206503168,0.502148485578,-0.354691990271,71.0327092999,66.6805526476,68.7204262584,62.2756111611,71,67,69,62
468,吳思賢,1994,俊國,A_WinsorizedBalanced-v0.1,B_QuadraticTanh-v1,291,Qualified,False,2026-08-11,0.000755788603956,0.445852915954,0.0809697108195,-0.756967096188,65.005441935,68.2936934813,65.5858990497,58.8133080838,65,68,66,59
468,吳思賢,1995,統一7-ELEVEn獅,A_WinsorizedBalanced-v0.1,B_QuadraticTanh-v1,279,Regular,False,2026-08-11,0.393385823814,-0.331154004993,-0.636779754945,-0.91419517687,67.8980001648,62.4666013482,59.8844037606,57.3720746749,68,62,60,57
468,吳思賢,1996,統一7-ELEVEn獅,A_WinsorizedBalanced-v0.1,B_QuadraticTanh-v1,140,Provisional,False,2026-08-11,-0.566759701228,-0.288266345768,-0.407467302186,-0.443414238276,60.4947599454,62.8110066917,61.8424027472,61.5434585008,60,63,62,62
468,吳思賢,1997,統一7-ELEVEn獅,A_WinsorizedBalanced-v0.1,B_QuadraticTanh-v1,149,Provisional,False,2026-08-11,-0.0449745779011,-0.930612234104,-0.065573713255,-0.130834785121,64.6733607249,57.2192533109,64.5218791323,64.0342699029,65,57,65,64
468,吳思賢,1998,兄弟,A_WinsorizedBalanced-v0.1,B_QuadraticTanh-v1,280,Regular,False,2026-08-11,0.61145256056,-0.375455380739,-0.473246628014,-0.592330923985,69.5550482505,62.1059904284,61.293032152,60.2730771656,70,62,61,60
468,吳思賢,1999,兄弟,A_WinsorizedBalanced-v0.1,B_QuadraticTanh-v1,232,Regular,False,2026-08-11,0.177919325952,-0.860602874716,-0.107478159611,-0.799823615836,66.2949064363,57.8680146575,64.2101192146,58.4247007169,66,58,64,58
469,陳執信,1993,時報,A_WinsorizedBalanced-v0.1,B_QuadraticTanh-v1,248,Regular,False,2026-08-11,-0.675039568643,-0.364364535447,0.421677406714,-0.0793789782912,59.5465518041,62.1967267093,68.1111215527,64.4197031073,60,62,68,64
469,陳執信,1994,時報,A_WinsorizedBalanced-v0.1,B_QuadraticTanh-v1,265,Regular,False,2026-08-11,-0.0995950511212,-0.599231793748,0.674096158361,-0.298582169782,64.2691350475,60.2130094478,70.0367817641,62.7285934231,64,60,70,63
469,陳執信,1995,時報,A_WinsorizedBalanced-v0.1,B_QuadraticTanh-v1,268,Regular,False,2026-08-11,0.370832825964,-1.27579538063,0.678048255674,-0.822188419017,67.7285278056,53.9287101109,70.0672526226,58.2205979279,68,54,70,58
469,陳執信,1996,時報,A_WinsorizedBalanced-v0.1,B_QuadraticTanh-v1,269,Regular,False,2026-08-11,0.555185227724,0.345872842303,0.858314147346,-1.06048003307,69.1244298353,67.5414099388,71.4663121021,55.9969256368,69,68,71,56
469,陳執信,1997,時報,A_WinsorizedBalanced-v0.1,B_QuadraticTanh-v1,172,Regular,False,2026-08-11,1.2722712481,0.0623791024856,0.401415541335,-0.46039583382,74.7325956353,65.4508654689,67.9584290736,61.4011642109,75,65,68,61
470,立花義家,1993,俊國,A_WinsorizedBalanced-v0.1,B_QuadraticTanh-v1,272,Regular,False,2026-08-11,0.412194783353,1.53223391096,0.689826328696,-0.50689322617,68.0396238991,76.805933991,70.1581163864,61.008097517,68,77,70,61
471,王光熙,1993,時報,A_WinsorizedBalanced-v0.1,B_QuadraticTanh-v1,273,Regular,False,2026-08-11,0.407557355261,-0.0313116291807,-0.306483699121,-0.191356711406,68.0046820381,64.7731868596,62.6652844174,63.5717608902,68,65,63,64
471,王光熙,1994,時報,A_WinsorizedBalanced-v0.1,B_QuadraticTanh-v1,276,Regular,False,2026-08-11,-0.511323752338,-1.34616549621,0.908037316767,-0.850886107578,60.970383831,53.2451129716,71.8551297186,57.9574342171,61,53,72,58
471,王光熙,1995,時報,A_WinsorizedBalanced-v0.1,B_QuadraticTanh-v1,322,Qualified,False,2026-08-11,1.29650551605,-0.456109102869,0.548634669133,-0.831494844919,74.9254346144,61.4371483633,69.0744304459,58.1354101091,75,61,69,58
471,王光熙,1996,時報,A_WinsorizedBalanced-v0.1,B_QuadraticTanh-v1,201,Regular,False,2026-08-11,1.17099551042,-0.27171899124,-0.0492109807433,-0.283131574723,73.9282224246,62.9426341057,64.642302984,62.8519269448,74,63,65,63
471,王光熙,1997,時報,A_WinsorizedBalanced-v0.1,B_QuadraticTanh-v1,176,Regular,False,2026-08-11,0.75082046838,-1.01801722353,0.0780820164727,-0.77028308695,70.6299334762,56.3990634356,65.5649044022,58.6929226858,71,56,66,59
472,吳哲宗,1993,俊國,A_WinsorizedBalanced-v0.1,B_QuadraticTanh-v1,175,Regular,False,2026-08-11,-1.35641049061,0.715037308324,-0.743285599314,0.755051957603,53.145386815,70.3528799658,58.9366538627,70.662742829,53,70,59,71
472,吳哲宗,1994,俊國,A_WinsorizedBalanced-v0.1,B_QuadraticTanh-v1,189,Regular,False,2026-08-11,0.577842459414,1.3425368065,1.32226874902,-0.294479057629,69.297584073,75.2920395531,75.1305707466,62.7614058102,69,75,75,63
472,吳哲宗,1995,俊國,A_WinsorizedBalanced-v0.1,B_QuadraticTanh-v1,105,Provisional,False,2026-08-11,-1.68251030492,0.487174352891,0.707645482413,-0.229686500362,49.9655984438,68.6067049277,70.2957378255,63.2738006372,50,69,70,63
472,吳哲宗,1996,興農,A_WinsorizedBalanced-v0.1,B_QuadraticTanh-v1,72,Provisional,False,2026-08-11,-1.02103869112,0.955212282098,0.784344097712,-0.14559966684,56.3705242463,72.2250600841,70.8901276607,63.922344176,56,72,71,64
472,吳哲宗,1997,興農,A_WinsorizedBalanced-v0.1,B_QuadraticTanh-v1,163,Regular,False,2026-08-11,-0.476392937816,0.0071038850275,-0.619671032584,-0.0304594591521,61.2664989185,65.0511706595,60.0345020277,64.7793959254,61,65,60,65
472,吳哲宗,1998,興農,A_WinsorizedBalanced-v0.1,B_QuadraticTanh-v1,343,Qualified,False,2026-08-11,-0.0753115666208,0.74504924949,0.17299650812,-0.910043994267,64.4498614685,70.5852014271,66.2587139378,57.4106515309,64,71,66,57
472,吳哲宗,1999,興農,A_WinsorizedBalanced-v0.1,B_QuadraticTanh-v1,85,Provisional,False,2026-08-11,-1.17803146378,-0.178171330347,0.245937620849,-0.184360204046,54.8730225545,63.6733592724,66.7970131172,63.6257292779,55,64,67,64
473,陳大順,1993,味全龍,A_WinsorizedBalanced-v0.1,B_QuadraticTanh-v1,170,Regular,False,2026-08-11,-1.70838198178,-0.936789411538,0.989417318827,-0.463018061559,49.714495492,57.1616466097,72.493880064,61.3791311087,50,57,72,61
473,陳大順,1994,味全龍,A_WinsorizedBalanced-v0.1,B_QuadraticTanh-v1,240,Regular,False,2026-08-11,-0.238893992788,0.541862851939,2.00173589805,-0.65630375371,63.2016498669,69.0227718337,80.5483923176,59.7123722461,63,69,81,60
473,陳大順,1995,味全龍,A_WinsorizedBalanced-v0.1,B_QuadraticTanh-v1,154,Regular,False,2026-08-11,-0.627135415518,-1.19860295289,1.26850714957,-0.423040309251,59.9690909268,54.6749480364,74.702654969,61.7132741166,60,55,75,62
473,陳大順,1996,味全龍,A_WinsorizedBalanced-v0.1,B_QuadraticTanh-v1,131,Provisional,False,2026-08-11,0.399220217424,-1.01785407814,0.512552863834,-0.196928428564,67.9419031323,56.4006040843,68.7995324034,63.5286897793,68,56,69,64
473,陳大順,1997,味全龍,A_WinsorizedBalanced-v0.1,B_QuadraticTanh-v1,208,Regular,False,2026-08-11,-0.702062670779,0.0976913878543,0.700028715049,-0.153468828453,59.3061428885,65.7076142837,70.2368894123,63.8624514814,59,66,70,64
473,陳大順,1998,味全龍,A_WinsorizedBalanced-v0.1,B_QuadraticTanh-v1,287,Regular,False,2026-08-11,-0.45948049661,0.68367185167,1.36115399018,-0.400374104464,61.4088514679,70.1106266169,75.4404187446,61.9010239275,61,70,75,62
473,陳大順,1999,味全龍,A_WinsorizedBalanced-v0.1,B_QuadraticTanh-v1,238,Regular,False,2026-08-11,-0.0626661766307,0.102844074883,0.130916750398,-1.14124030464,64.543331576,65.7451688236,65.9501719947,55.2263095126,65,66,66,55
474,黃俊傑,1993,時報,A_WinsorizedBalanced-v0.1,B_QuadraticTanh-v1,180,Regular,False,2026-08-11,0.654883149978,-0.850342372593,-1.00757278621,-0.654713068321,69.8887803267,57.9624333443,56.4976243803,59.7264175992,70,58,56,60
474,黃俊傑,1994,時報,A_WinsorizedBalanced-v0.1,B_QuadraticTanh-v1,188,Regular,False,2026-08-11,0.25666205449,-0.571810712392,-0.765028806684,-0.0292700718187,66.8765218769,60.4510844961,58.7404640257,64.7880586416,67,60,59,65
474,黃俊傑,1995,時報,A_WinsorizedBalanced-v0.1,B_QuadraticTanh-v1,220,Regular,False,2026-08-11,1.24315108365,-2.26076792951,-0.964426805811,-0.657422806611,74.5010497882,44.5368705172,56.903220567,59.7024881855,75,45,57,60
474,黃俊傑,1996,時報,A_WinsorizedBalanced-v0.1,B_QuadraticTanh-v1,159,Regular,False,2026-08-11,-0.370263796309,0.0510059462017,-0.512522565018,-0.225092251295,62.1485015445,65.3684053047,60.9601715582,63.3097185761,62,65,61,63
474,黃俊傑,1997,時報,A_WinsorizedBalanced-v0.1,B_QuadraticTanh-v1,94,Provisional,False,2026-08-11,-0.00223195947877,-0.668282893822,-0.535568985249,-0.224840464459,64.9839229186,59.6064335537,60.7632137596,63.3116854506,65,60,61,63
475,楊章鑫,1993,時報,A_WinsorizedBalanced-v0.1,B_QuadraticTanh-v1,192,Regular,False,2026-08-11,-1.07475625473,0.813232589269,0.1067359064,0.0902802696642,55.8612314262,71.114822206,65.7735489684,65.6536397035,56,71,66,66
475,楊章鑫,1994,時報,A_WinsorizedBalanced-v0.1,B_QuadraticTanh-v1,97,Provisional,False,2026-08-11,-1.04769475825,0.645928941577,-0.0570018025547,0.557518391235,56.1182419807,69.8198797784,64.585057576,69.1422452822,56,70,65,69
475,楊章鑫,1995,時報,A_WinsorizedBalanced-v0.1,B_QuadraticTanh-v1,65,Provisional,False,2026-08-11,-1.63900280384,-0.107766084747,-0.608079742331,1.26590358934,50.3886827628,64.2079604928,60.1358443928,74.6819473817,50,64,60,75
475,楊章鑫,1996,時報,A_WinsorizedBalanced-v0.1,B_QuadraticTanh-v1,95,Provisional,False,2026-08-11,-0.750810906663,1.69937398981,-0.149792304408,0.673915050071,58.8688527597,78.1411222055,63.8904544919,70.0353856308,59,78,64,70
476,沈俊忠,1993,俊國,A_WinsorizedBalanced-v0.1,B_QuadraticTanh-v1,86,Provisional,False,2026-08-11,-0.534671425103,0.0395920179266,0.322025377117,0.803264791859,60.7709068446,65.2857640752,67.3630721446,71.0372438827,61,65,67,71
476,沈俊忠,1996,三商,A_WinsorizedBalanced-v0.1,B_QuadraticTanh-v1,173,Regular,False,2026-08-11,-0.143862747663,-0.668463754288,-0.349796441948,-0.625743198877,63.9355415055,59.6048318609,62.315448219,59.9812999387,64,60,62,60
476,沈俊忠,1997,時報 / 三商,A_WinsorizedBalanced-v0.1,B_QuadraticTanh-v1,177,Regular,False,2026-08-11,0.981231610415,0.679370920376,-0.622701384765,-0.552291570036,72.4295040003,70.0774524804,60.0079608946,60.6195533846,72,70,60,61
477,張正憲,1993,時報,A_WinsorizedBalanced-v0.1,B_QuadraticTanh-v1,162,Regular,False,2026-08-11,-0.828884806217,0.140836749398,0.0611064893264,-0.238917395759,58.1593165543,66.0227741729,65.441632845,63.2014661966,58,66,65,63
477,張正憲,1994,時報,A_WinsorizedBalanced-v0.1,B_QuadraticTanh-v1,171,Regular,False,2026-08-11,-0.504093751566,0.101925769551,-0.314515517656,-0.279950228971,61.0319041832,65.7384742264,62.6007689072,62.8772459335,61,66,63,63
477,張正憲,1995,時報,A_WinsorizedBalanced-v0.1,B_QuadraticTanh-v1,137,Provisional,False,2026-08-11,0.182695002034,0.359948877302,0.179393816506,-0.0603017147193,66.3300363731,67.6468765083,66.3057507905,64.5607599001,66,68,66,65
477,張正憲,1996,時報,A_WinsorizedBalanced-v0.1,B_QuadraticTanh-v1,271,Regular,False,2026-08-11,1.02261223019,-1.12866147257,0.59138676891,-0.252791230302,72.7552135618,55.3467962666,69.4012518429,63.0923308341,73,55,69,63
478,羅利,1993,三商,A_WinsorizedBalanced-v0.1,B_QuadraticTanh-v1,215,Regular,False,2026-08-11,0.212426446546,-1.33411010031,0.00411724568069,1.19467762208,66.5491642349,53.3624030641,65.0296517929,74.1160766928,67,53,65,74
479,黃文明,1993,俊國,A_WinsorizedBalanced-v0.1,B_QuadraticTanh-v1,134,Provisional,False,2026-08-11,-0.470098914331,0.60258199515,0.183525624956,-0.499595147018,61.3195541075,69.4870276473,66.3361483756,61.0701226094,61,69,66,61
480,來旺,1993,統一7-ELEVEn獅,A_WinsorizedBalanced-v0.1,B_QuadraticTanh-v1,145,Provisional,False,2026-08-11,0.280656866296,-1.28993935775,0.737532653426,-0.455722506443,67.0547453743,53.7915313933,70.5269686296,61.440391446,67,54,71,61
481,尤伸評,1993,時報,A_WinsorizedBalanced-v0.1,B_QuadraticTanh-v1,64,Provisional,False,2026-08-11,-1.23002323803,-0.407877981079,-0.527542854961,0.376041216605,54.3717355537,61.839004988,60.8319422914,67.7676323404,54,62,61,68
482,辣銳,1993,時報,A_WinsorizedBalanced-v0.1,B_QuadraticTanh-v1,106,Provisional,False,2026-08-11,-1.31477171541,-0.830251493021,0.0641977249251,0.128932451693,53.5504066671,58.146799952,65.4640617744,65.9356593905,54,58,65,66
483,翔鷹,1993,時報,A_WinsorizedBalanced-v0.1,B_QuadraticTanh-v1,89,Provisional,False,2026-08-11,-0.382397822968,-0.0200528431985,-0.350777656224,-0.195729371733,62.0490388293,64.8550573944,62.3074684626,63.5379658175,62,65,62,64
486,陳俊和,1997,興農,A_WinsorizedBalanced-v0.1,B_QuadraticTanh-v1,260,Regular,False,2026-08-11,-0.227768503249,1.27429174005,0.54453692598,-0.85281046297,63.2888023105,74.7486684661,69.043167324,57.9397376234,63,75,69,58
486,陳俊和,1998,興農,A_WinsorizedBalanced-v0.1,B_QuadraticTanh-v1,329,Qualified,False,2026-08-11,-0.499077375142,0.964911839856,0.328325334231,-0.988017769089,61.0745184219,72.3012401848,67.41014279,56.6817689045,61,72,67,57
511,王傳家,1994,俊國,A_WinsorizedBalanced-v0.1,B_QuadraticTanh-v1,144,Provisional,False,2026-08-11,0.23557527256,-0.211920034777,0.362664959637,-0.637996960776,66.7202762876,63.4123918157,67.6672442475,59.873701663,67,63,68,60
511,王傳家,1995,俊國,A_WinsorizedBalanced-v0.1,B_QuadraticTanh-v1,347,Qualified,False,2026-08-11,0.00892791097201,2.30200447452,0.385022996614,-0.226569210187,65.0643167836,82.9116179774,67.8351146749,63.298177717,65,83,68,63
511,王傳家,1996,興農,A_WinsorizedBalanced-v0.1,B_QuadraticTanh-v1,379,Qualified,False,2026-08-11,0.973309059342,1.64682146678,1.11146624522,-0.112679953785,72.3672236247,77.7213952708,73.456748212,64.1710838837,72,78,73,64
511,王傳家,1997,興農,A_WinsorizedBalanced-v0.1,B_QuadraticTanh-v1,372,Qualified,False,2026-08-11,1.00850746501,2.18007565461,0.413546974285,-0.944227185103,72.6441180863,81.9565609436,68.0498152561,57.0922087014,73,82,68,57
511,王傳家,1998,興農,A_WinsorizedBalanced-v0.1,B_QuadraticTanh-v1,427,Qualified,False,2026-08-11,0.882469419872,1.13659204326,0.472950879027,-0.403256499433,71.6550529249,73.6556124322,68.4988272635,61.8772173227,72,74,68,62
511,王傳家,1999,統一7-ELEVEn獅,A_WinsorizedBalanced-v0.1,B_QuadraticTanh-v1,300,Qualified,False,2026-08-11,-0.418486085,1.50666565975,0.597856016878,-0.378577583949,61.7510974132,76.6016962132,69.4508084102,62.0803924154,62,77,69,62
511,王傳家,2000,統一7-ELEVEn獅,A_WinsorizedBalanced-v0.1,B_QuadraticTanh-v1,260,Regular,False,2026-08-11,1.33811955775,2.47600553407,-0.106074830678,-0.922924930509,75.2568426015,84.2607845187,64.2206374533,57.29086302,75,84,64,57
511,王傳家,2001,統一7-ELEVEn獅,A_WinsorizedBalanced-v0.1,B_QuadraticTanh-v1,334,Qualified,False,2026-08-11,0.602225057595,1.11847127227,0.112882841983,-0.0648006755511,69.4842916373,73.5121709226,65.8184003555,64.5275850495,69,74,66,65
511,王傳家,2002,統一7-ELEVEn獅,A_WinsorizedBalanced-v0.1,B_QuadraticTanh-v1,298,Qualified,False,2026-08-11,2.26928212387,0.352868762655,0.249448020032,-0.406277737893,82.6560149674,67.5938091637,66.8230283838,61.8522423237,83,68,67,62
511,王傳家,2003,統一7-ELEVEn獅,A_WinsorizedBalanced-v0.1,B_QuadraticTanh-v1,346,Qualified,False,2026-08-11,0.668758826923,2.13771039591,0.941737300683,-0.164469141426,69.9956453009,81.6231403185,72.1192944066,63.7784484026,70,82,72,64
511,王傳家,2004,統一7-ELEVEn獅,A_WinsorizedBalanced-v0.1,B_QuadraticTanh-v1,375,Qualified,False,2026-08-11,0.712392921258,1.59976583819,0.837212447532,-1.18738617376,70.3324340955,77.3454662866,71.3016615791,54.7829954666,70,77,71,55
511,王傳家,2005,統一7-ELEVEn獅,A_WinsorizedBalanced-v0.1,B_QuadraticTanh-v1,142,Provisional,False,2026-08-11,-0.189215061421,2.07202844149,0.601311461599,-0.204760479716,63.588294583,81.104804062,69.4772890747,63.4680064699,64,81,69,63
511,王傳家,2006,誠泰,A_WinsorizedBalanced-v0.1,B_QuadraticTanh-v1,425,Qualified,False,2026-08-11,0.153502149382,0.678808545005,1.12408904965,-1.20403519993,66.1155901578,70.0731155425,73.5566293466,54.6225827631,66,70,74,55
511,王傳家,2007,誠泰,A_WinsorizedBalanced-v0.1,B_QuadraticTanh-v1,432,Qualified,False,2026-08-11,1.04090723402,1.6011268067,0.539004404496,-0.828634068865,72.8994265524,77.3563397629,69.0009753228,58.1616125474,73,77,69,58
511,王傳家,2008,米迪亞,A_WinsorizedBalanced-v0.1,B_QuadraticTanh-v1,353,Qualified,False,2026-08-11,1.44842068297,0.414591224801,0.332566987433,-1.14656763498,76.1365967675,68.0576865962,67.4418517383,55.1752339072,76,68,67,55
524,路易士,1994,兄弟,A_WinsorizedBalanced-v0.1,B_QuadraticTanh-v1,369,Qualified,False,2026-08-11,1.80782458702,-1.43141784701,1.88545023001,-1.15785831543,79.0064666819,52.4141534764,79.6247480027,55.066893616,79,52,80,55
524,路易士,1995,兄弟,A_WinsorizedBalanced-v0.1,B_QuadraticTanh-v1,423,Qualified,False,2026-08-11,2.35820361869,-0.655979145903,1.71330643056,-0.579229814345,83.3492850647,59.7152388725,78.2523645516,60.3868313515,83,60,78,60
524,路易士,1996,兄弟,A_WinsorizedBalanced-v0.1,B_QuadraticTanh-v1,393,Qualified,False,2026-08-11,1.24705700629,0.246314764717,2.95631426725,-1.01863396591,74.5320958849,66.7998076251,87.8726114729,56.3932389729,75,67,88,56
525,喬治,1994,時報,A_WinsorizedBalanced-v0.1,B_QuadraticTanh-v1,387,Qualified,False,2026-08-11,1.04186132025,-0.522074509929,2.74504953133,-1.03360476289,72.9069507201,60.8786850993,86.3071040736,56.2517060799,73,61,86,56
525,喬治,1995,時報,A_WinsorizedBalanced-v0.1,B_QuadraticTanh-v1,424,Qualified,False,2026-08-11,-0.0141973406519,0.443101208676,3.05118145302,-0.751539294096,64.8974972501,68.2728917555,88.5619809416,58.8622845268,65,68,89,59
525,喬治,1996,時報,A_WinsorizedBalanced-v0.1,B_QuadraticTanh-v1,346,Qualified,False,2026-08-11,0.763782665824,-0.484012290667,2.98985542016,-0.874634101669,70.7304681429,61.2021484941,88.1173595301,57.7386159262,71,61,88,58
525,喬治,1998,三商,A_WinsorizedBalanced-v0.1,B_QuadraticTanh-v1,207,Regular,False,2026-08-11,0.124186236841,-0.346122122603,0.949788455611,-0.487399395676,65.9009604913,62.3453084152,72.1824788805,61.1734989194,66,62,72,61
526,坎沙諾,1994,味全龍,A_WinsorizedBalanced-v0.1,B_QuadraticTanh-v1,386,Qualified,False,2026-08-11,-0.90954007877,1.66663581466,3.55900899132,3.17515929322,57.415332597,77.8796683923,92.0850882417,89.4490100841,57,78,92,89
526,坎沙諾,1995,味全龍,A_WinsorizedBalanced-v0.1,B_QuadraticTanh-v1,413,Qualified,False,2026-08-11,-0.672475553765,1.15223401265,2.22228550539,1.56039313301,59.5692865146,73.7795141045,82.2879839008,77.0308972864,60,74,82,77
526,坎沙諾,1996,味全龍,A_WinsorizedBalanced-v0.1,B_QuadraticTanh-v1,436,Qualified,False,2026-08-11,1.29521350594,1.81243924195,3.09739069923,2.8191887489,74.915150622,79.0432524449,88.894482675,86.8610098292,75,79,89,87
527,林琨瀚,1994,三商,A_WinsorizedBalanced-v0.1,B_QuadraticTanh-v1,408,Qualified,False,2026-08-11,-0.61314524926,0.0429749711363,-0.61067855565,0.101965918741,60.0915918218,65.3102459582,60.1131478138,65.7387669054,60,65,60,66
527,林琨瀚,1995,三商,A_WinsorizedBalanced-v0.1,B_QuadraticTanh-v1,457,Qualified,False,2026-08-11,-0.801249875058,1.25757868596,-0.279677842784,0.832617941286,58.4117108895,74.6157449695,62.8794125321,71.2658410708,58,75,63,71
527,林琨瀚,1996,三商,A_WinsorizedBalanced-v0.1,B_QuadraticTanh-v1,459,Qualified,False,2026-08-11,0.640671376127,0.469810446103,-0.88946335094,0.648745817476,69.7794466048,68.4750276046,57.6015104513,69.8415497734,70,68,58,70
527,林琨瀚,1997,三商,A_WinsorizedBalanced-v0.1,B_QuadraticTanh-v1,326,Qualified,False,2026-08-11,0.70723216763,1.54776346009,-0.331857995255,1.28257089263,70.2925436348,76.9299963565,62.4609092102,74.8145376297,70,77,62,75
527,林琨瀚,1998,三商,A_WinsorizedBalanced-v0.1,B_QuadraticTanh-v1,455,Qualified,False,2026-08-11,0.317407712657,-0.0629803198608,0.749229155847,2.41360523456,67.3285902126,64.5410148818,70.6175975752,83.7790021089,67,65,71,84
528,詹姆士,1994,俊國,A_WinsorizedBalanced-v0.1,B_QuadraticTanh-v1,356,Qualified,False,2026-08-11,-1.50401971075,-0.172609514186,2.04808985597,-1.16021977273,51.705339672,63.7160762188,80.9154984914,55.0442187176,52,64,81,55
528,詹姆士,1995,俊國,A_WinsorizedBalanced-v0.1,B_QuadraticTanh-v1,234,Regular,False,2026-08-11,-1.08832364868,1.08928608621,0.314285043851,-0.789304225233,55.7320553553,73.2813688634,67.3052812977,58.5203952141,56,73,67,59
529,羅國璋,1994,統一7-ELEVEn獅,A_WinsorizedBalanced-v0.1,B_QuadraticTanh-v1,330,Qualified,False,2026-08-11,1.88842202784,-0.09913300509,-0.953426316946,1.0183599951,79.6483942341,64.2725888295,57.0062146479,72.7217129375,80,64,57,73
529,羅國璋,1995,統一7-ELEVEn獅,A_WinsorizedBalanced-v0.1,B_QuadraticTanh-v1,443,Qualified,False,2026-08-11,1.29436942553,-0.111864154159,-0.990568924731,0.614418547342,74.9084321925,64.1772106841,56.6577746528,69.5778027673,75,64,57,70
529,羅國璋,1996,統一7-ELEVEn獅,A_WinsorizedBalanced-v0.1,B_QuadraticTanh-v1,432,Qualified,False,2026-08-11,0.963638617819,-0.812103870751,-1.19264872473,1.04017608985,72.2912380676,58.3127389102,54.7323165177,72.8936607916,72,58,55,73
529,羅國璋,1997,統一7-ELEVEn獅,A_WinsorizedBalanced-v0.1,B_QuadraticTanh-v1,457,Qualified,False,2026-08-11,0.941900334667,0.917151486126,-0.951951818216,0.0130991229849,72.1205735996,71.9265232288,57.0200066512,65.0943907612,72,72,57,65
529,羅國璋,1998,統一7-ELEVEn獅,A_WinsorizedBalanced-v0.1,B_QuadraticTanh-v1,308,Regular,False,2026-08-11,0.966859199276,0.261375699231,-1.16246353897,-0.978176797282,72.3165394726,66.91149688,55.0226690281,56.7742418607,72,67,55,57
529,羅國璋,1999,統一7-ELEVEn獅,A_WinsorizedBalanced-v0.1,B_QuadraticTanh-v1,267,Regular,False,2026-08-11,0.314767875151,-0.578413368147,-0.782161576457,-0.606554956288,67.3088848631,60.3939080604,58.5852582613,60.1491543293,67,60,59,60
529,羅國璋,2000,統一7-ELEVEn獅,A_WinsorizedBalanced-v0.1,B_QuadraticTanh-v1,260,Regular,False,2026-08-11,0.511779779436,-0.564403254231,-1.19271667382,-0.703482595257,68.793652,60.5151166963,54.7316620044,59.2934706373,69,61,55,59
529,羅國璋,2001,統一7-ELEVEn獅,A_WinsorizedBalanced-v0.1,B_QuadraticTanh-v1,284,Qualified,False,2026-08-11,-0.128360324091,-1.42500541873,-1.27038461474,0.320438748802,64.0529699643,52.4767262588,53.9811546875,67.3512223152,64,52,54,67
529,羅國璋,2002,統一7-ELEVEn獅,A_WinsorizedBalanced-v0.1,B_QuadraticTanh-v1,218,Regular,False,2026-08-11,0.0864433222587,0.0545324481046,-0.945734963721,-0.870643878318,65.6257141915,65.3939617654,57.0781223696,57.7754473247,66,65,57,58
530,路易,1994,時報,A_WinsorizedBalanced-v0.1,B_QuadraticTanh-v1,242,Regular,False,2026-08-11,-0.512874616797,-2.1654777548,0.762247596164,0.419651754135,60.9571719284,45.3949968852,70.718557407,68.0958429636,61,45,71,68
531,張建勳,1994,俊國,A_WinsorizedBalanced-v0.1,B_QuadraticTanh-v1,171,Regular,False,2026-08-11,-0.786166742172,-1.26741113129,-1.00300918287,2.17284878647,58.5488983332,54.0099675376,56.5406445556,81.8997380336,59,54,57,82
531,張建勳,1995,俊國,A_WinsorizedBalanced-v0.1,B_QuadraticTanh-v1,76,Provisional,False,2026-08-11,-1.2221007122,0.893303645327,-0.468123983465,0.70650488988,54.4482633854,71.7397972436,61.3361826243,70.2869233037,54,72,61,70
531,張建勳,1996,興農,A_WinsorizedBalanced-v0.1,B_QuadraticTanh-v1,147,Provisional,False,2026-08-11,-0.785960561003,-0.975102499018,-0.648924909776,0.511190102435,58.5507708073,56.803102681,59.777481762,68.7891669413,59,57,60,69
531,張建勳,1997,興農,A_WinsorizedBalanced-v0.1,B_QuadraticTanh-v1,144,Provisional,False,2026-08-11,-0.506510187592,-0.876424983076,-0.393477901373,0.801242129624,61.0113559266,57.7220769451,61.9578998269,71.0215079557,61,58,62,71
531,張建勳,1998,興農,A_WinsorizedBalanced-v0.1,B_QuadraticTanh-v1,272,Regular,False,2026-08-11,-0.575860573313,-0.99353360868,-1.26427791249,1.98234174594,60.4160255495,56.6298799225,54.0403219419,80.3946002942,60,57,54,80
531,張建勳,1999,三商,A_WinsorizedBalanced-v0.1,B_QuadraticTanh-v1,259,Regular,False,2026-08-11,1.04278428784,-0.380860240452,-0.897737811945,1.76565373241,72.9142297997,62.0616624333,57.5248554487,78.6701519204,73,62,58,79
532,謝奇勳,1994,時報,A_WinsorizedBalanced-v0.1,B_QuadraticTanh-v1,84,Provisional,False,2026-08-11,-0.56128464213,-1.02955225312,-0.655386287108,0.259627275472,60.5420388241,56.290046459,59.7204738788,66.8985216039,61,56,60,67
532,謝奇勳,1995,時報,A_WinsorizedBalanced-v0.1,B_QuadraticTanh-v1,97,Provisional,False,2026-08-11,0.489472686267,0.387514279581,-0.352128168308,0.799872928107,68.624149688,67.8538428558,62.2964814583,71.0108570299,69,68,62,71
532,謝奇勳,1996,時報,A_WinsorizedBalanced-v0.1,B_QuadraticTanh-v1,66,Provisional,False,2026-08-11,-0.3602284571,-0.0719546023745,0.00323145887248,0.282381473858,62.2304868983,64.474717856,65.0232712009,67.0675725402,62,64,65,67
532,謝奇勳,1997,時報,A_WinsorizedBalanced-v0.1,B_QuadraticTanh-v1,76,Provisional,False,2026-08-11,0.657570609421,-0.908207213802,-0.333376912552,1.7535686252,69.909469103,57.4277122006,62.4486237096,78.5737276135,70,57,62,79
533,邦尼,1994,俊國,A_WinsorizedBalanced-v0.1,B_QuadraticTanh-v1,179,Regular,False,2026-08-11,-1.55487272321,1.50874135532,1.70700417166,1.44641415215,51.2088647602,76.6182755217,78.2020468042,76.1205793006,51,77,78,76
534,童琮輝,1994,三商,A_WinsorizedBalanced-v0.1,B_QuadraticTanh-v1,160,Regular,False,2026-08-11,-1.92227343053,-0.450839623141,0.229732544742,0.148073836632,47.6595996276,61.4813226508,66.6770469366,66.0757932446,48,61,67,66
534,童琮輝,1995,三商,A_WinsorizedBalanced-v0.1,B_QuadraticTanh-v1,392,Qualified,False,2026-08-11,-1.5868196158,0.284253754209,0.815788768255,-0.0459329963294,50.8971741106,67.0815006993,71.1347248728,64.6663387586,51,67,71,65
534,童琮輝,1996,三商,A_WinsorizedBalanced-v0.1,B_QuadraticTanh-v1,333,Qualified,False,2026-08-11,-1.08219464521,-0.770010248258,-0.364492034397,0.187202543778,55.7904360544,58.6953926128,62.1956853431,66.3632112352,56,59,62,66
534,童琮輝,1997,三商,A_WinsorizedBalanced-v0.1,B_QuadraticTanh-v1,343,Qualified,False,2026-08-11,-0.412856950022,-0.374375325696,0.171034119145,-0.304477320908,61.797778942,62.1148398938,66.2442920959,62.6813750649,62,62,66,63
534,童琮輝,1998,中信,A_WinsorizedBalanced-v0.1,B_QuadraticTanh-v1,423,Qualified,False,2026-08-11,0.265863410903,-0.0335951870704,1.08337422172,0.683704045053,66.9448118694,64.7565384887,73.2346515318,70.1108749732,67,65,73,70
534,童琮輝,2002,中信,A_WinsorizedBalanced-v0.1,B_QuadraticTanh-v1,101,Provisional,False,2026-08-11,-1.59539501646,-0.842992990638,-0.34996496775,0.14700686167,50.8135507163,58.0299552242,62.3140778482,66.0679737843,51,58,62,66
534,童琮輝,2003,中信,A_WinsorizedBalanced-v0.1,B_QuadraticTanh-v1,162,Regular,False,2026-08-11,0.339691508372,-0.519425489754,-0.495459340131,1.12771318862,67.4951427234,60.9013043111,61.1052178482,73.5853156887,67,61,61,74
534,童琮輝,2004,中信,A_WinsorizedBalanced-v0.1,B_QuadraticTanh-v1,286,Regular,False,2026-08-11,-0.0797677476946,-0.320045567026,0.115162322323,2.04244327153,64.4168181449,62.5562538435,65.8350409165,80.8708169343,64,63,66,81
534,童琮輝,2005,中信,A_WinsorizedBalanced-v0.1,B_QuadraticTanh-v1,83,Provisional,False,2026-08-11,-1.03986102753,-0.0825457613259,0.779544083899,0.306846336957,56.1924756055,64.3961911073,70.8528354267,67.2497859485,56,64,71,67
535,林光中,1994,味全龍,A_WinsorizedBalanced-v0.1,B_QuadraticTanh-v1,63,Provisional,False,2026-08-11,-1.4056593467,-0.286873248118,-0.337467227983,2.03884446212,52.6654509408,62.8221153096,62.4155111039,80.8423339192,53,63,62,81
535,林光中,1996,味全龍,A_WinsorizedBalanced-v0.1,B_QuadraticTanh-v1,56,Provisional,False,2026-08-11,-2.03963268821,1.40534029218,1.23475368418,1.10341544378,46.5549195273,75.7927965998,74.4343157576,73.3930712884,47,76,74,73
535,林光中,1997,統一7-ELEVEn獅 / 味全龍,A_WinsorizedBalanced-v0.1,B_QuadraticTanh-v1,67,Provisional,False,2026-08-11,-1.66360526139,0.367805153406,-0.0179586112112,0.390566127261,50.149323773,67.7058053519,64.8702470773,67.8767913013,50,68,65,68
535,林光中,1998,統一7-ELEVEn獅,A_WinsorizedBalanced-v0.1,B_QuadraticTanh-v1,160,Regular,False,2026-08-11,-2.0961634483,-0.00940278348223,1.11362445159,0.534569321433,46.0304046518,64.9321762666,73.4738219165,68.9671671978,46,65,73,69
536,麥雷諾,1994,味全龍,A_WinsorizedBalanced-v0.1,B_QuadraticTanh-v1,62,Provisional,False,2026-08-11,0.695030863541,-0.642397711252,0.062530964287,1.0060640442,70.1982932895,59.8349830603,65.451967299,72.624880482,70,60,65,73
537,利多,1994,統一7-ELEVEn獅,A_WinsorizedBalanced-v0.1,B_QuadraticTanh-v1,54,Provisional,False,2026-08-11,0.669186895758,-0.0768609207753,-0.449450494643,1.18758626557,69.9989439385,64.4383789391,61.4929568508,74.0598093404,70,64,61,74
538,朴仁球,1994,俊國,A_WinsorizedBalanced-v0.1,B_QuadraticTanh-v1,53,Provisional,False,2026-08-11,-1.32735024127,0.347923810537,-0.324947329591,1.45538478308,53.4281419565,67.5567678004,62.5167316892,76.1921918899,53,68,63,76
540,大帝士,1997,味全龍,A_WinsorizedBalanced-v0.1,B_QuadraticTanh-v1,424,Qualified,False,2026-08-11,1.05089725718,0.305352648677,0.0823552776482,10.6484148231,72.978227096,67.2386476693,65.5959752269,109.692377446,73,67,66,110
540,大帝士,1998,味全龍,A_WinsorizedBalanced-v0.1,B_QuadraticTanh-v1,446,Qualified,False,2026-08-11,0.823089320986,0.805361675802,0.799116144718,5.61134315917,71.1915859891,71.05355947,71.00497048,102.686761098,71,71,71,103
540,大帝士,1999,味全龍,A_WinsorizedBalanced-v0.1,B_QuadraticTanh-v1,96,Provisional,False,2026-08-11,-0.1507219301,0.878851723149,0.315341891249,1.4230393339,63.88337724,71.6267678668,67.3131692113,75.9340169576,64,72,67,76
571,賀亮德,1995,統一7-ELEVEn獅,A_WinsorizedBalanced-v0.1,B_QuadraticTanh-v1,397,Qualified,False,2026-08-11,0.337097298074,-1.62094361586,1.23570886607,2.28446656433,67.4757337196,50.5645483424,74.4419057127,82.7746926366,67,51,74,83
571,賀亮德,1996,統一7-ELEVEn獅,A_WinsorizedBalanced-v0.1,B_QuadraticTanh-v1,270,Regular,False,2026-08-11,0.999055499626,-1.65936398595,-0.0945943005024,6.68941860478,72.5697136955,50.1905671059,64.3064845069,105.874030266,73,50,64,106
571,賀亮德,1997,統一7-ELEVEn獅,A_WinsorizedBalanced-v0.1,B_QuadraticTanh-v1,390,Qualified,False,2026-08-11,0.416436482599,-1.14865643013,2.47911817234,3.43864958954,68.0715976885,55.1552000559,84.2847522213,91.2774909283,68,55,84,91
571,賀亮德,1998,統一7-ELEVEn獅,A_WinsorizedBalanced-v0.1,B_QuadraticTanh-v1,122,Provisional,False,2026-08-11,0.0591258670251,-0.970291162334,0.631313548808,0.886000503665,65.427266543,56.84824386,69.7075220718,71.6826667228,65,57,70,72
572,羅強,1995,俊國,A_WinsorizedBalanced-v0.1,B_QuadraticTanh-v1,349,Qualified,False,2026-08-11,1.00891773305,1.21496982782,1.60017169621,-0.53137189474,72.647348449,74.2771627226,77.3487088967,60.7991719263,73,74,77,61
572,羅強,1996,興農,A_WinsorizedBalanced-v0.1,B_QuadraticTanh-v1,185,Regular,False,2026-08-11,-0.386428593654,2.34754558249,0.994071637631,-0.800794590103,62.0159185511,83.266415228,72.5304957982,58.4158578447,62,83,73,58
573,周德賢,1995,三商,A_WinsorizedBalanced-v0.1,B_QuadraticTanh-v1,247,Regular,False,2026-08-11,-2.15382589608,1.37400330258,-0.780331929631,-0.00637439118265,45.5011813181,75.5428603454,58.6018585948,64.9540475239,46,76,59,65
573,周德賢,1996,三商,A_WinsorizedBalanced-v0.1,B_QuadraticTanh-v1,140,Provisional,False,2026-08-11,0.152217954475,-0.0832223963801,0.122445107305,-0.265767542758,66.106173025,64.3911638137,65.8882361519,62.9898030726,66,64,66,63
573,周德賢,1997,三商,A_WinsorizedBalanced-v0.1,B_QuadraticTanh-v1,128,Provisional,False,2026-08-11,-0.901868903638,0.142302127049,-0.267716038747,-0.181141146378,57.4865444268,66.0335059943,62.9743700861,63.6505161046,57,66,63,64
573,周德賢,1998,三商,A_WinsorizedBalanced-v0.1,B_QuadraticTanh-v1,213,Regular,False,2026-08-11,-1.07395752563,0.380678184043,-0.994270757822,0.47215751144,55.8688295852,67.8024635723,56.6229422288,68.492814108,56,68,57,68
573,周德賢,1999,三商,A_WinsorizedBalanced-v0.1,B_QuadraticTanh-v1,68,Provisional,False,2026-08-11,-0.17477332236,-0.431094303487,-0.592656127153,-0.144339108428,63.699467134,61.6462630241,60.2702487765,63.9319228663,64,62,60,64
574,鈴木俊雄,1995,味全龍,A_WinsorizedBalanced-v0.1,B_QuadraticTanh-v1,233,Regular,False,2026-08-11,-0.339249760823,-0.201397197683,0.41082095821,1.28613869791,62.4010677224,63.4940853204,68.0292708436,74.8429277061,62,63,68,75
575,吳俊賢,1995,時報,A_WinsorizedBalanced-v0.1,B_QuadraticTanh-v1,73,Provisional,False,2026-08-11,-0.853854348216,-0.909120450533,-0.369302090145,0.745018719314,57.930135347,57.4192303862,62.156369147,70.5849648398,58,57,62,71
576,馬丁,1995,時報,A_WinsorizedBalanced-v0.1,B_QuadraticTanh-v1,138,Provisional,False,2026-08-11,-0.313704564344,-0.342733031988,-0.777144783336,0.11471689995,62.6072903061,62.3728207572,58.6307609479,65.8317889142,63,62,59,66
576,馬丁,1998,統一7-ELEVEn獅,A_WinsorizedBalanced-v0.1,B_QuadraticTanh-v1,55,Provisional,False,2026-08-11,-0.175687804626,-0.789313654066,0.412907358494,0.720002100932,63.6924439381,58.5203095291,68.044994357,70.391277441,64,59,68,70
577,張協進,1995,俊國,A_WinsorizedBalanced-v0.1,B_QuadraticTanh-v1,78,Provisional,False,2026-08-11,-0.786308660022,-0.99177106455,-0.532453367664,0.285943551331,58.5476094343,56.6464651522,60.789910297,67.0940736994,59,57,61,67
577,張協進,1996,興農,A_WinsorizedBalanced-v0.1,B_QuadraticTanh-v1,81,Provisional,False,2026-08-11,-1.55653980739,-1.16618312043,0.3642178633,-0.0636073991029,51.1925945842,54.9869348684,67.6788918598,64.5363895821,51,55,68,65
577,張協進,1997,興農,A_WinsorizedBalanced-v0.1,B_QuadraticTanh-v1,201,Regular,False,2026-08-11,-0.22478425009,-2.17271287387,0.183628119408,-0.371599137164,63.3121245557,45.32919506,66.3369026038,62.1375734971,63,45,66,62
577,張協進,1998,興農,A_WinsorizedBalanced-v0.1,B_QuadraticTanh-v1,247,Regular,False,2026-08-11,-0.277120260463,-1.80164269763,-1.09326854619,-0.329863125731,62.8997466033,48.8132322062,55.6849227791,62.4770355611,63,49,56,62
577,張協進,1999,興農,A_WinsorizedBalanced-v0.1,B_QuadraticTanh-v1,340,Qualified,False,2026-08-11,0.248647444311,-2.03545573081,-0.648325421551,-0.941636148116,66.8170945181,46.5938843976,59.7827666154,57.1164075004,67,47,60,57
577,張協進,2000,兄弟,A_WinsorizedBalanced-v0.1,B_QuadraticTanh-v1,163,Regular,False,2026-08-11,-0.972652338245,-0.929254326195,-0.295336191409,-0.345189322406,56.8260947732,57.2319091378,62.754554904,62.3528836676,57,57,63,62
578,希斯,1995,俊國,A_WinsorizedBalanced-v0.1,B_QuadraticTanh-v1,179,Regular,False,2026-08-11,-0.654402154475,0.50507088848,0.120871211563,1.27618910662,59.7291622847,68.7426383416,65.8767361974,74.7637626577,60,69,66,75
579,孫家濬,1997,時報 / 三商,A_WinsorizedBalanced-v0.1,B_QuadraticTanh-v1,93,Provisional,False,2026-08-11,-2.06260393973,-1.14310166353,-0.742910831672,1.92245476875,46.3411368951,55.2084669741,58.9400276344,79.9190453773,46,55,59,80
580,威勒,1995,味全龍,A_WinsorizedBalanced-v0.1,B_QuadraticTanh-v1,154,Regular,False,2026-08-11,-0.32557665246,-0.337225534106,0.219928268447,3.25586617818,62.5116531664,62.417468871,66.604568782,90.0175333945,63,62,67,90
581,董永興,1995,兄弟,A_WinsorizedBalanced-v0.1,B_QuadraticTanh-v1,68,Provisional,False,2026-08-11,-1.51643071976,0.795779835193,-0.163239715794,-0.0580297403998,51.5841514256,70.9790229364,63.7878529367,64.5774919632,52,71,64,65
581,董永興,1996,兄弟,A_WinsorizedBalanced-v0.1,B_QuadraticTanh-v1,146,Provisional,False,2026-08-11,-1.12399115858,-0.16493735784,-0.435186340637,0.14156234923,55.391490046,63.7748656998,61.6121568719,66.02808794,55,64,62,66
581,董永興,1997,兄弟,A_WinsorizedBalanced-v0.1,B_QuadraticTanh-v1,324,Qualified,False,2026-08-11,0.0455927995985,-0.349619193291,-1.03998118933,-0.670810214596,65.3291977009,62.3168894436,56.1913375083,59.5840457037,65,62,56,60
581,董永興,1998,兄弟,A_WinsorizedBalanced-v0.1,B_QuadraticTanh-v1,80,Provisional,False,2026-08-11,-0.102860829041,0.271387499747,-0.280028680356,-0.0126192476843,64.2447068171,66.9858424142,62.8766218847,64.9089186787,64,67,63,65
582,廖述仁,1997,時報 / 味全龍,A_WinsorizedBalanced-v0.1,B_QuadraticTanh-v1,223,Regular,False,2026-08-11,-1.71613946848,-0.650381942277,0.186355521475,-0.786485459943,49.639283954,59.7646340487,66.3569759903,58.5460036852,50,60,66,59
582,廖述仁,1998,味全龍,A_WinsorizedBalanced-v0.1,B_QuadraticTanh-v1,59,Provisional,False,2026-08-11,-1.48917650952,-0.0558672170199,-0.0479277242559,-0.0725486769532,51.8502813365,64.5934047253,64.6517159885,64.4703213339,52,65,65,64
582,廖述仁,1999,味全龍,A_WinsorizedBalanced-v0.1,B_QuadraticTanh-v1,63,Provisional,False,2026-08-11,-0.887795439388,-0.0430899095815,0.088155481188,0.746543321828,57.6169489094,64.6871615461,65.6381738014,70.5967800567,58,65,66,71
583,法蘭克,1995,味全龍,A_WinsorizedBalanced-v0.1,B_QuadraticTanh-v1,77,Provisional,False,2026-08-11,0.288511233924,1.17351551983,0.0614455317728,1.40692276993,67.1131829207,73.9482044531,65.44409241,75.8054215834,67,74,65,76
583,法蘭克,1996,味全龍,A_WinsorizedBalanced-v0.1,B_QuadraticTanh-v1,292,Regular,False,2026-08-11,0.833096705151,0.259149714158,1.04252030336,0.418012839386,71.2695732043,66.8949779828,72.9121478265,68.0834835295,71,67,73,68
583,法蘭克,1997,味全龍,A_WinsorizedBalanced-v0.1,B_QuadraticTanh-v1,159,Regular,False,2026-08-11,1.45517902107,1.17835429447,2.24352317757,0.559981922602,76.1905492048,73.986577855,82.4544279949,69.1610600359,76,74,82,69
583,法蘭克,1998,味全龍,A_WinsorizedBalanced-v0.1,B_QuadraticTanh-v1,245,Regular,False,2026-08-11,0.219928581218,0.419216431876,0.076565303135,-0.147547264906,66.6045710929,68.0925599091,65.55388022,63.9075364103,67,68,66,64
584,米奇,1995,統一7-ELEVEn獅,A_WinsorizedBalanced-v0.1,B_QuadraticTanh-v1,71,Provisional,False,2026-08-11,-0.0848718900847,0.101365975921,0.240773097008,0.281685880648,64.3789030669,65.7343935948,66.7587572227,67.0623986245,64,66,67,67
585,阿洛瑪,1998,統一7-ELEVEn獅,A_WinsorizedBalanced-v0.1,B_QuadraticTanh-v1,97,Provisional,False,2026-08-11,0.069450502171,0.179252447707,-0.0632985896335,-0.0712009355001,65.5021932835,66.304710995,64.5386674782,64.4802940628,66,66,65,64
630,陳慶國,1996,時報,A_WinsorizedBalanced-v0.1,B_QuadraticTanh-v1,432,Qualified,False,2026-08-11,-0.277003583324,1.41757872457,0.564846711643,3.68213855835,62.9006738442,75.89044279,69.1982255271,92.8922012246,63,76,69,93
631,丹尼歐,1996,時報,A_WinsorizedBalanced-v0.1,B_QuadraticTanh-v1,432,Qualified,False,2026-08-11,-0.41413220557,3.2068394729,3.52336284089,0.739611885777,61.7872101438,89.6730346625,91.8477941461,70.5430737994,62,90,92,71
632,陳該發,1996,三商,A_WinsorizedBalanced-v0.1,B_QuadraticTanh-v1,422,Qualified,False,2026-08-11,-0.556663558272,-0.662685403547,0.534524446822,0.402069457194,60.5818919591,59.6559718753,68.9668251905,67.9633522962,61,60,69,68
632,陳該發,1997,三商,A_WinsorizedBalanced-v0.1,B_QuadraticTanh-v1,395,Qualified,False,2026-08-11,-1.02469329911,-0.136943540982,0.52771316082,0.836297355919,56.3359890047,63.9880336943,68.9149291822,71.2945263414,56,64,69,71
632,陳該發,1998,三商,A_WinsorizedBalanced-v0.1,B_QuadraticTanh-v1,429,Qualified,False,2026-08-11,-1.1600472037,-0.47019305476,2.14603342898,0.321736154061,55.0458759173,61.3187612364,81.6887026234,67.3609119208,55,61,82,67
632,陳該發,1999,三商,A_WinsorizedBalanced-v0.1,B_QuadraticTanh-v1,357,Qualified,False,2026-08-11,0.826691642619,1.95886931832,1.79140986674,-0.515537919188,71.2196529716,80.2083234507,78.8755893654,60.9344703289,71,80,79,61
632,陳該發,2003,第一,A_WinsorizedBalanced-v0.1,B_QuadraticTanh-v1,267,Regular,False,2026-08-11,-0.973201153028,-0.489574012602,0.473680930004,-0.0316861910621,56.8209454755,61.1550910893,68.504360911,64.7704570949,57,61,69,65
632,陳該發,2004,Lamigo,A_WinsorizedBalanced-v0.1,B_QuadraticTanh-v1,162,Regular,False,2026-08-11,-0.529745144838,-0.812974541599,-0.136056509687,-0.354740989383,60.8130982992,58.3047907274,63.9947537578,62.2752121341,61,58,64,62
633,羅偉,1996,統一7-ELEVEn獅,A_WinsorizedBalanced-v0.1,B_QuadraticTanh-v1,443,Qualified,False,2026-08-11,1.3717693945,-1.20298163053,2.40590059919,2.79143760204,75.5250486122,54.6327407847,83.719349785,86.6542267371,76,55,84,87
633,羅偉,1997,統一7-ELEVEn獅,A_WinsorizedBalanced-v0.1,B_QuadraticTanh-v1,454,Qualified,False,2026-08-11,1.36776773313,-0.298398900891,1.29421516724,0.885482677366,75.4931438591,62.7300599319,74.9072043946,71.6786168499,75,63,75,72
634,張泰山,1996,味全龍,A_WinsorizedBalanced-v0.1,B_QuadraticTanh-v1,349,Qualified,False,2026-08-11,1.07278698404,-1.52997264292,2.223839426,0.27823629978,73.1510181731,51.4519309113,82.3001694946,67.0367457953,73,51,82,67
634,張泰山,1997,味全龍,A_WinsorizedBalanced-v0.1,B_QuadraticTanh-v1,373,Qualified,False,2026-08-11,0.261254699002,-0.27725315115,0.694092670905,1.32772168768,66.9105988436,62.8986904695,70.1910496634,75.1740052112,67,63,70,75
634,張泰山,1998,味全龍,A_WinsorizedBalanced-v0.1,B_QuadraticTanh-v1,421,Qualified,False,2026-08-11,1.23166477232,0.174488475817,2.31796333883,1.87838801668,74.4097725397,66.2696807394,83.0360755509,79.5685471609,74,66,83,80
634,張泰山,1999,味全龍,A_WinsorizedBalanced-v0.1,B_QuadraticTanh-v1,366,Qualified,False,2026-08-11,1.48057507826,-0.191135090032,2.910343049,0.970662455956,76.393324659,63.5734723885,87.5354091193,72.3464240495,76,64,88,72
634,張泰山,2000,興農,A_WinsorizedBalanced-v0.1,B_QuadraticTanh-v1,303,Qualified,False,2026-08-11,0.140412831046,-0.781724135823,1.89373951809,1.11560099106,66.0196699082,58.5892277004,79.6906999956,73.489459771,66,59,80,73
634,張泰山,2001,興農,A_WinsorizedBalanced-v0.1,B_QuadraticTanh-v1,325,Qualified,False,2026-08-11,0.0774267317939,0.312320148675,2.23941461803,-0.104530504668,65.5601412408,67.2906183429,82.4222450316,64.2322062869,66,67,82,64
634,張泰山,2002,興農,A_WinsorizedBalanced-v0.1,B_QuadraticTanh-v1,279,Qualified,False,2026-08-11,0.652123811822,-0.187161912557,1.82057377714,-0.365432329872,69.867542717,63.604133595,79.1080884154,62.1880041004,70,64,79,62
634,張泰山,2003,興農,A_WinsorizedBalanced-v0.1,B_QuadraticTanh-v1,446,Qualified,False,2026-08-11,1.33733780886,0.399959986335,5.12701966702,2.27746562187,75.2506139247,67.9474715655,100.746999339,82.7199895269,75,68,101,83
634,張泰山,2004,興農,A_WinsorizedBalanced-v0.1,B_QuadraticTanh-v1,426,Qualified,False,2026-08-11,2.43854606621,0.766673224854,3.39833621367,0.778040548431,83.9718570547,70.7528996819,91.0030046624,70.8411566778,84,71,91,71
634,張泰山,2005,興農,A_WinsorizedBalanced-v0.1,B_QuadraticTanh-v1,387,Qualified,False,2026-08-11,1.20605856241,-0.0652636507991,1.97239634996,-0.702193293772,74.2064088154,64.5241679517,80.31569266,59.3049772966,74,65,80,59
634,張泰山,2006,興農,A_WinsorizedBalanced-v0.1,B_QuadraticTanh-v1,433,Qualified,False,2026-08-11,2.16760123899,1.54988621128,3.99998858249,-0.518134435057,81.8584639388,76.9469551599,94.8815857253,60.9123224863,82,77,95,61
634,張泰山,2007,興農,A_WinsorizedBalanced-v0.1,B_QuadraticTanh-v1,434,Qualified,False,2026-08-11,1.1621138516,-1.08476737343,2.0768451591,1.98996224217,73.857811298,55.7659351921,81.1428702589,80.4550426724,74,56,81,80
634,張泰山,2008,興農,A_WinsorizedBalanced-v0.1,B_QuadraticTanh-v1,326,Qualified,False,2026-08-11,1.56008184657,-0.893120257802,1.89433466767,0.548157853283,77.028410316,57.5676460533,79.6954345927,69.070792083,77,58,80,69
634,張泰山,2009,興農,A_WinsorizedBalanced-v0.1,B_QuadraticTanh-v1,436,Qualified,False,2026-08-11,0.764664915252,-0.652477074684,2.25132188489,-0.927019986782,70.737314166,59.7461520911,82.515494104,57.2527273505,71,60,83,57
634,張泰山,2010,興農,A_WinsorizedBalanced-v0.1,B_QuadraticTanh-v1,505,Qualified,False,2026-08-11,2.13586167043,0.304763692885,3.21662320612,-0.719505318187,81.6085737095,67.2342563617,89.7419965691,59.15020126,82,67,90,59
634,張泰山,2011,統一7-ELEVEn獅,A_WinsorizedBalanced-v0.1,B_QuadraticTanh-v1,505,Qualified,False,2026-08-11,1.17031473462,-0.967744787201,1.93276709892,-0.813339584303,73.9228246299,56.8721214016,80.001001277,58.3014579292,74,57,80,58
634,張泰山,2012,統一7-ELEVEn獅,A_WinsorizedBalanced-v0.1,B_QuadraticTanh-v1,490,Qualified,False,2026-08-11,1.41768840231,-0.883607688134,2.45247250175,-0.90984431397,75.8913179536,57.6556918327,84.0793761547,57.4125064854,76,58,84,57
634,張泰山,2013,統一7-ELEVEn獅,A_WinsorizedBalanced-v0.1,B_QuadraticTanh-v1,505,Qualified,False,2026-08-11,0.91129021287,-1.05803035922,1.22876708848,-1.09684012787,71.8806061422,56.0201852809,74.3867508839,55.6508630855,72,56,74,56
634,張泰山,2014,統一7-ELEVEn獅,A_WinsorizedBalanced-v0.1,B_QuadraticTanh-v1,191,Regular,False,2026-08-11,0.0943731267044,0.678911851688,1.2875919885,-0.799938991928,65.6834417859,70.0739122112,74.8544927364,58.4236500496,66,70,75,58
634,張泰山,2015,統一7-ELEVEn獅,A_WinsorizedBalanced-v0.1,B_QuadraticTanh-v1,175,Regular,False,2026-08-11,0.306849676412,-0.376802713458,-0.1378451026,-0.727101586089,67.2498108524,62.09494699,63.9812013714,59.0821042722,67,62,64,59
635,開農,1996,興農,A_WinsorizedBalanced-v0.1,B_QuadraticTanh-v1,350,Qualified,False,2026-08-11,0.318861004768,-0.0939618753025,0.728598456826,-0.229987854296,67.339440755,64.3112030743,70.4577940829,63.2714427117,67,64,70,63
636,葉君璋,1996,味全龍,A_WinsorizedBalanced-v0.1,B_QuadraticTanh-v1,236,Regular,False,2026-08-11,0.205643640728,-1.18691476591,-0.83104016072,0.379377744884,66.4991094652,54.7875340049,58.1395755943,67.7926935343,66,55,58,68
636,葉君璋,1997,味全龍,A_WinsorizedBalanced-v0.1,B_QuadraticTanh-v1,390,Qualified,False,2026-08-11,-0.797927381203,-1.36290880153,-1.19599883178,1.12603277825,58.4419652988,53.0821090826,54.7000422247,73.5720141284,58,53,55,74
636,葉君璋,1998,味全龍,A_WinsorizedBalanced-v0.1,B_QuadraticTanh-v1,359,Qualified,False,2026-08-11,-1.6072861771,0.0441524465559,-0.845269837173,-0.730423336636,50.6976298225,65.3187695305,58.0090465934,59.0522914802,51,65,58,59
636,葉君璋,1999,味全龍,A_WinsorizedBalanced-v0.1,B_QuadraticTanh-v1,324,Qualified,False,2026-08-11,0.0478359937841,-1.06518188537,-0.785019285496,-0.0569837379323,65.3454420966,55.9522615029,58.5593182071,64.5851905053,65,56,59,65
636,葉君璋,2000,興農,A_WinsorizedBalanced-v0.1,B_QuadraticTanh-v1,298,Qualified,False,2026-08-11,0.27067541733,-0.61554921428,-0.953234326337,-1.15620255541,66.9805520191,60.0705715902,57.008010647,55.0827892007,67,60,57,55
636,葉君璋,2001,興農,A_WinsorizedBalanced-v0.1,B_QuadraticTanh-v1,329,Qualified,False,2026-08-11,0.778604928242,-1.2265179025,-0.941178199519,-0.843781226806,70.8455403714,54.4056013692,57.1206834485,58.0227177209,71,54,57,58
636,葉君璋,2002,興農,A_WinsorizedBalanced-v0.1,B_QuadraticTanh-v1,313,Qualified,False,2026-08-11,-0.501031644827,-0.686490810242,-0.650611257341,-0.89927914908,61.0579237167,59.4448542664,59.7626116134,57.5105644894,61,59,60,58
636,葉君璋,2003,興農,A_WinsorizedBalanced-v0.1,B_QuadraticTanh-v1,286,Regular,False,2026-08-11,0.249812441248,-0.519108671536,-1.05104777562,-0.789673787197,66.8257296429,60.904008465,56.0864452068,58.5170366841,67,61,56,59
636,葉君璋,2004,興農,A_WinsorizedBalanced-v0.1,B_QuadraticTanh-v1,233,Regular,False,2026-08-11,-0.291187513025,0.614479054054,-1.28052050843,-1.30842811149,62.787697051,69.5782670209,53.8828960195,53.6120361321,63,70,54,54
636,葉君璋,2005,興農,A_WinsorizedBalanced-v0.1,B_QuadraticTanh-v1,346,Qualified,False,2026-08-11,-1.1375126582,-1.82898719437,-0.867902133425,-0.791465103178,55.2620314871,48.5503756548,57.8007397041,58.5007539634,55,49,58,59
636,葉君璋,2006,興農,A_WinsorizedBalanced-v0.1,B_QuadraticTanh-v1,341,Qualified,False,2026-08-11,0.534339014096,-1.44958228634,-0.834678262015,-1.01400672878,68.9654119478,52.236864041,58.1062360479,56.4369261381,69,52,58,56
636,葉君璋,2007,興農,A_WinsorizedBalanced-v0.1,B_QuadraticTanh-v1,237,Regular,False,2026-08-11,-0.141546054823,-1.61271339428,-0.650308387224,-0.415473584234,63.9531313632,50.6447378617,59.7652827417,61.7760891097,64,51,60,62
636,葉君璋,2008,興農,A_WinsorizedBalanced-v0.1,B_QuadraticTanh-v1,337,Qualified,False,2026-08-11,0.171106655624,-0.426607143799,-0.875721350193,-0.391934602306,66.2448251184,61.6836164058,57.72857569,61.9706121962,66,62,58,62
636,葉君璋,2009,興農,A_WinsorizedBalanced-v0.1,B_QuadraticTanh-v1,290,Regular,False,2026-08-11,-0.503748047393,-0.624948430739,-1.07653310499,-0.749187466377,61.0348427992,59.9882678155,55.8443259328,58.8834885511,61,60,56,59
636,葉君璋,2010,兄弟,A_WinsorizedBalanced-v0.1,B_QuadraticTanh-v1,188,Regular,False,2026-08-11,-1.13468803856,-0.435892533455,-0.666900607756,-0.658690848018,55.2890905118,61.6062668794,59.6186728315,59.6912850854,55,62,60,60
636,葉君璋,2011,兄弟,A_WinsorizedBalanced-v0.1,B_QuadraticTanh-v1,146,Provisional,False,2026-08-11,-1.00948798955,-0.698473642588,-0.957158364902,-0.237983814909,56.4795619208,59.3381558326,56.9712921693,63.2087919784,56,59,57,63
637,陳瑞昌,1996,兄弟,A_WinsorizedBalanced-v0.1,B_QuadraticTanh-v1,233,Regular,False,2026-08-11,-0.689655104756,-0.723336667677,0.10475714497,-0.631037326123,59.4167062086,59.1158688983,65.7591177502,59.9348515672,59,59,66,60
637,陳瑞昌,1997,兄弟,A_WinsorizedBalanced-v0.1,B_QuadraticTanh-v1,217,Regular,False,2026-08-11,0.168447028664,-0.304833732,-0.598037465298,-0.372265263585,66.2252841465,62.6785174854,60.2234126418,62.132120465,66,63,60,62
637,陳瑞昌,1998,兄弟,A_WinsorizedBalanced-v0.1,B_QuadraticTanh-v1,296,Regular,False,2026-08-11,0.267970801592,-1.55527672963,0.477866225976,-0.166604212748,66.9604618087,51.2049217498,68.5360917957,63.7621064765,67,51,69,64
637,陳瑞昌,1999,兄弟,A_WinsorizedBalanced-v0.1,B_QuadraticTanh-v1,303,Qualified,False,2026-08-11,-0.167088187725,-0.828937992254,0.858294835483,-1.11412725924,63.7584004141,58.1588295178,71.4661613178,55.4858106064,64,58,71,55
637,陳瑞昌,2000,兄弟,A_WinsorizedBalanced-v0.1,B_QuadraticTanh-v1,234,Regular,False,2026-08-11,1.04616122183,-0.602183069852,0.242775318552,-0.970296623662,72.9408650254,60.1872892624,66.7735860168,56.8481926389,73,60,67,57
637,陳瑞昌,2001,兄弟,A_WinsorizedBalanced-v0.1,B_QuadraticTanh-v1,106,Provisional,False,2026-08-11,-0.109448667842,-1.44252239503,-0.22367796077,-0.108149631024,64.1953407894,52.3057766836,63.3207643824,64.2050844994,64,52,63,64
637,陳瑞昌,2002,兄弟,A_WinsorizedBalanced-v0.1,B_QuadraticTanh-v1,221,Regular,False,2026-08-11,1.90795708097,-1.3496943078,0.0320186604617,0.152869307386,79.8037830437,53.2107680492,65.230993664,66.1109492894,80,53,65,66
637,陳瑞昌,2003,兄弟,A_WinsorizedBalanced-v0.1,B_QuadraticTanh-v1,288,Regular,False,2026-08-11,-0.0162837631995,-0.163500460056,-0.561697595725,-0.734816205359,64.8823861224,63.7858587029,60.5384751384,59.0128329707,65,64,61,59
637,陳瑞昌,2004,兄弟,A_WinsorizedBalanced-v0.1,B_QuadraticTanh-v1,285,Regular,False,2026-08-11,0.29333677503,0.182486645094,0.173427714033,-1.40852681,67.1491095345,66.3285033023,66.2618833535,52.6374840388,67,66,66,53
637,陳瑞昌,2005,兄弟,A_WinsorizedBalanced-v0.1,B_QuadraticTanh-v1,224,Regular,False,2026-08-11,0.789348249217,0.185969215162,0.0768926361968,-0.667798796526,70.9290188114,66.3541324434,65.5562592604,59.6107203729,71,66,66,60
637,陳瑞昌,2006,兄弟,A_WinsorizedBalanced-v0.1,B_QuadraticTanh-v1,226,Regular,False,2026-08-11,0.180904454064,-0.34571806637,-0.289914759519,-0.0549040204026,66.316862863,62.3485900148,62.7978557535,64.6004881737,66,62,63,65
637,陳瑞昌,2007,兄弟,A_WinsorizedBalanced-v0.1,B_QuadraticTanh-v1,107,Provisional,False,2026-08-11,0.757136769409,-0.805142419951,-0.343133966201,-0.395822903505,70.6789112487,58.3762407058,62.3695675051,61.9385725993,71,58,62,62
637,陳瑞昌,2008,兄弟,A_WinsorizedBalanced-v0.1,B_QuadraticTanh-v1,158,Regular,False,2026-08-11,0.760496720833,-0.195192248251,0.614535857225,0.157499321282,70.7049737698,63.5421198285,69.5787028602,66.1449106928,71,64,70,66
637,陳瑞昌,2009,兄弟,A_WinsorizedBalanced-v0.1,B_QuadraticTanh-v1,62,Provisional,False,2026-08-11,-0.932064799857,-0.433578373979,-0.482308216894,-0.0185862054175,57.2057122014,61.625563659,61.2165522206,64.8656963543,57,62,61,65
638,陳文賓,1996,統一7-ELEVEn獅,A_WinsorizedBalanced-v0.1,B_QuadraticTanh-v1,105,Provisional,False,2026-08-11,-1.52413756415,-0.231372024984,0.329735217144,-0.213672033054,51.5089015965,63.2606092969,67.4206810024,63.3987618815,52,63,67,63
638,陳文賓,1997,興農 / 統一7-ELEVEn獅,A_WinsorizedBalanced-v0.1,B_QuadraticTanh-v1,219,Regular,False,2026-08-11,-0.63392971518,-0.769912939905,0.937247502745,-0.829720937806,59.9094502383,58.696273483,72.0840712082,58.1516593458,60,59,72,58
638,陳文賓,1998,興農,A_WinsorizedBalanced-v0.1,B_QuadraticTanh-v1,313,Regular,False,2026-08-11,-0.664532247983,-0.607387662187,0.95967999956,-0.597439832933,59.6396341625,60.14188621,72.2601444975,60.2286171681,60,60,72,60
638,陳文賓,1999,興農,A_WinsorizedBalanced-v0.1,B_QuadraticTanh-v1,324,Qualified,False,2026-08-11,-0.566548135839,0.780462519272,1.88424870797,0.331142333033,60.4965881038,70.8599699857,79.6151870924,67.4312000455,60,71,80,67
638,陳文賓,2000,興農,A_WinsorizedBalanced-v0.1,B_QuadraticTanh-v1,304,Qualified,False,2026-08-11,0.104528944837,-0.258028528249,2.41266020818,2.43909039494,65.7574536902,63.0510026854,83.771687259,83.9760618166,66,63,84,84
638,陳文賓,2001,中信,A_WinsorizedBalanced-v0.1,B_QuadraticTanh-v1,168,Regular,False,2026-08-11,-1.52540171186,-0.536206664016,1.5863793828,0.498169331469,51.4965588555,60.7577470479,77.2385143769,68.6901915494,51,61,77,69
638,陳文賓,2002,中信,A_WinsorizedBalanced-v0.1,B_QuadraticTanh-v1,328,Qualified,False,2026-08-11,-0.465564346017,1.4555218199,4.62022082414,-0.009818576546,61.3577206655,76.1932859151,98.3451277835,64.9291713793,61,76,98,65
638,陳文賓,2004,中信,A_WinsorizedBalanced-v0.1,B_QuadraticTanh-v1,192,Regular,False,2026-08-11,-0.625257470974,-0.591612285947,1.68204901087,0.25362431501,59.9855585612,60.2793265672,78.0027706084,66.8539913771,60,60,78,67
638,陳文賓,2005,中信,A_WinsorizedBalanced-v0.1,B_QuadraticTanh-v1,189,Regular,False,2026-08-11,-1.62759557083,-0.255810659311,0.839189513942,-0.296442027621,50.4997546559,63.0685128443,71.3170787644,62.7457133957,50,63,71,63
638,陳文賓,2006,中信,A_WinsorizedBalanced-v0.1,B_QuadraticTanh-v1,55,Provisional,False,2026-08-11,-1.02773507319,1.39122651626,0.499319512056,0.464964644415,56.307231846,75.6802116507,68.6989298299,68.4383173498,56,76,69,68
639,陳懷山,1996,兄弟,A_WinsorizedBalanced-v0.1,B_QuadraticTanh-v1,64,Provisional,False,2026-08-11,-0.891306869538,-0.931152658055,-0.493379518054,0.756171008488,57.5844413961,57.2142157398,61.1228517311,70.6714211529,58,57,61,71
639,陳懷山,1997,兄弟,A_WinsorizedBalanced-v0.1,B_QuadraticTanh-v1,294,Regular,False,2026-08-11,-0.116126105688,-0.82393427579,-0.333085183024,0.135899422595,64.1451826847,58.2046283442,62.4509837632,65.9866285972,64,58,62,66
639,陳懷山,1998,兄弟,A_WinsorizedBalanced-v0.1,B_QuadraticTanh-v1,284,Regular,False,2026-08-11,-0.133769116514,-0.845181852621,-0.415168345175,1.01590498111,64.0120730113,58.0098547314,61.7786201516,72.7023746358,64,58,62,73
639,陳懷山,1999,兄弟,A_WinsorizedBalanced-v0.1,B_QuadraticTanh-v1,409,Qualified,False,2026-08-11,0.461013929298,0.639588584455,-0.478751054762,0.0950229126183,68.4084001265,69.771121506,61.2465974968,65.6881745251,68,70,61,66
639,陳懷山,2000,兄弟,A_WinsorizedBalanced-v0.1,B_QuadraticTanh-v1,406,Qualified,False,2026-08-11,-0.379187682328,2.03953441456,-0.482079557385,-0.481517338704,62.0753876015,80.8477949261,61.2184844582,61.2232348491,62,81,61,61
639,陳懷山,2001,兄弟,A_WinsorizedBalanced-v0.1,B_QuadraticTanh-v1,312,Qualified,False,2026-08-11,0.139118901873,0.898063202606,0.0464251806514,0.0126410715062,66.0101956777,71.7770432889,65.3352249833,65.091087499,66,72,65,65
639,陳懷山,2002,兄弟,A_WinsorizedBalanced-v0.1,B_QuadraticTanh-v1,310,Qualified,False,2026-08-11,0.516470817715,-0.779576250635,0.305130968434,0.233405036571,68.8293401971,58.6087130745,67.2369947698,66.7042158655,69,59,67,67
639,陳懷山,2003,兄弟,A_WinsorizedBalanced-v0.1,B_QuadraticTanh-v1,404,Qualified,False,2026-08-11,0.983747764217,0.948274439724,0.209293819781,-0.479849797388,72.4492892544,72.1705949396,66.5260418586,61.2373201964,72,72,67,61
639,陳懷山,2004,兄弟,A_WinsorizedBalanced-v0.1,B_QuadraticTanh-v1,356,Qualified,False,2026-08-11,0.560028861451,-0.0777108769099,-0.163517609982,-0.229549765308,69.1614185608,64.4320769654,63.7857275298,63.2748704338,69,64,64,63
639,陳懷山,2005,兄弟,A_WinsorizedBalanced-v0.1,B_QuadraticTanh-v1,313,Regular,False,2026-08-11,1.78724052003,-0.953651219013,1.57512501207,-0.449281469708,78.84233996,57.0041107067,77.1485968484,61.4943721534,79,57,77,61
639,陳懷山,2006,兄弟,A_WinsorizedBalanced-v0.1,B_QuadraticTanh-v1,199,Regular,False,2026-08-11,0.163040766657,1.81663335762,-0.748012702051,-0.745254552132,66.1855811231,79.0766828476,58.8940763114,58.9189243983,66,79,59,59
639,陳懷山,2007,兄弟,A_WinsorizedBalanced-v0.1,B_QuadraticTanh-v1,423,Qualified,False,2026-08-11,0.118546492206,0.180331080326,-0.244716929613,-0.264997085724,65.8597540821,66.3126449703,63.1559064707,62.995902741,66,66,63,63
639,陳懷山,2008,兄弟,A_WinsorizedBalanced-v0.1,B_QuadraticTanh-v1,227,Regular,False,2026-08-11,-0.0280132035241,-0.00168663452188,-0.674753798922,-0.750492766972,64.7972085686,64.9878522493,59.5490863348,58.871721272,65,65,60,59
640,強尼,1996,兄弟,A_WinsorizedBalanced-v0.1,B_QuadraticTanh-v1,155,Regular,False,2026-08-11,0.517321028037,0.702156913957,1.01549847181,-0.437689582873,68.8358099623,70.2533288839,72.6991727612,61.5912732487,69,70,73,62
641,楊福群,1996,三商,A_WinsorizedBalanced-v0.1,B_QuadraticTanh-v1,98,Provisional,False,2026-08-11,-2.205079611,-0.615240455122,-0.605266251432,-0.221880181032,45.0360974994,60.0732720604,60.1603996375,63.3347977106,45,60,60,63
641,楊福群,1997,時報 / 三商,A_WinsorizedBalanced-v0.1,B_QuadraticTanh-v1,136,Provisional,False,2026-08-11,-1.89853299102,-0.985260339274,0.136767412904,-0.0659852885534,47.8853398738,56.7076931945,65.9929815547,64.5188405559,48,57,66,65
642,黃自強,1997,三商,A_WinsorizedBalanced-v0.1,B_QuadraticTanh-v1,125,Provisional,False,2026-08-11,-0.46981634956,-0.438445775098,-0.691078825213,0.408470771795,61.3219338048,61.5849616803,59.4040349726,68.0115631686,61,62,59,68
642,黃自強,1998,三商,A_WinsorizedBalanced-v0.1,B_QuadraticTanh-v1,126,Provisional,False,2026-08-11,0.529551877507,-0.451079244089,-0.436217413372,0.222000841168,68.9289355429,61.4793153209,61.603556823,66.6198837906,69,61,62,67
642,黃自強,1999,味全龍,A_WinsorizedBalanced-v0.1,B_QuadraticTanh-v1,157,Regular,False,2026-08-11,-0.7458712506,0.244628797678,-0.440597926058,0.961961135614,58.9133698243,66.7873160662,61.5669912739,72.2780612223,59,67,62,72
643,張家豪,1996,興農,A_WinsorizedBalanced-v0.1,B_QuadraticTanh-v1,63,Provisional,False,2026-08-11,-0.847372015281,-0.311990211034,0.00819876343978,-0.0883309120351,57.9897342117,62.6210710434,65.0590613117,64.3531677991,58,63,65,64
643,張家豪,1997,興農,A_WinsorizedBalanced-v0.1,B_QuadraticTanh-v1,177,Regular,False,2026-08-11,-0.922135912266,0.850032815222,-0.448249489542,-0.355519524905,57.298207921,71.4016692437,61.5030118032,62.2688712855,57,71,62,62
643,張家豪,1998,興農,A_WinsorizedBalanced-v0.1,B_QuadraticTanh-v1,310,Regular,False,2026-08-11,-0.178982104228,0.966720029912,0.266507290994,-0.370508865629,63.6671253131,72.315446046,66.9495930892,62.1464962969,64,72,67,62
644,邱麒璋,1996,兄弟,A_WinsorizedBalanced-v0.1,B_QuadraticTanh-v1,53,Provisional,False,2026-08-11,-1.11830746268,-0.751242757792,-0.168305111269,0.385350415082,55.4458511369,58.8649586626,63.749078991,67.837575777,55,59,64,68
644,邱麒璋,1997,兄弟,A_WinsorizedBalanced-v0.1,B_QuadraticTanh-v1,130,Provisional,False,2026-08-11,-0.678653375865,-0.917703215492,-0.31099062797,-0.44720784054,59.5144862758,57.3394538866,62.6291027001,61.5117298424,60,57,63,62
644,邱麒璋,1998,兄弟,A_WinsorizedBalanced-v0.1,B_QuadraticTanh-v1,142,Provisional,False,2026-08-11,-1.61269438576,0.40806844789,-0.287338588167,-0.23840857035,50.6449230953,68.0085322277,62.8184052219,63.205459217,51,68,63,63
644,邱麒璋,1999,兄弟,A_WinsorizedBalanced-v0.1,B_QuadraticTanh-v1,188,Regular,False,2026-08-11,-1.46567546349,0.0225190415234,-0.358245722806,-0.453765883297,52.0797521868,65.1623645926,62.2466556665,61.4567997729,52,65,62,61
645,湯興佐,1996,味全龍,A_WinsorizedBalanced-v0.1,B_QuadraticTanh-v1,67,Provisional,False,2026-08-11,-0.49438635943,-0.38675777044,-0.30405496462,1.51860514425,61.114316417,62.0132119939,62.6847609517,76.6970642313,61,62,63,77
646,達特,1996,三商,A_WinsorizedBalanced-v0.1,B_QuadraticTanh-v1,55,Provisional,False,2026-08-11,0.148125820457,0.1901268113,1.26139659183,1.15267169081,66.0761742391,66.3847424051,74.6461042791,73.7829820656,66,66,75,74
673,德伍,1997,兄弟,A_WinsorizedBalanced-v0.1,B_QuadraticTanh-v1,438,Qualified,False,2026-08-11,1.56031104255,1.81086135866,3.35148555573,-0.790435927139,77.0302414384,79.0306747235,90.6815576955,58.5101096821,77,79,91,59
673,德伍,1998,兄弟,A_WinsorizedBalanced-v0.1,B_QuadraticTanh-v1,459,Qualified,False,2026-08-11,0.405421574215,2.29663986341,3.17433273777,-0.224062741317,67.9885947163,82.8697512343,89.4431504631,63.3177597127,68,83,89,63
673,德伍,1999,兄弟,A_WinsorizedBalanced-v0.1,B_QuadraticTanh-v1,407,Qualified,False,2026-08-11,0.271935032683,2.9249740717,3.37227250112,-0.119269588874,66.9899105663,87.6429456409,90.824501106,64.1215281713,67,88,91,64
674,帝多,1997,興農,A_WinsorizedBalanced-v0.1,B_QuadraticTanh-v1,426,Qualified,False,2026-08-11,1.53391476922,1.02037757053,2.0062693209,2.3955989188,76.8193616154,72.7376072492,80.5843252718,83.6395348274,77,73,81,84
674,帝多,2001,中信,A_WinsorizedBalanced-v0.1,B_QuadraticTanh-v1,137,Provisional,False,2026-08-11,0.644718140515,1.77163226745,1.42145806158,0.350276171017,69.8105666592,78.7178463578,75.9213984765,67.5743864283,70,79,76,68
675,闕壯鎮,1997,中信,A_WinsorizedBalanced-v0.1,B_QuadraticTanh-v1,398,Qualified,False,2026-08-11,1.29143973281,-1.11366441528,-0.520340139204,5.01646330923,74.8851145373,55.4902338952,60.8934961828,100.255969823,75,55,61,100
675,闕壯鎮,1998,中信,A_WinsorizedBalanced-v0.1,B_QuadraticTanh-v1,470,Qualified,False,2026-08-11,1.43487327783,-1.56506954434,-0.689970655526,4.67234508748,76.0284603112,51.1093553115,59.4138981267,98.6100344217,76,51,59,99
675,闕壯鎮,1999,中信,A_WinsorizedBalanced-v0.1,B_QuadraticTanh-v1,364,Qualified,False,2026-08-11,0.703405200254,-1.89616089691,-0.167619666279,6.48991260906,70.2629725978,47.9079331664,63.7543298683,105.390656943,70,48,64,105
675,闕壯鎮,2000,中信,A_WinsorizedBalanced-v0.1,B_QuadraticTanh-v1,326,Qualified,False,2026-08-11,1.71739198467,-1.53980641367,0.0469742080343,3.53314672609,78.2849820158,51.3559270452,65.3392008326,91.913084707,78,51,65,92
676,林岳亮,1997,三商,A_WinsorizedBalanced-v0.1,B_QuadraticTanh-v1,353,Qualified,False,2026-08-11,-1.35570228441,0.182696917026,-1.17341895853,-0.330806863453,53.1522819967,66.3300504636,54.917383281,62.4694077147,53,66,55,62
676,林岳亮,1998,三商,A_WinsorizedBalanced-v0.1,B_QuadraticTanh-v1,368,Qualified,False,2026-08-11,-0.174703180789,-1.10155986781,-0.916273432754,-0.353590954615,63.7000057269,55.6058326053,57.3527515252,62.2845759324,64,56,57,62
676,林岳亮,1999,三商,A_WinsorizedBalanced-v0.1,B_QuadraticTanh-v1,356,Qualified,False,2026-08-11,0.37576918612,-0.381481719347,-0.768637493941,-0.481333725641,67.7655894401,62.0565607693,58.7078176703,61.2247861039,68,62,59,61
676,林岳亮,2000,中信,A_WinsorizedBalanced-v0.1,B_QuadraticTanh-v1,343,Qualified,False,2026-08-11,0.766048295402,-0.591918142791,-0.793232911715,-0.194264498776,70.7480496753,60.2766669188,58.4846792736,63.5492930643,71,60,58,64
676,林岳亮,2002,中信,A_WinsorizedBalanced-v0.1,B_QuadraticTanh-v1,182,Regular,False,2026-08-11,0.431135228422,0.428415095512,-0.662865969855,1.06347789716,68.1824966959,68.1619621523,59.6543748403,73.0775140128,68,68,60,73
676,林岳亮,2003,中信,A_WinsorizedBalanced-v0.1,B_QuadraticTanh-v1,396,Qualified,False,2026-08-11,0.601620364163,-0.819013814888,-0.668418710972,0.0609346963252,69.4796567032,58.2496229102,59.6052307689,65.4403866204,69,58,60,65
677,羅得,1997,統一7-ELEVEn獅,A_WinsorizedBalanced-v0.1,B_QuadraticTanh-v1,385,Qualified,False,2026-08-11,0.880870614335,3.19024733307,4.08807815104,-0.581617424606,71.642551862,89.5558414446,95.4079111262,60.3661279499,72,90,95,60
678,祈美力,1997,兄弟,A_WinsorizedBalanced-v0.1,B_QuadraticTanh-v1,396,Qualified,False,2026-08-11,1.7071548612,0.524961011257,0.354257701894,-0.226041349744,78.2032499628,68.8939689938,67.6042166633,63.3023030409,78,69,68,63
679,喬坎那,1997,味全龍,A_WinsorizedBalanced-v0.1,B_QuadraticTanh-v1,380,Qualified,False,2026-08-11,1.62831517314,0.908330049673,2.74177974583,-1.11517855139,77.5735551527,71.8574221831,86.2825681892,55.4757628151,78,72,86,55
679,喬坎那,1998,味全龍,A_WinsorizedBalanced-v0.1,B_QuadraticTanh-v1,65,Provisional,False,2026-08-11,-0.628384929033,0.594070274662,1.14785064458,-0.162049738391,59.9581298856,69.4218051675,73.7447854825,63.7969518513,60,69,74,64
680,克龍,1997,三商,A_WinsorizedBalanced-v0.1,B_QuadraticTanh-v1,371,Qualified,False,2026-08-11,1.31055980436,-0.846151757829,1.22483536979,-1.02210224736,75.0373239281,58.0009454319,74.3555173265,56.3604756473,75,58,74,56
681,拉飛力,1997,中信,A_WinsorizedBalanced-v0.1,B_QuadraticTanh-v1,386,Qualified,False,2026-08-11,1.63971071264,-0.848219097316,0.463699967648,1.14512447706,77.6645915212,57.9819501006,68.428739258,73.7231894867,78,58,68,74
681,拉飛力,1998,中信,A_WinsorizedBalanced-v0.1,B_QuadraticTanh-v1,397,Qualified,False,2026-08-11,0.66304808479,0.911347905137,0.289138875402,-1.27995340041,69.9516495325,71.8810580267,67.1178547421,53.8883953449,70,72,67,54
682,陳連宏,1997,中信,A_WinsorizedBalanced-v0.1,B_QuadraticTanh-v1,302,Qualified,False,2026-08-11,-1.19387308612,1.23803607554,-0.477678990931,2.11174961561,54.7205223636,74.460398846,61.2556468267,81.418464276,55,74,61,81
682,陳連宏,1998,中信,A_WinsorizedBalanced-v0.1,B_QuadraticTanh-v1,399,Qualified,False,2026-08-11,0.149041822812,2.24193312274,2.82093694607,1.87820758265,66.0828880828,82.4419738156,86.874013776,79.5671111335,66,82,87,80
682,陳連宏,1999,中信,A_WinsorizedBalanced-v0.1,B_QuadraticTanh-v1,362,Qualified,False,2026-08-11,0.556383710619,3.07428743183,1.38368255535,-0.0161020967025,69.1335807042,88.7285167423,75.6200449825,64.8837023432,69,89,76,65
682,陳連宏,2000,中信,A_WinsorizedBalanced-v0.1,B_QuadraticTanh-v1,348,Qualified,False,2026-08-11,-0.123558865537,2.74511370619,2.79970961431,-0.559018398897,64.0892083301,86.3075855417,86.7159340706,60.5615892406,64,86,87,61
682,陳連宏,2001,中信,A_WinsorizedBalanced-v0.1,B_QuadraticTanh-v1,339,Qualified,False,2026-08-11,-0.250427579375,2.82970010812,1.32509827667,0.306010823774,63.1109593636,86.9391579824,75.1531081902,67.2435554001,63,87,75,67
682,陳連宏,2002,中信,A_WinsorizedBalanced-v0.1,B_QuadraticTanh-v1,217,Regular,False,2026-08-11,0.540939209323,2.37043136687,0.109791638239,0.78390100927,69.0157281942,83.4442811489,65.7958411992,70.8866847112,69,83,66,71
682,陳連宏,2003,統一7-ELEVEn獅,A_WinsorizedBalanced-v0.1,B_QuadraticTanh-v1,378,Qualified,False,2026-08-11,1.84709065039,1.00575537776,1.86476163635,-0.271040427983,79.3193598797,72.6224504484,79.460079195,62.9480167621,79,73,79,63
682,陳連宏,2004,統一7-ELEVEn獅,A_WinsorizedBalanced-v0.1,B_QuadraticTanh-v1,228,Regular,False,2026-08-11,0.485850383464,0.107872744437,0.776772612444,-0.494654442806,68.5966574123,65.7818415136,70.8313088863,61.1120433953,69,66,71,61
682,陳連宏,2005,統一7-ELEVEn獅,A_WinsorizedBalanced-v0.1,B_QuadraticTanh-v1,354,Qualified,False,2026-08-11,1.52134374903,2.06306158453,0.438354116277,-0.130246486389,76.718940176,81.0339177236,68.23701841,64.0387173121,77,81,68,64
682,陳連宏,2006,統一7-ELEVEn獅,A_WinsorizedBalanced-v0.1,B_QuadraticTanh-v1,282,Regular,False,2026-08-11,1.10646085244,2.29034521843,0.366503628051,-0.477154898091,73.4171561022,82.8206072575,67.6960396026,61.26006974,73,83,68,61
682,陳連宏,2007,統一7-ELEVEn獅,A_WinsorizedBalanced-v0.1,B_QuadraticTanh-v1,308,Regular,False,2026-08-11,0.0124160895066,1.41180726767,1.78651232187,-0.13370143483,65.0894650982,75.8443920306,78.8365325168,64.0125852552,65,76,79,64
682,陳連宏,2008,統一7-ELEVEn獅,A_WinsorizedBalanced-v0.1,B_QuadraticTanh-v1,366,Qualified,False,2026-08-11,0.488567055165,2.36707730838,2.32819558988,-0.853244660033,68.6172753531,83.4182322721,83.1158019213,57.9357438418,69,83,83,58
682,陳連宏,2009,統一7-ELEVEn獅,A_WinsorizedBalanced-v0.1,B_QuadraticTanh-v1,470,Qualified,False,2026-08-11,0.189898895662,1.35636735025,1.24484352763,-0.76438405672,66.3830640251,75.4022637212,74.5145016769,58.7462942916,66,75,75,59
682,陳連宏,2010,統一7-ELEVEn獅,A_WinsorizedBalanced-v0.1,B_QuadraticTanh-v1,194,Regular,False,2026-08-11,-1.26535530561,1.61519867288,0.542769363145,-0.730159166121,54.0298849638,77.4687656706,69.0296853775,59.0546631905,54,77,69,59
682,陳連宏,2011,統一7-ELEVEn獅,A_WinsorizedBalanced-v0.1,B_QuadraticTanh-v1,150,Regular,False,2026-08-11,0.244428023047,-0.0744469384733,0.663011814213,-0.392807751304,66.7858286515,64.4562665062,69.9513701646,61.9634206603,67,64,70,62
683,蔡昆祥,1997,味全龍,A_WinsorizedBalanced-v0.1,B_QuadraticTanh-v1,240,Regular,False,2026-08-11,-1.28566091371,0.0301095132556,-0.818621142563,-0.106873538726,53.8330397735,65.2171947711,58.2532118438,64.2146516307,54,65,58,64
683,蔡昆祥,1998,味全龍,A_WinsorizedBalanced-v0.1,B_QuadraticTanh-v1,406,Qualified,False,2026-08-11,0.340828954581,0.402614189887,-0.768148916272,0.141795175281,67.503654322,67.9674537351,58.7122390422,66.0297930834,68,68,59,66
683,蔡昆祥,1999,味全龍,A_WinsorizedBalanced-v0.1,B_QuadraticTanh-v1,400,Qualified,False,2026-08-11,-0.465649933883,0.227136321854,-0.435777402169,0.200939893016,61.3570007354,66.6578467706,61.6072272116,66.4644195272,61,67,62,66
683,蔡昆祥,2000,統一7-ELEVEn獅,A_WinsorizedBalanced-v0.1,B_QuadraticTanh-v1,215,Regular,False,2026-08-11,-0.0638132812781,-1.40142150374,0.500188678916,-0.348677849589,64.5348707708,52.7067793985,68.7055337597,62.3245422804,65,53,69,62
683,蔡昆祥,2001,統一7-ELEVEn獅,A_WinsorizedBalanced-v0.1,B_QuadraticTanh-v1,173,Regular,False,2026-08-11,0.819177455515,0.644304679757,0.152838232946,0.357013382611,71.1611146575,69.807386646,66.1107214175,67.6248696256,71,70,66,68
683,蔡昆祥,2002,統一7-ELEVEn獅,A_WinsorizedBalanced-v0.1,B_QuadraticTanh-v1,145,Provisional,False,2026-08-11,-1.15669614015,-0.060309947371,-0.954792269559,-0.2502416273,55.078050974,64.5606992444,56.9934351402,63.1124242827,55,65,57,63
683,蔡昆祥,2003,中信,A_WinsorizedBalanced-v0.1,B_QuadraticTanh-v1,198,Regular,False,2026-08-11,-0.0488210033152,-1.37768116172,-0.000619662604679,-0.5281824744,64.6451640473,52.9382025544,64.9955378917,60.8264704853,65,53,65,61
683,蔡昆祥,2004,中信,A_WinsorizedBalanced-v0.1,B_QuadraticTanh-v1,187,Regular,False,2026-08-11,-0.63492946493,0.113409821664,-0.26637388746,0.0418633688046,59.9006662492,65.8222469938,62.9850015943,65.3022003561,60,66,63,65
683,蔡昆祥,2005,中信,A_WinsorizedBalanced-v0.1,B_QuadraticTanh-v1,147,Provisional,False,2026-08-11,-1.27637468928,-1.15721165302,0.018271508364,0.125215546105,53.9230939792,55.073101998,65.1317047158,65.9084839959,54,55,65,66
684,王宸浩,1997,中信,A_WinsorizedBalanced-v0.1,B_QuadraticTanh-v1,221,Regular,False,2026-08-11,-0.155563958715,0.107603992279,-0.706392109342,-0.0950962679365,63.8464772247,65.7798810291,59.267492044,64.3027385148,64,66,59,64
684,王宸浩,1998,中信,A_WinsorizedBalanced-v0.1,B_QuadraticTanh-v1,271,Regular,False,2026-08-11,1.03572031866,-0.532485403709,0.470006673541,-0.177319747414,72.8585271461,60.7896359033,68.4765145062,63.6799051201,73,61,68,64
684,王宸浩,1999,中信,A_WinsorizedBalanced-v0.1,B_QuadraticTanh-v1,329,Qualified,False,2026-08-11,1.25175518601,0.171440945863,0.760349717159,-1.26554968635,74.5694439937,66.2472816528,70.7038333616,54.0280018668,75,66,71,54
684,王宸浩,2000,中信,A_WinsorizedBalanced-v0.1,B_QuadraticTanh-v1,314,Qualified,False,2026-08-11,0.452729932379,-0.236225120294,1.62870760756,-0.175729897404,68.3457041995,63.2225862191,77.5766902927,63.6921206131,68,63,78,64
684,王宸浩,2001,中信,A_WinsorizedBalanced-v0.1,B_QuadraticTanh-v1,290,Qualified,False,2026-08-11,0.237816969415,-0.335561384422,0.940456938419,-0.219501766566,66.7368695255,62.4309448295,72.1092488624,63.353350377,67,62,72,63
684,王宸浩,2002,中信,A_WinsorizedBalanced-v0.1,B_QuadraticTanh-v1,200,Regular,False,2026-08-11,-0.385243312586,1.28449896277,0.615576867562,-0.587095433586,62.0256619713,74.8298795167,69.5866906775,60.3185803915,62,75,70,60
684,王宸浩,2003,中信,A_WinsorizedBalanced-v0.1,B_QuadraticTanh-v1,204,Regular,False,2026-08-11,0.867530134353,-0.305181600895,0.0130207412454,-0.703753901172,71.5382897371,62.6757280827,65.0938254939,59.2910488913,72,63,65,59
684,王宸浩,2004,中信,A_WinsorizedBalanced-v0.1,B_QuadraticTanh-v1,172,Regular,False,2026-08-11,0.651464072179,0.837326815511,0.926562598946,-1.03828478237,69.8624656218,71.302553369,72.0002818608,56.2074031449,70,71,72,56
685,黃鈞瑜,1997,中信,A_WinsorizedBalanced-v0.1,B_QuadraticTanh-v1,254,Regular,False,2026-08-11,-0.843062951689,-0.913706598608,0.38856799173,-0.649755759313,58.0293128915,57.3766164012,67.8617654963,59.7701560939,58,57,68,60
685,黃鈞瑜,1998,中信,A_WinsorizedBalanced-v0.1,B_QuadraticTanh-v1,197,Regular,False,2026-08-11,0.109780788698,-0.842789550762,-0.638087947641,0.0298950895529,65.7957620353,58.0318230178,59.8729015511,65.2156451664,66,58,60,65
685,黃鈞瑜,1999,中信,A_WinsorizedBalanced-v0.1,B_QuadraticTanh-v1,130,Provisional,False,2026-08-11,-0.181718089435,-0.383568152928,-0.150881890753,-0.319125688557,63.6460756587,62.039426494,63.882159223,62.5636639216,64,62,64,63
685,黃鈞瑜,2000,中信,A_WinsorizedBalanced-v0.1,B_QuadraticTanh-v1,134,Provisional,False,2026-08-11,-0.237185018633,-0.356408978642,-0.0268229351909,0.0244976477667,63.2150583022,62.2616252107,64.8058695996,65.1766522171,63,62,65,65
686,闕樹木,1997,中信,A_WinsorizedBalanced-v0.1,B_QuadraticTanh-v1,249,Regular,False,2026-08-11,-1.49981981064,-1.01103361134,-0.426322972481,2.26786426517,51.7463509892,56.464981492,61.6859803677,82.6449274396,52,56,62,83
686,闕樹木,1998,中信,A_WinsorizedBalanced-v0.1,B_QuadraticTanh-v1,314,Regular,False,2026-08-11,-0.548714049778,-0.715749519722,-0.282241467351,0.281427023624,60.6503395316,59.1838290685,62.8590135522,67.0604733082,61,59,63,67
686,闕樹木,1999,中信,A_WinsorizedBalanced-v0.1,B_QuadraticTanh-v1,309,Qualified,False,2026-08-11,-0.284879773308,-0.392216604411,-0.22563510147,0.661535238129,62.8380027098,61.9682897396,63.305477446,69.9399977552,63,62,63,70
686,闕樹木,2000,興農,A_WinsorizedBalanced-v0.1,B_QuadraticTanh-v1,199,Regular,False,2026-08-11,-1.65498783538,-0.752303720874,-0.0209514278571,0.804116443364,50.2331311798,58.8553902405,64.8485361177,71.0438702013,50,59,65,71
686,闕樹木,2001,興農,A_WinsorizedBalanced-v0.1,B_QuadraticTanh-v1,296,Qualified,False,2026-08-11,-0.626615573652,-0.882532719584,-0.812560887347,-0.454570797255,59.9736501438,57.6656323589,58.3085670613,61.450050823,60,58,58,61
686,闕樹木,2002,興農,A_WinsorizedBalanced-v0.1,B_QuadraticTanh-v1,351,Qualified,False,2026-08-11,0.459091832977,-0.23675215227,-0.662432704575,-0.767001262516,68.3938487946,63.218453316,59.6582067826,58.7226229786,68,63,60,59
686,闕樹木,2003,興農,A_WinsorizedBalanced-v0.1,B_QuadraticTanh-v1,404,Qualified,False,2026-08-11,0.447642237745,-0.284943415403,-0.775850545916,-0.37939817295,68.3072228639,62.8374956587,58.6424923408,62.0736606737,68,63,59,62
686,闕樹木,2004,興農,A_WinsorizedBalanced-v0.1,B_QuadraticTanh-v1,206,Regular,False,2026-08-11,-1.43561698509,-0.421819831568,-0.0230749107967,-0.903561203831,52.3731737946,61.7234151986,64.8331164749,57.4708426143,52,62,65,57
687,奧力偉,1997,兄弟,A_WinsorizedBalanced-v0.1,B_QuadraticTanh-v1,324,Qualified,False,2026-08-11,-0.11754536337,1.37295905736,3.88006307504,-1.28200866497,64.1345061857,75.534534118,94.1473542125,53.868464213,64,76,94,54
688,鄭文賢,1997,味全龍,A_WinsorizedBalanced-v0.1,B_QuadraticTanh-v1,239,Regular,False,2026-08-11,-0.89370292425,1.01688967167,0.371174763197,3.76005154575,57.5622483741,72.7101308262,67.7310944478,93.3926204936,58,73,68,93
688,鄭文賢,1998,味全龍,A_WinsorizedBalanced-v0.1,B_QuadraticTanh-v1,55,Provisional,False,2026-08-11,0.180316783444,1.93269109801,0.129959119531,1.3369619077,66.3125398021,80.0003973668,65.9431677334,75.2476189257,66,80,66,75
688,鄭文賢,1999,三商,A_WinsorizedBalanced-v0.1,B_QuadraticTanh-v1,153,Regular,False,2026-08-11,-1.63418920961,-0.272948270474,0.0751653457982,0.247601412046,50.435546091,62.9328799096,65.5437064532,66.8093421015,50,63,66,67
689,王聖徹,1997,中信,A_WinsorizedBalanced-v0.1,B_QuadraticTanh-v1,175,Regular,False,2026-08-11,-1.73800317546,0.882214509036,-0.361583944157,-0.681256068328,49.4275252016,71.6530596962,62.2194275846,59.4913761821,49,72,62,59
690,林怡宏,1997,三商,A_WinsorizedBalanced-v0.1,B_QuadraticTanh-v1,220,Regular,False,2026-08-11,-1.37248050848,0.255425738102,0.026118857999,0.630586698195,52.9888743509,66.8673513993,65.1883616651,69.7019377165,53,67,65,70
690,林怡宏,1998,三商,A_WinsorizedBalanced-v0.1,B_QuadraticTanh-v1,233,Regular,False,2026-08-11,-1.89184589686,-0.71941563834,0.465950588879,0.64910940303,47.9490490835,59.1510045331,68.4457852241,69.8443471563,48,59,68,70
690,林怡宏,1999,三商,A_WinsorizedBalanced-v0.1,B_QuadraticTanh-v1,284,Regular,False,2026-08-11,-0.432201031486,0.812607943404,0.0293056989055,-0.14594496336,61.6370426564,71.1099591572,65.2113859481,63.9197196006,62,71,65,64
691,陳炳男,1997,味全龍,A_WinsorizedBalanced-v0.1,B_QuadraticTanh-v1,129,Provisional,False,2026-08-11,-0.931775449668,-0.699665696971,-0.165207999391,3.21553002323,57.2084098341,59.3275259153,63.7727945343,89.7342963896,57,59,64,90
691,陳炳男,1998,味全龍,A_WinsorizedBalanced-v0.1,B_QuadraticTanh-v1,126,Provisional,False,2026-08-11,-0.907569338939,-0.451079244089,-0.669663404811,0.995201276049,57.4336357861,61.4793153209,59.5942061291,72.539384027,57,61,60,73
691,陳炳男,1999,味全龍,A_WinsorizedBalanced-v0.1,B_QuadraticTanh-v1,63,Provisional,False,2026-08-11,0.39852344642,-0.638006485662,0.0792510010944,1.65906434933,67.9366587214,59.8736179048,65.5734024958,77.8191913801,68,60,66,78
692,何献凡,1997,中信,A_WinsorizedBalanced-v0.1,B_QuadraticTanh-v1,204,Regular,False,2026-08-11,-1.07434465282,0.301520041673,-0.467313321371,1.77287692053,55.8651470099,67.2100762238,61.3430055921,78.7277751203,56,67,61,79
692,何献凡,1998,中信,A_WinsorizedBalanced-v0.1,B_QuadraticTanh-v1,126,Provisional,False,2026-08-11,-0.228008641354,2.16252708865,-0.888269408771,0.8230560724,63.286924591,81.8185425552,57.6125622233,71.1913269679,63,82,58,71
692,何献凡,1999,中信,A_WinsorizedBalanced-v0.1,B_QuadraticTanh-v1,164,Regular,False,2026-08-11,0.546655039986,-0.218871524169,-0.653460543962,-0.186962213418,69.0593257815,63.3582640487,59.7374734256,63.6056735753,69,63,60,64
692,何献凡,2000,中信,A_WinsorizedBalanced-v0.1,B_QuadraticTanh-v1,225,Regular,False,2026-08-11,-0.493700817703,0.569049242462,-0.216211381479,-0.0578147851971,61.1201282258,69.2303439166,63.3789922799,64.5790742728,61,69,63,65
692,何献凡,2001,中信,A_WinsorizedBalanced-v0.1,B_QuadraticTanh-v1,91,Provisional,False,2026-08-11,-0.233049680628,-0.484393687345,-0.673993161253,0.264521469945,63.2474721538,61.1989238067,59.5558317324,66.9348481587,63,61,60,67
693,傑恩,1997,時報,A_WinsorizedBalanced-v0.1,B_QuadraticTanh-v1,278,Regular,False,2026-08-11,-0.617613379226,0.715658882751,1.90071831616,-1.11302413542,60.0525128049,70.3576864301,79.7462134458,55.4963525211,60,70,80,55
694,卡瑞拉,1997,時報,A_WinsorizedBalanced-v0.1,B_QuadraticTanh-v1,276,Regular,False,2026-08-11,0.845883118132,-1.18504976757,0.285541118795,-0.699638561487,71.3692899055,54.8054876068,67.0910791818,59.3277679219,71,55,67,59
695,楊煜堂,1997,中信,A_WinsorizedBalanced-v0.1,B_QuadraticTanh-v1,150,Regular,False,2026-08-11,-1.28464133172,-1.50846972397,-0.279011788534,1.17686794454,53.842929874,51.6618864824,62.8847096193,73.974789803,54,52,63,74
695,楊煜堂,1998,中信,A_WinsorizedBalanced-v0.1,B_QuadraticTanh-v1,57,Provisional,False,2026-08-11,-1.66771899996,-0.283552325571,-0.380717397447,0.265047723508,50.1093292279,62.8485764209,62.0628348846,66.9387553425,50,63,62,67
695,楊煜堂,1999,兄弟,A_WinsorizedBalanced-v0.1,B_QuadraticTanh-v1,88,Provisional,False,2026-08-11,-2.35739457906,-0.487213240046,0.696774042931,0.337922383378,43.6869418307,61.1750741928,70.2117534317,67.4819061744,44,61,70,67
696,魯賓,1997,時報,A_WinsorizedBalanced-v0.1,B_QuadraticTanh-v1,234,Regular,False,2026-08-11,0.85394949211,-1.31563890591,0.308384389169,-0.782794650759,71.4322380891,53.5419800727,67.2612568493,58.5795129819,71,54,67,59
697,愛力生,1997,三商,A_WinsorizedBalanced-v0.1,B_QuadraticTanh-v1,190,Regular,False,2026-08-11,0.0717493248006,1.01237788603,1.88639437541,-0.635594142469,65.518888724,72.6745955726,79.6322606614,59.8948251148,66,73,80,60
698,神真水,1997,興農,A_WinsorizedBalanced-v0.1,B_QuadraticTanh-v1,234,Regular,False,2026-08-11,1.2044156779,-0.754350701262,0.214295373035,0.105447234419,74.1933668733,58.8369233522,66.5629628667,65.7641502291,74,59,67,66
699,潘瑞雄,1999,興農,A_WinsorizedBalanced-v0.1,B_QuadraticTanh-v1,142,Provisional,False,2026-08-11,-1.65039981678,-0.732649356943,-0.889819225046,0.00839227746484,50.2777656984,59.0323010766,57.5982158499,65.060456055,50,59,58,65
700,胡長豪,1998,興農 / 中信,A_WinsorizedBalanced-v0.1,B_QuadraticTanh-v1,160,Regular,False,2026-08-11,0.877092844709,-0.658496224361,-0.72301456947,-0.0233463465928,71.6130182572,59.6930047919,59.1187562801,64.8311445419,72,60,59,65
700,胡長豪,1999,興農,A_WinsorizedBalanced-v0.1,B_QuadraticTanh-v1,387,Qualified,False,2026-08-11,0.475420947209,-1.16989668936,-0.931327357989,2.71165566898,68.5175514025,54.9512456782,57.2125871777,86.056109781,69,55,57,86
700,胡長豪,2000,興農,A_WinsorizedBalanced-v0.1,B_QuadraticTanh-v1,340,Qualified,False,2026-08-11,0.949565465744,-0.563264927951,-0.782370820506,2.03838875994,72.180728508,60.5249460374,58.583359409,80.8387269282,72,61,59,81
700,胡長豪,2001,興農,A_WinsorizedBalanced-v0.1,B_QuadraticTanh-v1,250,Regular,False,2026-08-11,0.29019652851,-0.349783244107,-1.21615948028,1.35138358519,67.1257280326,62.3155555345,54.5056208716,75.3625413372,67,62,55,75
701,張瑋,1997,兄弟 / 時報,A_WinsorizedBalanced-v0.1,B_QuadraticTanh-v1,177,Regular,False,2026-08-11,-1.19580512278,-1.36857181778,-0.742084816262,0.816419889944,54.7019086406,53.0269517054,58.9474627376,71.139639362,55,53,59,71
702,奇威,1997,興農,A_WinsorizedBalanced-v0.1,B_QuadraticTanh-v1,179,Regular,False,2026-08-11,1.23534892646,0.338715363316,-0.050778386449,0.00909935406824,74.4390455763,67.4878389366,64.6307994901,65.0655525621,74,67,65,65
703,羅漢,1997,統一7-ELEVEn獅,A_WinsorizedBalanced-v0.1,B_QuadraticTanh-v1,123,Provisional,False,2026-08-11,1.01584886305,1.09792746612,0.512233720728,1.88053209805,72.7019326175,73.3496770347,68.7971048185,79.585610816,73,73,69,80
704,林鴻遠,1997,中信,A_WinsorizedBalanced-v0.1,B_QuadraticTanh-v1,119,Provisional,False,2026-08-11,-0.240838588221,-0.568374172437,1.03959334024,0.277099768421,63.1863834953,60.4808058985,72.8890654043,67.0282960223,63,60,73,67
704,林鴻遠,1998,中信,A_WinsorizedBalanced-v0.1,B_QuadraticTanh-v1,297,Regular,False,2026-08-11,-0.299995857424,-1.24367418563,1.49994931683,0.0285530380664,62.7172782857,54.239763165,76.5480521455,65.2059473104,63,54,77,65
704,林鴻遠,2000,統一7-ELEVEn獅 / 興農,A_WinsorizedBalanced-v0.1,B_QuadraticTanh-v1,179,Regular,False,2026-08-11,0.61137697634,-0.165187243622,3.05524818123,0.0655467981018,69.5544684536,63.772953381,88.5913313907,65.4738528035,70,64,89,65
704,林鴻遠,2001,統一7-ELEVEn獅,A_WinsorizedBalanced-v0.1,B_QuadraticTanh-v1,207,Regular,False,2026-08-11,0.287529008311,-0.311678781659,0.318427136031,0.723235183546,67.1058723865,62.6235736522,67.3362012423,70.4162894279,67,63,67,70
704,林鴻遠,2002,統一7-ELEVEn獅,A_WinsorizedBalanced-v0.1,B_QuadraticTanh-v1,295,Qualified,False,2026-08-11,0.37789059085,-0.648299948118,1.15527516115,-0.431866976638,67.7815222651,59.7829911628,73.8036119549,61.6398260412,68,60,74,62
704,林鴻遠,2003,統一7-ELEVEn獅,A_WinsorizedBalanced-v0.1,B_QuadraticTanh-v1,327,Qualified,False,2026-08-11,1.34150914897,-1.25794922474,1.80922415154,-0.952340195016,75.2838508035,54.1016138612,79.0176236877,57.0163742012,75,54,79,57
704,林鴻遠,2004,統一7-ELEVEn獅,A_WinsorizedBalanced-v0.1,B_QuadraticTanh-v1,162,Regular,False,2026-08-11,-0.267585291272,-0.268233695175,0.288606505353,-0.150234607856,62.9754059734,62.97026836,67.1138920495,63.8870875203,63,63,67,64
704,林鴻遠,2005,統一7-ELEVEn獅,A_WinsorizedBalanced-v0.1,B_QuadraticTanh-v1,215,Regular,False,2026-08-11,0.12981858525,-0.518224289256,0.964686516916,-0.854818652943,65.9421399094,60.9115557711,72.299470054,57.921263485,66,61,72,58
704,林鴻遠,2006,統一7-ELEVEn獅,A_WinsorizedBalanced-v0.1,B_QuadraticTanh-v1,111,Provisional,False,2026-08-11,0.881966971672,-1.77981447912,1.13063052759,-0.336808797397,71.6511241522,49.0235552793,73.608410474,62.4208441751,72,49,74,62
704,林鴻遠,2007,誠泰,A_WinsorizedBalanced-v0.1,B_QuadraticTanh-v1,350,Qualified,False,2026-08-11,0.988375582737,-0.485091091311,1.62784283816,-1.11741089029,72.4856858761,61.1930264236,77.5697816848,55.4544232191,72,61,78,55
704,林鴻遠,2008,米迪亞,A_WinsorizedBalanced-v0.1,B_QuadraticTanh-v1,201,Regular,False,2026-08-11,0.414720835386,0.452218240027,0.482739524449,-0.768601271037,68.0586636285,68.3418331321,68.5730540618,58.7081454837,68,68,69,59
705,洪啟峰,1997,中信,A_WinsorizedBalanced-v0.1,B_QuadraticTanh-v1,109,Provisional,False,2026-08-11,-0.941185165911,-0.640235440249,-0.219161501124,0.437161796106,57.1206184043,59.8540121349,63.3560033792,68.2280106736,57,60,63,68
705,洪啟峰,1998,中信,A_WinsorizedBalanced-v0.1,B_QuadraticTanh-v1,346,Qualified,False,2026-08-11,-0.939583059978,0.708582991542,1.05398655614,-0.224937330677,57.1355751323,70.3029834708,73.002602661,63.3109287838,57,70,73,63
705,洪啟峰,1999,中信,A_WinsorizedBalanced-v0.1,B_QuadraticTanh-v1,289,Regular,False,2026-08-11,1.40430636636,0.918623724163,3.20116774597,2.39357553474,75.7845481287,71.9380591353,89.6330083289,83.6238507574,76,72,90,84
705,洪啟峰,2000,中信,A_WinsorizedBalanced-v0.1,B_QuadraticTanh-v1,316,Qualified,False,2026-08-11,0.164573555179,0.966785957156,1.55345726586,0.974072643136,66.1968352823,72.3159640225,76.9754848216,72.373225146,66,72,77,72
705,洪啟峰,2001,中信,A_WinsorizedBalanced-v0.1,B_QuadraticTanh-v1,213,Regular,False,2026-08-11,-0.794650684695,1.66723599906,1.96300619688,-0.378810775823,58.4717834122,77.8844622225,80.2411647941,62.0784795828,58,78,80,62
705,洪啟峰,2002,中信,A_WinsorizedBalanced-v0.1,B_QuadraticTanh-v1,334,Qualified,False,2026-08-11,0.300539237526,0.940980723388,2.05121946269,1.19222112922,67.202766324,72.1133583204,80.9402585203,74.0965837499,67,72,81,74
705,洪啟峰,2003,中信,A_WinsorizedBalanced-v0.1,B_QuadraticTanh-v1,317,Qualified,False,2026-08-11,0.404530096033,1.01440554211,2.03206453755,-0.821271436878,67.9818808262,72.6905646072,80.7886621573,58.2289835701,68,73,81,58
706,展龍,1997,中信,A_WinsorizedBalanced-v0.1,B_QuadraticTanh-v1,133,Provisional,False,2026-08-11,-0.26155718348,0.939641376997,3.4628998879,-0.635274684891,63.0231175419,72.1028504519,91.4416539295,59.897632598,63,72,91,60
707,艾克特,1997,中信,A_WinsorizedBalanced-v0.1,B_QuadraticTanh-v1,95,Provisional,False,2026-08-11,-0.601734916952,-1.16804369862,1.17835934524,0.499473182678,60.1911960871,54.9690554032,73.9866179131,68.7000973818,60,55,74,69
708,大衛,1997,三商,A_WinsorizedBalanced-v0.1,B_QuadraticTanh-v1,126,Provisional,False,2026-08-11,0.696092510327,0.175198164318,0.182607561938,0.155176491239,70.2064906975,66.2748979986,66.3293929927,66.1278703589,70,66,66,66
709,鐵布衫,1997,興農,A_WinsorizedBalanced-v0.1,B_QuadraticTanh-v1,124,Provisional,False,2026-08-11,0.955636439795,0.651354503103,0.681373514378,0.0550484082493,72.2283905764,69.8616224469,70.0928976315,65.3977018317,72,70,70,65
710,威格,1997,時報,A_WinsorizedBalanced-v0.1,B_QuadraticTanh-v1,129,Provisional,False,2026-08-11,0.864824743994,2.60327542948,1.86867408037,-0.127446072882,71.5171561766,85.2354349021,79.4912267456,64.0598749705,72,85,79,64
711,偉力,1997,三商,A_WinsorizedBalanced-v0.1,B_QuadraticTanh-v1,95,Provisional,False,2026-08-11,-0.836935323691,1.56643321184,0.659474933043,0.0331105813083,58.085540978,77.0791538095,69.9241317087,65.2388872811,58,77,70,65
712,蔡豐安,1998,三商,A_WinsorizedBalanced-v0.1,B_QuadraticTanh-v1,217,Regular,False,2026-08-11,-2.28999119098,-1.52881782868,0.67321205873,-0.480596970368,44.2775746352,51.4632056687,70.0299665725,61.2310097927,44,51,70,61
712,蔡豐安,1999,三商,A_WinsorizedBalanced-v0.1,B_QuadraticTanh-v1,208,Regular,False,2026-08-11,-1.06985061523,-0.985717428206,-0.175296889336,-0.53782061103,55.9078861158,56.7033965428,63.6954464289,60.7439068814,56,57,64,61
712,蔡豐安,2000,兄弟,A_WinsorizedBalanced-v0.1,B_QuadraticTanh-v1,336,Qualified,False,2026-08-11,-1.42125067579,0.51420986517,1.26757465357,-1.03152601308,52.5133612782,68.8121376073,74.6952381269,56.271375515,53,69,75,56
712,蔡豐安,2001,兄弟,A_WinsorizedBalanced-v0.1,B_QuadraticTanh-v1,313,Qualified,False,2026-08-11,-0.135170034981,-1.23689638828,1.14449033522,0.350933168004,64.0014674795,54.3053056453,73.7181663025,67.5793079271,64,54,74,68
712,蔡豐安,2002,兄弟,A_WinsorizedBalanced-v0.1,B_QuadraticTanh-v1,375,Qualified,False,2026-08-11,-0.437562010631,-1.33924804397,2.90303862124,-0.752211426119,61.5923378978,53.3124227252,87.481647414,58.8562226954,62,53,87,59
712,蔡豐安,2003,兄弟,A_WinsorizedBalanced-v0.1,B_QuadraticTanh-v1,430,Qualified,False,2026-08-11,0.275122815169,-1.26303785453,1.40784147898,0.197689366779,67.0136003854,54.0523337411,75.8127511767,66.4404576379,67,54,76,66
712,蔡豐安,2004,兄弟,A_WinsorizedBalanced-v0.1,B_QuadraticTanh-v1,268,Regular,False,2026-08-11,0.402524502847,0.223269349938,1.92124734985,-0.022249945021,67.9667784424,66.6292589919,79.9094478547,64.8391084451,68,67,80,65
712,蔡豐安,2005,兄弟,A_WinsorizedBalanced-v0.1,B_QuadraticTanh-v1,344,Qualified,False,2026-08-11,1.14318527093,-0.205615942291,0.175104089774,0.0634482978285,73.7078289724,63.4613684507,66.2742063876,65.4586234233,74,63,66,65
712,蔡豐安,2006,兄弟,A_WinsorizedBalanced-v0.1,B_QuadraticTanh-v1,144,Provisional,False,2026-08-11,-0.319879260811,0.152829136939,1.54835610234,-0.484059601835,62.5575936811,66.1106547158,76.9347310033,61.2017484991,63,66,77,61
713,豪立業,1997,中信,A_WinsorizedBalanced-v0.1,B_QuadraticTanh-v1,69,Provisional,False,2026-08-11,-0.81058624322,-1.07747434267,0.449230934067,1.16222356716,58.3265898543,55.8353692324,68.3192371796,73.8586809498,58,56,68,74
714,強斯,1997,三商,A_WinsorizedBalanced-v0.1,B_QuadraticTanh-v1,77,Provisional,False,2026-08-11,-1.209216081,1.04374224283,1.37403756093,0.530248030238,54.5726178442,72.9217851448,75.5431335051,68.9342390502,55,73,76,69
716,高登,1997,三商,A_WinsorizedBalanced-v0.1,B_QuadraticTanh-v1,51,Provisional,False,2026-08-11,-0.520800602574,-0.466693493524,1.18434276318,0.399659758949,60.8895646073,61.3482213581,74.0340779409,67.9452116276,61,61,74,68
717,呂嘉明,1998,三商,A_WinsorizedBalanced-v0.1,B_QuadraticTanh-v1,105,Provisional,False,2026-08-11,-0.137272785694,-0.984720098936,-0.34770695306,0.200574869375,63.9855388269,56.7127711018,62.3324330581,66.4617282518,64,57,62,66
717,呂嘉明,1999,三商,A_WinsorizedBalanced-v0.1,B_QuadraticTanh-v1,160,Regular,False,2026-08-11,0.0443350602724,-0.543161134089,0.145728342739,1.09686610309,65.3200915542,60.6980684498,66.0586052612,73.3412858413,65,61,66,73
718,林正偉,1999,三商,A_WinsorizedBalanced-v0.1,B_QuadraticTanh-v1,276,Regular,False,2026-08-11,0.42162536714,-1.03239597115,-0.684959187323,1.25167485903,68.1107290046,56.2631445085,59.4584716885,74.5688053921,68,56,59,75
719,武建州,1998,味全龍,A_WinsorizedBalanced-v0.1,B_QuadraticTanh-v1,189,Regular,False,2026-08-11,-1.54746699458,-0.629385601124,-0.450540256392,0.172952974153,51.2811478024,59.9493493843,61.4838302867,66.2583939665,51,60,61,66
719,武建州,1999,味全龍,A_WinsorizedBalanced-v0.1,B_QuadraticTanh-v1,177,Regular,False,2026-08-11,-1.50114426923,1.03294534156,0.0367601547166,0.627865040618,51.7334178444,72.8366502782,65.26527813,69.6810302423,52,73,65,70
788,安收多,1998,興農,A_WinsorizedBalanced-v0.1,B_QuadraticTanh-v1,456,Qualified,False,2026-08-11,1.22077878192,0.998257146154,1.10156405364,-0.620967330395,74.3232958877,72.5634308031,73.3784309501,60.0231508598,74,73,73,60
788,安收多,1999,興農,A_WinsorizedBalanced-v0.1,B_QuadraticTanh-v1,196,Regular,False,2026-08-11,-0.14996073578,1.56851119806,1.54919299115,-0.845711800788,63.8891723943,77.0957557747,76.9414169639,58.0049869604,64,77,77,58
789,怪力男,1998,興農,A_WinsorizedBalanced-v0.1,B_QuadraticTanh-v1,457,Qualified,False,2026-08-11,1.1300644879,2.63297615805,5.18639933325,-1.31068077612,73.6039292752,85.4612281497,101.003223045,53.5901534735,74,85,101,54
789,怪力男,1999,興農,A_WinsorizedBalanced-v0.1,B_QuadraticTanh-v1,174,Regular,False,2026-08-11,-1.34432731839,2.55043294529,0.418397197984,-0.928361869187,53.2630012952,84.8321222743,68.0863818924,57.2402254099,53,85,68,57
790,陳瑞振,1998,兄弟,A_WinsorizedBalanced-v0.1,B_QuadraticTanh-v1,395,Qualified,False,2026-08-11,0.595732205528,-0.112233095453,-0.593662495793,-0.0430993762241,69.4345364,64.1744400937,60.2614946448,64.6870922495,69,64,60,65
790,陳瑞振,1999,兄弟,A_WinsorizedBalanced-v0.1,B_QuadraticTanh-v1,292,Qualified,False,2026-08-11,0.487710907345,0.355921348413,-0.426233081839,1.79200890571,68.6107771469,67.6166844894,61.6867281089,78.8803663272,69,68,62,79
790,陳瑞振,2000,兄弟,A_WinsorizedBalanced-v0.1,B_QuadraticTanh-v1,389,Qualified,False,2026-08-11,1.06307921781,1.31275405491,-0.655052645635,0.638827331742,73.0743667451,75.054796347,59.7234196519,69.7652690026,73,75,60,70
790,陳瑞振,2001,兄弟,A_WinsorizedBalanced-v0.1,B_QuadraticTanh-v1,369,Qualified,False,2026-08-11,1.43188895753,0.535959541074,-0.574880636542,0.920140610892,76.004641828,68.9777632788,60.4245119771,71.9499459071,76,69,60,72
790,陳瑞振,2002,兄弟,A_WinsorizedBalanced-v0.1,B_QuadraticTanh-v1,359,Qualified,False,2026-08-11,0.111024300889,0.541779493472,-0.853847332447,-0.635005076697,65.8048360103,69.0221361242,57.9301998882,59.9000018253,66,69,58,60
790,陳瑞振,2003,兄弟,A_WinsorizedBalanced-v0.1,B_QuadraticTanh-v1,417,Qualified,False,2026-08-11,1.18040511716,1.94890991641,-0.670404189781,-0.352457899299,74.0028436932,80.129240006,59.5876432783,62.2937982634,74,80,60,62
790,陳瑞振,2004,兄弟,A_WinsorizedBalanced-v0.1,B_QuadraticTanh-v1,359,Qualified,False,2026-08-11,1.83818076932,0.314517518879,-0.549267105488,-0.320545389657,79.2483851606,67.3070163305,60.6455820997,62.5522266276,79,67,61,63
790,陳瑞振,2005,兄弟,A_WinsorizedBalanced-v0.1,B_QuadraticTanh-v1,383,Qualified,False,2026-08-11,0.858441631433,0.995526333126,-0.760099199376,-0.62672226653,71.4673074843,72.541941738,58.7850213287,59.9727144517,71,73,59,60
790,陳瑞振,2006,兄弟,A_WinsorizedBalanced-v0.1,B_QuadraticTanh-v1,311,Qualified,False,2026-08-11,1.6218481491,0.0699853777206,-0.644912008665,-1.05764381149,77.5218897721,65.5060774613,59.8128438012,56.0238548926,78,66,60,56
790,陳瑞振,2007,兄弟,A_WinsorizedBalanced-v0.1,B_QuadraticTanh-v1,318,Qualified,False,2026-08-11,1.82315351897,0.00834388566497,-0.800953317822,-1.12361747475,79.1286478088,65.0601072702,58.4144121178,55.3950651373,79,65,58,55
790,陳瑞振,2008,兄弟,A_WinsorizedBalanced-v0.1,B_QuadraticTanh-v1,298,Regular,False,2026-08-11,0.564608041535,0.346093570499,-0.982871918079,-0.116198671746,69.1964018027,67.5430626216,56.730139757,64.1446369326,69,68,57,64
790,陳瑞振,2009,兄弟,A_WinsorizedBalanced-v0.1,B_QuadraticTanh-v1,304,Regular,False,2026-08-11,1.76235278578,-1.13683567026,-0.764776070759,-0.644443769034,78.6438162491,55.2685175624,58.7427495266,59.8169678041,79,55,59,60
791,泰甘力,1998,中信,A_WinsorizedBalanced-v0.1,B_QuadraticTanh-v1,395,Qualified,False,2026-08-11,1.4625589752,1.78838538728,3.62190683554,-1.00193090319,76.2494689298,78.851470219,92.499840545,56.5508052335,76,79,92,57
792,陳宗男,1998,興農,A_WinsorizedBalanced-v0.1,B_QuadraticTanh-v1,242,Regular,False,2026-08-11,-0.907433221263,0.317160383668,-1.05109564687,-0.162998999141,57.4348997528,67.3267437712,56.0859911428,63.7896938328,57,67,56,64
792,陳宗男,1999,興農,A_WinsorizedBalanced-v0.1,B_QuadraticTanh-v1,167,Regular,False,2026-08-11,-0.984767975065,-0.0728279906149,-0.968757042215,-0.180317676049,56.7123211136,64.468253903,56.8626305115,63.6568524124,57,64,57,64
793,洪德芳,1998,兄弟,A_WinsorizedBalanced-v0.1,B_QuadraticTanh-v1,272,Regular,False,2026-08-11,-1.62666458052,-1.22036733802,-0.474091026452,0.137046579858,50.5088219895,54.465000487,61.285913498,65.9950249572,51,54,61,66
793,洪德芳,1999,兄弟,A_WinsorizedBalanced-v0.1,B_QuadraticTanh-v1,277,Regular,False,2026-08-11,-2.37902386659,-0.52419357747,-0.134367358109,-0.172994077123,43.499697052,60.8605795631,64.0075447246,63.7131252823,43,61,64,64
793,洪德芳,2000,兄弟,A_WinsorizedBalanced-v0.1,B_QuadraticTanh-v1,96,Provisional,False,2026-08-11,-2.92904257046,-0.733641765784,-0.493983785721,0.414295829996,39.1756654301,59.0233858649,61.1177294425,68.0554598924,39,59,61,68
794,布雷特,1998,統一7-ELEVEn獅,A_WinsorizedBalanced-v0.1,B_QuadraticTanh-v1,336,Qualified,False,2026-08-11,0.0664619673299,0.162109102249,1.51776838997,3.64498243896,65.4804956395,66.1787415441,76.6903803194,92.6507203719,65,66,77,93
795,黃甘霖,1998,統一7-ELEVEn獅,A_WinsorizedBalanced-v0.1,B_QuadraticTanh-v1,273,Regular,False,2026-08-11,0.0246928177251,-0.660320119255,-0.775696157945,2.34911648806,65.1780617392,59.6768857115,58.6438915599,83.2786335333,65,60,59,83
795,黃甘霖,1999,統一7-ELEVEn獅,A_WinsorizedBalanced-v0.1,B_QuadraticTanh-v1,329,Qualified,False,2026-08-11,2.02959493286,-0.0719805240038,0.284519713438,6.18689010828,80.7691083523,64.4745260401,67.0834794307,104.568553593,81,64,67,105
795,黃甘霖,2000,統一7-ELEVEn獅,A_WinsorizedBalanced-v0.1,B_QuadraticTanh-v1,382,Qualified,False,2026-08-11,1.87424110625,-0.727007082386,-0.188102267839,5.3308192922,79.5355412417,59.0829521358,63.5968806176,101.604700206,80,59,64,102
795,黃甘霖,2001,統一7-ELEVEn獅,A_WinsorizedBalanced-v0.1,B_QuadraticTanh-v1,366,Qualified,False,2026-08-11,1.76766435294,0.922814200584,0.178735218805,5.07170779265,78.6861923978,71.9708994453,66.3009068154,100.503615017,79,72,66,101
795,黃甘霖,2002,統一7-ELEVEn獅,A_WinsorizedBalanced-v0.1,B_QuadraticTanh-v1,287,Qualified,False,2026-08-11,0.23107726026,0.700864797632,-0.525773984725,7.20355809559,66.6869938179,70.2433475001,60.847069789,106.928629568,67,70,61,107
795,黃甘霖,2003,統一7-ELEVEn獅,A_WinsorizedBalanced-v0.1,B_QuadraticTanh-v1,402,Qualified,False,2026-08-11,0.902061811475,-0.265150183386,-0.675299933557,6.99488060553,71.8083425702,62.9946907969,59.5442424489,106.531975521,72,63,60,107
795,黃甘霖,2004,統一7-ELEVEn獅,A_WinsorizedBalanced-v0.1,B_QuadraticTanh-v1,428,Qualified,False,2026-08-11,0.946630969649,-0.268009244073,-0.222595403557,2.1806201347,72.1576959903,62.972046916,63.3292157565,81.9608411285,72,63,63,82
795,黃甘霖,2005,統一7-ELEVEn獅,A_WinsorizedBalanced-v0.1,B_QuadraticTanh-v1,222,Regular,False,2026-08-11,0.823109674871,-0.891235906026,-0.166411822132,0.609324735414,71.1917445552,57.5850985439,63.763579543,69.5387273361,71,58,64,70
795,黃甘霖,2007,統一7-ELEVEn獅,A_WinsorizedBalanced-v0.1,B_QuadraticTanh-v1,107,Provisional,False,2026-08-11,1.14519086287,0.21875823259,-0.0782410172842,-0.429791792433,73.7237153511,66.5959244936,64.4281452504,61.6571107474,74,67,64,62
795,黃甘霖,2008,統一7-ELEVEn獅,A_WinsorizedBalanced-v0.1,B_QuadraticTanh-v1,165,Regular,False,2026-08-11,0.37327500946,1.15855978575,-1.06831638067,0.457368791545,67.7468611801,73.8296421865,55.9224715534,68.3808066218,68,74,56,68
795,黃甘霖,2009,統一7-ELEVEn獅,A_WinsorizedBalanced-v0.1,B_QuadraticTanh-v1,202,Regular,False,2026-08-11,-0.382730842816,-0.69145237525,-0.759886525524,2.71057794454,62.046303961,59.400709678,58.7869426129,86.047994294,62,59,59,86
795,黃甘霖,2010,統一7-ELEVEn獅,A_WinsorizedBalanced-v0.1,B_QuadraticTanh-v1,150,Regular,False,2026-08-11,-0.286306225522,1.88642696525,-0.381465266395,1.6891680399,62.8266353473,79.6325199785,62.0566958423,78.0596235546,63,80,62,78
796,陳建村,1998,兄弟,A_WinsorizedBalanced-v0.1,B_QuadraticTanh-v1,110,Provisional,False,2026-08-11,-1.84715292831,-0.0347755577044,-0.398989840933,0.15577056456,48.3761600432,64.7479272678,61.9124498189,66.1322280634,48,65,62,66
797,大德,1998,兄弟,A_WinsorizedBalanced-v0.1,B_QuadraticTanh-v1,227,Regular,False,2026-08-11,0.867859543758,1.14204863975,1.48494873185,-0.515996418258,71.5408632072,73.6988262144,76.4282514482,60.9305605225,72,74,76,61
798,松井隆昌,1998,統一7-ELEVEn獅,A_WinsorizedBalanced-v0.1,B_QuadraticTanh-v1,139,Provisional,False,2026-08-11,0.598231009453,0.983933700559,0.024634256612,0.290314686284,69.4536817873,72.4507514288,65.1776388059,67.1266076668,69,72,65,67
799,許聖杰,1998,味全龍,A_WinsorizedBalanced-v0.1,B_QuadraticTanh-v1,198,Regular,False,2026-08-11,-1.12105637091,-0.00147710623532,0.37172912368,1.37081748494,55.4195637118,64.9893617809,67.7352557617,75.5174589327,55,65,68,76
799,許聖杰,1999,味全龍,A_WinsorizedBalanced-v0.1,B_QuadraticTanh-v1,334,Qualified,False,2026-08-11,0.293161749865,1.34646079673,1.15414454534,1.35078118722,67.1478061377,75.3233090002,73.7946527108,75.3577402879,67,75,74,75
799,許聖杰,2000,統一7-ELEVEn獅,A_WinsorizedBalanced-v0.1,B_QuadraticTanh-v1,249,Regular,False,2026-08-11,-0.665853724893,-0.462752709633,0.571980647658,-0.229419454219,59.6279397448,61.381361446,69.2527543171,63.2758899245,60,61,69,63
799,許聖杰,2001,統一7-ELEVEn獅,A_WinsorizedBalanced-v0.1,B_QuadraticTanh-v1,307,Qualified,False,2026-08-11,0.35976880412,-0.843385534648,0.871079804662,-0.271325384353,67.6455263455,58.0263510568,71.5660238255,62.9457565099,68,58,72,63
799,許聖杰,2002,統一7-ELEVEn獅,A_WinsorizedBalanced-v0.1,B_QuadraticTanh-v1,305,Qualified,False,2026-08-11,-0.0756726791518,-0.74480634288,0.707632548539,0.29999768337,64.4471857915,58.922960948,70.2956378681,67.1987304596,64,59,70,67
799,許聖杰,2003,統一7-ELEVEn獅,A_WinsorizedBalanced-v0.1,B_QuadraticTanh-v1,136,Provisional,False,2026-08-11,0.101303653228,-0.38158577024,1.53990604854,-0.34864423796,65.7339393084,62.0557065323,76.8672241085,62.3248154918,66,62,77,62
799,許聖杰,2004,誠泰,A_WinsorizedBalanced-v0.1,B_QuadraticTanh-v1,386,Qualified,False,2026-08-11,-1.06812307261,-0.282533504868,-0.100173822623,-1.40739390792,55.9243090702,62.8566887139,64.2648079228,52.6485336993,56,63,64,53
799,許聖杰,2005,誠泰,A_WinsorizedBalanced-v0.1,B_QuadraticTanh-v1,150,Regular,False,2026-08-11,-0.0743203851576,-1.18454574576,0.180950301596,-0.189642143304,64.457203822,54.8103391026,66.3172001417,63.5849984529,64,55,66,64
799,許聖杰,2006,誠泰,A_WinsorizedBalanced-v0.1,B_QuadraticTanh-v1,54,Provisional,False,2026-08-11,-1.02308312788,1.07689753321,-0.455984975501,0.0023012563379,56.3512068859,73.1834846176,61.4381896822,65.016571428,56,73,61,65
799,許聖杰,2007,統一7-ELEVEn獅,A_WinsorizedBalanced-v0.1,B_QuadraticTanh-v1,67,Provisional,False,2026-08-11,0.395857555769,-0.108458613617,-0.433690928868,-0.0795231603037,67.9165965468,64.2027673246,61.6246254079,64.4186332164,68,64,62,64
799,許聖杰,2008,統一7-ELEVEn獅,A_WinsorizedBalanced-v0.1,B_QuadraticTanh-v1,131,Provisional,False,2026-08-11,-0.371727673234,-0.21790620232,-0.206837092137,0.0116016725254,62.1365213626,63.3657881343,63.4518895057,65.0835925155,62,63,63,65
799,許聖杰,2009,統一7-ELEVEn獅,A_WinsorizedBalanced-v0.1,B_QuadraticTanh-v1,50,Provisional,False,2026-08-11,0.333207724023,-0.143450903225,0.419272521389,0.0159151718764,67.4466428286,63.9386695579,68.0929829097,65.1147029708,67,64,68,65
799,許聖杰,2010,統一7-ELEVEn獅,A_WinsorizedBalanced-v0.1,B_QuadraticTanh-v1,133,Provisional,False,2026-08-11,0.0579164976528,0.27678451804,-0.691975397731,0.306225453855,65.4184961618,67.0259524095,59.3960533336,67.2451558776,65,67,59,67
799,許聖杰,2011,統一7-ELEVEn獅,A_WinsorizedBalanced-v0.1,B_QuadraticTanh-v1,141,Provisional,False,2026-08-11,-0.00141214469921,-0.633115146602,-0.542813652085,-0.369039672643,64.9898297666,59.9166056499,60.7010528732,62.1585155565,65,60,61,62
800,喬峰,1998,統一7-ELEVEn獅,A_WinsorizedBalanced-v0.1,B_QuadraticTanh-v1,191,Regular,False,2026-08-11,0.774841393425,3.76337519057,2.44143228979,1.15185188168,70.8163111579,93.4137866457,83.994150093,73.7764863209,71,93,84,74
801,魔拉,1998,三商,A_WinsorizedBalanced-v0.1,B_QuadraticTanh-v1,191,Regular,False,2026-08-11,1.09569548292,0.848547381688,0.770543116006,5.20804548946,73.3320312938,71.3900777042,70.7829381365,101.095328355,73,71,71,101
802,高正偉,1999,統一7-ELEVEn獅,A_WinsorizedBalanced-v0.1,B_QuadraticTanh-v1,99,Provisional,False,2026-08-11,-1.34824481194,-0.159982704166,-0.0547772560818,1.18337533409,53.2248762295,63.8127479701,64.6014202208,74.0264036852,53,64,65,74
802,高正偉,2000,統一7-ELEVEn獅,A_WinsorizedBalanced-v0.1,B_QuadraticTanh-v1,112,Provisional,False,2026-08-11,-1.28914064163,-0.000145043772328,-0.481025776415,-0.169522529083,53.7992811655,64.9989556554,61.2273876369,63.739749816,54,65,61,64
802,高正偉,2003,誠泰,A_WinsorizedBalanced-v0.1,B_QuadraticTanh-v1,184,Regular,False,2026-08-11,-1.11320937137,-0.759532842625,-1.05615455872,-0.228618324405,55.4945824189,58.7901375794,56.0379911283,63.2821565979,55,59,56,63
803,威力強,1998,中信,A_WinsorizedBalanced-v0.1,B_QuadraticTanh-v1,149,Provisional,False,2026-08-11,0.374970286062,1.15165088958,0.141047246998,-0.614481699284,67.759590161,73.7748937939,66.0243156589,60.0799074352,68,74,66,60
804,巧克力,1998,三商,A_WinsorizedBalanced-v0.1,B_QuadraticTanh-v1,168,Regular,False,2026-08-11,0.683764813853,0.854568189985,0.700301230361,1.99657730423,70.1113437765,71.4370675803,70.238994337,80.5074965386,70,71,70,81
805,偉恩,1998,三商,A_WinsorizedBalanced-v0.1,B_QuadraticTanh-v1,109,Provisional,False,2026-08-11,-0.315565148258,-1.00554198751,1.10444356692,0.105510164592,62.5923256775,56.516771729,73.4012019246,65.7646091679,63,57,73,66
806,卡內基,1998,三商,A_WinsorizedBalanced-v0.1,B_QuadraticTanh-v1,123,Provisional,False,2026-08-11,0.936277770909,-0.980640184137,0.806267686792,0.334282277936,72.0764646564,56.7511066415,71.0606097272,67.4546784781,72,57,71,67
806,卡內基,1999,三商,A_WinsorizedBalanced-v0.1,B_QuadraticTanh-v1,375,Qualified,False,2026-08-11,0.949334830958,-0.787954089913,0.0599819238922,-1.36155538041,72.1789181486,58.5326629746,65.4334754678,53.0952894865,72,59,65,53
807,安固,1998,統一7-ELEVEn獅,A_WinsorizedBalanced-v0.1,B_QuadraticTanh-v1,105,Provisional,False,2026-08-11,0.489980596898,-0.355416092231,1.03666022742,-0.428801040153,68.6280053098,62.2697137885,72.8659376858,61.6653593273,69,62,73,62
808,多力士,1998,味全龍,A_WinsorizedBalanced-v0.1,B_QuadraticTanh-v1,69,Provisional,False,2026-08-11,-0.726261991334,0.00311808229448,-0.281850061051,-0.175041864349,59.0896363054,65.0224545658,62.8621290974,63.6974049714,59,65,63,64
810,約瑟,1998,兄弟,A_WinsorizedBalanced-v0.1,B_QuadraticTanh-v1,108,Provisional,False,2026-08-11,1.02294274483,0.0115762102283,-0.0554310975501,0.219635250158,72.7578177649,65.083408922,64.5966123111,66.6024038426,73,65,65,67
811,豪威,1998,兄弟,A_WinsorizedBalanced-v0.1,B_QuadraticTanh-v1,80,Provisional,False,2026-08-11,0.167386463213,-0.900586768506,-0.0780212765987,1.53343760722,66.2174935407,57.4984375878,64.4297750214,76.8155497708,66,57,64,77
812,吳柏勳,1998,兄弟,A_WinsorizedBalanced-v0.1,B_QuadraticTanh-v1,67,Provisional,False,2026-08-11,-0.613618358588,-0.715509095898,-0.371520215754,-0.0564589024593,60.0874559291,59.1859807892,62.1382194896,64.5890521375,60,59,62,65
812,吳柏勳,1999,兄弟,A_WinsorizedBalanced-v0.1,B_QuadraticTanh-v1,57,Provisional,False,2026-08-11,-1.29950118171,-0.533106197674,-0.445950076904,0.140200630228,53.6987260788,60.7843182514,61.5222532178,66.0181160635,54,61,62,66
813,豪壯,1998,三商,A_WinsorizedBalanced-v0.1,B_QuadraticTanh-v1,68,Provisional,False,2026-08-11,0.47559809301,0.776061308949,1.40941739636,-0.167201904782,68.5188944037,70.8257847162,75.8253243215,63.7575295291,69,71,76,64
814,魔力歐,1998,三商,A_WinsorizedBalanced-v0.1,B_QuadraticTanh-v1,64,Provisional,False,2026-08-11,-0.658476292804,1.16895830423,0.831989517955,-0.17381472547,59.693180904,73.9120700441,71.2609424626,63.7068267312,60,74,71,64
816,雷歐斯,2004,Lamigo,A_WinsorizedBalanced-v0.1,B_QuadraticTanh-v1,118,Provisional,False,2026-08-11,1.0119675043,-0.270878998775,2.10521877259,0.512286044646,72.6713637596,62.9492971134,81.3669335469,68.7975028194,73,63,81,69
816,雷歐斯,2005,Lamigo,A_WinsorizedBalanced-v0.1,B_QuadraticTanh-v1,104,Provisional,False,2026-08-11,0.45199630375,-0.677078488121,1.46296853844,-0.381285802084,68.3401541917,59.5284635777,76.2527389247,62.0581691387,68,60,76,62
817,邱企彬,1999,中信,A_WinsorizedBalanced-v0.1,B_QuadraticTanh-v1,148,Provisional,False,2026-08-11,-0.48744488386,-1.5787956948,-0.214878203129,-0.1939022666,61.1731139803,50.9754376875,63.3893735978,63.5520931755,61,51,63,64
817,邱企彬,2000,中信,A_WinsorizedBalanced-v0.1,B_QuadraticTanh-v1,237,Regular,False,2026-08-11,-0.474560864488,-2.01220467857,-0.923905083606,0.900291753144,61.2819518344,46.8112843982,57.2817375457,71.7944864583,61,47,57,72
817,邱企彬,2001,中信,A_WinsorizedBalanced-v0.1,B_QuadraticTanh-v1,106,Provisional,False,2026-08-11,-0.244059871953,-0.731229835768,-0.822964449971,-0.136033676634,63.1610725612,59.0450499434,58.2135001213,63.9949267107,63,59,58,64
817,邱企彬,2002,中信,A_WinsorizedBalanced-v0.1,B_QuadraticTanh-v1,136,Provisional,False,2026-08-11,0.231882700648,-1.55085651882,0.869801184113,1.08783838862,66.692952372,51.248063508,71.556033085,73.2699276155,67,51,72,73
817,邱企彬,2003,中信,A_WinsorizedBalanced-v0.1,B_QuadraticTanh-v1,94,Provisional,False,2026-08-11,-0.8081858181,-0.919327087837,-0.312930009896,0.523829803636,58.3484895711,57.3243473338,62.6135174429,68.8853552595,58,57,63,69
817,邱企彬,2004,中信,A_WinsorizedBalanced-v0.1,B_QuadraticTanh-v1,145,Provisional,False,2026-08-11,-0.347751061958,-0.62661034107,0.138550106631,0.375384838363,62.3320746223,59.9736960327,66.0060313714,67.7627031508,62,60,66,68
817,邱企彬,2005,中信,A_WinsorizedBalanced-v0.1,B_QuadraticTanh-v1,116,Provisional,False,2026-08-11,-0.647943987583,-0.83029927847,0.0807670028852,0.912657304722,59.7861288024,58.1463622579,65.5844250485,71.8913145256,60,58,66,72
821,吳昭輝,1999,統一7-ELEVEn獅,A_WinsorizedBalanced-v0.1,B_QuadraticTanh-v1,219,Regular,False,2026-08-11,-0.301383413415,0.00602896535627,0.201646708733,-0.206060730665,62.7061673534,65.0434248939,66.4696311052,63.4579163213,63,65,66,63
821,吳昭輝,2000,統一7-ELEVEn獅,A_WinsorizedBalanced-v0.1,B_QuadraticTanh-v1,228,Regular,False,2026-08-11,0.00161351476658,-0.249759883369,-0.293311217756,-0.409158083931,65.0116184776,63.1162190138,62.7707371105,61.8284114145,65,63,63,62
821,吳昭輝,2001,統一7-ELEVEn獅,A_WinsorizedBalanced-v0.1,B_QuadraticTanh-v1,142,Provisional,False,2026-08-11,-0.140836491971,0.415823974629,0.15317017198,0.516733957406,63.9585159344,68.0669798196,66.1131556007,68.8313425344,64,68,66,69
821,吳昭輝,2002,統一7-ELEVEn獅,A_WinsorizedBalanced-v0.1,B_QuadraticTanh-v1,215,Regular,False,2026-08-11,-1.35884530616,0.713168160247,-0.606619386888,-1.00403626366,53.1216796057,70.3384276767,60.1485920115,56.5309648848,53,70,60,57
821,吳昭輝,2003,統一7-ELEVEn獅,A_WinsorizedBalanced-v0.1,B_QuadraticTanh-v1,275,Regular,False,2026-08-11,0.113592270959,0.597071085965,0.636758455283,-0.660873325723,65.8235788205,69.4447941717,69.7493652833,59.6719952834,66,69,70,60
821,吳昭輝,2004,統一7-ELEVEn獅,A_WinsorizedBalanced-v0.1,B_QuadraticTanh-v1,115,Provisional,False,2026-08-11,-0.285927523142,0.659260226041,-0.645607317064,-0.610470080244,62.8296537258,69.9224784338,59.8067190627,60.1149690509,63,70,60,60
821,吳昭輝,2005,誠泰,A_WinsorizedBalanced-v0.1,B_QuadraticTanh-v1,263,Regular,False,2026-08-11,-0.730540384239,0.0772755657119,-0.75813383852,-0.713490353508,59.0512405897,65.5590424914,58.8027730938,59.2040434959,59,66,59,59
821,吳昭輝,2006,誠泰,A_WinsorizedBalanced-v0.1,B_QuadraticTanh-v1,275,Regular,False,2026-08-11,-1.22086359757,0.303650162404,-0.450790116117,-0.593913547795,54.4602089475,67.2259545123,61.4817373594,60.2593104709,54,67,61,60
885,百樂,1999,中信,A_WinsorizedBalanced-v0.1,B_QuadraticTanh-v1,400,Qualified,False,2026-08-11,0.592883427217,-0.233232959899,1.70075697317,3.00741167167,69.4127143839,63.2460365106,78.1521652532,88.2450276983,69,63,78,88
886,朋馳,1999,兄弟,A_WinsorizedBalanced-v0.1,B_QuadraticTanh-v1,366,Qualified,False,2026-08-11,0.73763291813,-0.648566794571,-0.401123214096,0.395799267765,70.5277451978,59.7806388544,61.8948387367,67.9161579582,71,60,62,68
887,亞力士,1999,中信,A_WinsorizedBalanced-v0.1,B_QuadraticTanh-v1,335,Qualified,False,2026-08-11,0.826269859186,0.432182496849,3.68820139384,-0.52179563389,71.2163663677,68.1904040373,92.9314315548,60.8810670891,71,68,93,61
888,劉忠岳,1999,興農,A_WinsorizedBalanced-v0.1,B_QuadraticTanh-v1,219,Regular,False,2026-08-11,0.640500140026,-0.764393219084,-0.827450284853,-0.457468398201,69.7781299999,58.7462114446,58.1724509551,61.4257427007,70,59,58,61
889,王霆曜,1999,興農,A_WinsorizedBalanced-v0.1,B_QuadraticTanh-v1,258,Regular,False,2026-08-11,-1.00310488119,-1.59138893163,-1.06743520291,0.401946764814,56.539742711,50.8526136442,55.930847355,67.9624285421,57,51,56,68
890,任志偉,1999,味全龍,A_WinsorizedBalanced-v0.1,B_QuadraticTanh-v1,248,Regular,False,2026-08-11,-0.487496618556,1.69745530436,0.241646914707,-0.869797814932,61.1726761748,78.1258013478,66.7652284698,57.783253503,61,78,67,58
891,潘志強,1999,中信,A_WinsorizedBalanced-v0.1,B_QuadraticTanh-v1,166,Regular,False,2026-08-11,-2.41826905617,-0.424938263311,-0.0802718212279,0.62349041412,43.1629001475,61.6974967039,64.4130769207,69.6474343854,43,62,64,70
892,林明憲,1999,兄弟,A_WinsorizedBalanced-v0.1,B_QuadraticTanh-v1,255,Regular,False,2026-08-11,0.802361812107,1.16931993465,0.372704260407,2.06389443116,71.0302186109,73.914937213,67.7425761925,81.0405028737,71,74,68,81
892,林明憲,2000,兄弟,A_WinsorizedBalanced-v0.1,B_QuadraticTanh-v1,326,Qualified,False,2026-08-11,1.37430271047,1.21498645868,-0.345024772042,1.9630194382,75.5452476867,74.2772947882,62.3542197525,80.2412699051,76,74,62,80
892,林明憲,2001,兄弟,A_WinsorizedBalanced-v0.1,B_QuadraticTanh-v1,323,Qualified,False,2026-08-11,1.77075531635,-0.0343017227575,0.834806392552,0.990545955498,78.7108506779,64.7513845263,71.2829017541,72.5027582978,79,65,71,73
892,林明憲,2002,兄弟,A_WinsorizedBalanced-v0.1,B_QuadraticTanh-v1,331,Qualified,False,2026-08-11,0.758595887212,0.184405855016,-0.0207437593873,0.697230818962,70.6902286038,66.3426260273,64.850043425,70.2152807656,71,66,65,70
892,林明憲,2003,兄弟,A_WinsorizedBalanced-v0.1,B_QuadraticTanh-v1,317,Qualified,False,2026-08-11,1.2340642909,-0.058065286474,-0.0395333115738,0.393047205836,74.4288379199,64.5772302922,64.7131785417,67.8954528793,74,65,65,68
892,林明憲,2004,兄弟,A_WinsorizedBalanced-v0.1,B_QuadraticTanh-v1,382,Qualified,False,2026-08-11,1.17072940869,0.329956314057,-0.362665464757,2.01325371012,73.926112518,67.4223337356,62.2106002761,80.6396727965,74,67,62,81
892,林明憲,2007,兄弟,A_WinsorizedBalanced-v0.1,B_QuadraticTanh-v1,233,Regular,False,2026-08-11,0.96391357267,-0.304915530387,-0.585347308161,0.778092247309,72.2933979873,62.6778616089,60.3337606862,70.8415582302,72,63,60,71
892,林明憲,2008,兄弟,A_WinsorizedBalanced-v0.1,B_QuadraticTanh-v1,173,Regular,False,2026-08-11,0.132783049481,0.86694881073,-0.944967642822,2.39068295107,65.9638246348,71.5337483451,57.0852914364,83.60142499,66,72,57,84
893,羅倫,1999,統一7-ELEVEn獅,A_WinsorizedBalanced-v0.1,B_QuadraticTanh-v1,226,Regular,False,2026-08-11,-0.379430516701,1.00814945129,2.99247518953,1.5042391033,62.0733953063,72.6412992168,88.1364296445,76.5823147682,62,73,88,77
894,唐尼,1999,統一7-ELEVEn獅,A_WinsorizedBalanced-v0.1,B_QuadraticTanh-v1,221,Regular,False,2026-08-11,1.31620454911,-0.327570494535,-0.0774020600794,1.25277332554,75.0822738756,62.4955566299,64.434366908,74.577538361,75,62,64,75
895,羅松永,1999,興農,A_WinsorizedBalanced-v0.1,B_QuadraticTanh-v1,205,Regular,False,2026-08-11,-2.10242131426,-0.803169097944,-0.527947150358,-0.57897384776,45.9726781911,58.3942256372,60.8284837389,60.3890501486,46,58,61,60
895,羅松永,2000,興農,A_WinsorizedBalanced-v0.1,B_QuadraticTanh-v1,163,Regular,False,2026-08-11,-0.583842385426,-1.51212980634,-0.0640168443927,-0.536972305756,60.3468237674,51.626147276,64.5333689524,60.7511821269,60,52,65,61
895,羅松永,2001,興農,A_WinsorizedBalanced-v0.1,B_QuadraticTanh-v1,235,Regular,False,2026-08-11,-1.69655532902,-0.337767380959,-0.0326045201542,-0.91507148306,49.8292319947,62.4130796029,64.7637627658,57.363927788,50,62,65,57
895,羅松永,2002,興農,A_WinsorizedBalanced-v0.1,B_QuadraticTanh-v1,311,Qualified,False,2026-08-11,-0.401656175706,-1.50060299341,0.0789895223871,-0.249436030164,61.8904373902,51.7387033211,65.5715015373,63.1187696892,62,52,66,63
895,羅松永,2003,興農,A_WinsorizedBalanced-v0.1,B_QuadraticTanh-v1,316,Qualified,False,2026-08-11,0.85934447166,-0.742658031947,0.432264601025,-0.241801434261,71.4743569899,58.9423032641,68.1910239934,63.1788208586,71,59,68,63
895,羅松永,2004,興農,A_WinsorizedBalanced-v0.1,B_QuadraticTanh-v1,243,Regular,False,2026-08-11,-0.552588940714,-0.60758959749,-0.404914318326,-0.112348791982,60.6169930995,60.1401234326,61.863515741,64.1735711863,61,60,62,64
895,羅松永,2005,興農,A_WinsorizedBalanced-v0.1,B_QuadraticTanh-v1,143,Provisional,False,2026-08-11,0.550321773979,-0.70093418492,-0.0707832783752,-0.136343482135,69.0873051664,59.3162113419,64.4833835378,63.992579915,69,59,64,64
895,羅松永,2006,興農,A_WinsorizedBalanced-v0.1,B_QuadraticTanh-v1,67,Provisional,False,2026-08-11,-0.920711970352,-1.18147845779,-0.483001626453,-0.0843181373392,57.3114608755,54.8398586639,61.2106919717,64.3830199636,57,55,61,64
896,陳宗甫,1999,興農,A_WinsorizedBalanced-v0.1,B_QuadraticTanh-v1,203,Regular,False,2026-08-11,0.501586527815,-0.786141188659,-0.793036928335,-0.212497225536,68.7161556947,58.5491304066,58.4864616273,63.4079023672,69,59,58,63
896,陳宗甫,2000,興農,A_WinsorizedBalanced-v0.1,B_QuadraticTanh-v1,68,Provisional,False,2026-08-11,0.982037663372,0.383986031629,-0.603954662003,-0.000265590471109,72.4358419492,67.8273206556,60.171841,64.9980876499,72,68,60,65
896,陳宗甫,2001,興農,A_WinsorizedBalanced-v0.1,B_QuadraticTanh-v1,145,Provisional,False,2026-08-11,-0.314977829101,-1.43090706179,-0.550097381555,0.0164883740747,62.5970504171,52.4191380402,60.6384387188,65.118838357,63,52,61,65
896,陳宗甫,2002,興農,A_WinsorizedBalanced-v0.1,B_QuadraticTanh-v1,244,Regular,False,2026-08-11,1.30130201185,-1.11765554235,-0.280648343887,-0.696482436798,74.9636161638,55.4520841973,62.8716921575,59.3559057784,75,55,63,59
896,陳宗甫,2003,興農,A_WinsorizedBalanced-v0.1,B_QuadraticTanh-v1,210,Regular,False,2026-08-11,0.525721556638,-0.069192383461,-0.149447477261,-0.748121531565,68.8997607511,64.4951472368,63.8930790737,58.8930955761,69,64,64,59
896,陳宗甫,2004,興農,A_WinsorizedBalanced-v0.1,B_QuadraticTanh-v1,232,Regular,False,2026-08-11,1.49030176023,-1.80915132563,-0.973402092302,-0.536046689627,76.4710011351,48.7409828217,56.8190600413,60.7591185669,76,49,57,61
896,陳宗甫,2005,興農,A_WinsorizedBalanced-v0.1,B_QuadraticTanh-v1,210,Regular,False,2026-08-11,0.651435590707,-1.28714455052,-0.414539818528,-0.066365382024,69.8622464455,53.8186471482,61.7838311861,64.5160339886,70,54,62,65
896,陳宗甫,2006,興農,A_WinsorizedBalanced-v0.1,B_QuadraticTanh-v1,91,Provisional,False,2026-08-11,0.177869627059,0.0475883340754,-0.261918698243,-0.194671733236,66.2945409501,65.3436484171,63.0202588561,63.5461446627,66,65,63,64
898,馬丁尼,1999,三商,A_WinsorizedBalanced-v0.1,B_QuadraticTanh-v1,197,Regular,False,2026-08-11,1.14147258848,-0.896932986485,0.372923968121,3.78765385729,73.6942637156,57.5323161391,67.7442256538,93.5679486067,74,58,68,94
899,許皓銘,1999,兄弟,A_WinsorizedBalanced-v0.1,B_QuadraticTanh-v1,144,Provisional,False,2026-08-11,1.24732979167,-1.35050836861,-0.426317120671,0.0278390117847,74.5342642459,53.2028442697,61.6860290457,65.2007883071,75,53,62,65
899,許皓銘,2000,兄弟,A_WinsorizedBalanced-v0.1,B_QuadraticTanh-v1,178,Regular,False,2026-08-11,0.987117915526,0.0192667182793,-0.501986916248,-0.765794747334,72.4757937815,65.1388869735,61.0498088286,58.7335368736,72,65,61,59
899,許皓銘,2001,兄弟,A_WinsorizedBalanced-v0.1,B_QuadraticTanh-v1,173,Regular,False,2026-08-11,1.5483874396,-0.250239076088,-0.8672543726,0.372800208048,76.9349813585,63.1124443804,57.8067134503,67.7432965175,77,63,58,68
899,許皓銘,2002,兄弟,A_WinsorizedBalanced-v0.1,B_QuadraticTanh-v1,127,Provisional,False,2026-08-11,1.05304020674,-0.158704976577,-0.787808437302,-0.272873926748,72.9951352898,63.8225065337,58.5339862245,62.9334699296,73,64,59,63
899,許皓銘,2003,兄弟,A_WinsorizedBalanced-v0.1,B_QuadraticTanh-v1,121,Provisional,False,2026-08-11,-0.289614425141,-0.161852238634,-0.820494422245,0.434408523488,62.8002523199,63.7984616247,58.2360880921,68.2072141303,63,64,58,68
899,許皓銘,2004,兄弟,A_WinsorizedBalanced-v0.1,B_QuadraticTanh-v1,78,Provisional,False,2026-08-11,0.930566754825,0.454499102451,-0.444310359265,1.29717633973,72.0316759438,68.3590897896,61.5359666683,74.930774293,72,68,62,75
899,許皓銘,2005,兄弟,A_WinsorizedBalanced-v0.1,B_QuadraticTanh-v1,174,Regular,False,2026-08-11,1.0258260366,-0.0817645614042,-0.49891597282,0.495757185161,72.7805376747,64.4019937387,61.0758885797,68.6718686538,73,64,61,69
900,吳佳榮,1999,統一7-ELEVEn獅,A_WinsorizedBalanced-v0.1,B_QuadraticTanh-v1,96,Provisional,False,2026-08-11,-0.335910009404,-0.110652377883,-0.24912145853,0.629987801584,62.4281223077,64.1863079948,63.1212470017,69.6973366685,62,64,63,70
900,吳佳榮,2000,統一7-ELEVEn獅,A_WinsorizedBalanced-v0.1,B_QuadraticTanh-v1,147,Provisional,False,2026-08-11,-0.86276605614,0.497289796171,-0.640853652466,3.30745605657,57.8480864462,68.6835100544,59.8485725453,90.3771088207,58,69,60,90
900,吳佳榮,2001,統一7-ELEVEn獅,A_WinsorizedBalanced-v0.1,B_QuadraticTanh-v1,215,Regular,False,2026-08-11,-0.582915022913,0.506989903182,-0.951576892539,4.31523381198,60.3548710461,68.7572272028,57.0235130863,96.7131654059,60,69,57,97
900,吳佳榮,2002,統一7-ELEVEn獅,A_WinsorizedBalanced-v0.1,B_QuadraticTanh-v1,242,Regular,False,2026-08-11,0.154683172337,-1.24175204898,-0.525952054299,2.08242696607,66.1242519431,54.2583539585,60.8455472457,81.1869724985,66,54,61,81
900,吳佳榮,2003,統一7-ELEVEn獅,A_WinsorizedBalanced-v0.1,B_QuadraticTanh-v1,395,Qualified,False,2026-08-11,0.510238997578,-0.0366528870585,-0.265390055629,4.57543597563,68.7819333724,64.7342235141,62.9927918103,98.1142448887,69,65,63,98
900,吳佳榮,2004,統一7-ELEVEn獅,A_WinsorizedBalanced-v0.1,B_QuadraticTanh-v1,353,Qualified,False,2026-08-11,0.319303486444,1.31020467053,-0.395709130281,4.05178773318,67.3427447257,75.0344961493,61.939510614,95.1924266203,67,75,62,95
900,吳佳榮,2005,統一7-ELEVEn獅,A_WinsorizedBalanced-v0.1,B_QuadraticTanh-v1,169,Regular,False,2026-08-11,-0.791144235399,1.30463191639,-0.934663808211,2.32812026884,58.5036710141,74.9901259173,57.181475845,83.1152152503,59,75,57,83
900,吳佳榮,2006,統一7-ELEVEn獅,A_WinsorizedBalanced-v0.1,B_QuadraticTanh-v1,93,Provisional,False,2026-08-11,-0.157853317347,0.634371741241,-0.643311066424,1.64359536681,63.8290085929,69.7310215478,59.8269421646,77.6956240584,64,70,60,78
900,吳佳榮,2007,統一7-ELEVEn獅,A_WinsorizedBalanced-v0.1,B_QuadraticTanh-v1,72,Provisional,False,2026-08-11,-0.00321164019171,2.25124008791,-0.619993022633,1.33608629561,64.9768617535,82.5148537629,60.0316828187,75.2406425679,65,83,60,75
901,周森毅,1999,統一7-ELEVEn獅,A_WinsorizedBalanced-v0.1,B_QuadraticTanh-v1,89,Provisional,False,2026-08-11,-0.250697403892,2.06284668266,-0.214086718972,0.130944396434,63.1088335426,81.0322184987,63.3955345858,65.9503742137,63,81,63,66
901,周森毅,2000,統一7-ELEVEn獅,A_WinsorizedBalanced-v0.1,B_QuadraticTanh-v1,59,Provisional,False,2026-08-11,-0.29268783162,0.941596754651,-0.313379539426,0.842616249602,62.7757166778,72.1181916672,62.6099035737,71.3438050684,63,72,63,71
901,周森毅,2003,第一,A_WinsorizedBalanced-v0.1,B_QuadraticTanh-v1,404,Qualified,False,2026-08-11,0.971845934426,-0.958812266401,-0.72645866353,-0.421277437702,72.3557246115,56.9558094343,59.0878720738,61.7279208596,72,57,59,62
901,周森毅,2004,Lamigo,A_WinsorizedBalanced-v0.1,B_QuadraticTanh-v1,225,Regular,False,2026-08-11,0.566338153299,-0.74808714405,-1.32798099098,1.31757445987,69.2096227564,58.8934054673,53.4220089152,75.0931835974,69,59,53,75
901,周森毅,2005,Lamigo,A_WinsorizedBalanced-v0.1,B_QuadraticTanh-v1,62,Provisional,False,2026-08-11,-0.179097444246,-0.90430795263,-0.492323591173,0.111937383237,63.6662383328,57.4639125698,61.1318006482,65.8114996653,64,57,61,66
902,羅尼,1999,興農,A_WinsorizedBalanced-v0.1,B_QuadraticTanh-v1,180,Regular,False,2026-08-11,0.547240808309,-0.380216458886,2.01094225918,0.196124651548,69.0637949534,62.0669461782,80.621357463,66.4289261286,69,62,81,66
903,藍迪,1999,統一7-ELEVEn獅,A_WinsorizedBalanced-v0.1,B_QuadraticTanh-v1,142,Provisional,False,2026-08-11,-0.162673947631,1.49540231326,2.22940457637,0.775878568829,63.7921794387,76.5117363682,82.343801255,70.8243655517,64,77,82,71
904,楊松弦,1999,中信,A_WinsorizedBalanced-v0.1,B_QuadraticTanh-v1,89,Provisional,False,2026-08-11,0.0155301993606,0.0105418805172,-0.274092408592,0.195337489859,65.1119257388,65.0759514767,62.9237978001,66.4231257304,65,65,63,66
904,楊松弦,2000,中信,A_WinsorizedBalanced-v0.1,B_QuadraticTanh-v1,225,Regular,False,2026-08-11,0.901225571029,-0.671844869291,1.71082915233,2.59836890165,71.8017962561,59.5748766606,78.2325861845,85.198071311,72,60,78,85
904,楊松弦,2001,中信,A_WinsorizedBalanced-v0.1,B_QuadraticTanh-v1,365,Qualified,False,2026-08-11,2.63258819065,-1.52844042989,0.371757896662,3.6300786712,85.4582829626,51.4668903411,67.7354717527,92.5533513754,85,51,68,93
904,楊松弦,2002,中信,A_WinsorizedBalanced-v0.1,B_QuadraticTanh-v1,350,Qualified,False,2026-08-11,2.11999571866,-1.62422182346,0.258758282231,1.68360682938,81.4835056086,50.532614695,66.8920735979,78.0152117376,81,51,67,78
904,楊松弦,2003,中信,A_WinsorizedBalanced-v0.1,B_QuadraticTanh-v1,231,Regular,False,2026-08-11,1.9814032912,0.0284550510735,0.744770442224,3.61102144079,80.3871557227,65.2052393051,70.583040887,92.4284261984,80,65,71,92
904,楊松弦,2006,統一7-ELEVEn獅,A_WinsorizedBalanced-v0.1,B_QuadraticTanh-v1,283,Regular,False,2026-08-11,1.21180297896,-1.52114930013,-0.28019809425,0.86252330811,74.252016116,51.5380785789,62.8752742121,71.4991809317,74,52,63,71
904,楊松弦,2007,統一7-ELEVEn獅,A_WinsorizedBalanced-v0.1,B_QuadraticTanh-v1,241,Regular,False,2026-08-11,1.23525123891,-1.17119949212,-0.132062363307,2.24166149972,74.4382693412,54.9387221108,64.0249866638,82.4398461943,74,55,64,82
904,楊松弦,2008,統一7-ELEVEn獅,A_WinsorizedBalanced-v0.1,B_QuadraticTanh-v1,247,Regular,False,2026-08-11,1.25431506872,-0.336259046924,-0.801810724906,1.96608839024,74.5897959178,62.4252961405,58.4066018923,80.2656302789,75,62,58,80
904,楊松弦,2009,統一7-ELEVEn獅,A_WinsorizedBalanced-v0.1,B_QuadraticTanh-v1,301,Regular,False,2026-08-11,0.802780157791,-0.0492233763933,-0.922959696637,2.21296639507,71.0334733294,64.6422120366,57.2905393634,82.2148814964,71,65,57,82
904,楊松弦,2010,統一7-ELEVEn獅,A_WinsorizedBalanced-v0.1,B_QuadraticTanh-v1,227,Regular,False,2026-08-11,0.737585337926,0.628647590334,-0.578789422234,1.65790694061,70.5273766799,69.6870412374,60.3906487174,77.8099463167,71,70,60,78
904,楊松弦,2011,統一7-ELEVEn獅,A_WinsorizedBalanced-v0.1,B_QuadraticTanh-v1,334,Regular,False,2026-08-11,1.41717431342,-0.0804353738315,-0.139788144979,4.4104936018,75.8872158405,64.4118628864,63.966468907,97.2378627703,76,64,64,97
904,楊松弦,2012,統一7-ELEVEn獅,A_WinsorizedBalanced-v0.1,B_QuadraticTanh-v1,268,Regular,False,2026-08-11,0.526215226656,-0.447092075235,-0.216550248172,3.14004644438,68.9035203877,61.5126985767,63.376352815,89.1994373607,69,62,63,89
904,楊松弦,2013,統一7-ELEVEn獅,A_WinsorizedBalanced-v0.1,B_QuadraticTanh-v1,89,Provisional,False,2026-08-11,0.631035964674,0.0362175712583,-0.129032264276,0.801541758907,69.7053893692,65.261353845,64.0478936009,71.0238388811,70,65,64,71
905,百吉,1999,三商,A_WinsorizedBalanced-v0.1,B_QuadraticTanh-v1,135,Provisional,False,2026-08-11,0.0701250775434,-0.241061536154,0.309065707134,0.680834458759,65.5070919794,63.1846325746,67.2663387508,70.088739895,66,63,67,70
906,蔡青峰,1999,統一7-ELEVEn獅,A_WinsorizedBalanced-v0.1,B_QuadraticTanh-v1,61,Provisional,False,2026-08-11,-1.16490143381,-0.603908462444,0.166120002189,0.218966912812,54.9992495351,60.1722439447,66.2081917154,66.5974661529,55,60,66,67
907,山姆,1999,統一7-ELEVEn獅,A_WinsorizedBalanced-v0.1,B_QuadraticTanh-v1,132,Provisional,False,2026-08-11,0.392638778656,1.8894665542,2.43908385262,1.84951638636,67.8923805596,79.6567049423,83.9760112803,79.3386803302,68,80,84,79
908,柯建鋒,2000,統一7-ELEVEn獅,A_WinsorizedBalanced-v0.1,B_QuadraticTanh-v1,84,Provisional,False,2026-08-11,-0.778715618089,0.576495593892,0.665071990277,0.644981596031,58.6165182833,69.2872816095,69.967239559,69.8125930046,59,69,70,70
908,柯建鋒,2001,統一7-ELEVEn獅,A_WinsorizedBalanced-v0.1,B_QuadraticTanh-v1,126,Provisional,False,2026-08-11,-0.665431448402,0.503432484375,0.680938114722,0.815375192399,59.6316770688,68.7301847347,70.0895393803,71.1315045038,60,69,70,71
908,柯建鋒,2002,統一7-ELEVEn獅,A_WinsorizedBalanced-v0.1,B_QuadraticTanh-v1,154,Regular,False,2026-08-11,-0.472402144205,0.175222114356,0.985860535878,1.01188619245,61.3001498615,66.2750740741,72.4659045898,72.6707234254,61,66,72,73
908,柯建鋒,2003,統一7-ELEVEn獅,A_WinsorizedBalanced-v0.1,B_QuadraticTanh-v1,185,Regular,False,2026-08-11,-1.20222894391,0.269837354671,1.57777492231,0.689145364638,54.639997272,66.9743261707,77.1697684223,70.1528607813,55,67,77,70
908,柯建鋒,2004,統一7-ELEVEn獅,A_WinsorizedBalanced-v0.1,B_QuadraticTanh-v1,136,Provisional,False,2026-08-11,-1.69685071225,3.51462054577,0.922157677602,1.52211254653,49.8263652882,91.7893525809,71.9657538284,76.7250813856,50,92,72,77
908,柯建鋒,2005,誠泰,A_WinsorizedBalanced-v0.1,B_QuadraticTanh-v1,219,Regular,False,2026-08-11,-1.47940506166,0.083220247752,-0.164154177764,0.607917803746,51.9456961277,65.6022663443,63.7808581141,69.527937395,52,66,64,70
909,麥海奇,1999,興農,A_WinsorizedBalanced-v0.1,B_QuadraticTanh-v1,107,Provisional,False,2026-08-11,0.230898958168,0.418151526016,1.66591793955,-0.291254682345,66.6856748306,68.0845293223,77.8739345081,62.7871608123,67,68,78,63
910,堡吉,1999,三商,A_WinsorizedBalanced-v0.1,B_QuadraticTanh-v1,79,Provisional,False,2026-08-11,0.0689975779384,1.01272900456,0.507173845574,-0.412780742434,65.4989044181,72.6773607317,68.758625713,61.7984103951,65,73,69,62
911,巴威特,1999,味全龍,A_WinsorizedBalanced-v0.1,B_QuadraticTanh-v1,90,Provisional,False,2026-08-11,0.826200116091,1.26862117272,0.95589007151,-0.223406028358,71.2158229269,74.703561894,72.2303821328,63.3228876105,71,75,72,63
913,郭一峰,2000,兄弟,A_WinsorizedBalanced-v0.1,B_QuadraticTanh-v1,105,Provisional,False,2026-08-11,-2.38656909179,0.129247489557,0.267213117254,0.00097882070505,43.4346472004,65.9379632656,66.954834676,65.0070479402,43,66,67,65
913,郭一峰,2001,兄弟,A_WinsorizedBalanced-v0.1,B_QuadraticTanh-v1,229,Regular,False,2026-08-11,-2.86655642929,0.765921615856,-0.290950115654,0.451501201593,39.6204877797,70.7470665553,62.7895921936,68.3364088861,40,71,63,68
913,郭一峰,2002,兄弟,A_WinsorizedBalanced-v0.1,B_QuadraticTanh-v1,112,Provisional,False,2026-08-11,-3.46914844958,-0.100453938309,-0.650366751414,-0.400379693911,35.8751193482,64.2627133386,59.7647680201,61.900977782,36,64,60,62
913,郭一峰,2003,兄弟,A_WinsorizedBalanced-v0.1,B_QuadraticTanh-v1,112,Provisional,False,2026-08-11,-2.17479190823,-0.0150868231835,0.899681157582,0.521415566013,45.3103056445,64.8910565678,71.7897070166,68.8669745835,45,65,72,69
913,郭一峰,2004,兄弟,A_WinsorizedBalanced-v0.1,B_QuadraticTanh-v1,93,Provisional,False,2026-08-11,-2.05722589652,0.147246979263,-0.2674472402,-0.33092559258,46.3911101882,66.0697334327,62.9764996777,62.4684479171,46,66,63,62
913,郭一峰,2005,兄弟,A_WinsorizedBalanced-v0.1,B_QuadraticTanh-v1,189,Regular,False,2026-08-11,-3.434312329,-0.255810659311,-0.253150359478,-0.225470540717,36.0583453169,63.0685128443,63.0894991762,63.3067631929,36,63,63,63
913,郭一峰,2006,兄弟,A_WinsorizedBalanced-v0.1,B_QuadraticTanh-v1,78,Provisional,False,2026-08-11,-2.1591412573,-0.676513893587,-0.0504828338515,-0.0411793541346,45.4527095044,59.5334732024,64.632969128,64.701141879,45,60,65,65
913,郭一峰,2007,兄弟,A_WinsorizedBalanced-v0.1,B_QuadraticTanh-v1,91,Provisional,False,2026-08-11,-2.63473466871,-0.561485465694,-0.464162554067,-0.164906528293,41.3787348983,60.5403058142,61.3695095208,63.7751016197,41,61,61,64
913,郭一峰,2008,兄弟,A_WinsorizedBalanced-v0.1,B_QuadraticTanh-v1,232,Regular,False,2026-08-11,-1.10173769029,0.664669338792,0.469126035639,-0.160818394122,55.6041355445,69.9641377639,68.4698417352,63.8063630711,56,70,68,64
913,郭一峰,2009,兄弟,A_WinsorizedBalanced-v0.1,B_QuadraticTanh-v1,232,Regular,False,2026-08-11,-1.61844993557,1.10805589986,-0.288755045226,-0.410901508594,50.5888424379,73.4297718603,62.8071086046,61.8139772156,51,73,63,62
914,羅克,1999,統一7-ELEVEn獅,A_WinsorizedBalanced-v0.1,B_QuadraticTanh-v1,67,Provisional,False,2026-08-11,1.27031800776,-0.123085297488,0.628230308577,0.000904636514258,74.7170586378,64.0927791338,69.6838359263,65.0065137511,75,64,70,65
915,布魯諾,1999,味全龍,A_WinsorizedBalanced-v0.1,B_QuadraticTanh-v1,77,Provisional,False,2026-08-11,0.509833712189,0.514536071324,-0.386015165477,0.416215064274,68.7788511854,68.8146193534,62.0193174644,68.0699283225,69,69,62,68
916,蘇煒智,2000,統一7-ELEVEn獅,A_WinsorizedBalanced-v0.1,B_QuadraticTanh-v1,124,Provisional,False,2026-08-11,-0.79262033198,0.0249733369608,-0.204737074648,0.50038386101,58.4902500979,65.1800877151,63.4681880559,68.707016824,58,65,63,69
916,蘇煒智,2001,統一7-ELEVEn獅,A_WinsorizedBalanced-v0.1,B_QuadraticTanh-v1,82,Provisional,False,2026-08-11,-2.67929315915,-0.316762105229,-0.729018135949,-0.0493767418995,41.0279866058,62.5826939513,59.0649057707,64.6410867523,41,63,59,65
916,蘇煒智,2003,統一7-ELEVEn獅,A_WinsorizedBalanced-v0.1,B_QuadraticTanh-v1,94,Provisional,False,2026-08-11,-2.15331757685,-0.671602422918,1.82908340953,0.318644464268,45.5058196166,59.5770253987,79.1759020381,67.3378239214,46,60,79,67
917,陳威志,2000,中信,A_WinsorizedBalanced-v0.1,B_QuadraticTanh-v1,177,Regular,False,2026-08-11,-1.27854323399,0.0466425451526,-0.298685519099,-1.04979485096,53.9020690583,65.3367990233,62.7277663891,56.0983283403,54,65,63,56
917,陳威志,2001,中信,A_WinsorizedBalanced-v0.1,B_QuadraticTanh-v1,115,Provisional,False,2026-08-11,-0.483383408681,-0.408454228656,-0.0749376549147,-0.157495732887,61.2074649192,61.8342367049,64.4526316036,63.831738019,61,62,64,64
917,陳威志,2002,中信,A_WinsorizedBalanced-v0.1,B_QuadraticTanh-v1,67,Provisional,False,2026-08-11,-0.31731029225,0.719806976593,1.17397661133,0.162443123208,62.5782815656,70.3897680956,73.9518608043,66.1811935911,63,70,74,66
917,陳威志,2003,中信,A_WinsorizedBalanced-v0.1,B_QuadraticTanh-v1,131,Provisional,False,2026-08-11,-0.442719827244,-0.508355372858,-0.585878923804,-0.418216096618,61.5492626681,60.9956563327,60.3291449655,61.7533381277,62,61,60,62
917,陳威志,2004,興農,A_WinsorizedBalanced-v0.1,B_QuadraticTanh-v1,162,Regular,False,2026-08-11,-0.699940746661,0.821247997673,-0.773625156021,-0.930315436478,59.3250728146,71.177242105,58.6626568521,57.2220197286,59,71,59,57
919,馬丁,1999,三商,A_WinsorizedBalanced-v0.1,B_QuadraticTanh-v1,54,Provisional,False,2026-08-11,0.715950430012,-0.79243299949,-0.0693372474335,0.114650891959,70.3599409604,58.4919535727,64.4940763444,65.8313070082,70,58,64,66
922,馮勝賢,2000,兄弟,A_WinsorizedBalanced-v0.1,B_QuadraticTanh-v1,389,Qualified,False,2026-08-11,1.30591653806,-0.0492006016689,0.262369727103,1.03643839977,75.0003535261,64.6423791353,66.9188747706,72.8641886962,75,65,67,73
922,馮勝賢,2001,兄弟,A_WinsorizedBalanced-v0.1,B_QuadraticTanh-v1,379,Qualified,False,2026-08-11,0.0939477136698,-0.0753669578742,-0.825995593915,3.97356379014,65.6803434723,64.4494510682,58.185766408,94.7215423602,66,64,58,95
922,馮勝賢,2002,兄弟,A_WinsorizedBalanced-v0.1,B_QuadraticTanh-v1,412,Qualified,False,2026-08-11,0.268205842084,-0.807044425549,-0.590053208263,1.60860135167,66.9622074882,58.35889924,60.2928807504,77.4160573501,67,58,60,77
922,馮勝賢,2003,兄弟,A_WinsorizedBalanced-v0.1,B_QuadraticTanh-v1,448,Qualified,False,2026-08-11,0.655564388595,0.230766933693,-0.967992264446,0.742967178374,69.8940242729,66.6846981979,56.869801192,70.5690680234,70,67,57,71
922,馮勝賢,2004,兄弟,A_WinsorizedBalanced-v0.1,B_QuadraticTanh-v1,436,Qualified,False,2026-08-11,-0.318393456525,-1.12086807339,-0.217483171053,0.366544096958,62.5695608859,55.4213646269,63.3690846281,67.6963432344,63,55,63,68
922,馮勝賢,2005,兄弟,A_WinsorizedBalanced-v0.1,B_QuadraticTanh-v1,331,Qualified,False,2026-08-11,0.308717453462,-0.949096694275,-0.617287828745,1.21418364377,67.263741107,57.046703611,60.0553615508,74.2709197253,67,57,60,74
922,馮勝賢,2006,兄弟,A_WinsorizedBalanced-v0.1,B_QuadraticTanh-v1,344,Qualified,False,2026-08-11,0.701421987253,0.174003157862,-0.428533043111,0.537894878209,70.2476515797,66.2661131763,61.6675901524,68.9925163105,70,66,62,69
922,馮勝賢,2007,兄弟,A_WinsorizedBalanced-v0.1,B_QuadraticTanh-v1,169,Regular,False,2026-08-11,0.15980123184,-0.0966985236181,-0.656945815259,-0.546888082165,66.1618020242,64.290776879,59.706701536,60.6660418292,66,64,60,61
925,黃貴裕,2000,中信,A_WinsorizedBalanced-v0.1,B_QuadraticTanh-v1,219,Regular,False,2026-08-11,-0.33360424977,0.504805018887,1.39514012646,0.5677744326,62.4467844332,68.7406173272,75.7114276665,69.2205998092,62,69,76,69
925,黃貴裕,2001,中信,A_WinsorizedBalanced-v0.1,B_QuadraticTanh-v1,357,Qualified,False,2026-08-11,-0.966248750251,0.759272957996,2.73352954708,-0.416633144494,56.8861455673,70.6954805599,86.2206209544,61.76647199,57,71,86,62
925,黃貴裕,2002,中信,A_WinsorizedBalanced-v0.1,B_QuadraticTanh-v1,227,Regular,False,2026-08-11,-0.591259049942,1.44380970156,1.83863308292,-0.0535834329892,60.282397961,76.0997894387,79.2519885742,64.6101957426,60,76,79,65
925,黃貴裕,2003,中信,A_WinsorizedBalanced-v0.1,B_QuadraticTanh-v1,265,Regular,False,2026-08-11,0.304058612516,-0.200114478521,0.772254033385,-0.389269353306,67.2289995722,63.504023625,70.796220993,61.9925525303,67,64,71,62
925,黃貴裕,2004,中信,A_WinsorizedBalanced-v0.1,B_QuadraticTanh-v1,392,Qualified,False,2026-08-11,-0.69918896354,1.89595407427,1.90623098458,0.0181494545863,59.3317774307,79.7083170655,79.790056574,65.1308239357,59,80,80,65
925,黃貴裕,2005,中信,A_WinsorizedBalanced-v0.1,B_QuadraticTanh-v1,280,Regular,False,2026-08-11,-1.88008481407,0.32184532885,1.42969280616,-0.310335676335,48.0612266623,67.3617273461,75.9871145093,62.6343638669,48,67,76,63
925,黃貴裕,2006,中信,A_WinsorizedBalanced-v0.1,B_QuadraticTanh-v1,260,Regular,False,2026-08-11,-1.27176483888,-0.0209402518431,2.04158581615,0.571429031324,53.9677784618,64.8486172389,80.8640309373,69.2485368232,54,65,81,69
925,黃貴裕,2007,中信,A_WinsorizedBalanced-v0.1,B_QuadraticTanh-v1,94,Provisional,False,2026-08-11,-0.960787414563,0.755408133831,0.159035374663,0.717663591088,56.9373142519,70.6655049286,66.1561817007,70.373189779,57,71,66,70
993,鄭兆行,2000,興農,A_WinsorizedBalanced-v0.1,B_QuadraticTanh-v1,355,Qualified,False,2026-08-11,0.5752627454,-0.00242023817334,-0.0556064304935,0.0597567699758,69.2778523073,64.982566086,64.5953228298,65.4318423788,69,65,65,65
993,鄭兆行,2001,興農,A_WinsorizedBalanced-v0.1,B_QuadraticTanh-v1,334,Qualified,False,2026-08-11,0.614577224858,-0.34111422622,0.204082105982,0.12013276678,69.5790202669,62.3859519495,66.4875912034,65.8713413454,70,62,66,66
993,鄭兆行,2002,興農,A_WinsorizedBalanced-v0.1,B_QuadraticTanh-v1,330,Qualified,False,2026-08-11,1.08679318166,0.308193901697,0.419629043155,0.512315704508,73.261667722,67.2598360811,68.0956716816,68.7977284274,73,67,68,69
993,鄭兆行,2003,興農,A_WinsorizedBalanced-v0.1,B_QuadraticTanh-v1,411,Qualified,False,2026-08-11,1.34992058741,-0.242868207951,1.73320300948,1.65869454266,75.3508815013,63.1704391025,78.4111957274,77.8162374734,75,63,78,78
993,鄭兆行,2004,興農,A_WinsorizedBalanced-v0.1,B_QuadraticTanh-v1,418,Qualified,False,2026-08-11,1.46732078304,-0.84528081844,0.873369377837,4.60224412369,76.2874885937,58.0089457295,71.5839157777,98.2528147269,76,58,72,98
993,鄭兆行,2005,興農,A_WinsorizedBalanced-v0.1,B_QuadraticTanh-v1,219,Regular,False,2026-08-11,-0.155230824166,0.254431818872,0.785086720024,0.886871787902,63.8490179878,66.8599798055,70.8958983234,71.6894812411,64,67,71,72
993,鄭兆行,2006,興農,A_WinsorizedBalanced-v0.1,B_QuadraticTanh-v1,84,Provisional,False,2026-08-11,0.543539960934,-0.126511877236,-0.0442917915065,0.878196487805,69.0355627984,64.0669282697,64.6783616878,71.6216455512,69,64,65,72
993,鄭兆行,2007,興農,A_WinsorizedBalanced-v0.1,B_QuadraticTanh-v1,409,Qualified,False,2026-08-11,0.745507137909,0.696191263002,0.67364689056,-0.551126320228,70.5887497999,70.2072532403,70.03331847,60.6295839957,71,70,70,61
993,鄭兆行,2008,興農,A_WinsorizedBalanced-v0.1,B_QuadraticTanh-v1,262,Regular,False,2026-08-11,0.284456719525,-0.069134141403,-0.523120029073,-0.261293024746,67.0830107522,64.495577769,60.869753343,63.0252061689,67,64,61,63
993,鄭兆行,2009,興農,A_WinsorizedBalanced-v0.1,B_QuadraticTanh-v1,422,Qualified,False,2026-08-11,1.41239780516,-0.77309976119,-0.383104046417,0.792901081555,75.8491037732,58.6674161927,62.0432387674,70.9566386071,76,59,62,71
993,鄭兆行,2010,興農,A_WinsorizedBalanced-v0.1,B_QuadraticTanh-v1,407,Qualified,False,2026-08-11,1.67577328905,-0.0999952215092,-0.416327045613,-0.0693922353444,77.9526494562,64.266143313,61.7690110169,64.4936698366,78,64,62,64
993,鄭兆行,2011,興農,A_WinsorizedBalanced-v0.1,B_QuadraticTanh-v1,213,Regular,False,2026-08-11,0.0118739108269,-0.341886720822,-0.673020419282,0.478583481115,65.0855555003,62.3796865582,59.5644563885,68.5415308948,65,62,60,69
993,鄭兆行,2012,興農,A_WinsorizedBalanced-v0.1,B_QuadraticTanh-v1,267,Regular,False,2026-08-11,0.621256136371,-0.729961806155,-0.480283901814,-0.869940940872,69.6302803349,59.0564349918,61.2336540358,57.781933038,70,59,61,58
993,鄭兆行,2013,義大,A_WinsorizedBalanced-v0.1,B_QuadraticTanh-v1,350,Regular,False,2026-08-11,1.69074077861,-0.540502811396,-0.451575137825,-0.513762057743,78.0721830331,60.7208931632,61.4751607358,60.9496093045,78,61,61,61
993,鄭兆行,2014,義大,A_WinsorizedBalanced-v0.1,B_QuadraticTanh-v1,239,Regular,False,2026-08-11,0.399126701224,-0.782401337246,-1.11883341533,-0.648873343438,67.94119924,58.5830824684,55.4408221378,59.7779363797,68,59,55,60
993,鄭兆行,2015,義大,A_WinsorizedBalanced-v0.1,B_QuadraticTanh-v1,88,Provisional,False,2026-08-11,0.748422781598,0.210930776237,-0.725828797483,0.0377414141037,70.6113470675,66.5381234745,59.0935219727,65.2723758416,71,67,59,65
994,曾華偉,2000,興農,A_WinsorizedBalanced-v0.1,B_QuadraticTanh-v1,148,Provisional,False,2026-08-11,-0.0205161994455,-1.78647247111,-0.44169709008,1.2458604389,64.8516949714,48.9593587458,61.5578090316,74.5225846229,65,49,62,75
994,曾華偉,2001,興農,A_WinsorizedBalanced-v0.1,B_QuadraticTanh-v1,285,Qualified,False,2026-08-11,-0.591638949585,-0.797054317504,-0.106615198948,-0.374817573383,60.2790947154,58.449912098,64.2165879179,62.1112166705,60,58,64,62
994,曾華偉,2002,興農,A_WinsorizedBalanced-v0.1,B_QuadraticTanh-v1,362,Qualified,False,2026-08-11,0.807092191477,0.405502292456,0.365675647235,1.27678892018,71.0670260983,67.9892026492,67.6898276631,74.7685345399,71,68,68,75
994,曾華偉,2003,興農,A_WinsorizedBalanced-v0.1,B_QuadraticTanh-v1,417,Qualified,False,2026-08-11,1.42011785049,0.283287740827,-0.0746184945573,1.12645833356,75.9107038822,67.0743140453,64.4549958076,73.5753825959,76,67,64,74
994,曾華偉,2004,興農,A_WinsorizedBalanced-v0.1,B_QuadraticTanh-v1,249,Regular,False,2026-08-11,0.742556771693,0.834849977007,1.24835409207,1.48621946454,70.565888175,71.2832415532,74.5424065293,76.4383994309,71,71,75,76
994,曾華偉,2005,興農,A_WinsorizedBalanced-v0.1,B_QuadraticTanh-v1,346,Qualified,False,2026-08-11,1.54319924598,-0.34157982405,0.592373431583,-0.339967850346,76.8935329744,62.3821758525,69.4088082923,62.3952469884,77,62,69,62
994,曾華偉,2006,興農,A_WinsorizedBalanced-v0.1,B_QuadraticTanh-v1,341,Qualified,False,2026-08-11,0.0605104668473,-0.761113365968,-0.744138154213,2.64570031077,65.4373092766,58.7758582471,58.9289779177,85.5577582044,65,59,59,86
994,曾華偉,2007,興農,A_WinsorizedBalanced-v0.1,B_QuadraticTanh-v1,299,Regular,False,2026-08-11,0.375243742406,0.0527895597881,-0.567147661213,-0.162650026492,67.7616436072,65.3813297344,60.4914072879,63.7923623478,68,65,60,64
994,曾華偉,2008,興農,A_WinsorizedBalanced-v0.1,B_QuadraticTanh-v1,292,Regular,False,2026-08-11,0.712449703352,-1.17702375542,-0.558532970118,1.18335071655,70.3328730816,54.8827158163,60.5657754618,74.0262084068,70,55,61,74
994,曾華偉,2009,興農,A_WinsorizedBalanced-v0.1,B_QuadraticTanh-v1,109,Provisional,False,2026-08-11,-0.120465607598,-0.734959272108,0.0470078785847,-0.257649258774,64.1125211537,59.0115472689,65.3394446707,63.0539979363,64,59,65,63
995,石金受,2000,中信,A_WinsorizedBalanced-v0.1,B_QuadraticTanh-v1,146,Provisional,False,2026-08-11,-0.670564147396,1.13787125503,-0.000685838841656,0.234184999143,59.5862260169,73.6657423877,64.9950613018,66.7099873944,60,74,65,67
995,石金受,2001,中信,A_WinsorizedBalanced-v0.1,B_QuadraticTanh-v1,122,Provisional,False,2026-08-11,-0.763248129504,0.142291308558,0.0653329090867,-0.527325222884,58.7565642453,66.0334267575,65.472300377,60.8338038765,59,66,65,61
995,石金受,2002,中信,A_WinsorizedBalanced-v0.1,B_QuadraticTanh-v1,146,Provisional,False,2026-08-11,-0.494752082863,1.30731467927,0.464755656758,-0.694701146816,61.111215485,75.0114852982,68.4367344943,59.3717778612,61,75,68,59
995,石金受,2003,中信,A_WinsorizedBalanced-v0.1,B_QuadraticTanh-v1,337,Qualified,False,2026-08-11,0.839456572015,0.548780338175,0.579015445971,-0.615717638931,71.3191614346,69.0755420093,69.3065574465,60.0690984291,71,69,69,60
995,石金受,2004,中信,A_WinsorizedBalanced-v0.1,B_QuadraticTanh-v1,259,Regular,False,2026-08-11,0.414677955093,-0.0717285749227,-0.276405444503,-0.783968113977,68.0583403863,64.476390345,62.9054267431,58.5688616414,68,64,63,59
995,石金受,2005,中信,A_WinsorizedBalanced-v0.1,B_QuadraticTanh-v1,253,Regular,False,2026-08-11,0.00875429828085,0.320916679176,-0.24859117781,0.0604757264361,65.0630653933,67.3547915638,63.1254224821,65.437057278,65,67,63,65
995,石金受,2006,中信,A_WinsorizedBalanced-v0.1,B_QuadraticTanh-v1,159,Regular,False,2026-08-11,0.0981076464512,0.143828932143,-0.675338753081,-0.519213083716,65.7106472686,66.0446896146,59.5438981202,60.9031172958,66,66,60,61
995,石金受,2007,中信,A_WinsorizedBalanced-v0.1,B_QuadraticTanh-v1,96,Provisional,False,2026-08-11,0.0827981690318,0.709803996635,-0.781048010187,-0.239138150585,65.5991963919,70.3124208981,58.5953623402,63.1997336072,66,70,59,63
996,李志傑,2000,兄弟,A_WinsorizedBalanced-v0.1,B_QuadraticTanh-v1,164,Regular,False,2026-08-11,0.646309243608,-0.746532708974,1.0135665268,0.443433462198,69.8228051308,58.9074113036,72.6839566534,68.2754031645,70,59,73,68
996,李志傑,2001,兄弟,A_WinsorizedBalanced-v0.1,B_QuadraticTanh-v1,268,Regular,False,2026-08-11,-0.0530791741834,1.50060244134,-0.549316268395,0.496087624334,64.6139012505,76.5532685938,60.6451591633,68.6743784667,65,77,61,69
996,李志傑,2002,兄弟,A_WinsorizedBalanced-v0.1,B_QuadraticTanh-v1,178,Regular,False,2026-08-11,0.35617782815,0.53118314912,0.480303725069,0.0192878225607,67.6186068044,68.9413635836,68.5545773228,65.139039289,68,69,69,65
996,李志傑,2003,兄弟,A_WinsorizedBalanced-v0.1,B_QuadraticTanh-v1,197,Regular,False,2026-08-11,-0.118709568815,2.99882761546,0.738020792717,0.729466504208,64.1257442531,88.1826428837,70.5307494092,70.4645131378,64,88,71,70
996,李志傑,2004,兄弟,A_WinsorizedBalanced-v0.1,B_QuadraticTanh-v1,235,Regular,False,2026-08-11,0.134005201122,-0.404162195658,0.851957630286,0.196782479311,65.9727667094,61.8697327288,71.4166910886,66.4337738882,66,62,71,66
996,李志傑,2005,兄弟,A_WinsorizedBalanced-v0.1,B_QuadraticTanh-v1,314,Qualified,False,2026-08-11,-0.209345541152,0.51473819711,-0.265791033425,-0.63889692328,63.432405788,68.8161571435,62.9896170741,59.8657868989,63,69,63,60
996,李志傑,2006,兄弟,A_WinsorizedBalanced-v0.1,B_QuadraticTanh-v1,89,Provisional,False,2026-08-11,-1.07750477667,1.37609920749,0.743692100243,-0.177879303939,55.8350796092,75.5595724124,70.5746849754,63.6756042047,56,76,71,64
996,李志傑,2007,兄弟,A_WinsorizedBalanced-v0.1,B_QuadraticTanh-v1,62,Provisional,False,2026-08-11,-0.366937819283,0.329896647234,-0.231888055229,-0.0674784757132,62.1757012537,67.4218877133,63.2565692265,64.5078127401,62,67,63,65
997,王金勇,2000,兄弟,A_WinsorizedBalanced-v0.1,B_QuadraticTanh-v1,150,Regular,False,2026-08-11,0.811458637082,-0.576126663565,0.451020595695,-0.237449186258,71.1010119956,60.4137207988,68.3327734059,63.2129861687,71,60,68,63
997,王金勇,2001,兄弟,A_WinsorizedBalanced-v0.1,B_QuadraticTanh-v1,357,Qualified,False,2026-08-11,0.994765313446,-0.0981324853046,0.51174499925,-0.329540107696,72.5359537224,64.2800656893,68.7933874568,62.4796458694,73,64,69,62
997,王金勇,2002,兄弟,A_WinsorizedBalanced-v0.1,B_QuadraticTanh-v1,245,Regular,False,2026-08-11,1.10060148996,-0.562521976685,0.394265854947,0.453389349046,73.3708196836,60.5313598145,67.9046206748,68.3506931066,73,61,68,68
997,王金勇,2003,兄弟,A_WinsorizedBalanced-v0.1,B_QuadraticTanh-v1,147,Provisional,False,2026-08-11,0.444969169263,-0.136623466732,0.81149402753,-0.455777166963,68.2870121506,63.9904587912,71.1012874944,61.4399329309,68,64,71,61
997,王金勇,2004,兄弟,A_WinsorizedBalanced-v0.1,B_QuadraticTanh-v1,248,Regular,False,2026-08-11,0.73704425799,0.0270610632144,0.640045361059,-0.187145047557,70.5231859981,65.1951679669,69.7746333692,63.6042636536,71,65,70,64
997,王金勇,2005,兄弟,A_WinsorizedBalanced-v0.1,B_QuadraticTanh-v1,239,Regular,False,2026-08-11,-0.537806007397,-0.424536447665,0.740586587248,-0.626210360254,60.7440321388,61.7008376596,70.5506243956,59.9772036311,61,62,71,60
997,王金勇,2006,兄弟,A_WinsorizedBalanced-v0.1,B_QuadraticTanh-v1,329,Qualified,False,2026-08-11,0.173836160027,-0.519781860862,0.239124862294,-0.66325292031,66.2648856237,60.8982622876,66.7465525317,59.6509521987,66,61,67,60
997,王金勇,2007,兄弟,A_WinsorizedBalanced-v0.1,B_QuadraticTanh-v1,242,Regular,False,2026-08-11,0.695988736249,0.060824695991,-0.0795965062531,-0.477403572571,70.2056893868,65.4395886672,64.4180889368,61.2579712112,70,65,64,61
997,王金勇,2008,兄弟,A_WinsorizedBalanced-v0.1,B_QuadraticTanh-v1,138,Provisional,False,2026-08-11,0.653294685133,0.897665421854,0.179750717377,-0.12340181583,69.8765539392,71.7739300448,66.3083759407,64.0903925857,70,72,66,64
997,王金勇,2009,兄弟,A_WinsorizedBalanced-v0.1,B_QuadraticTanh-v1,344,Regular,False,2026-08-11,0.599769544695,-0.0746262106008,-0.335715357735,-0.693149967961,69.4654717264,64.4549386537,62.4296982753,59.3855944373,69,64,62,59
998,張家浩,2000,興農,A_WinsorizedBalanced-v0.1,B_QuadraticTanh-v1,91,Provisional,False,2026-08-11,-0.958547360929,-0.386112809634,-0.138282454881,0.236678301807,56.9582895692,62.0185147411,63.9778861845,66.7284405019,57,62,64,67
998,張家浩,2001,興農,A_WinsorizedBalanced-v0.1,B_QuadraticTanh-v1,301,Qualified,False,2026-08-11,-0.508422885511,-0.424513330097,-0.824171820328,-0.232837776723,60.9950817599,61.7010298622,58.2024550851,63.2491319067,61,62,58,63
998,張家浩,2002,興農,A_WinsorizedBalanced-v0.1,B_QuadraticTanh-v1,395,Qualified,False,2026-08-11,0.0624529416588,0.784831491688,0.221655247444,1.60679378486,65.4514012049,70.8939149989,66.6173298281,77.4016159345,65,71,67,77
998,張家浩,2003,興農,A_WinsorizedBalanced-v0.1,B_QuadraticTanh-v1,353,Qualified,False,2026-08-11,0.12910139465,-0.0227841553402,-0.667754788178,2.099050785,65.9368948616,64.835228534,59.6111100558,81.3182510235,66,65,60,81
998,張家浩,2004,興農,A_WinsorizedBalanced-v0.1,B_QuadraticTanh-v1,361,Qualified,False,2026-08-11,0.0801232627469,0.0915788508134,-0.684983290674,1.59320844736,65.5797442956,65.6630937352,59.4582574256,77.2930757122,66,66,59,77
998,張家浩,2005,興農,A_WinsorizedBalanced-v0.1,B_QuadraticTanh-v1,428,Qualified,False,2026-08-11,0.212383837905,-0.827592058752,-0.347125189829,1.6357714211,66.5488496806,58.1711530386,62.337160102,77.6331219253,67,58,62,78
998,張家浩,2006,興農,A_WinsorizedBalanced-v0.1,B_QuadraticTanh-v1,292,Regular,False,2026-08-11,-0.00748075361856,-0.19500057326,-0.453416205655,1.02025765322,64.9460602703,63.5436020213,61.4597312333,72.7366625056,65,64,61,73
998,張家浩,2008,興農,A_WinsorizedBalanced-v0.1,B_QuadraticTanh-v1,169,Regular,False,2026-08-11,-1.13659123879,0.218129588743,-0.868918038886,1.31724542726,55.2708592947,66.5912804983,57.79136949,75.0905632087,55,67,58,75
998,張家浩,2010,Lamigo,A_WinsorizedBalanced-v0.1,B_QuadraticTanh-v1,221,Regular,False,2026-08-11,-0.798594941981,-0.42377298063,-0.15520590103,-0.600230670972,58.4358881114,61.7071845519,63.8492080605,60.2043063834,58,62,64,60
998,張家浩,2011,Lamigo,A_WinsorizedBalanced-v0.1,B_QuadraticTanh-v1,99,Provisional,False,2026-08-11,-0.561291087703,1.93732355589,-0.41230396259,0.238474465483,60.5419832033,80.0372046214,61.802360656,66.7417371364,61,80,62,67
999,許閔嵐,2000,兄弟,A_WinsorizedBalanced-v0.1,B_QuadraticTanh-v1,136,Provisional,False,2026-08-11,0.0519309370719,1.13013795071,0.557139591061,-0.767286894798,65.3751076285,73.6045108566,69.1393526184,58.7200388132,65,74,69,59
999,許閔嵐,2001,兄弟,A_WinsorizedBalanced-v0.1,B_QuadraticTanh-v1,82,Provisional,False,2026-08-11,-0.228736908572,-0.0483989784752,-0.484389967889,-0.280750953355,63.2812291037,64.6482597517,61.1989552561,62.8708757537,63,65,61,63
999,許閔嵐,2002,兄弟,A_WinsorizedBalanced-v0.1,B_QuadraticTanh-v1,56,Provisional,False,2026-08-11,-0.190003461586,0.756630336448,0.210398727394,0.576995543493,63.5822094941,70.6749834729,66.534196429,69.2911056955,64,71,67,69
999,許閔嵐,2003,兄弟,A_WinsorizedBalanced-v0.1,B_QuadraticTanh-v1,72,Provisional,False,2026-08-11,-0.00603430993484,-0.0152002096619,-0.124739390638,-0.0991421391662,64.9565020128,64.8902353854,64.0803042711,64.2725205582,65,65,64,64
999,許閔嵐,2004,兄弟,A_WinsorizedBalanced-v0.1,B_QuadraticTanh-v1,85,Provisional,False,2026-08-11,-0.375319922783,-0.209399505138,0.672089001128,-0.293668290978,62.107100465,63.4319864544,70.0213100087,62.7678843859,62,63,70,63
999,許閔嵐,2005,兄弟,A_WinsorizedBalanced-v0.1,B_QuadraticTanh-v1,164,Regular,False,2026-08-11,-0.246654551388,0.0582605831896,-0.48895603906,-0.674109185136,63.1406654455,65.4209913492,61.1603232615,59.5548028984,63,65,61,60
999,許閔嵐,2006,兄弟,A_WinsorizedBalanced-v0.1,B_QuadraticTanh-v1,107,Provisional,False,2026-08-11,-1.04323986462,1.49089264759,-0.431457633971,-0.366814210844,56.1604665368,76.4757201286,61.6432363695,62.1767115919,56,76,62,62
1000,高健龍,2001,興農,A_WinsorizedBalanced-v0.1,B_QuadraticTanh-v1,143,Provisional,False,2026-08-11,-1.205425574,-1.20980077154,-0.252186009053,-0.273798690939,54.6091760245,54.5669776546,63.0971021182,62.9261296375,55,55,63,63
1000,高健龍,2002,興農,A_WinsorizedBalanced-v0.1,B_QuadraticTanh-v1,183,Regular,False,2026-08-11,-1.15116555647,-0.275766718596,-0.689533974677,0.284078128645,55.1311291565,62.9105011364,59.4177840909,67.0801940789,55,63,59,67
1000,高健龍,2003,興農,A_WinsorizedBalanced-v0.1,B_QuadraticTanh-v1,255,Regular,False,2026-08-11,-1.51222806901,-1.19604860552,1.89573502936,0.0809758791871,51.6251877892,54.699562642,79.7065745851,65.5859439039,52,55,80,66
1000,高健龍,2004,興農,A_WinsorizedBalanced-v0.1,B_QuadraticTanh-v1,141,Provisional,False,2026-08-11,-1.67360024658,0.0132689394103,-0.144826214875,0.114438941275,50.0521657357,65.095615449,63.9282219656,65.8297596405,50,65,64,66
1002,周正雄,2001,中信,A_WinsorizedBalanced-v0.1,B_QuadraticTanh-v1,141,Provisional,False,2026-08-11,-1.75603231255,-0.782360397354,-0.0346883540626,0.326631735131,49.2531645016,58.5834539991,64.7485635816,67.3974859405,49,59,65,67
1002,周正雄,2002,中信,A_WinsorizedBalanced-v0.1,B_QuadraticTanh-v1,83,Provisional,False,2026-08-11,-0.607601844092,-1.57380491488,-0.0973000850674,0.105430552473,60.1400165241,51.0241247266,64.2862841109,65.7640285711,60,51,64,66
1003,施昭同,2001,興農,A_WinsorizedBalanced-v0.1,B_QuadraticTanh-v1,52,Provisional,False,2026-08-11,0.202951593111,0.0640494180914,-0.120079425507,0.613302534878,66.4792535105,65.4629855204,64.1154298514,69.569240278,66,65,64,70
1003,施昭同,2002,興農,A_WinsorizedBalanced-v0.1,B_QuadraticTanh-v1,70,Provisional,False,2026-08-11,-1.03507756326,-0.226126935445,-0.42943907757,0.237370207652,56.2377669287,63.301634223,61.6600475698,66.7335622328,56,63,62,67
1003,施昭同,2003,興農,A_WinsorizedBalanced-v0.1,B_QuadraticTanh-v1,112,Provisional,False,2026-08-11,-0.23798849132,-0.45621610921,-0.766816384537,0.726556655496,63.2087552884,61.4362506455,58.724295522,70.4419913358,63,61,59,70
1003,施昭同,2004,興農,A_WinsorizedBalanced-v0.1,B_QuadraticTanh-v1,141,Provisional,False,2026-08-11,0.00925885481922,-0.973744212478,0.0151148006538,0.625248479678,65.0667022827,56.8158497615,65.1089291577,69.6609344004,65,57,65,70
1004,高政華,2001,統一7-ELEVEn獅,A_WinsorizedBalanced-v0.1,B_QuadraticTanh-v1,56,Provisional,False,2026-08-11,-0.622232073517,-0.0369333052534,-0.601955006146,0.578028170527,60.012072591,64.7321757332,60.1892774878,69.2990047084,60,65,60,69
1004,高政華,2002,統一7-ELEVEn獅,A_WinsorizedBalanced-v0.1,B_QuadraticTanh-v1,100,Provisional,False,2026-08-11,-1.0224928979,0.147067235894,-0.219578379283,-0.0139732807604,56.356784371,66.0684162188,63.3527529964,64.8991193043,56,66,63,65
1004,高政華,2004,統一7-ELEVEn獅,A_WinsorizedBalanced-v0.1,B_QuadraticTanh-v1,231,Regular,False,2026-08-11,-1.38593602316,0.783060972869,-0.765051863568,-0.68571793408,52.8577534988,70.8801576239,58.7402555155,59.4517263736,53,71,59,59
1004,高政華,2005,統一7-ELEVEn獅,A_WinsorizedBalanced-v0.1,B_QuadraticTanh-v1,135,Provisional,False,2026-08-11,-1.73151471612,0.474738578882,-0.120595725934,-0.580055101801,49.4903338666,68.5123783448,64.1115410199,60.3796765357,49,69,64,60
1004,高政華,2006,統一7-ELEVEn獅,A_WinsorizedBalanced-v0.1,B_QuadraticTanh-v1,151,Regular,False,2026-08-11,-1.90456987554,0.761369658111,-0.433428236031,-0.442676970382,47.8278713974,70.7117459828,61.6268151532,61.5496208455,48,71,62,62
1004,高政華,2007,統一7-ELEVEn獅,A_WinsorizedBalanced-v0.1,B_QuadraticTanh-v1,81,Provisional,False,2026-08-11,0.15952951816,1.07640079012,0.301308715518,-0.258392037521,66.1598079685,73.1795608664,67.2085011541,63.0481315494,66,73,67,63
1004,高政華,2008,統一7-ELEVEn獅,A_WinsorizedBalanced-v0.1,B_QuadraticTanh-v1,62,Provisional,False,2026-08-11,-0.169136470836,1.42342386248,0.0470921806606,-0.194769905348,63.7427086422,75.9370855221,65.3400551807,63.5453856109,64,76,65,64
1004,高政華,2010,統一7-ELEVEn獅,A_WinsorizedBalanced-v0.1,B_QuadraticTanh-v1,64,Provisional,False,2026-08-11,-0.570987941562,0.900033025381,-0.15483166221,-0.186063137793,60.4582027003,71.7924612438,63.8520619384,63.612605485,60,72,64,64
1005,陳健偉,2001,中信,A_WinsorizedBalanced-v0.1,B_QuadraticTanh-v1,284,Qualified,False,2026-08-11,0.850659934257,0.749859026624,0.224882421862,-0.509145197618,71.4065632736,70.6224801861,66.6411826495,60.9889338026,71,71,67,61
1005,陳健偉,2002,中信,A_WinsorizedBalanced-v0.1,B_QuadraticTanh-v1,359,Qualified,False,2026-08-11,1.23485510606,2.26877645152,0.0616876337943,-0.967829234321,74.4351216537,82.6520607699,65.4458487876,56.8713296819,74,83,65,57
1005,陳健偉,2003,中信,A_WinsorizedBalanced-v0.1,B_QuadraticTanh-v1,303,Regular,False,2026-08-11,-1.33923313829,2.02018086228,0.0131736711902,-0.699816169155,53.3125677406,80.6945517314,65.0949283873,59.3261839093,53,81,65,59
1005,陳健偉,2004,中信,A_WinsorizedBalanced-v0.1,B_QuadraticTanh-v1,357,Qualified,False,2026-08-11,0.148055506962,2.65133275617,0.372614059151,0.286484809745,66.0756589052,85.600448639,67.7418990147,67.0981014264,66,86,68,67
1005,陳健偉,2005,中信,A_WinsorizedBalanced-v0.1,B_QuadraticTanh-v1,313,Regular,False,2026-08-11,-0.67352480686,0.637662558463,-0.221895424966,0.0320223426425,59.5599845575,69.7563149199,63.3346787534,65.2310202811,60,70,63,65
1005,陳健偉,2006,中信,A_WinsorizedBalanced-v0.1,B_QuadraticTanh-v1,175,Regular,False,2026-08-11,-1.45255987608,1.66626551717,0.722480877385,-0.243809083612,52.2077972333,77.8767107187,70.4104533887,63.1630440782,52,78,70,63
1005,陳健偉,2007,中信,A_WinsorizedBalanced-v0.1,B_QuadraticTanh-v1,226,Regular,False,2026-08-11,-0.187121823215,1.56443282796,0.0983640212593,0.950044233609,63.6044427525,77.0631719035,65.7125153666,72.1844866518,64,77,66,72
1016,鄭昌明,2001,中信,A_WinsorizedBalanced-v0.1,B_QuadraticTanh-v1,390,Qualified,False,2026-08-11,-0.159579466517,0.636773255134,0.50605001647,1.29156896082,63.8158281454,69.7494790424,68.7500816215,74.8861430359,64,70,69,75
1016,鄭昌明,2002,中信,A_WinsorizedBalanced-v0.1,B_QuadraticTanh-v1,302,Qualified,False,2026-08-11,-1.19236970863,-0.597790647954,-0.606616105268,0.819172876102,54.735004073,60.225562162,60.148620652,71.1610789909,55,60,60,71
1016,鄭昌明,2003,中信,A_WinsorizedBalanced-v0.1,B_QuadraticTanh-v1,338,Qualified,False,2026-08-11,-0.661911359307,0.758710467204,-0.737990847278,-0.772413294076,59.662817227,70.6911173695,58.9842941728,58.6736338606,60,71,59,59
1016,鄭昌明,2004,中信,A_WinsorizedBalanced-v0.1,B_QuadraticTanh-v1,386,Qualified,False,2026-08-11,-0.92824503564,-0.582556806812,-6.03063824875e-05,1.12811417775,57.241314023,60.3579790017,64.999565789,73.588489915,57,60,65,74
1016,鄭昌明,2005,中信,A_WinsorizedBalanced-v0.1,B_QuadraticTanh-v1,432,Qualified,False,2026-08-11,0.643186144434,0.396160855998,0.0730095390298,1.92565756312,69.798784276,67.918878772,65.5280431197,79.9445019934,70,68,66,80
1016,鄭昌明,2006,中信,A_WinsorizedBalanced-v0.1,B_QuadraticTanh-v1,333,Qualified,False,2026-08-11,-0.0749451687191,0.421567780665,-0.254720364434,-1.15618034089,64.4525759411,68.1102946169,63.0771160852,55.0830024463,64,68,63,55
1016,鄭昌明,2007,中信,A_WinsorizedBalanced-v0.1,B_QuadraticTanh-v1,264,Regular,False,2026-08-11,-1.54005044619,0.560529667646,0.107168151811,-0.85841231485,51.3535447828,69.1652438715,65.7767018062,57.8881872085,51,69,66,58
1017,彭政閔,2001,兄弟,A_WinsorizedBalanced-v0.1,B_QuadraticTanh-v1,169,Regular,False,2026-08-11,-0.0910075608954,2.16404831709,1.4721549256,0.264992501091,64.3332309145,81.8305121141,76.3260877689,66.9383453318,64,82,76,67
1017,彭政閔,2002,兄弟,A_WinsorizedBalanced-v0.1,B_QuadraticTanh-v1,358,Qualified,False,2026-08-11,-0.913469103196,3.35139879882,3.2418342981,1.45098016323,57.3788239786,90.6809600334,89.9192095592,76.1570288186,57,91,90,76
1017,彭政閔,2003,兄弟,A_WinsorizedBalanced-v0.1,B_QuadraticTanh-v1,443,Qualified,False,2026-08-11,1.2378865105,1.93605017628,3.45797337686,1.88383737634,74.4592102901,80.027087511,91.4083621549,79.6119139178,74,80,91,80
1017,彭政閔,2004,兄弟,A_WinsorizedBalanced-v0.1,B_QuadraticTanh-v1,425,Qualified,False,2026-08-11,2.7495953315,3.56452427765,3.08565881187,2.48530432185,86.3412002194,92.1216592031,88.8102740364,84.3323676764,86,92,89,84
1017,彭政閔,2005,兄弟,A_WinsorizedBalanced-v0.1,B_QuadraticTanh-v1,331,Qualified,False,2026-08-11,1.42588991536,2.98047342459,2.60172731525,1.90447082437,75.9567651989,88.0490098789,85.2236477961,79.7760585033,76,88,85,80
1017,彭政閔,2006,兄弟,A_WinsorizedBalanced-v0.1,B_QuadraticTanh-v1,190,Regular,False,2026-08-11,0.272638111941,2.76837317695,1.91609827727,0.470890084227,66.9951347695,86.4818622122,79.868514967,68.4832088297,67,86,80,68
1017,彭政閔,2007,兄弟,A_WinsorizedBalanced-v0.1,B_QuadraticTanh-v1,409,Qualified,False,2026-08-11,0.984657253843,2.14917691542,2.83744764154,1.60014666972,72.456441473,81.7134571851,86.9966956696,77.3485089471,72,82,87,77
1017,彭政閔,2008,兄弟,A_WinsorizedBalanced-v0.1,B_QuadraticTanh-v1,342,Qualified,False,2026-08-11,1.77470798731,2.32228174248,1.21766762623,4.24087044235,78.7423814019,83.0697300091,74.2985868424,96.2942042404,79,83,74,96
1017,彭政閔,2009,兄弟,A_WinsorizedBalanced-v0.1,B_QuadraticTanh-v1,445,Qualified,False,2026-08-11,1.27560695551,3.39380934447,2.2975719337,2.43870015955,74.7591313657,90.9720596161,82.8770264142,83.9730473941,75,91,83,84
1017,彭政閔,2010,兄弟,A_WinsorizedBalanced-v0.1,B_QuadraticTanh-v1,466,Qualified,False,2026-08-11,2.12528049453,2.57530934349,1.76741263818,1.25395907585,81.5251754825,85.0222367144,78.684184278,74.5869655642,82,85,79,75
1017,彭政閔,2011,兄弟,A_WinsorizedBalanced-v0.1,B_QuadraticTanh-v1,333,Regular,False,2026-08-11,0.644626247645,1.75143661431,0.46769613899,0.508974765459,69.8098598829,78.5567149166,68.459008271,68.7723192805,70,79,68,69
1017,彭政閔,2012,兄弟,A_WinsorizedBalanced-v0.1,B_QuadraticTanh-v1,523,Qualified,False,2026-08-11,0.950361102419,2.44651251307,1.62566470177,-0.232793294079,72.1869740042,84.0333768751,77.552380544,63.2494803054,72,84,78,63
1017,彭政閔,2013,兄弟,A_WinsorizedBalanced-v0.1,B_QuadraticTanh-v1,477,Qualified,False,2026-08-11,0.69977026944,2.74874904213,1.47163578551,0.979521319405,70.2348932022,86.3348538567,76.3219424986,72.4160569593,70,86,76,72
1017,彭政閔,2014,中信兄弟,A_WinsorizedBalanced-v0.1,B_QuadraticTanh-v1,488,Qualified,False,2026-08-11,0.595230327929,3.65103259343,0.959803705443,1.24501527091,69.4306915793,92.6901643504,72.2611160642,74.5158667656,69,93,72,75
1017,彭政閔,2015,中信兄弟,A_WinsorizedBalanced-v0.1,B_QuadraticTanh-v1,484,Qualified,False,2026-08-11,0.245571304446,2.79110702257,-0.681158290179,-1.23860925616,66.7942989462,86.651759466,59.4922446294,54.2887450851,67,87,59,54
1017,彭政閔,2016,中信兄弟,A_WinsorizedBalanced-v0.1,B_QuadraticTanh-v1,403,Qualified,False,2026-08-11,1.32964041113,1.52865842932,-0.252298977299,-0.509621106065,75.1892897728,76.7773714385,63.0962116011,60.9848824585,75,77,63,61
1017,彭政閔,2017,中信兄弟,A_WinsorizedBalanced-v0.1,B_QuadraticTanh-v1,348,Regular,False,2026-08-11,0.821657086372,1.54194565157,-1.0905219865,0.0833134561771,71.1804287525,76.8835181534,55.7111051533,65.6029443084,71,77,56,66
1017,彭政閔,2018,中信兄弟,A_WinsorizedBalanced-v0.1,B_QuadraticTanh-v1,408,Qualified,False,2026-08-11,0.674009092818,0.656560363013,-0.210558315821,-0.205125644374,70.0361105881,69.9016914504,63.4229799228,63.4651731869,70,70,63,63
1017,彭政閔,2019,中信兄弟,A_WinsorizedBalanced-v0.1,B_QuadraticTanh-v1,328,Regular,False,2026-08-11,1.20689619832,0.919033415148,-0.850721427291,-0.837848179275,74.2130586136,71.9412694933,57.9589483483,58.0771685115,74,72,58,58
1018,米樂,2001,中信,A_WinsorizedBalanced-v0.1,B_QuadraticTanh-v1,181,Regular,False,2026-08-11,0.817439230522,-1.21573136257,2.50816013169,-0.557483064248,71.1475773054,54.5097529036,84.508073404,60.5748278181,71,55,85,61
1019,紀俊麟,2001,中信,A_WinsorizedBalanced-v0.1,B_QuadraticTanh-v1,113,Provisional,False,2026-08-11,-0.884402464663,1.91714453106,-0.353971740761,0.588198279709,57.6483411263,79.8768327483,62.2814758646,69.3768367193,58,80,62,69
1019,紀俊麟,2002,中信,A_WinsorizedBalanced-v0.1,B_QuadraticTanh-v1,208,Regular,False,2026-08-11,-0.764946935169,0.035526230683,-0.0896794304722,1.02471320159,58.7412044059,65.2563540386,64.3431258805,72.7717683242,59,65,64,73
1019,紀俊麟,2003,中信,A_WinsorizedBalanced-v0.1,B_QuadraticTanh-v1,398,Qualified,False,2026-08-11,0.258484185669,2.16133995255,-0.341611274431,6.56072690507,66.890039902,81.8092010747,62.3819207637,105.567304377,67,82,62,106
1019,紀俊麟,2004,中信,A_WinsorizedBalanced-v0.1,B_QuadraticTanh-v1,429,Qualified,False,2026-08-11,1.52893335989,1.07800159142,-0.793626552009,3.91963532029,76.7795676889,73.1922058314,58.4810991383,94.3918621824,77,73,58,94
1019,紀俊麟,2005,中信,A_WinsorizedBalanced-v0.1,B_QuadraticTanh-v1,397,Qualified,False,2026-08-11,0.333240244208,1.58736960294,-0.323647291238,3.52619233756,67.4468860058,77.2464258214,62.5272196043,91.8666885438,67,77,63,92
1019,紀俊麟,2006,中信,A_WinsorizedBalanced-v0.1,B_QuadraticTanh-v1,399,Qualified,False,2026-08-11,-0.313577031838,0.681860984969,0.364504978756,2.78056428245,62.6083157257,70.0966576392,67.6810455775,86.5730249254,63,70,68,87
1019,紀俊麟,2007,中信,A_WinsorizedBalanced-v0.1,B_QuadraticTanh-v1,310,Qualified,False,2026-08-11,0.620919780519,0.903690629905,-0.412856756249,4.72126002398,69.6276981722,71.8210943155,61.7977805476,98.8548962561,70,72,62,99
1020,陳致遠,2001,兄弟,A_WinsorizedBalanced-v0.1,B_QuadraticTanh-v1,131,Provisional,False,2026-08-11,1.10331406949,-0.850190158629,3.34216842159,0.0987059963608,73.392269616,57.9638327185,90.6173220331,65.7150072871,73,58,91,66
1020,陳致遠,2002,兄弟,A_WinsorizedBalanced-v0.1,B_QuadraticTanh-v1,360,Qualified,False,2026-08-11,0.20588174771,0.990077412432,2.45771557406,4.64865755958,66.5008659758,72.4990725188,84.119823777,98.4901581556,67,72,84,98
1020,陳致遠,2003,兄弟,A_WinsorizedBalanced-v0.1,B_QuadraticTanh-v1,453,Qualified,False,2026-08-11,1.91180963371,-0.378548666041,3.19340816831,3.61145938985,79.8344172511,62.0806296146,89.5781903107,92.4313023547,80,62,90,92
1020,陳致遠,2004,兄弟,A_WinsorizedBalanced-v0.1,B_QuadraticTanh-v1,441,Qualified,False,2026-08-11,1.02146934548,0.359282167344,1.94312150324,2.14232776027,72.7462088256,67.6418777348,80.0832645445,81.6595157564,73,68,80,82
1020,陳致遠,2005,兄弟,A_WinsorizedBalanced-v0.1,B_QuadraticTanh-v1,253,Regular,False,2026-08-11,1.21576289634,0.897483594207,-0.141559452787,0.99334289228,74.2834605506,71.772506989,63.9530296787,72.5247621506,74,72,64,73
1020,陳致遠,2006,兄弟,A_WinsorizedBalanced-v0.1,B_QuadraticTanh-v1,405,Qualified,False,2026-08-11,-0.494189361493,0.996779267906,1.93849801697,1.72474510382,61.1159866149,72.5518008485,80.0465354479,78.3436824304,61,73,80,78
1020,陳致遠,2007,兄弟,A_WinsorizedBalanced-v0.1,B_QuadraticTanh-v1,118,Provisional,False,2026-08-11,1.10024582665,-0.708850424707,1.69918799955,-0.476171387468,73.3680074301,59.2455292146,78.1396370713,61.2683680361,73,59,78,61
1020,陳致遠,2008,兄弟,A_WinsorizedBalanced-v0.1,B_QuadraticTanh-v1,375,Qualified,False,2026-08-11,1.26404039406,0.353338649101,1.83897125352,3.14605777231,74.6671292676,67.5973299206,79.2546826287,89.2422583484,75,68,79,89
1020,陳致遠,2009,兄弟,A_WinsorizedBalanced-v0.1,B_QuadraticTanh-v1,139,Provisional,False,2026-08-11,0.123857273582,-1.37716435691,1.26169987394,0.821980697635,65.8985561987,52.9432383905,74.648516067,71.1829496228,66,53,75,71
1021,曾揚志,2001,統一7-ELEVEn獅,A_WinsorizedBalanced-v0.1,B_QuadraticTanh-v1,73,Provisional,False,2026-08-11,1.05532902438,0.174162145305,1.49387646369,-0.325554623024,73.0131962502,66.2672818684,76.4995500886,62.5118309569,73,66,76,63
1021,曾揚志,2002,統一7-ELEVEn獅,A_WinsorizedBalanced-v0.1,B_QuadraticTanh-v1,158,Regular,False,2026-08-11,-0.131865387697,0.106989107286,-0.623195273533,-0.687380622451,64.0264765151,65.7753958195,60.0036333708,59.4369409356,64,66,60,59
1021,曾揚志,2003,統一7-ELEVEn獅,A_WinsorizedBalanced-v0.1,B_QuadraticTanh-v1,180,Regular,False,2026-08-11,0.527632169566,-0.710053576166,-0.110342727094,-0.573901389769,68.914312286,59.2347758382,64.1886320311,60.4329903358,69,59,64,60
1021,曾揚志,2004,統一7-ELEVEn獅,A_WinsorizedBalanced-v0.1,B_QuadraticTanh-v1,143,Provisional,False,2026-08-11,0.239443130318,0.57169667927,-0.59257530617,-0.81722590588,66.7489090423,69.250583155,60.270951722,58.2659618108,67,69,60,58
1021,曾揚志,2005,統一7-ELEVEn獅,A_WinsorizedBalanced-v0.1,B_QuadraticTanh-v1,58,Provisional,False,2026-08-11,-1.00860840208,0.125876033456,-0.291371246326,0.120389203811,56.487857993,65.913312155,62.7862302095,65.8732147432,56,66,63,66
1021,曾揚志,2006,興農,A_WinsorizedBalanced-v0.1,B_QuadraticTanh-v1,153,Regular,False,2026-08-11,0.0401746987136,0.723329015352,-0.318064997973,-0.532719736402,65.2899801197,70.4170154235,62.5722056567,60.7876287373,65,70,63,61
1037,曾漢州,2002,中信,A_WinsorizedBalanced-v0.1,B_QuadraticTanh-v1,159,Regular,False,2026-08-11,0.282790552895,-0.0821485546123,0.24350524427,-0.460147559467,67.0706155024,64.3991417063,66.7789927713,61.4032494829,67,64,67,61
1037,曾漢州,2003,中信,A_WinsorizedBalanced-v0.1,B_QuadraticTanh-v1,255,Regular,False,2026-08-11,1.13850461109,2.07110372913,1.04252233789,-0.343129855281,73.670758061,81.0974951775,72.9121638721,62.3696008639,74,81,73,62
1037,曾漢州,2005,中信,A_WinsorizedBalanced-v0.1,B_QuadraticTanh-v1,368,Qualified,False,2026-08-11,-0.463259224779,1.38804013553,1.26597825532,-0.856906706938,61.377103939,75.6547977756,74.6825412214,57.9020475241,61,76,75,58
1037,曾漢州,2006,中信,A_WinsorizedBalanced-v0.1,B_QuadraticTanh-v1,278,Regular,False,2026-08-11,-0.291037194699,1.11611665812,1.66556826347,-0.58580406763,62.7888970585,73.4935397998,77.8711415296,60.3297949367,63,73,78,60
1037,曾漢州,2007,中信,A_WinsorizedBalanced-v0.1,B_QuadraticTanh-v1,195,Regular,False,2026-08-11,-0.360424453067,2.35172257614,0.9888826383,-0.780163956852,62.2288880641,83.2989003285,72.4896742677,58.6033823024,62,83,72,59
1038,曾揚岳,2002,興農,A_WinsorizedBalanced-v0.1,B_QuadraticTanh-v1,199,Regular,False,2026-08-11,-0.862872640472,-0.649873574226,0.463810046368,-0.562045633015,57.8471043433,59.7691171952,68.4295729001,60.5354713723,58,60,68,61
1038,曾揚岳,2003,興農,A_WinsorizedBalanced-v0.1,B_QuadraticTanh-v1,163,Regular,False,2026-08-11,-1.30868956888,0.199718131277,0.328109107739,0.0800731550116,53.6094964436,66.4554120544,67.4085267328,65.5793799682,54,66,67,66
1038,曾揚岳,2004,興農,A_WinsorizedBalanced-v0.1,B_QuadraticTanh-v1,180,Regular,False,2026-08-11,-1.3459873239,0.883344411951,-0.301209221943,-0.00556637949893,53.2468469294,71.6618949975,62.7075624706,64.9598787068,53,72,63,65
1038,曾揚岳,2005,興農,A_WinsorizedBalanced-v0.1,B_QuadraticTanh-v1,55,Provisional,False,2026-08-11,-0.930508577129,0.523068397941,0.0521208040702,0.0830576882685,57.2202195011,68.8795579144,65.3764834652,65.6010839639,57,69,65,66
1039,黃信福,2002,統一7-ELEVEn獅,A_WinsorizedBalanced-v0.1,B_QuadraticTanh-v1,126,Provisional,False,2026-08-11,-1.56914847391,2.01226927344,-0.140694736711,1.90833301568,51.0695553348,80.6318725804,63.959591492,79.8067725041,51,81,64,80
1039,黃信福,2003,統一7-ELEVEn獅,A_WinsorizedBalanced-v0.1,B_QuadraticTanh-v1,71,Provisional,False,2026-08-11,-0.763776565367,1.97318509962,0.261629206304,0.598214018871,58.7517869369,80.3219516946,66.91337839,69.4535515952,59,80,67,69
1043,朱鴻森,2003,兄弟,A_WinsorizedBalanced-v0.1,B_QuadraticTanh-v1,68,Provisional,False,2026-08-11,-0.232665442209,-0.787584633936,-0.626356197252,1.11627819639,63.2504816429,58.5360193974,59.9759247646,73.4948179305,63,59,60,73
1043,朱鴻森,2004,兄弟,A_WinsorizedBalanced-v0.1,B_QuadraticTanh-v1,98,Provisional,False,2026-08-11,-0.178359081403,-1.38646259735,-0.353104051496,1.91133403962,63.6719158293,52.8526209255,62.2885393975,79.8306356759,64,53,62,80
1043,朱鴻森,2005,兄弟,A_WinsorizedBalanced-v0.1,B_QuadraticTanh-v1,389,Qualified,False,2026-08-11,0.0741555229461,-0.203422147552,-1.0085317726,5.12961447963,65.5363689311,63.4783874666,56.4885806967,100.758305273,66,63,56,101
1043,朱鴻森,2006,兄弟,A_WinsorizedBalanced-v0.1,B_QuadraticTanh-v1,225,Regular,False,2026-08-11,-0.102478071843,-0.334317901494,-0.104884819076,-0.366652062867,64.2475713723,62.4410097763,64.2295526268,62.1780368836,64,62,64,62
1043,朱鴻森,2007,兄弟,A_WinsorizedBalanced-v0.1,B_QuadraticTanh-v1,92,Provisional,False,2026-08-11,-1.05504198674,-0.577903756557,-0.549988615243,-0.0897034151238,56.0485501023,60.3983244842,60.6393745901,64.3429472305,56,60,61,64
1043,朱鴻森,2008,兄弟,A_WinsorizedBalanced-v0.1,B_QuadraticTanh-v1,210,Regular,False,2026-08-11,0.337332876886,-1.19795333174,-0.45486477937,3.04214860737,67.4774960296,54.6812085406,61.4475854944,88.4967288059,67,55,61,88
1043,朱鴻森,2009,兄弟,A_WinsorizedBalanced-v0.1,B_QuadraticTanh-v1,264,Regular,False,2026-08-11,0.0761464310354,-1.41285688743,-0.997625329723,2.46425004301,65.5508360146,52.5952480089,56.5913613279,84.1702094831,66,53,57,84
1045,郭岱詠,2003,中信,A_WinsorizedBalanced-v0.1,B_QuadraticTanh-v1,96,Provisional,False,2026-08-11,-0.351330892855,-1.437268425,0.937144420457,2.75228225241,62.3029681907,52.3570564041,72.0832626138,86.3613456133,62,52,72,86
1045,郭岱詠,2004,中信,A_WinsorizedBalanced-v0.1,B_QuadraticTanh-v1,240,Regular,False,2026-08-11,0.220203881054,-0.729519003334,0.869756550219,0.805299198657,66.6066051847,59.0604099877,71.5556843438,71.0530733105,67,59,72,71
1045,郭岱詠,2005,中信,A_WinsorizedBalanced-v0.1,B_QuadraticTanh-v1,183,Regular,False,2026-08-11,-1.19508038467,1.60954536488,-0.212357250585,0.799133044215,54.7088913207,77.4235994507,63.4089911873,71.0051019275,55,77,63,71
1045,郭岱詠,2006,中信,A_WinsorizedBalanced-v0.1,B_QuadraticTanh-v1,118,Provisional,False,2026-08-11,-2.18501758557,-0.181461027483,-0.0566399542581,-0.220870623003,45.2175227085,63.6480542472,64.5877200814,63.3426745184,45,64,65,63
1045,郭岱詠,2007,中信,A_WinsorizedBalanced-v0.1,B_QuadraticTanh-v1,273,Regular,False,2026-08-11,-0.0364040843146,-0.244005340352,-0.103414527823,0.377235820037,64.7360402373,63.1615012633,64.2405622273,67.7766042484,65,63,64,68
1045,郭岱詠,2008,中信,A_WinsorizedBalanced-v0.1,B_QuadraticTanh-v1,272,Regular,False,2026-08-11,0.193986512345,0.878105427834,1.6865272972,-0.355846736029,66.4131719023,71.6209337041,78.038534866,62.2662058372,66,72,78,62
1064,謝佳賢,2003,誠泰,A_WinsorizedBalanced-v0.1,B_QuadraticTanh-v1,426,Qualified,False,2026-08-11,-0.841661222223,2.6628844893,3.33824337894,-0.956396359091,58.0421809982,85.6879273867,90.590230857,56.9784242398,58,86,91,57
1064,謝佳賢,2004,誠泰,A_WinsorizedBalanced-v0.1,B_QuadraticTanh-v1,431,Qualified,False,2026-08-11,0.302136912256,2.41988688262,3.294481281,0.679644256167,67.2146741218,83.8276106662,90.2869631249,70.079560464,67,84,90,70
1064,謝佳賢,2005,誠泰,A_WinsorizedBalanced-v0.1,B_QuadraticTanh-v1,440,Qualified,False,2026-08-11,-0.95285132481,4.53515358429,4.15824438934,0.484782673484,57.0115933209,97.903989819,95.8191463712,68.5885555115,57,98,96,69
1064,謝佳賢,2006,誠泰,A_WinsorizedBalanced-v0.1,B_QuadraticTanh-v1,426,Qualified,False,2026-08-11,-0.941697279797,2.09279381515,3.16926591345,1.54790072245,57.1158366796,81.2688516187,89.4072144917,76.9310929512,57,81,89,77
1064,謝佳賢,2007,誠泰,A_WinsorizedBalanced-v0.1,B_QuadraticTanh-v1,425,Qualified,False,2026-08-11,0.553944348502,1.17711519575,2.97168795505,0.0361632798476,69.1149562427,73.9767506774,87.9849281299,65.2609611917,69,74,88,65
1064,謝佳賢,2008,米迪亞,A_WinsorizedBalanced-v0.1,B_QuadraticTanh-v1,302,Regular,False,2026-08-11,-1.3811611815,1.5347978918,3.08745891382,0.208776292638,52.9042902505,76.8264165294,88.8232040281,66.5222226862,53,77,89,67
1064,謝佳賢,2009,興農,A_WinsorizedBalanced-v0.1,B_QuadraticTanh-v1,380,Qualified,False,2026-08-11,-0.562546862226,4.14250874611,2.09186758924,-0.128253412928,60.5311450014,95.7275433682,81.2615377366,64.0537775423,61,96,81,64
1065,吳承翰,2003,誠泰,A_WinsorizedBalanced-v0.1,B_QuadraticTanh-v1,407,Qualified,False,2026-08-11,0.528598188436,1.40570602296,0.220047578772,1.64562181748,68.9216705681,75.795714366,66.6054503157,77.7118121049,69,76,67,78
1065,吳承翰,2004,誠泰,A_WinsorizedBalanced-v0.1,B_QuadraticTanh-v1,354,Qualified,False,2026-08-11,-0.477864816808,2.13792109156,-0.112581957649,-0.575390138702,61.2540784553,81.6248003592,64.1718199479,60.4200998588,61,82,64,60
1066,鄭景益,2003,誠泰,A_WinsorizedBalanced-v0.1,B_QuadraticTanh-v1,316,Qualified,False,2026-08-11,-1.96739416182,0.528121859731,1.04967729224,-0.896473780334,47.2325647257,68.9180422372,72.9686021384,57.5365724993,47,69,73,58
1066,鄭景益,2004,誠泰,A_WinsorizedBalanced-v0.1,B_QuadraticTanh-v1,172,Regular,False,2026-08-11,-0.884124688913,2.23656310731,1.26193876411,-1.03774779514,57.6509103258,82.3999039821,74.6504158062,56.2124878751,58,82,75,56
1066,鄭景益,2005,誠泰,A_WinsorizedBalanced-v0.1,B_QuadraticTanh-v1,56,Provisional,False,2026-08-11,-1.13880107606,1.15002954788,1.14940402662,-0.0506012857644,55.2496861666,73.7620478106,73.7570919813,64.632099607,55,74,74,65
1067,林義翔,2003,誠泰,A_WinsorizedBalanced-v0.1,B_QuadraticTanh-v1,295,Regular,False,2026-08-11,-0.277084407213,-0.224737039121,-0.511143143591,0.200066103346,62.9000315352,63.3124933265,60.971922091,66.4579773635,63,63,61,66
1067,林義翔,2004,誠泰,A_WinsorizedBalanced-v0.1,B_QuadraticTanh-v1,183,Regular,False,2026-08-11,0.130888430472,0.332572081044,-0.950448578882,-1.05855046323,65.9499648472,67.4418898245,57.0340642346,56.0152474968,66,67,57,56
1068,吉見宏明,2003,統一7-ELEVEn獅,A_WinsorizedBalanced-v0.1,B_QuadraticTanh-v1,411,Qualified,False,2026-08-11,2.79221533531,-0.0547719848807,-0.358997047133,0.821678902414,86.6600309588,64.6014589768,62.2405299272,71.1805986937,87,65,62,71
1069,丘昌榮,2003,誠泰,A_WinsorizedBalanced-v0.1,B_QuadraticTanh-v1,331,Qualified,False,2026-08-11,-1.35373009288,-0.396743151626,1.06901808391,-0.159843652535,53.1714824113,61.930984363,73.1212553985,63.8138101806,53,62,73,64
1069,丘昌榮,2004,誠泰,A_WinsorizedBalanced-v0.1,B_QuadraticTanh-v1,208,Regular,False,2026-08-11,-1.13504352036,-0.441800297268,0.863468546621,-0.478609426264,55.2856855423,61.5569467076,71.5065633596,61.2477931414,55,62,72,61
1069,丘昌榮,2005,誠泰,A_WinsorizedBalanced-v0.1,B_QuadraticTanh-v1,174,Regular,False,2026-08-11,0.135229112007,-0.0817645614042,0.956317716892,-0.719077649163,65.9817229254,64.4019937387,72.233740134,59.1540318028,66,64,72,59
1069,丘昌榮,2006,誠泰,A_WinsorizedBalanced-v0.1,B_QuadraticTanh-v1,269,Regular,False,2026-08-11,-1.18722278209,-0.283789686446,0.760261631764,-0.843127027439,54.7845685624,62.8466860679,70.7031500285,58.0287245862,55,63,71,58
1069,丘昌榮,2007,誠泰,A_WinsorizedBalanced-v0.1,B_QuadraticTanh-v1,173,Regular,False,2026-08-11,-0.666859518528,-0.926060539102,-0.634107612714,-0.70207349096,59.6190365916,57.2616645892,59.9078873496,59.3060463378,60,57,60,59
1070,黃龍義,2003,第一,A_WinsorizedBalanced-v0.1,B_QuadraticTanh-v1,278,Regular,False,2026-08-11,-1.83049250043,0.563610258807,-0.504987644042,0.388917461185,48.5359265332,69.1887779521,61.0243044913,67.8643932642,49,69,61,68
1070,黃龍義,2004,Lamigo,A_WinsorizedBalanced-v0.1,B_QuadraticTanh-v1,355,Qualified,False,2026-08-11,-0.455021090991,0.557157923526,1.2560756785,1.27578622895,61.446274585,69.13949261,74.6037942376,74.7605575643,61,69,75,75
1070,黃龍義,2005,Lamigo,A_WinsorizedBalanced-v0.1,B_QuadraticTanh-v1,398,Qualified,False,2026-08-11,0.822402825598,-0.66536887375,0.972252243346,2.51341962044,71.186237999,59.6322308499,72.3589177916,84.5484569835,71,60,72,85
1070,黃龍義,2006,Lamigo,A_WinsorizedBalanced-v0.1,B_QuadraticTanh-v1,342,Qualified,False,2026-08-11,-0.628932751041,-0.631173772096,0.248912214911,3.82199759213,59.9533232242,59.933653674,66.8190569406,93.7846520001,60,60,67,94
1070,黃龍義,2007,Lamigo,A_WinsorizedBalanced-v0.1,B_QuadraticTanh-v1,428,Qualified,False,2026-08-11,0.094247841512,0.136082895598,1.04118543122,5.77043388894,65.6825293086,65.9879714117,72.9016204516,103.251194743,66,66,73,103
1070,黃龍義,2008,Lamigo,A_WinsorizedBalanced-v0.1,B_QuadraticTanh-v1,462,Qualified,False,2026-08-11,0.309003354704,0.277260951447,2.27196242377,1.54737325383,67.2658736536,67.0294943084,82.6769719309,76.9268789857,67,67,83,77
1070,黃龍義,2009,Lamigo,A_WinsorizedBalanced-v0.1,B_QuadraticTanh-v1,296,Regular,False,2026-08-11,-1.27833721381,0.828398955442,1.46891023041,0.974932327537,53.9040666343,71.2329575389,76.3001796381,72.3799822755,54,71,76,72
1070,黃龍義,2010,Lamigo,A_WinsorizedBalanced-v0.1,B_QuadraticTanh-v1,144,Provisional,False,2026-08-11,-2.44608703114,0.76424074029,0.120379368097,1.54009000534,42.9265317144,70.7340226277,65.8731428875,76.8686937027,43,71,66,77
1071,潘忠韋,2003,第一,A_WinsorizedBalanced-v0.1,B_QuadraticTanh-v1,338,Qualified,False,2026-08-11,0.123731071206,-0.667685891075,-0.718311942469,-0.870450535941,65.8976338483,59.6117201145,59.1608891952,57.7772312953,66,60,59,58
1071,潘忠韋,2004,Lamigo,A_WinsorizedBalanced-v0.1,B_QuadraticTanh-v1,244,Regular,False,2026-08-11,0.185508974699,-1.44921927766,1.62351882888,-0.374251197295,66.3507448385,52.2404075983,77.5352370262,62.1158567598,66,52,78,62
1071,潘忠韋,2005,Lamigo,A_WinsorizedBalanced-v0.1,B_QuadraticTanh-v1,368,Qualified,False,2026-08-11,0.949876471705,-0.0584130836548,1.75966787989,-1.11449050193,72.1831697741,64.5746698132,78.6223944604,55.4823390238,72,65,79,55
1071,潘忠韋,2006,Lamigo,A_WinsorizedBalanced-v0.1,B_QuadraticTanh-v1,407,Qualified,False,2026-08-11,0.440070043065,-1.42889120495,0.90023835802,0.658189173895,68.249983664,52.4388095482,71.7940685007,69.9142315888,68,52,72,70
1071,潘忠韋,2007,Lamigo,A_WinsorizedBalanced-v0.1,B_QuadraticTanh-v1,165,Regular,False,2026-08-11,-0.161253081747,-1.64170408966,-0.186849679138,0.435252914398,63.8030411984,50.3623883675,63.6065413369,68.2135915698,64,50,64,68
1071,潘忠韋,2008,Lamigo,A_WinsorizedBalanced-v0.1,B_QuadraticTanh-v1,252,Regular,False,2026-08-11,-0.392775236728,-0.500358920362,1.08311743159,-0.51318627233,61.9636884941,61.0636371543,73.2326225709,60.9545162561,62,61,73,61
1071,潘忠韋,2009,Lamigo,A_WinsorizedBalanced-v0.1,B_QuadraticTanh-v1,320,Regular,False,2026-08-11,-1.06910422668,-0.470439398923,0.593499603598,-0.865550721681,55.9149821189,61.3166863745,69.4174339408,57.8224214868,56,61,69,58
1071,潘忠韋,2010,Lamigo,A_WinsorizedBalanced-v0.1,B_QuadraticTanh-v1,151,Regular,False,2026-08-11,-0.824820634175,-0.815718701306,-0.151557040586,-0.233496215148,58.1965186881,58.279731151,63.8770175503,63.2439742545,58,58,64,63
1072,黃高俊,2003,誠泰,A_WinsorizedBalanced-v0.1,B_QuadraticTanh-v1,333,Qualified,False,2026-08-11,-0.458267356413,1.47520013922,-0.616431149224,1.10101020642,61.4190367198,76.3504038673,60.0628568976,73.3740514839,61,76,60,73
1072,黃高俊,2004,誠泰,A_WinsorizedBalanced-v0.1,B_QuadraticTanh-v1,306,Regular,False,2026-08-11,0.81354009648,0.460784363329,-0.731985973003,-0.044170437467,71.1172163118,68.406662049,59.0382594756,64.6792503914,71,68,59,65
1072,黃高俊,2005,誠泰,A_WinsorizedBalanced-v0.1,B_QuadraticTanh-v1,119,Provisional,False,2026-08-11,-0.479870694438,0.992723469037,-0.829859794721,-0.390800153794,61.2371437237,72.5198887989,58.1503875919,61.9799530992,61,73,58,62
1073,蔡昱詳,2003,第一,A_WinsorizedBalanced-v0.1,B_QuadraticTanh-v1,294,Regular,False,2026-08-11,0.260390861943,0.0648434706311,1.04080485323,-0.62313308052,66.9041879779,65.4687481375,72.8986191715,60.0041783431,67,65,73,60
1073,蔡昱詳,2004,Lamigo,A_WinsorizedBalanced-v0.1,B_QuadraticTanh-v1,155,Regular,False,2026-08-11,0.173084004853,0.0203397329795,-0.517836541083,0.132290352691,66.2593570369,65.1466317256,60.914864249,65.9602200956,66,65,61,66
1074,陳峰民,2003,第一,A_WinsorizedBalanced-v0.1,B_QuadraticTanh-v1,268,Regular,False,2026-08-11,-0.282078213478,-0.106295926027,-0.368150623354,-0.346035818535,62.8603130804,64.2189806546,62.1657861547,62.3460093801,63,64,62,62
1074,陳峰民,2004,Lamigo,A_WinsorizedBalanced-v0.1,B_QuadraticTanh-v1,271,Regular,False,2026-08-11,0.607170930584,0.834331147533,0.735549030832,-0.644088880545,69.5222100307,71.2791966459,70.5116062591,59.8200931691,70,71,71,60
1074,陳峰民,2005,Lamigo,A_WinsorizedBalanced-v0.1,B_QuadraticTanh-v1,286,Regular,False,2026-08-11,0.399454046737,0.263447949939,0.377463122281,0.099486963436,67.9436631832,66.9268784612,67.778311491,65.7206984534,68,67,68,66
1074,陳峰民,2006,Lamigo,A_WinsorizedBalanced-v0.1,B_QuadraticTanh-v1,356,Qualified,False,2026-08-11,0.589503179864,0.728646789828,0.0488496211079,-0.23660983564,69.3868279123,70.4581681898,65.3527838728,63.2195694125,69,70,65,63
1074,陳峰民,2007,Lamigo,A_WinsorizedBalanced-v0.1,B_QuadraticTanh-v1,339,Qualified,False,2026-08-11,-0.464875174599,-0.169708426723,0.378404540442,-0.315453897377,61.3635170673,63.7383249177,67.785382789,62.5932207119,61,64,68,63
1074,陳峰民,2008,Lamigo,A_WinsorizedBalanced-v0.1,B_QuadraticTanh-v1,295,Regular,False,2026-08-11,0.542720120488,0.021308891213,-0.413077615936,-0.940686278896,69.0293098125,65.1536277509,61.7959504337,57.1252762544,69,65,62,57
1074,陳峰民,2009,Lamigo,A_WinsorizedBalanced-v0.1,B_QuadraticTanh-v1,232,Regular,False,2026-08-11,-0.0708487697016,-0.34849761253,-0.327956086509,-0.494900413702,64.4828991199,62.3260073006,62.4924425424,61.109957715,64,62,62,61
1075,張琮貴,2003,誠泰,A_WinsorizedBalanced-v0.1,B_QuadraticTanh-v1,269,Regular,False,2026-08-11,-1.07651656439,-0.897255837073,-0.178563615315,-0.841191835309,55.8444833219,57.5293234533,63.6703432514,58.0464893041,56,58,64,58
1076,王俊文,2003,第一,A_WinsorizedBalanced-v0.1,B_QuadraticTanh-v1,263,Regular,False,2026-08-11,-0.286057978162,-1.38183962821,-0.248222344416,0.802421334266,62.8286139993,52.8976784053,63.1283262797,71.0306816863,63,53,63,71
1076,王俊文,2004,Lamigo,A_WinsorizedBalanced-v0.1,B_QuadraticTanh-v1,121,Provisional,False,2026-08-11,0.11623028791,0.761638521378,0.315320494099,0.309446389084,65.8428387612,70.7138318964,67.3130095025,67.2691783863,66,71,67,67
1077,郭昌庭,2003,第一,A_WinsorizedBalanced-v0.1,B_QuadraticTanh-v1,240,Regular,False,2026-08-11,-0.699358882979,-0.665107655702,-0.158069356419,-0.75808190422,59.3302621381,59.6345425246,63.82735941,58.8032420835,59,60,64,59
1077,郭昌庭,2004,Lamigo,A_WinsorizedBalanced-v0.1,B_QuadraticTanh-v1,213,Regular,False,2026-08-11,-0.599370744687,-1.55459037301,-0.27521957494,-0.149583835723,60.2117989175,51.2116204505,62.9148471145,63.8920412472,60,51,63,64
1078,柯良宗,2003,誠泰,A_WinsorizedBalanced-v0.1,B_QuadraticTanh-v1,225,Regular,False,2026-08-11,1.13376708028,-1.41600989497,-0.100780186154,0.648835884218,73.63324362,52.5644903465,64.2602735277,69.8422427285,74,53,64,70
1078,柯良宗,2004,誠泰,A_WinsorizedBalanced-v0.1,B_QuadraticTanh-v1,152,Regular,False,2026-08-11,0.803337587139,-1.83910880132,-0.667383551945,-0.114037774691,71.0378102555,48.4532643316,59.6143971033,64.1608823903,71,48,60,64
1079,呂俊雄,2003,第一,A_WinsorizedBalanced-v0.1,B_QuadraticTanh-v1,277,Regular,False,2026-08-11,-0.150650539305,-0.827535182951,-0.616077590643,1.72887956477,63.8839208214,58.1716737312,60.0659498355,78.3766857393,64,58,60,78
1079,呂俊雄,2004,Lamigo,A_WinsorizedBalanced-v0.1,B_QuadraticTanh-v1,246,Regular,False,2026-08-11,0.826846254497,0.322436245489,-0.621084247876,2.62069960746,71.2208577544,67.3661410546,60.0221268854,85.3679780229,71,67,60,85
1079,呂俊雄,2005,Lamigo,A_WinsorizedBalanced-v0.1,B_QuadraticTanh-v1,151,Regular,False,2026-08-11,0.019563961848,-0.585360152986,-0.728297023469,1.00604943459,65.1410323004,60.333649169,59.0713776284,72.6247654644,65,60,59,73
1079,呂俊雄,2006,Lamigo,A_WinsorizedBalanced-v0.1,B_QuadraticTanh-v1,319,Qualified,False,2026-08-11,0.929570573606,-0.00869256077462,-0.375174656384,1.49602369223,72.0238648484,64.9373078446,62.1082908286,76.5166990883,72,65,62,77
1079,呂俊雄,2007,Lamigo,A_WinsorizedBalanced-v0.1,B_QuadraticTanh-v1,79,Provisional,False,2026-08-11,-0.0374278383137,-1.2382052096,-0.599034313798,0.945383212971,64.7285638259,54.2926517324,60.2147298073,72.147903616,65,54,60,72
1079,呂俊雄,2008,中信,A_WinsorizedBalanced-v0.1,B_QuadraticTanh-v1,183,Regular,False,2026-08-11,-0.985126589497,0.20635519569,-0.107573563492,1.69166444903,56.7089503927,66.5043587303,64.209403948,78.0795591363,57,67,64,78
1080,許堯淵,2003,第一,A_WinsorizedBalanced-v0.1,B_QuadraticTanh-v1,211,Regular,False,2026-08-11,-1.39651035893,-0.0806065337903,-0.728113510084,-0.304682791559,52.7546678108,64.4105923049,59.0730244697,62.6797277125,53,64,59,63
1080,許堯淵,2004,Lamigo,A_WinsorizedBalanced-v0.1,B_QuadraticTanh-v1,159,Regular,False,2026-08-11,-0.136747466936,-0.95857266521,0.482650678237,-0.24721406969,63.9895193154,56.9580526663,68.5723800475,63.1362625442,64,57,69,63
1081,陳昭穎,2003,第一,A_WinsorizedBalanced-v0.1,B_QuadraticTanh-v1,123,Provisional,False,2026-08-11,-0.332969914514,-0.192857986591,-0.415806541891,0.0206363519601,62.4519162114,63.5601636737,61.773327969,65.1487728286,62,64,62,65
1081,陳昭穎,2004,Lamigo,A_WinsorizedBalanced-v0.1,B_QuadraticTanh-v1,104,Provisional,False,2026-08-11,-0.247323704454,-0.282560264533,-0.820458142316,-0.0060794798544,63.1353997226,62.8564756759,58.2364197868,64.9561760238,63,63,58,65
1081,陳昭穎,2005,Lamigo,A_WinsorizedBalanced-v0.1,B_QuadraticTanh-v1,99,Provisional,False,2026-08-11,0.110907637261,0.414971723625,0.417799516946,-0.315350349458,65.8039846532,68.0605549122,68.0818749583,62.5940537463,66,68,68,63
1082,陳保宏,2003,誠泰,A_WinsorizedBalanced-v0.1,B_QuadraticTanh-v1,119,Provisional,False,2026-08-11,0.130143708262,-0.336707810285,-0.138203209964,-0.073700833971,65.9445177835,62.4216620413,63.9784869095,64.4617918855,66,62,64,64
1082,陳保宏,2004,誠泰,A_WinsorizedBalanced-v0.1,B_QuadraticTanh-v1,53,Provisional,False,2026-08-11,-0.99381985117,1.10046489521,-0.328530875985,-0.149624202989,56.6271860331,73.3697396148,62.4877997782,63.8917340017,57,73,62,64
1083,葉成龍,2003,第一,A_WinsorizedBalanced-v0.1,B_QuadraticTanh-v1,156,Regular,False,2026-08-11,-0.698045922687,-0.259050525414,0.0235594215319,-0.478809771713,59.3419692602,63.0429296869,65.1698767989,61.2461017877,59,63,65,61
1084,邱新勇,2003,第一,A_WinsorizedBalanced-v0.1,B_QuadraticTanh-v1,88,Provisional,False,2026-08-11,0.110093166762,-1.60005984685,-0.705949980744,0.612495399432,65.79804135,50.7680704029,59.2714408096,69.5630480983,66,51,59,70
1085,陳世峰,2003,誠泰,A_WinsorizedBalanced-v0.1,B_QuadraticTanh-v1,155,Regular,False,2026-08-11,-1.5797511589,-1.56512955424,0.298774002652,-0.0655449133534,50.9661174408,51.1087697425,67.1896119716,64.5220917386,51,51,67,65
1086,林建良,2003,誠泰,A_WinsorizedBalanced-v0.1,B_QuadraticTanh-v1,143,Provisional,False,2026-08-11,-0.400759642173,0.316243400204,-0.510555396836,-0.443251507846,61.8978408197,67.3198984166,60.9769274649,61.5448187701,62,67,61,62
1087,許志豪,2003,誠泰,A_WinsorizedBalanced-v0.1,B_QuadraticTanh-v1,119,Provisional,False,2026-08-11,-1.24928920269,-0.349725769226,-0.332428975679,-0.261789952868,54.1854398798,62.3160228746,62.4562916133,63.0212769517,54,62,62,63
1087,許志豪,2004,誠泰,A_WinsorizedBalanced-v0.1,B_QuadraticTanh-v1,109,Provisional,False,2026-08-11,-1.88012103021,0.551003751068,-0.602570461107,-0.199482352193,48.0608809858,69.0925100344,60.1839117883,63.508919637,48,69,60,64
1088,鄞明村,2003,誠泰,A_WinsorizedBalanced-v0.1,B_QuadraticTanh-v1,60,Provisional,False,2026-08-11,-0.943761975508,0.555450416021,-0.357609407388,-0.017250897962,57.0965542201,69.1264545672,62.2518426129,64.8753774305,57,69,62,65
1089,林建宏,2003,第一,A_WinsorizedBalanced-v0.1,B_QuadraticTanh-v1,114,Provisional,False,2026-08-11,-1.13306923022,-0.947059498898,-0.330965891657,0.756673861422,55.3045945955,57.0657452278,62.4681221343,70.6753210369,55,57,62,71
1089,林建宏,2004,Lamigo,A_WinsorizedBalanced-v0.1,B_QuadraticTanh-v1,86,Provisional,False,2026-08-11,-1.72319136133,-0.482858892047,-0.665133987821,1.38270201933,49.5709476946,61.2118983617,59.6343095022,75.6122253356,50,61,60,76
1089,林建宏,2005,Lamigo,A_WinsorizedBalanced-v0.1,B_QuadraticTanh-v1,121,Provisional,False,2026-08-11,-1.08568637524,0.0317113723274,-1.00808352106,0.377492268758,55.7571814389,65.2287724348,56.4928080666,67.7785304098,56,65,56,68
1090,王子菘,2003,統一7-ELEVEn獅,A_WinsorizedBalanced-v0.1,B_QuadraticTanh-v1,136,Provisional,False,2026-08-11,-0.858378921094,2.06207109388,-0.7152247847,0.42135749357,57.8884946653,81.0260857995,59.1885251438,68.1087083948,58,81,59,68
1090,王子菘,2004,統一7-ELEVEn獅,A_WinsorizedBalanced-v0.1,B_QuadraticTanh-v1,160,Regular,False,2026-08-11,-1.49208290001,0.305548064329,0.140474125839,0.790914045133,51.8219009285,67.2401047654,66.0201187477,70.9411905288,52,67,66,71
1090,王子菘,2006,統一7-ELEVEn獅,A_WinsorizedBalanced-v0.1,B_QuadraticTanh-v1,59,Provisional,False,2026-08-11,-1.71702410185,0.108604698656,-0.48391034126,0.584410781565,49.6307096125,65.7871812638,61.2030104134,69.3478432214,50,66,61,69
1090,王子菘,2007,統一7-ELEVEn獅,A_WinsorizedBalanced-v0.1,B_QuadraticTanh-v1,152,Regular,False,2026-08-11,-0.627431157865,-0.693749141411,-0.394611135253,-0.0824540448446,59.9664968975,59.3802580769,61.9485615223,64.3968724499,60,59,62,64
1090,王子菘,2008,統一7-ELEVEn獅,A_WinsorizedBalanced-v0.1,B_QuadraticTanh-v1,96,Provisional,False,2026-08-11,-0.227216131893,2.04190179906,-0.0551181895681,-0.341243985242,63.2931209113,80.8665316895,64.598913373,62.3848996309,63,81,65,62
1090,王子菘,2009,統一7-ELEVEn獅,A_WinsorizedBalanced-v0.1,B_QuadraticTanh-v1,130,Provisional,False,2026-08-11,-1.02660685475,-0.104119704693,0.252566550492,-0.375142174345,56.3178994869,64.2352825704,66.8461478088,62.1085569906,56,64,67,62
1090,王子菘,2010,統一7-ELEVEn獅,A_WinsorizedBalanced-v0.1,B_QuadraticTanh-v1,81,Provisional,False,2026-08-11,-1.01374410036,-0.0809563018455,1.18904788529,-0.215975329223,56.4394048562,64.4079956014,74.071405635,63.3808307347,56,64,74,63
1091,李以寶,2003,第一,A_WinsorizedBalanced-v0.1,B_QuadraticTanh-v1,57,Provisional,False,2026-08-11,-0.0451191416984,0.635216853319,-0.374081777547,0.00425638938386,64.6723017241,69.7375164873,62.1172445935,65.0306541514,65,70,62,65
1092,邱敏舜,2003,興農,A_WinsorizedBalanced-v0.1,B_QuadraticTanh-v1,64,Provisional,False,2026-08-11,-0.392290643195,0.746674872037,-0.592246911921,1.27996050262,61.9676799536,70.5977995916,60.2738078066,74.7937677028,62,71,60,75
1093,陳志明,2003,第一,A_WinsorizedBalanced-v0.1,B_QuadraticTanh-v1,61,Provisional,False,2026-08-11,-0.908904358483,1.12652325103,-0.257728381433,-0.039024369294,57.4212374882,73.5758964528,63.0533731021,64.7168986534,57,74,63,65
1094,楊睿智,2004,誠泰,A_WinsorizedBalanced-v0.1,B_QuadraticTanh-v1,427,Qualified,False,2026-08-11,1.78753924379,0.725208149959,-0.434840375544,0.0729983718729,78.8447222854,70.4315557083,61.6150419553,65.5279619936,79,70,62,66
1094,楊睿智,2005,誠泰,A_WinsorizedBalanced-v0.1,B_QuadraticTanh-v1,375,Qualified,False,2026-08-11,1.1493745668,0.32030616601,-0.638371405433,-0.259901740577,73.7568585824,67.3502322001,59.8704087957,63.0362036703,74,67,60,63
1094,楊睿智,2006,誠泰,A_WinsorizedBalanced-v0.1,B_QuadraticTanh-v1,302,Regular,False,2026-08-11,0.953374115236,0.615397540874,-1.05613786425,0.746512836292,72.2106276563,69.5853146308,56.0381495799,70.5965437904,72,70,56,71
1094,楊睿智,2007,誠泰,A_WinsorizedBalanced-v0.1,B_QuadraticTanh-v1,260,Regular,False,2026-08-11,1.32700741837,-0.275092123181,-0.920268076462,1.37721924645,75.1683155089,62.9158593568,57.315591667,75.5685035084,75,63,57,76
1095,陳柏勳,2003,誠泰,A_WinsorizedBalanced-v0.1,B_QuadraticTanh-v1,50,Provisional,False,2026-08-11,-0.814575408179,0.513356086187,-0.303056701256,0.0841506961662,58.2901732668,68.8056424759,62.6927618859,65.6090344252,58,69,63,66
1095,陳柏勳,2004,誠泰,A_WinsorizedBalanced-v0.1,B_QuadraticTanh-v1,56,Provisional,False,2026-08-11,0.0716445154701,-1.12271502005,-0.292156812289,-0.0798211370935,65.5181274348,55.4036984643,62.7799576417,64.4164219228,66,55,63,64
1096,歐斯納,2003,第一,A_WinsorizedBalanced-v0.1,B_QuadraticTanh-v1,105,Provisional,False,2026-08-11,-0.0906408703657,-0.126458729551,1.67926517984,0.0611483117132,64.3359633506,64.0673294705,77.9805378216,65.4419362377,64,64,78,65
1097,亞士達,2003,誠泰,A_WinsorizedBalanced-v0.1,B_QuadraticTanh-v1,99,Provisional,False,2026-08-11,-0.174298581623,-0.745657465958,-0.074409510036,0.191779581753,63.7031122477,58.9152954536,64.4565437242,66.396914755,64,59,64,66
1099,美樂,2003,中信,A_WinsorizedBalanced-v0.1,B_QuadraticTanh-v1,86,Provisional,False,2026-08-11,0.842900297715,0.0279601546429,1.04866238728,0.405685756515,71.3460207187,65.20166356,72.960595424,67.9905844341,71,65,73,68
1101,野野垣武,2003,誠泰,A_WinsorizedBalanced-v0.1,B_QuadraticTanh-v1,72,Provisional,False,2026-08-11,0.524081857506,0.264210168212,1.62288256414,-0.152481820781,68.8872744839,66.9325369939,77.5301538421,63.8699728016,69,67,78,64
1102,莊景賀,2004,誠泰,A_WinsorizedBalanced-v0.1,B_QuadraticTanh-v1,70,Provisional,False,2026-08-11,-0.732100673825,-0.199004524312,-0.0612921398911,0.602427468933,59.0372293129,63.5126198579,64.5534614063,69.4858431578,59,64,65,69
1102,莊景賀,2006,誠泰,A_WinsorizedBalanced-v0.1,B_QuadraticTanh-v1,72,Provisional,False,2026-08-11,-0.257805904295,-0.205766769629,0.0972906215784,3.1987091267,63.0527608858,63.4601978953,65.7046943217,89.6156464251,63,63,66,90
1102,莊景賀,2009,統一7-ELEVEn獅,A_WinsorizedBalanced-v0.1,B_QuadraticTanh-v1,135,Provisional,False,2026-08-11,-0.912136619905,0.954914095853,-0.310069461142,2.80511616263,57.3912081238,72.2227187672,62.6365020382,86.7562337695,57,72,63,87
1102,莊景賀,2010,統一7-ELEVEn獅,A_WinsorizedBalanced-v0.1,B_QuadraticTanh-v1,146,Provisional,False,2026-08-11,-0.496777606813,0.71080920025,-0.00768405046166,2.19010979231,61.0940356962,70.3201909838,64.9445922205,82.0354190118,61,70,65,82
1102,莊景賀,2011,統一7-ELEVEn獅,A_WinsorizedBalanced-v0.1,B_QuadraticTanh-v1,67,Provisional,False,2026-08-11,-0.119212026201,0.147705618081,0.0781388449867,0.377505069069,64.1219615682,66.0730946002,65.5653174974,67.778626553,64,66,66,68
1103,楊進雄,2004,興農,A_WinsorizedBalanced-v0.1,B_QuadraticTanh-v1,144,Provisional,False,2026-08-11,-0.235720035968,0.165063170784,-0.554225678023,-0.777061446527,63.2265463307,66.2004305899,60.6028977039,58.6315164322,63,66,61,59
1103,楊進雄,2005,興農,A_WinsorizedBalanced-v0.1,B_QuadraticTanh-v1,56,Provisional,False,2026-08-11,-0.275344356726,-0.480804755052,-0.276769748462,0.059490522349,62.9138560369,61.2292546737,62.90253204,65.4299112857,63,61,63,65
1103,楊進雄,2007,興農,A_WinsorizedBalanced-v0.1,B_QuadraticTanh-v1,87,Provisional,False,2026-08-11,-0.802281375065,0.639352408417,-0.29971247999,0.282277333213,58.4023141281,69.7693057492,62.7195468432,67.0667979039,58,70,63,67
1156,陽森,2004,統一7-ELEVEn獅,A_WinsorizedBalanced-v0.1,B_QuadraticTanh-v1,458,Qualified,False,2026-08-11,1.7931239061,1.08734726604,0.0253630818449,1.55297868632,78.8892576166,73.2660464044,65.1829026607,76.9716613635,79,73,65,77
1156,陽森,2005,統一7-ELEVEn獅,A_WinsorizedBalanced-v0.1,B_QuadraticTanh-v1,456,Qualified,False,2026-08-11,1.22067024451,1.60350137413,-0.21959767688,3.68240382705,74.3224338335,77.3753113545,63.3526025227,92.8939186951,74,77,63,93
1156,陽森,2006,統一7-ELEVEn獅,A_WinsorizedBalanced-v0.1,B_QuadraticTanh-v1,386,Qualified,False,2026-08-11,0.569667187892,1.08046832194,0.615915185023,1.55651158296,69.2350676077,73.2116926434,69.5892867794,76.9998864364,69,73,70,77
1156,陽森,2007,統一7-ELEVEn獅,A_WinsorizedBalanced-v0.1,B_QuadraticTanh-v1,403,Qualified,False,2026-08-11,-0.119636375539,1.81400415351,0.461594716953,0.714561313067,64.1187663752,79.0557263619,68.4127975196,70.3491993733,64,79,68,70
1156,陽森,2008,統一7-ELEVEn獅,A_WinsorizedBalanced-v0.1,B_QuadraticTanh-v1,315,Qualified,False,2026-08-11,0.14662860185,1.92887876904,0.0679334370781,-0.686418744206,66.06520189,79.9701023915,65.4911779678,59.4454950993,66,80,65,59
1156,陽森,2009,統一7-ELEVEn獅,A_WinsorizedBalanced-v0.1,B_QuadraticTanh-v1,230,Regular,False,2026-08-11,-1.40901374305,2.18085346525,-0.259437248321,-0.546874719851,52.6327346786,81.9626753122,63.0398741649,60.6661567103,53,82,63,61
1156,陽森,2010,統一7-ELEVEn獅,A_WinsorizedBalanced-v0.1,B_QuadraticTanh-v1,110,Provisional,False,2026-08-11,-0.813811980422,0.210634993306,0.479776246665,-0.397786568611,58.2971446602,66.5359402761,68.5505766791,61.9223779991,58,67,69,62
1157,石志偉,2004,Lamigo,A_WinsorizedBalanced-v0.1,B_QuadraticTanh-v1,434,Qualified,False,2026-08-11,2.00275002718,-1.55163732518,-0.416354830741,0.823054285323,80.5564310823,51.2404425124,61.7687805543,71.1913130458,81,51,62,71
1157,石志偉,2005,Lamigo,A_WinsorizedBalanced-v0.1,B_QuadraticTanh-v1,423,Qualified,False,2026-08-11,1.0226396899,-1.38639679724,-1.08343301003,0.665789993756,72.7554299217,52.8532622908,55.7786436754,69.9727708834,73,53,56,70
1157,石志偉,2006,Lamigo,A_WinsorizedBalanced-v0.1,B_QuadraticTanh-v1,449,Qualified,False,2026-08-11,2.1682589254,-0.523407399789,-0.642563118539,0.839776200143,81.8636375533,60.867297933,59.8335269939,71.3216541224,82,61,60,71
1157,石志偉,2007,Lamigo,A_WinsorizedBalanced-v0.1,B_QuadraticTanh-v1,438,Qualified,False,2026-08-11,1.17900558138,-0.624896311564,-0.844165737909,0.560219806423,73.9917433253,59.9887247075,58.0191867989,69.1628770376,74,60,58,69
1157,石志偉,2008,Lamigo,A_WinsorizedBalanced-v0.1,B_QuadraticTanh-v1,431,Qualified,False,2026-08-11,2.26320872193,-0.597990246724,-0.463915880224,-0.968119507182,82.6085144826,60.2238238762,61.3715835331,56.8686082009,83,60,61,57
1157,石志偉,2009,Lamigo,A_WinsorizedBalanced-v0.1,B_QuadraticTanh-v1,412,Qualified,False,2026-08-11,0.648356263279,0.0256994667938,-0.720631093606,-0.4181141481,69.8385526795,65.1853323212,59.1401162325,61.7541841834,70,65,59,62
1157,石志偉,2010,Lamigo,A_WinsorizedBalanced-v0.1,B_QuadraticTanh-v1,125,Provisional,False,2026-08-11,0.511564324807,1.35564658659,-0.458782388207,-0.554366268925,68.7920132338,75.3965187265,61.414713052,60.6016866743,69,75,61,61
1157,石志偉,2011,Lamigo,A_WinsorizedBalanced-v0.1,B_QuadraticTanh-v1,316,Regular,False,2026-08-11,0.117937192231,-0.0466621822129,-0.744015887828,-0.50360328277,65.8553038986,64.6609945871,58.9300788226,61.0360732719,66,65,59,61
1157,石志偉,2012,Lamigo,A_WinsorizedBalanced-v0.1,B_QuadraticTanh-v1,269,Regular,False,2026-08-11,0.855742309771,-0.747691469463,-0.678630452285,-0.556987800703,71.4462331486,58.8969710223,59.5146897608,60.579097167,71,59,60,61
1158,高國慶,2004,統一7-ELEVEn獅,A_WinsorizedBalanced-v0.1,B_QuadraticTanh-v1,344,Qualified,False,2026-08-11,-0.279129462522,0.336197478565,2.27261198366,0.847610997894,62.8837738485,67.4690027688,82.6820502257,71.3827712143,63,67,83,71
1158,高國慶,2005,統一7-ELEVEn獅,A_WinsorizedBalanced-v0.1,B_QuadraticTanh-v1,391,Qualified,False,2026-08-11,1.19812316151,-0.0996362497234,0.510956791981,-1.01072374002,74.1434207523,64.2688270607,68.7873924565,56.4679048761,74,64,69,56
1158,高國慶,2006,統一7-ELEVEn獅,A_WinsorizedBalanced-v0.1,B_QuadraticTanh-v1,320,Qualified,False,2026-08-11,0.995821614438,-0.733957340129,0.337298317447,-0.442304749163,72.5442651951,59.0205505387,67.4772374959,61.5527315111,73,59,67,62
1158,高國慶,2007,統一7-ELEVEn獅,A_WinsorizedBalanced-v0.1,B_QuadraticTanh-v1,459,Qualified,False,2026-08-11,2.1097294315,-0.445370936655,2.28923075803,-1.5043335317,81.4025260281,61.5270974699,82.8119042397,51.7022752766,81,62,83,52
1158,高國慶,2008,統一7-ELEVEn獅,A_WinsorizedBalanced-v0.1,B_QuadraticTanh-v1,432,Qualified,False,2026-08-11,1.64352897894,-0.68811976825,0.921374921204,-1.23838346369,77.6950937244,59.4303663209,71.9596190852,54.2909282431,78,59,72,54
1158,高國慶,2009,統一7-ELEVEn獅,A_WinsorizedBalanced-v0.1,B_QuadraticTanh-v1,306,Regular,False,2026-08-11,1.53160347542,-0.479101046007,0.455203818784,-0.91660185776,76.8008977518,61.2436426291,68.3644223068,57.3496972982,77,61,68,57
1158,高國慶,2010,統一7-ELEVEn獅,A_WinsorizedBalanced-v0.1,B_QuadraticTanh-v1,460,Qualified,False,2026-08-11,0.55894099206,0.716534751188,0.21026408572,-1.25117612197,69.1531096442,70.3644596515,66.5332026772,54.1671795966,69,70,67,54
1158,高國慶,2011,統一7-ELEVEn獅,A_WinsorizedBalanced-v0.1,B_QuadraticTanh-v1,530,Qualified,False,2026-08-11,1.46732153545,0.725472797227,3.27756858834,-0.772239936332,76.2874946013,70.4336036435,90.1691672471,58.6752039097,76,70,90,59
1158,高國慶,2012,統一7-ELEVEn獅,A_WinsorizedBalanced-v0.1,B_QuadraticTanh-v1,488,Qualified,False,2026-08-11,-0.0552980532684,0.783521028174,1.58666023163,-1.02726848601,64.5975907248,70.8837322099,77.2407582415,56.3116437635,65,71,77,56
1158,高國慶,2013,統一7-ELEVEn獅,A_WinsorizedBalanced-v0.1,B_QuadraticTanh-v1,447,Qualified,False,2026-08-11,0.359372838489,-0.59771736138,0.356463420124,-0.533611726651,67.6425575379,60.2262003861,67.6207473736,60.7799873069,68,60,68,61
1158,高國慶,2014,統一7-ELEVEn獅,A_WinsorizedBalanced-v0.1,B_QuadraticTanh-v1,371,Qualified,False,2026-08-11,0.270150221282,0.246357829801,-0.276023918346,-1.04952167726,66.9766503474,66.8001267299,62.9084579251,56.1009189516,67,67,63,56
1158,高國慶,2015,統一7-ELEVEn獅,A_WinsorizedBalanced-v0.1,B_QuadraticTanh-v1,382,Qualified,False,2026-08-11,1.1974922139,-0.178118958743,-0.188503881575,-0.0735973942896,74.1384132646,63.6737618921,63.593782247,64.4625578014,74,64,64,64
1158,高國慶,2016,統一7-ELEVEn獅,A_WinsorizedBalanced-v0.1,B_QuadraticTanh-v1,486,Qualified,False,2026-08-11,0.424134531675,-0.0695323552777,-0.333538684083,-1.21713422696,68.1296585096,64.4926339378,62.447314907,54.4962124385,68,64,62,54
1158,高國慶,2017,統一7-ELEVEn獅,A_WinsorizedBalanced-v0.1,B_QuadraticTanh-v1,355,Regular,False,2026-08-11,0.542363303351,-0.642264782374,-0.3187574857,-1.23494562658,69.0265884793,59.8361531809,62.5666293793,54.3241636,69,60,63,54
1158,高國慶,2018,統一7-ELEVEn獅,A_WinsorizedBalanced-v0.1,B_QuadraticTanh-v1,299,Regular,False,2026-08-11,1.44490443855,-0.96695133558,0.182351185032,-0.678148075585,76.1085280243,56.8795597796,66.3275066193,59.5189714143,76,57,66,60
1158,高國慶,2019,統一7-ELEVEn獅,A_WinsorizedBalanced-v0.1,B_QuadraticTanh-v1,271,Regular,False,2026-08-11,0.373672735792,-0.479957498151,-0.371193994803,-0.942292868298,67.7498473158,61.2364106674,62.140889531,57.1102750465,68,61,62,57
1158,高國慶,2020,統一7-ELEVEn獅,A_WinsorizedBalanced-v0.1,B_QuadraticTanh-v1,168,Regular,False,2026-08-11,0.6766586725,-1.27369412252,-0.525592553584,-0.629355046636,70.056537823,53.9490790601,60.848621001,59.9496175188,70,54,61,60
1158,高國慶,2021,統一7-ELEVEn獅,A_WinsorizedBalanced-v0.1,B_QuadraticTanh-v1,127,Provisional,False,2026-08-11,-0.319987591401,-1.44468496706,-0.850875999221,-0.48700063268,62.5567209291,52.284668288,57.9575271583,61.1768732061,63,52,58,61
1158,高國慶,2022,統一7-ELEVEn獅,A_WinsorizedBalanced-v0.1,B_QuadraticTanh-v1,135,Provisional,False,2026-08-11,0.490433838487,-0.944380957312,-1.05099287545,0.105215680751,68.6314460806,57.0907722466,56.0869659375,65.7624615778,69,57,56,66
1159,陽東益,2004,統一7-ELEVEn獅,A_WinsorizedBalanced-v0.1,B_QuadraticTanh-v1,217,Regular,False,2026-08-11,-1.64299406478,-0.528592414831,-1.16515877216,0.807400749917,50.349832825,60.8229630485,54.9967771062,71.0694274182,50,61,55,71
1159,陽東益,2005,統一7-ELEVEn獅,A_WinsorizedBalanced-v0.1,B_QuadraticTanh-v1,263,Regular,False,2026-08-11,-0.740391224171,-0.203066198759,-0.786803980449,2.30680275407,58.9627030081,63.4811476453,58.5431106456,82.949052195,59,63,59,83
1159,陽東益,2007,統一7-ELEVEn獅,A_WinsorizedBalanced-v0.1,B_QuadraticTanh-v1,205,Regular,False,2026-08-11,-2.42699734847,0.345002255021,-0.420527801679,2.10477226818,43.0885224031,67.5348918526,61.7341469153,81.3634098714,43,68,62,81
1159,陽東益,2008,統一7-ELEVEn獅,A_WinsorizedBalanced-v0.1,B_QuadraticTanh-v1,128,Provisional,False,2026-08-11,-0.232787675743,-0.815801609301,-0.202296702768,0.810724690637,63.2495243092,58.2789738331,63.4871134998,71.0952986962,63,58,63,71
1159,陽東益,2009,統一7-ELEVEn獅,A_WinsorizedBalanced-v0.1,B_QuadraticTanh-v1,348,Regular,False,2026-08-11,-0.72178508286,0.969198753514,-1.55107317537,0.747750302549,59.1297759165,72.3349221064,51.2459488398,70.6061347039,59,72,51,71
1159,陽東益,2010,統一7-ELEVEn獅,A_WinsorizedBalanced-v0.1,B_QuadraticTanh-v1,167,Regular,False,2026-08-11,-0.528628419517,0.577019820722,-0.388074114773,1.22004717017,60.8226549755,69.2912913947,62.0023860978,74.317485147,61,69,62,74
1160,王宜民,2004,中信,A_WinsorizedBalanced-v0.1,B_QuadraticTanh-v1,199,Regular,False,2026-08-11,0.579351151793,-0.986225161537,-0.81145222021,1.15814331098,69.3091257659,56.6986234953,58.3186868299,73.8263414999,69,57,58,74
1160,王宜民,2005,中信,A_WinsorizedBalanced-v0.1,B_QuadraticTanh-v1,56,Provisional,False,2026-08-11,-0.165903262966,-0.480804755052,-0.383005269449,0.523378110139,63.7674729221,61.2292546737,62.044050075,68.8819160171,64,61,62,69
1160,王宜民,2006,中信,A_WinsorizedBalanced-v0.1,B_QuadraticTanh-v1,378,Qualified,False,2026-08-11,1.46154171687,-1.39685862303,-0.441867325352,1.35305545646,76.2413470993,52.7512721266,61.5563866562,75.3758662925,76,53,62,75
1160,王宜民,2007,中信,A_WinsorizedBalanced-v0.1,B_QuadraticTanh-v1,413,Qualified,False,2026-08-11,1.3652344995,-1.40395908725,-0.926771428727,2.56292272515,75.4729479752,52.6820328618,57.2550427979,84.9276283349,75,53,57,85
1160,王宜民,2008,中信,A_WinsorizedBalanced-v0.1,B_QuadraticTanh-v1,233,Regular,False,2026-08-11,0.711344267713,-0.635917005108,-0.733379832806,0.257685127211,70.3243272161,59.891987491,59.0257390977,66.8841115226,70,60,59,67
1161,蔡建偉,2004,Lamigo,A_WinsorizedBalanced-v0.1,B_QuadraticTanh-v1,240,Regular,False,2026-08-11,-0.364656103125,-0.449671744976,0.0213499146652,0.856093587016,62.1943452286,61.4911041453,65.1539239038,71.4489754653,62,61,65,71
1161,蔡建偉,2005,Lamigo,A_WinsorizedBalanced-v0.1,B_QuadraticTanh-v1,224,Regular,False,2026-08-11,-0.0666243923925,0.971185731388,-0.13847270686,1.05681380036,64.5141212572,72.3505362246,63.9764438885,73.0249135688,65,72,64,73
1161,蔡建偉,2006,Lamigo,A_WinsorizedBalanced-v0.1,B_QuadraticTanh-v1,322,Qualified,False,2026-08-11,0.223282701902,0.405010456666,-0.00114325808347,-0.520438165195,66.6293576796,67.9854984407,64.9917667121,60.8926592475,67,68,65,61
1161,蔡建偉,2007,Lamigo,A_WinsorizedBalanced-v0.1,B_QuadraticTanh-v1,229,Regular,False,2026-08-11,-1.02849400812,1.17629958569,-0.315588710968,0.611460343802,56.3000549774,73.9702823868,62.592136107,69.555107955,56,74,63,70
1161,蔡建偉,2008,Lamigo,A_WinsorizedBalanced-v0.1,B_QuadraticTanh-v1,305,Regular,False,2026-08-11,0.270063081132,1.8253389793,0.00398398223226,-0.302459924854,66.9760030059,79.1460640597,65.0286918106,62.6975437499,67,79,65,63
1161,蔡建偉,2009,Lamigo,A_WinsorizedBalanced-v0.1,B_QuadraticTanh-v1,229,Regular,False,2026-08-11,-1.03266215249,1.64512764762,-0.0944348621699,-0.295372737775,56.2606258739,77.707864507,64.3076741903,62.7542627542,56,78,64,63
1161,蔡建偉,2010,Lamigo,A_WinsorizedBalanced-v0.1,B_QuadraticTanh-v1,186,Regular,False,2026-08-11,-0.523130684122,3.38587640002,0.908514281776,-0.899378204957,60.8696623053,90.9177719036,71.8588649706,57.5096459361,61,91,72,58
1161,蔡建偉,2011,Lamigo,A_WinsorizedBalanced-v0.1,B_QuadraticTanh-v1,356,Regular,False,2026-08-11,0.171573202067,0.3274535958,0.790342219129,-0.128754989331,66.2482535643,67.4036277146,70.9367452895,64.0499885016,66,67,71,64
1161,蔡建偉,2012,Lamigo,A_WinsorizedBalanced-v0.1,B_QuadraticTanh-v1,97,Provisional,False,2026-08-11,-1.95212813812,-0.0199488579732,-0.274335018011,0.672851223133,47.3767408423,64.8558118986,62.9218715456,70.0271851591,47,65,63,70
1161,蔡建偉,2014,Lamigo,A_WinsorizedBalanced-v0.1,B_QuadraticTanh-v1,90,Provisional,False,2026-08-11,-0.14397777476,0.649586480396,0.739399885985,0.057408834377,63.9346677667,69.8480178522,70.541431597,65.4148149559,64,70,71,65
1161,蔡建偉,2015,Lamigo,A_WinsorizedBalanced-v0.1,B_QuadraticTanh-v1,107,Provisional,False,2026-08-11,-0.729067522831,1.43766057282,0.0324347590072,-0.412355215228,59.0644624957,76.0507071612,65.2340015618,61.8019360392,59,76,65,62
1162,陳嘉宏,2004,中信,A_WinsorizedBalanced-v0.1,B_QuadraticTanh-v1,257,Regular,False,2026-08-11,-0.701907887511,-0.594868878511,1.61732238964,0.460410652109,59.3075240271,60.2509977718,77.4857326111,68.4038327057,59,60,77,68
1162,陳嘉宏,2005,中信,A_WinsorizedBalanced-v0.1,B_QuadraticTanh-v1,368,Qualified,False,2026-08-11,-0.0426033310411,-0.167135370517,0.74434021946,-0.485375884279,64.6907230053,63.758039076,70.5797070781,61.190617835,65,64,71,61
1162,陳嘉宏,2006,中信,A_WinsorizedBalanced-v0.1,B_QuadraticTanh-v1,231,Regular,False,2026-08-11,-0.526809300673,-1.12831923631,0.325862157852,-0.0392013686955,60.838216554,55.3500721467,67.3917353492,64.7156049585,61,55,67,65
1162,陳嘉宏,2007,中信,A_WinsorizedBalanced-v0.1,B_QuadraticTanh-v1,186,Regular,False,2026-08-11,-0.335484631777,-0.49696963607,1.03093937954,-0.248046879236,62.4315661899,61.092406481,72.8208378392,63.1297075796,62,61,73,63
1162,陳嘉宏,2008,中信,A_WinsorizedBalanced-v0.1,B_QuadraticTanh-v1,124,Provisional,False,2026-08-11,-0.746854352435,-0.98204324528,0.697150258436,-0.33758125646,58.9045135911,56.7379258472,70.2146586492,62.4145874003,59,57,70,62
1163,曾豪駒,2004,Lamigo,A_WinsorizedBalanced-v0.1,B_QuadraticTanh-v1,220,Regular,False,2026-08-11,-0.391993728325,-1.15111364323,-0.172139010753,0.43695041929,61.9701252741,55.1316272396,63.7196860804,68.2264138704,62,55,64,68
1163,曾豪駒,2005,Lamigo,A_WinsorizedBalanced-v0.1,B_QuadraticTanh-v1,215,Regular,False,2026-08-11,-0.534788343068,-0.841284798789,0.260183314399,-0.00980059237608,60.7699048305,58.0456360609,66.9026477764,64.9293013588,61,58,67,65
1163,曾豪駒,2006,Lamigo,A_WinsorizedBalanced-v0.1,B_QuadraticTanh-v1,187,Regular,False,2026-08-11,0.061289788389,1.00406912842,1.11399389803,0.343726342802,65.4429625655,72.6091758014,73.4767447821,67.5253401348,65,73,73,68
1163,曾豪駒,2007,Lamigo,A_WinsorizedBalanced-v0.1,B_QuadraticTanh-v1,327,Qualified,False,2026-08-11,-0.604964528853,1.07038304359,0.220533467755,0.753215595884,60.1630319733,73.1320338234,66.6090404637,70.648503182,60,73,67,71
1163,曾豪駒,2008,Lamigo,A_WinsorizedBalanced-v0.1,B_QuadraticTanh-v1,263,Regular,False,2026-08-11,0.281567734088,0.204381947888,0.859916199145,-0.270408654203,67.0615198722,66.4898027557,71.4788213236,62.9530271968,67,66,71,63
1163,曾豪駒,2009,Lamigo,A_WinsorizedBalanced-v0.1,B_QuadraticTanh-v1,256,Regular,False,2026-08-11,-1.07659783547,0.457778525827,1.27516300609,-0.501967814524,55.8437099984,68.3839078239,74.7555995842,61.0499711154,56,68,75,61
1163,曾豪駒,2010,Lamigo,A_WinsorizedBalanced-v0.1,B_QuadraticTanh-v1,221,Regular,False,2026-08-11,0.214246308709,1.85278665801,1.54286937114,-1.02068779007,66.5626005793,79.3647255379,76.8908976376,56.3738392786,67,79,77,56
1163,曾豪駒,2011,Lamigo,A_WinsorizedBalanced-v0.1,B_QuadraticTanh-v1,347,Regular,False,2026-08-11,-0.996786306942,1.52016488588,1.09625838871,-0.360510592152,56.5992615532,76.7095233864,73.3364813888,62.2281853557,57,77,73,62
1163,曾豪駒,2012,Lamigo,A_WinsorizedBalanced-v0.1,B_QuadraticTanh-v1,108,Provisional,False,2026-08-11,-0.50294625985,0.0196415182063,0.218693140086,-0.375861622779,61.0416572423,65.141592069,66.5954436194,62.1026611281,61,65,67,62
1163,曾豪駒,2013,Lamigo,A_WinsorizedBalanced-v0.1,B_QuadraticTanh-v1,122,Provisional,False,2026-08-11,-0.93811167643,-0.516227677078,1.83686596088,-0.269266590335,57.1493081326,60.928588304,79.2379103604,62.9620819973,57,61,79,63
1164,林智勝,2004,Lamigo,A_WinsorizedBalanced-v0.1,B_QuadraticTanh-v1,245,Regular,False,2026-08-11,1.21380342481,0.217180520079,2.70058646518,2.12644229827,74.2679005075,66.5842700298,85.9727119374,81.5343347052,74,67,86,82
1164,林智勝,2005,Lamigo,A_WinsorizedBalanced-v0.1,B_QuadraticTanh-v1,343,Qualified,False,2026-08-11,-0.364893189805,0.140202400676,2.60401110586,0.982640011554,62.1924085853,66.0181290275,85.2410356136,72.4405783523,62,66,85,72
1164,林智勝,2006,Lamigo,A_WinsorizedBalanced-v0.1,B_QuadraticTanh-v1,426,Qualified,False,2026-08-11,0.508884875034,0.572343943683,1.82805137326,2.06115274973,68.7716357329,69.2555320772,79.1676783681,81.0188240416,69,69,79,81
1164,林智勝,2007,Lamigo,A_WinsorizedBalanced-v0.1,B_QuadraticTanh-v1,331,Qualified,False,2026-08-11,0.500372483641,1.17359164792,2.75832302168,0.261191449283,68.7069303739,73.9488081274,86.4066147544,66.9101294231,69,74,86,67
1164,林智勝,2008,Lamigo,A_WinsorizedBalanced-v0.1,B_QuadraticTanh-v1,344,Qualified,False,2026-08-11,-0.169680915577,1.15851256562,1.90512441222,1.75206567528,63.7385357954,73.8292679503,79.7812563919,78.5617346586,64,74,80,79
1164,林智勝,2009,Lamigo,A_WinsorizedBalanced-v0.1,B_QuadraticTanh-v1,475,Qualified,False,2026-08-11,0.193198056716,-0.22857508107,4.9539303512,0.821038167327,66.4073633572,63.2824948122,99.9701360754,71.1756076382,66,63,100,71
1164,林智勝,2010,Lamigo,A_WinsorizedBalanced-v0.1,B_QuadraticTanh-v1,497,Qualified,False,2026-08-11,0.0231844805631,0.543231030114,4.75551023905,0.380479677416,65.1671693751,69.0332065074,99.0241956029,67.8009721357,65,69,99,68
1164,林智勝,2011,Lamigo,A_WinsorizedBalanced-v0.1,B_QuadraticTanh-v1,410,Qualified,False,2026-08-11,0.550951872564,-0.524131474531,3.27617538786,0.862896116545,69.0921140856,60.8611103216,90.1594491029,71.5020925597,69,61,90,72
1164,林智勝,2012,Lamigo,A_WinsorizedBalanced-v0.1,B_QuadraticTanh-v1,429,Qualified,False,2026-08-11,-0.359048198172,1.84422813119,4.09699803447,1.15332508929,62.2401128288,79.2965591141,95.460584993,73.7881594024,62,79,95,74
1164,林智勝,2013,Lamigo,A_WinsorizedBalanced-v0.1,B_QuadraticTanh-v1,193,Regular,False,2026-08-11,0.900782418177,1.93289508304,2.17519155384,1.81472864886,71.7983272668,80.0020182472,81.918161046,79.0615011808,72,80,82,79
1164,林智勝,2014,Lamigo,A_WinsorizedBalanced-v0.1,B_QuadraticTanh-v1,441,Qualified,False,2026-08-11,-0.438839144016,1.11755866942,2.1905836514,1.32897322227,61.581677883,73.504949648,82.039141967,75.1839748669,62,74,82,75
1164,林智勝,2015,Lamigo,A_WinsorizedBalanced-v0.1,B_QuadraticTanh-v1,495,Qualified,False,2026-08-11,0.819764423527,2.67249123973,3.59091879821,3.47931445713,71.1656863293,85.760598563,92.2961389697,91.5523624603,71,86,92,92
1164,林智勝,2016,中信兄弟,A_WinsorizedBalanced-v0.1,B_QuadraticTanh-v1,474,Qualified,False,2026-08-11,0.482124948553,1.38346163165,2.83176782294,0.249478525514,68.5683918143,75.6182831327,86.9545192327,66.8232545005,69,76,87,67
1164,林智勝,2017,中信兄弟,A_WinsorizedBalanced-v0.1,B_QuadraticTanh-v1,244,Regular,False,2026-08-11,-0.538270785086,1.76029239121,1.66813385784,0.293135374917,60.7400454387,78.6273772673,77.891633617,67.1476097279,61,79,78,67
1164,林智勝,2018,中信兄弟,A_WinsorizedBalanced-v0.1,B_QuadraticTanh-v1,177,Regular,False,2026-08-11,-0.260813901147,-0.186110941503,0.897477021258,-0.817419030773,63.0289940002,63.6122369706,71.7724555467,58.2641971971,63,64,72,58
1164,林智勝,2019,中信兄弟,A_WinsorizedBalanced-v0.1,B_QuadraticTanh-v1,431,Qualified,False,2026-08-11,-0.857892441633,0.114859159341,2.37420942672,-0.766019470621,57.8929734791,65.8328275231,83.4736152784,58.7315042752,58,66,83,59
1164,林智勝,2020,中信兄弟,A_WinsorizedBalanced-v0.1,B_QuadraticTanh-v1,141,Provisional,False,2026-08-11,-0.756624362547,3.30375873565,0.0678686154424,-0.646961671113,58.8164022832,90.3514404889,65.4907073468,59.7947861458,59,90,65,60
1164,林智勝,2021,中信兄弟,A_WinsorizedBalanced-v0.1,B_QuadraticTanh-v1,76,Provisional,False,2026-08-11,-1.17435296093,0.528664921247,1.55031112488,-0.204303022815,54.9084020729,68.9221789029,76.9503498379,63.4715553434,55,69,77,63
1164,林智勝,2022,味全龍,A_WinsorizedBalanced-v0.1,B_QuadraticTanh-v1,406,Qualified,False,2026-08-11,-0.073684381846,2.28698759991,1.87688177141,-1.63665475204,64.4619137068,82.7943850908,79.5565591351,50.4115412933,64,83,80,50
1164,林智勝,2023,味全龍,A_WinsorizedBalanced-v0.1,B_QuadraticTanh-v1,209,Regular,False,2026-08-11,-1.21101217256,0.605405302399,0.293266162182,-0.880279497049,54.5552910499,69.5086717761,67.1485836841,57.6864624938,55,70,67,58
1164,林智勝,2024,味全龍,A_WinsorizedBalanced-v0.1,B_QuadraticTanh-v1,73,Provisional,False,2026-08-11,-0.413661649345,-0.0110732158318,0.756803773577,-0.16264610467,61.791110379,64.9201013223,70.6763285951,63.7923923352,62,65,71,64
1164,林智勝,2025,味全龍,A_WinsorizedBalanced-v0.1,B_QuadraticTanh-v1,70,Provisional,False,2026-08-11,-0.836507316691,0.841294247253,0.0802077787633,0.264108981331,58.089466055,71.3334936246,65.5803588065,66.9317857793,58,71,66,67
1165,鄧蒔陽,2004,誠泰,A_WinsorizedBalanced-v0.1,B_QuadraticTanh-v1,204,Regular,False,2026-08-11,0.501847737577,-0.55806999764,-0.590474394809,-1.07835576974,68.7181407156,60.5697675405,60.2892195898,55.826980756,69,61,60,56
1165,鄧蒔陽,2005,誠泰,A_WinsorizedBalanced-v0.1,B_QuadraticTanh-v1,363,Qualified,False,2026-08-11,1.79592267948,-0.124862318906,-0.489322072546,-0.290640499109,78.9115749061,64.0793768726,61.1572242868,62.7920636451,79,64,61,63
1165,鄧蒔陽,2006,誠泰,A_WinsorizedBalanced-v0.1,B_QuadraticTanh-v1,263,Regular,False,2026-08-11,0.761501779181,-1.21239233268,-0.435815505723,-0.162820641259,70.7127710087,54.5419749504,61.606909386,63.791057736,71,55,62,64
1165,鄧蒔陽,2007,誠泰,A_WinsorizedBalanced-v0.1,B_QuadraticTanh-v1,300,Regular,False,2026-08-11,0.816167184176,0.584317528705,1.21797565666,0.287329520869,71.1376715401,69.3471294811,74.3010331341,67.1043877285,71,69,74,67
1165,鄧蒔陽,2008,米迪亞,A_WinsorizedBalanced-v0.1,B_QuadraticTanh-v1,227,Regular,False,2026-08-11,0.166216142163,-0.584775237792,0.0821322853306,-0.727549014914,66.2088977914,60.3387269689,65.5943534602,59.0780898203,66,60,66,59
1165,鄧蒔陽,2009,興農,A_WinsorizedBalanced-v0.1,B_QuadraticTanh-v1,261,Regular,False,2026-08-11,1.27461228933,-0.795503681532,-0.436533547583,-0.528067680871,74.7512184888,58.4640229415,61.6009194793,60.8274525871,75,58,62,61
1165,鄧蒔陽,2010,興農,A_WinsorizedBalanced-v0.1,B_QuadraticTanh-v1,127,Provisional,False,2026-08-11,0.655116800435,0.831470180759,-0.871186531644,-0.212180351291,69.8905788582,71.2568943381,57.7704399352,63.4103671561,70,71,58,63
1165,鄧蒔陽,2011,興農,A_WinsorizedBalanced-v0.1,B_QuadraticTanh-v1,61,Provisional,False,2026-08-11,-0.0852727228433,-0.37143346192,-0.125833097964,0.134493479637,64.3759225351,62.1389295749,64.0720516577,65.9763396341,64,62,64,66
1166,劉芙豪,2004,統一7-ELEVEn獅,A_WinsorizedBalanced-v0.1,B_QuadraticTanh-v1,67,Provisional,False,2026-08-11,-2.33649098077,-0.139726553804,1.10403643589,0.780496222266,43.8689750472,63.9669360578,73.3979821961,70.8602318047,44,64,73,71
1166,劉芙豪,2005,統一7-ELEVEn獅,A_WinsorizedBalanced-v0.1,B_QuadraticTanh-v1,264,Regular,False,2026-08-11,-0.608925661018,-0.910874269565,0.350195385592,3.00818842988,60.1284581899,57.402937926,67.5737812952,88.2506692042,60,57,68,88
1166,劉芙豪,2006,統一7-ELEVEn獅,A_WinsorizedBalanced-v0.1,B_QuadraticTanh-v1,331,Qualified,False,2026-08-11,-0.303100868912,1.85120645034,1.39306091839,0.456618835471,62.6924079422,79.3521406516,75.6948430783,68.3751306501,63,79,76,68
1166,劉芙豪,2007,統一7-ELEVEn獅,A_WinsorizedBalanced-v0.1,B_QuadraticTanh-v1,360,Qualified,False,2026-08-11,0.764518533925,0.129251504794,1.21431045484,0.71191578111,70.7361782565,65.9379926297,74.2719267067,70.3287453664,71,66,74,70
1166,劉芙豪,2008,統一7-ELEVEn獅,A_WinsorizedBalanced-v0.1,B_QuadraticTanh-v1,358,Qualified,False,2026-08-11,-1.59273919858,0.893082041053,1.22336264701,-0.728238986435,50.839446811,71.7380633283,74.3438190222,59.0718984573,51,72,74,59
1166,劉芙豪,2009,統一7-ELEVEn獅,A_WinsorizedBalanced-v0.1,B_QuadraticTanh-v1,348,Regular,False,2026-08-11,-0.77428531771,1.82291094525,1.62776391733,-0.167927294949,58.6566759965,79.1267146527,77.5691511884,63.7519734228,59,79,78,64
1166,劉芙豪,2010,統一7-ELEVEn獅,A_WinsorizedBalanced-v0.1,B_QuadraticTanh-v1,495,Qualified,False,2026-08-11,0.0311445391455,1.40771017706,1.83856447356,3.09392770111,65.224675307,75.8117036245,79.2514419915,88.8696410238,65,76,79,89
1166,劉芙豪,2011,統一7-ELEVEn獅,A_WinsorizedBalanced-v0.1,B_QuadraticTanh-v1,522,Qualified,False,2026-08-11,0.358425079194,0.982303642928,1.59163977321,3.23827672628,67.6354520575,72.4379333897,77.2805426807,89.8942458443,68,72,77,90
1166,劉芙豪,2012,統一7-ELEVEn獅,A_WinsorizedBalanced-v0.1,B_QuadraticTanh-v1,433,Qualified,False,2026-08-11,-0.471092960177,1.57007861052,0.189621673897,2.131579818,61.3111809926,77.1082785743,66.3810226107,81.5748305698,61,77,66,82
1166,劉芙豪,2013,統一7-ELEVEn獅,A_WinsorizedBalanced-v0.1,B_QuadraticTanh-v1,253,Regular,False,2026-08-11,-0.193919634309,2.66544497933,0.108260430925,0.257709103648,63.5519589283,85.7073034657,65.7846697056,66.8842894013,64,86,66,67
1166,劉芙豪,2014,統一7-ELEVEn獅,A_WinsorizedBalanced-v0.1,B_QuadraticTanh-v1,466,Qualified,False,2026-08-11,-0.217517115794,1.0117533666,1.78481004297,0.798354665523,63.3688201293,72.6696774217,78.822956396,70.9990477041,63,73,79,71
1166,劉芙豪,2015,統一7-ELEVEn獅,A_WinsorizedBalanced-v0.1,B_QuadraticTanh-v1,266,Regular,False,2026-08-11,-0.978101074548,1.88665577666,2.20769409114,-0.196033760215,56.7749528869,79.6343406226,82.1735060223,63.5356113951,57,80,82,64
1166,劉芙豪,2016,統一7-ELEVEn獅,A_WinsorizedBalanced-v0.1,B_QuadraticTanh-v1,229,Regular,False,2026-08-11,-0.811200600086,2.52613005313,1.47005536381,-0.0820869647064,58.3209832853,84.6459736796,76.3093231604,64.3995991802,58,85,76,64
1166,劉芙豪,2017,統一7-ELEVEn獅,A_WinsorizedBalanced-v0.1,B_QuadraticTanh-v1,97,Provisional,False,2026-08-11,-0.796347755205,0.0944270453773,-0.163899774621,0.0512025268529,58.4563423729,65.6838344906,63.7828042974,65.369829631,58,66,64,65
1167,張民諺,2004,Lamigo,A_WinsorizedBalanced-v0.1,B_QuadraticTanh-v1,110,Provisional,False,2026-08-11,-0.267366222159,-1.0540822144,-0.667045786743,-0.113879243672,62.9771415171,56.0576577146,59.6173875445,64.1620737141,63,56,60,64
1167,張民諺,2005,Lamigo,A_WinsorizedBalanced-v0.1,B_QuadraticTanh-v1,250,Regular,False,2026-08-11,-0.362107614953,-0.955284361061,-0.523421554562,0.0339070972898,62.2151537757,56.988830595,60.8671769841,65.2446460512,62,57,61,65
1167,張民諺,2010,Lamigo,A_WinsorizedBalanced-v0.1,B_QuadraticTanh-v1,156,Regular,False,2026-08-11,-1.13291115392,-0.665075540212,-0.927115210021,-0.583604973738,55.3061084239,59.6348267242,57.2518402718,60.3488841081,55,60,57,60
1167,張民諺,2011,兄弟,A_WinsorizedBalanced-v0.1,B_QuadraticTanh-v1,232,Regular,False,2026-08-11,-1.26617368437,-1.18422233412,0.113985348035,-0.631449427368,54.02195661,54.8134520055,65.8264482657,59.931233509,54,55,66,60
1167,張民諺,2012,兄弟,A_WinsorizedBalanced-v0.1,B_QuadraticTanh-v1,306,Regular,False,2026-08-11,0.126011211476,-1.6807116615,0.587203519972,-0.0109112503888,65.9143003514,49.9830700006,69.3692208969,64.9212724524,66,50,69,65
1167,張民諺,2013,兄弟,A_WinsorizedBalanced-v0.1,B_QuadraticTanh-v1,219,Regular,False,2026-08-11,-1.47409006636,0.778854134642,0.989001163906,-0.715823212745,51.9975933793,70.84747608,72.49060658,59.1831695157,52,71,72,59
1167,張民諺,2014,中信兄弟,A_WinsorizedBalanced-v0.1,B_QuadraticTanh-v1,53,Provisional,False,2026-08-11,-0.0466672119039,-0.060996306916,-0.145130952087,-0.0477500344593,64.6609577196,64.5556416982,63.9259063308,64.6530190278,65,65,64,65
1168,張建銘,2004,興農,A_WinsorizedBalanced-v0.1,B_QuadraticTanh-v1,149,Provisional,False,2026-08-11,0.960668747936,-0.85606480574,-0.119610004598,0.138036471442,72.2679101534,57.9097962519,64.1189649528,66.0022711422,72,58,64,66
1168,張建銘,2005,興農,A_WinsorizedBalanced-v0.1,B_QuadraticTanh-v1,429,Qualified,False,2026-08-11,1.27341737016,-1.02489172068,-0.258778778725,3.50421844963,74.7417128229,56.3341134734,63.0450765428,91.7196905926,75,56,63,92
1168,張建銘,2006,興農,A_WinsorizedBalanced-v0.1,B_QuadraticTanh-v1,341,Qualified,False,2026-08-11,1.14180136475,-0.761113365968,-0.0669728428774,-0.309401338717,73.6968677098,58.7758582471,64.5115477396,62.6418674321,74,59,65,63
1168,張建銘,2007,興農,A_WinsorizedBalanced-v0.1,B_QuadraticTanh-v1,75,Provisional,False,2026-08-11,0.308826437983,-0.273274096944,1.40622673335,-0.221559726382,67.2645540186,62.9302938593,75.7998685746,63.3372982629,67,63,76,63
1168,張建銘,2008,興農,A_WinsorizedBalanced-v0.1,B_QuadraticTanh-v1,367,Qualified,False,2026-08-11,0.309091292627,-1.01844224179,-0.526519664862,0.722040393067,67.2665295982,56.395049652,60.840693543,70.4070455256,67,56,61,70
1168,張建銘,2009,興農,A_WinsorizedBalanced-v0.1,B_QuadraticTanh-v1,500,Qualified,False,2026-08-11,1.47946783123,-0.460900625455,0.281711983125,0.0513542745438,76.3844827172,61.3969239871,67.0625927713,65.3709291431,76,61,67,65
1168,張建銘,2010,興農,A_WinsorizedBalanced-v0.1,B_QuadraticTanh-v1,469,Qualified,False,2026-08-11,1.63582894434,-1.19213689426,-0.815733331046,-1.17873774069,77.6335814621,54.7372465502,58.2795975174,54.8662282539,78,55,58,55
1168,張建銘,2011,興農,A_WinsorizedBalanced-v0.1,B_QuadraticTanh-v1,487,Qualified,False,2026-08-11,1.71881965093,-0.961951529751,-0.357223039713,-0.67715585793,78.2963795746,56.9264109212,62.2549916115,59.5277770286,78,57,62,60
1168,張建銘,2012,興農,A_WinsorizedBalanced-v0.1,B_QuadraticTanh-v1,331,Regular,False,2026-08-11,1.03929661187,-0.846973720207,1.23897670469,-1.12715953473,72.8867255426,57.9933938572,74.4678739145,55.3611718989,73,58,74,55
1168,張建銘,2013,義大,A_WinsorizedBalanced-v0.1,B_QuadraticTanh-v1,436,Qualified,False,2026-08-11,0.207335808314,-0.830474680076,6.03063824875e-05,-0.934284298507,66.5115935594,58.1447556211,65.0004342076,57.1850154902,67,58,65,57
1168,張建銘,2014,義大,A_WinsorizedBalanced-v0.1,B_QuadraticTanh-v1,484,Qualified,False,2026-08-11,1.51760281009,-0.622233212558,-0.833779972295,-1.0496770179,76.6890576875,60.0120626123,58.1144700763,56.0994458078,77,60,58,56
1168,張建銘,2015,義大,A_WinsorizedBalanced-v0.1,B_QuadraticTanh-v1,499,Qualified,False,2026-08-11,1.33434245373,-0.509476258892,0.510260885138,-0.749964105671,75.226749073,60.9861155776,68.78209983,58.8764875365,75,61,69,59
1168,張建銘,2016,義大,A_WinsorizedBalanced-v0.1,B_QuadraticTanh-v1,235,Regular,False,2026-08-11,-0.144022265528,-1.45798725423,-0.156714425144,-0.860158617388,63.934329808,52.1548130567,63.8377005109,57.8721064014,64,52,64,58
1168,張建銘,2017,富邦悍將,A_WinsorizedBalanced-v0.1,B_QuadraticTanh-v1,286,Regular,False,2026-08-11,0.475815837135,-0.950575784955,-0.394584634154,-1.38022836433,68.5205452241,57.0328747909,61.9487799378,52.9133808265,69,57,62,53
1169,威力斯,2004,誠泰,A_WinsorizedBalanced-v0.1,B_QuadraticTanh-v1,139,Provisional,False,2026-08-11,0.868080908148,1.2369859457,2.89891741204,-0.887476843515,71.5425926182,74.4520538425,87.4512927959,57.6198973798,72,74,87,58
1170,陳元甲,2004,誠泰,A_WinsorizedBalanced-v0.1,B_QuadraticTanh-v1,116,Provisional,False,2026-08-11,-0.173637659013,-1.12199136259,1.7914524488,-0.535424957049,63.7081858847,55.4106207174,78.8759289326,60.7644483626,64,55,79,61
1170,陳元甲,2005,誠泰,A_WinsorizedBalanced-v0.1,B_QuadraticTanh-v1,225,Regular,False,2026-08-11,0.285613854289,-0.607972856183,-0.204816023022,-0.139907185414,67.0916204003,60.1367775689,63.4675755366,63.9655659915,67,60,63,64
1170,陳元甲,2007,誠泰,A_WinsorizedBalanced-v0.1,B_QuadraticTanh-v1,141,Provisional,False,2026-08-11,-0.404184755513,-1.21549207269,0.39293564132,0.997396959713,61.8695462708,54.5120623765,67.8946136432,72.5566615811,62,55,68,73
1170,陳元甲,2008,米迪亞,A_WinsorizedBalanced-v0.1,B_QuadraticTanh-v1,301,Regular,False,2026-08-11,-0.382699354501,-1.22307679289,0.203718274347,0.603697889584,62.046562565,54.4388375222,66.4849077792,69.4955817554,62,54,66,69
1171,陳克帆,2004,誠泰,A_WinsorizedBalanced-v0.1,B_QuadraticTanh-v1,123,Provisional,False,2026-08-11,0.0733231215147,0.0834187818967,0.118586764059,-0.64259743049,65.5303212478,65.6037104184,65.8600482293,59.8332249416,66,66,66,60
1171,陳克帆,2005,誠泰,A_WinsorizedBalanced-v0.1,B_QuadraticTanh-v1,124,Provisional,False,2026-08-11,-0.565636945778,1.57534494153,-0.689059999315,-0.0753577550425,60.5044606679,77.1503539823,59.4220015049,64.4495192536,61,77,59,64
1171,陳克帆,2006,誠泰,A_WinsorizedBalanced-v0.1,B_QuadraticTanh-v1,76,Provisional,False,2026-08-11,-0.499671096497,-1.3282036779,-0.184098188581,-0.143502747535,61.0694777569,53.4198435916,63.6277478355,63.9382758137,61,53,64,64
1171,陳克帆,2007,誠泰,A_WinsorizedBalanced-v0.1,B_QuadraticTanh-v1,199,Regular,False,2026-08-11,-0.0488599903006,-0.282404559953,0.0784776411963,0.120094089649,64.6448780389,62.8577152394,65.5677803171,65.8710587949,65,63,66,66
1171,陳克帆,2008,米迪亞,A_WinsorizedBalanced-v0.1,B_QuadraticTanh-v1,337,Qualified,False,2026-08-11,1.14122828108,0.00970858450623,-0.346008479942,-1.06544943314,73.6923287584,65.0699441676,62.3462314213,55.9497192068,74,65,62,56
1172,葉長龍,2006,中信,A_WinsorizedBalanced-v0.1,B_QuadraticTanh-v1,126,Provisional,False,2026-08-11,0.117887586387,-0.0497421169135,-0.676559111271,-0.383565806458,65.8549416031,64.6384056345,59.5330720113,62.0394457698,66,65,60,62
1172,葉長龍,2007,中信,A_WinsorizedBalanced-v0.1,B_QuadraticTanh-v1,154,Regular,False,2026-08-11,-0.763882602442,-0.717529048261,-0.129674430218,0.525758750347,58.7508282497,59.1678993394,64.0430410323,68.9000440011,59,59,64,69
1172,葉長龍,2008,中信,A_WinsorizedBalanced-v0.1,B_QuadraticTanh-v1,99,Provisional,False,2026-08-11,-0.151688352721,-0.435837238843,-0.682442782185,-0.275942177968,63.8760173868,61.6067281063,59.480834485,62.9091072943,64,62,59,63
1173,余進德,2007,Lamigo,A_WinsorizedBalanced-v0.1,B_QuadraticTanh-v1,208,Regular,False,2026-08-11,-0.221134460475,-0.382672529963,-1.07372213868,1.30911287985,63.3406162553,62.0467828649,55.8710686355,75.0258028408,63,62,56,75
1173,余進德,2008,Lamigo,A_WinsorizedBalanced-v0.1,B_QuadraticTanh-v1,242,Regular,False,2026-08-11,0.554695373352,-0.282454141032,-0.59622910068,0.834269580811,69.1206898824,62.8573205314,60.239158571,71.2787166673,69,63,60,71
1173,余進德,2009,Lamigo,A_WinsorizedBalanced-v0.1,B_QuadraticTanh-v1,131,Provisional,False,2026-08-11,0.306491914483,0.111354704942,-0.00603991198438,-0.473089781028,67.2471429004,65.8072472094,64.9564615834,61.2943542585,67,66,65,61
1173,余進德,2010,Lamigo,A_WinsorizedBalanced-v0.1,B_QuadraticTanh-v1,240,Regular,False,2026-08-11,0.382523714398,-0.28868964831,0.147919206895,0.0593508842594,67.8163309597,62.8076302753,66.0746599617,65.4288985161,68,63,66,65
1174,汪天祥,2004,誠泰,A_WinsorizedBalanced-v0.1,B_QuadraticTanh-v1,51,Provisional,False,2026-08-11,-0.407445035396,-0.0988568451571,-0.178782226375,-0.0920136706794,61.8425869602,64.2746528392,63.6686623168,64.3257318822,62,64,64,64
1175,王信民,2005,中信,A_WinsorizedBalanced-v0.1,B_QuadraticTanh-v1,150,Regular,False,2026-08-11,-0.722496375341,-0.57396138274,0.864101601704,-0.147961157638,59.1234011032,60.4324709744,71.5115078372,63.9043882294,59,60,72,64
1175,王信民,2006,中信,A_WinsorizedBalanced-v0.1,B_QuadraticTanh-v1,294,Regular,False,2026-08-11,1.26901947003,-1.13297607503,-0.0833140528448,-0.826204980222,74.7067299212,55.3054867056,64.3904827238,58.183850024,75,55,64,58
1175,王信民,2007,中信,A_WinsorizedBalanced-v0.1,B_QuadraticTanh-v1,280,Regular,False,2026-08-11,-0.080257688061,0.951308738385,-0.19742857851,0.737812450341,64.4131818263,72.1944130006,63.5248194367,70.5291357212,64,72,64,71
1175,王信民,2008,中信,A_WinsorizedBalanced-v0.1,B_QuadraticTanh-v1,200,Regular,False,2026-08-11,0.907142217375,-0.479430799223,-0.341526512824,0.30568065046,71.8481202134,61.2408583641,62.3826082453,67.2410933967,72,61,62,67
1175,王信民,2010,興農,A_WinsorizedBalanced-v0.1,B_QuadraticTanh-v1,225,Regular,False,2026-08-11,1.32734856431,1.00230541949,0.471695280092,0.209377908874,75.1710329861,72.5952925713,68.4893109287,66.5266624278,75,73,68,67
1175,王信民,2011,興農,A_WinsorizedBalanced-v0.1,B_QuadraticTanh-v1,219,Regular,False,2026-08-11,-0.331070913523,1.10945952245,-0.202669052512,-0.624474191812,62.467273105,73.4408742677,63.4842268911,59.9924249224,62,73,63,60
1175,王信民,2012,興農,A_WinsorizedBalanced-v0.1,B_QuadraticTanh-v1,223,Regular,False,2026-08-11,-0.0389659743726,-0.920679557859,-0.265835031999,-0.0548525931887,64.7173254449,57.3117625101,62.9892686907,64.6008663027,65,57,63,65
1176,索沙,2004,中信,A_WinsorizedBalanced-v0.1,B_QuadraticTanh-v1,71,Provisional,False,2026-08-11,-0.0480942719591,-0.496512366101,0.0780771829056,0.9796070271,64.6504945773,61.0962859128,65.5648692664,72.4167308014,65,61,66,72
1182,王世驊,2005,興農,A_WinsorizedBalanced-v0.1,B_QuadraticTanh-v1,89,Provisional,False,2026-08-11,0.474876350075,-0.996625827321,-0.259497688347,0.703736310393,68.5134227669,56.6007725187,63.0393965895,70.2655307598,69,57,63,70
1236,威納斯,2005,誠泰,A_WinsorizedBalanced-v0.1,B_QuadraticTanh-v1,391,Qualified,False,2026-08-11,2.19467780647,-0.423844391211,0.76891597165,-1.16126936651,82.0713042606,61.7065909572,70.7703071125,55.0341387465,82,62,71,55
1236,威納斯,2008,中信,A_WinsorizedBalanced-v0.1,B_QuadraticTanh-v1,258,Regular,False,2026-08-11,2.29996198977,-0.264408562988,1.732137652,-0.693560283715,82.895679691,63.0005610113,78.4026921636,59.3819401587,83,63,78,59
1236,威納斯,2009,興農,A_WinsorizedBalanced-v0.1,B_QuadraticTanh-v1,524,Qualified,False,2026-08-11,2.73959059304,-0.965982423046,0.75354272282,-1.03608948633,86.2661362394,56.8886418418,70.6510396786,56.2281881173,86,57,71,56
1236,威納斯,2010,興農,A_WinsorizedBalanced-v0.1,B_QuadraticTanh-v1,316,Regular,False,2026-08-11,0.499834733852,0.531343553325,0.523219686437,-0.507127130096,68.7028444229,68.9425857381,68.8807097945,61.0061075922,69,69,69,61
1237,許國隆,2005,興農,A_WinsorizedBalanced-v0.1,B_QuadraticTanh-v1,335,Qualified,False,2026-08-11,-0.200156285035,-0.615091934254,1.29664914309,-0.288203978113,63.5036997835,60.0745709821,74.9265778613,62.8115041203,64,60,75,63
1237,許國隆,2006,興農,A_WinsorizedBalanced-v0.1,B_QuadraticTanh-v1,345,Qualified,False,2026-08-11,0.225829968656,-0.647087096848,0.786955565337,-0.751161690667,66.6481877985,59.7936808556,70.9104217628,58.8656896894,67,60,71,59
1237,許國隆,2007,興農,A_WinsorizedBalanced-v0.1,B_QuadraticTanh-v1,395,Qualified,False,2026-08-11,0.00566593398746,-0.886626305509,0.479544516796,-1.33084152131,65.0408091598,57.6277679566,68.5488191918,53.3941923712,65,58,69,53
1237,許國隆,2008,興農,A_WinsorizedBalanced-v0.1,B_QuadraticTanh-v1,253,Regular,False,2026-08-11,-1.09386001132,-1.46901046959,0.0528655632007,-0.390863408927,55.6792833655,52.0471904002,65.381880533,61.9794323473,56,52,65,62
1237,許國隆,2009,興農,A_WinsorizedBalanced-v0.1,B_QuadraticTanh-v1,72,Provisional,False,2026-08-11,-0.113880186985,0.29273551087,0.658905013662,-0.144545718106,64.1620666256,67.1446320739,69.9197433075,63.930353181,64,67,70,64
1237,許國隆,2010,興農,A_WinsorizedBalanced-v0.1,B_QuadraticTanh-v1,378,Qualified,False,2026-08-11,1.00048967763,-1.09023186036,0.808150956629,-1.3268427315,72.5810010449,55.7138703719,71.0752660181,53.4330765435,73,56,71,53
1237,許國隆,2011,興農,A_WinsorizedBalanced-v0.1,B_QuadraticTanh-v1,283,Regular,False,2026-08-11,0.522453273124,-0.561574536109,0.286185864668,-0.439691671187,68.8748746357,60.5395371513,67.0958768245,61.5745598227,69,61,67,62
1237,許國隆,2012,興農,A_WinsorizedBalanced-v0.1,B_QuadraticTanh-v1,150,Regular,False,2026-08-11,0.624042502861,-1.07205882308,0.214353242214,-0.547849852696,69.6516736161,55.8868886062,66.5633901711,60.6577720664,70,56,67,61
1238,郭銘仁,2005,誠泰,A_WinsorizedBalanced-v0.1,B_QuadraticTanh-v1,320,Qualified,False,2026-08-11,-0.295409132441,-0.157102175869,-0.139362642754,-0.590272472296,62.7539718137,63.8347416251,63.9696960064,60.2909748473,63,64,64,60
1238,郭銘仁,2006,誠泰,A_WinsorizedBalanced-v0.1,B_QuadraticTanh-v1,309,Regular,False,2026-08-11,0.72929384608,-0.0583311130352,-0.675278957779,1.00318420282,70.4631766571,64.5752733101,59.5444285026,72.6022098578,70,65,60,73
1238,郭銘仁,2007,誠泰,A_WinsorizedBalanced-v0.1,B_QuadraticTanh-v1,463,Qualified,False,2026-08-11,0.534092074437,0.468976113497,-0.85048822283,0.0166861418554,68.9635299763,68.4687057987,57.9610924383,65.1202652273,69,68,58,65
1238,郭銘仁,2008,米迪亞,A_WinsorizedBalanced-v0.1,B_QuadraticTanh-v1,374,Qualified,False,2026-08-11,0.519927122644,1.85359432091,0.754749383702,-0.301136584328,68.8556443418,79.371157636,70.6603964625,62.7081442098,69,79,71,63
1239,高志綱,2005,統一7-ELEVEn獅,A_WinsorizedBalanced-v0.1,B_QuadraticTanh-v1,228,Regular,False,2026-08-11,0.31455702396,0.762322975185,-0.20686370943,0.119787489465,67.3073111732,70.7191422495,63.4516828502,65.8688190145,67,71,63,66
1239,高志綱,2006,統一7-ELEVEn獅,A_WinsorizedBalanced-v0.1,B_QuadraticTanh-v1,200,Regular,False,2026-08-11,1.75897457221,-0.0113906675292,0.0521153700351,-0.0954253122243,78.6168626887,64.9178056987,65.376444088,64.3002826084,79,65,65,64
1239,高志綱,2007,統一7-ELEVEn獅,A_WinsorizedBalanced-v0.1,B_QuadraticTanh-v1,338,Qualified,False,2026-08-11,1.14120974334,0.210281164749,0.090916593082,-0.986091211436,73.6921819371,66.5333287318,65.6582721325,56.699882754,74,67,66,57
1239,高志綱,2008,統一7-ELEVEn獅,A_WinsorizedBalanced-v0.1,B_QuadraticTanh-v1,254,Regular,False,2026-08-11,0.0431955389814,-0.262645195571,-0.424451894806,-0.810254755765,65.3118425233,63.0145130398,61.7015406375,58.3296147055,65,63,62,58
1239,高志綱,2009,統一7-ELEVEn獅,A_WinsorizedBalanced-v0.1,B_QuadraticTanh-v1,285,Regular,False,2026-08-11,1.0102133915,0.536145704516,1.20066273776,0.569010540936,72.6575506193,68.9791822907,74.16357707,69.230048083,73,69,74,69
1239,高志綱,2010,統一7-ELEVEn獅,A_WinsorizedBalanced-v0.1,B_QuadraticTanh-v1,287,Regular,False,2026-08-11,-0.404487168681,-0.138234245016,-0.295540249489,0.277285952397,61.8670466953,63.9782516468,62.7529236303,67.0296801752,62,64,63,67
1239,高志綱,2011,統一7-ELEVEn獅,A_WinsorizedBalanced-v0.1,B_QuadraticTanh-v1,233,Regular,False,2026-08-11,0.368373940474,0.901006136863,0.463487054985,1.58505130856,67.7100735348,71.8000785197,68.4271268634,77.2279036198,68,72,68,77
1239,高志綱,2012,統一7-ELEVEn獅,A_WinsorizedBalanced-v0.1,B_QuadraticTanh-v1,391,Qualified,False,2026-08-11,1.69991627788,-0.496451243166,-0.323166048541,0.00339751766654,78.1454523652,61.0968044371,62.5311008954,65.0244673192,78,61,63,65
1239,高志綱,2013,統一7-ELEVEn獅,A_WinsorizedBalanced-v0.1,B_QuadraticTanh-v1,316,Regular,False,2026-08-11,0.906778530375,0.110230942954,-0.374220645485,0.0102179100397,71.8452722919,65.7990466818,62.1161070359,65.0736158692,72,66,62,65
1239,高志綱,2014,統一7-ELEVEn獅,A_WinsorizedBalanced-v0.1,B_QuadraticTanh-v1,294,Regular,False,2026-08-11,0.597789567507,0.423514871454,-0.506344358835,-0.0940981690553,69.4502992518,68.1249832809,61.0127664847,64.3101862699,69,68,61,64
1239,高志綱,2015,統一7-ELEVEn獅,A_WinsorizedBalanced-v0.1,B_QuadraticTanh-v1,238,Regular,False,2026-08-11,-0.41710644783,-0.112338954142,-0.691989419365,-0.0915135652715,61.7625455923,64.1736450721,59.3959284948,64.3294597608,62,64,59,64
1239,高志綱,2016,統一7-ELEVEn獅,A_WinsorizedBalanced-v0.1,B_QuadraticTanh-v1,250,Regular,False,2026-08-11,0.276070738071,0.187875147147,-1.36166402856,-0.695133518554,67.0206463645,66.3681629398,53.0942314339,59.3679258142,67,66,53,59
1239,高志綱,2017,統一7-ELEVEn獅,A_WinsorizedBalanced-v0.1,B_QuadraticTanh-v1,213,Regular,False,2026-08-11,0.469096509434,-0.613251307466,-1.25320696147,0.214453521621,68.4696180186,60.0906647087,54.1475237712,66.5641306378,68,60,54,67
1239,高志綱,2018,統一7-ELEVEn獅,A_WinsorizedBalanced-v0.1,B_QuadraticTanh-v1,116,Provisional,False,2026-08-11,0.832641939114,0.305655586044,-0.830839932377,0.295310313506,71.2660281397,67.2409065023,58.141409828,67.1638079525,71,67,58,67
1240,郭岱琦,2005,統一7-ELEVEn獅,A_WinsorizedBalanced-v0.1,B_QuadraticTanh-v1,118,Provisional,False,2026-08-11,-1.49074280244,1.01303436896,-0.144015995284,-0.373873752321,51.8349867707,72.679765603,63.9343774381,62.1189485745,52,73,64,62
1240,郭岱琦,2006,統一7-ELEVEn獅,A_WinsorizedBalanced-v0.1,B_QuadraticTanh-v1,329,Qualified,False,2026-08-11,-0.615634648122,0.746358632132,1.01427637204,-0.819234595751,60.0698243329,70.5953486984,72.689547266,58.2476049066,60,71,73,58
1240,郭岱琦,2007,統一7-ELEVEn獅,A_WinsorizedBalanced-v0.1,B_QuadraticTanh-v1,201,Regular,False,2026-08-11,-1.23760886926,0.0468676394987,1.15077553016,-0.699593763206,54.2984174113,65.3384290827,73.7679581728,59.3281674503,54,65,74,59
1240,郭岱琦,2008,統一7-ELEVEn獅,A_WinsorizedBalanced-v0.1,B_QuadraticTanh-v1,254,Regular,False,2026-08-11,-1.24015232218,0.410624484053,1.56773800955,-0.442715702929,54.2738243801,68.0277903392,77.0895784175,61.5492971374,54,68,77,62
1240,郭岱琦,2009,統一7-ELEVEn獅,A_WinsorizedBalanced-v0.1,B_QuadraticTanh-v1,232,Regular,False,2026-08-11,0.316246060667,1.46832420824,1.51413168618,-0.617414341528,67.3199182763,76.2955004817,76.6613310886,60.0542545209,67,76,77,60
1240,郭岱琦,2010,統一7-ELEVEn獅,A_WinsorizedBalanced-v0.1,B_QuadraticTanh-v1,346,Regular,False,2026-08-11,0.926540353255,0.13552845704,2.44243823246,-0.807412498752,72.0001074661,65.9839136366,84.0019187244,58.3555426088,72,66,84,58
1240,郭岱琦,2011,統一7-ELEVEn獅,A_WinsorizedBalanced-v0.1,B_QuadraticTanh-v1,252,Regular,False,2026-08-11,-1.19006333921,0.197839541198,2.13738641847,-0.326885019099,54.7572170572,66.4415644868,81.6205877118,62.5010916883,55,66,82,63
1240,郭岱琦,2012,統一7-ELEVEn獅,A_WinsorizedBalanced-v0.1,B_QuadraticTanh-v1,247,Regular,False,2026-08-11,-0.0281042050339,0.508117456462,1.14055606163,0.870111635536,64.7965462305,68.7658003276,73.687004758,71.5584587835,65,69,74,72
1240,郭岱琦,2013,統一7-ELEVEn獅,A_WinsorizedBalanced-v0.1,B_QuadraticTanh-v1,128,Provisional,False,2026-08-11,-1.14201432014,2.55246274981,0.978589403375,-0.149296196869,55.2188904026,84.8476510988,72.4087303408,63.8942304126,55,85,72,64
1240,郭岱琦,2014,統一7-ELEVEn獅,A_WinsorizedBalanced-v0.1,B_QuadraticTanh-v1,228,Regular,False,2026-08-11,-1.42998917962,1.62935955346,1.04196481953,-0.956871616987,52.4280951863,77.5818986473,72.9077669622,56.9739761136,52,78,73,57
1240,郭岱琦,2015,統一7-ELEVEn獅,A_WinsorizedBalanced-v0.1,B_QuadraticTanh-v1,156,Regular,False,2026-08-11,-1.62809195736,-0.529553703402,0.908709721734,-0.141000023221,50.4949202625,60.8147368101,71.8603955476,63.9572750857,50,61,72,64
1241,羅德里茲,2005,Lamigo,A_WinsorizedBalanced-v0.1,B_QuadraticTanh-v1,319,Qualified,False,2026-08-11,2.18573041363,-0.872553587774,2.30195765669,-1.25481864207,82.0010069918,57.7578231562,82.9112526644,54.1319228078,82,58,83,54
1242,余賢明,2005,興農,A_WinsorizedBalanced-v0.1,B_QuadraticTanh-v1,213,Regular,False,2026-08-11,0.240240740623,-0.0118992170357,-0.18083067995,2.59979429015,66.7548150424,64.9141275817,63.6529052443,85.2089275716,67,65,64,85
1242,余賢明,2006,興農,A_WinsorizedBalanced-v0.1,B_QuadraticTanh-v1,360,Qualified,False,2026-08-11,1.41198856155,0.310241451737,-0.510689581574,5.81170480643,75.845838522,67.2751093888,60.9757847891,103.39195376,76,67,61,103
1242,余賢明,2007,興農,A_WinsorizedBalanced-v0.1,B_QuadraticTanh-v1,358,Qualified,False,2026-08-11,-1.0429957719,0.146033377354,-0.650686645808,1.42377697605,56.1627793989,66.060840319,59.7619467041,75.9399034078,56,66,60,76
1242,余賢明,2008,興農,A_WinsorizedBalanced-v0.1,B_QuadraticTanh-v1,189,Regular,False,2026-08-11,0.38493823917,-0.376503632422,-0.890282600822,0.770557762204,67.8344775926,62.0973987991,57.5939257206,70.7830518369,68,62,58,71
1242,余賢明,2009,興農,A_WinsorizedBalanced-v0.1,B_QuadraticTanh-v1,136,Provisional,False,2026-08-11,-0.391218768482,0.705991525795,-0.722731337617,1.9160447851,61.9765066456,70.2829562583,59.1212950875,79.868089694,62,70,59,80
1242,余賢明,2010,興農,A_WinsorizedBalanced-v0.1,B_QuadraticTanh-v1,249,Regular,False,2026-08-11,1.02862136422,1.11278852648,0.254719236807,2.33190609693,72.8025674656,73.4672086812,66.8621114151,83.144699024,73,73,67,83
1242,余賢明,2011,興農,A_WinsorizedBalanced-v0.1,B_QuadraticTanh-v1,298,Regular,False,2026-08-11,0.165737606979,-0.00983412904086,-0.142080867423,2.48735680599,66.2053833857,64.9290589739,63.9490719994,84.3481603568,66,65,64,84
1242,余賢明,2012,興農,A_WinsorizedBalanced-v0.1,B_QuadraticTanh-v1,290,Regular,False,2026-08-11,0.984384171109,0.41115895628,-0.405603197848,1.82820648862,72.4542939173,68.0318178478,61.8578203126,79.1689144002,72,68,62,79
1243,馬力歐,2005,誠泰,A_WinsorizedBalanced-v0.1,B_QuadraticTanh-v1,258,Regular,False,2026-08-11,-0.648822941155,2.11613049566,3.98351411315,-0.14257233778,59.7783807297,81.4530218484,94.7819232895,63.9453409337,60,81,95,64
1244,王建強,2005,Lamigo,A_WinsorizedBalanced-v0.1,B_QuadraticTanh-v1,227,Regular,False,2026-08-11,0.332954150545,-0.936468942481,0.494008533714,-0.603918340191,67.4447467025,57.1646366179,68.6585882147,60.172157793,67,57,69,60
1245,張家源,2005,統一7-ELEVEn獅,A_WinsorizedBalanced-v0.1,B_QuadraticTanh-v1,130,Provisional,False,2026-08-11,-0.316567728379,-0.103944613675,-0.4974655782,-0.344202918414,62.5842583181,64.2365936029,61.0881984148,62.3608918714,63,64,61,62
1245,張家源,2006,統一7-ELEVEn獅,A_WinsorizedBalanced-v0.1,B_QuadraticTanh-v1,81,Provisional,False,2026-08-11,-0.522253675797,-0.396954857652,-0.425882659542,-0.122671125251,60.8771546804,61.9292383732,61.6896428568,64.0959015815,61,62,62,64
1245,張家源,2008,中信,A_WinsorizedBalanced-v0.1,B_QuadraticTanh-v1,195,Regular,False,2026-08-11,0.0646057551509,0.85420859941,-0.201775115064,-0.377368944297,65.4670229251,71.4342606311,63.4911564459,62.0903045354,65,71,63,62
1246,施金典,2005,統一7-ELEVEn獅,A_WinsorizedBalanced-v0.1,B_QuadraticTanh-v1,130,Provisional,False,2026-08-11,0.511481559321,-0.76762326913,-0.494037012721,-0.484975790173,68.7913837208,58.7169953828,61.1172782046,61.1940015101,69,59,61,61
1246,施金典,2006,統一7-ELEVEn獅,A_WinsorizedBalanced-v0.1,B_QuadraticTanh-v1,153,Regular,False,2026-08-11,0.501858486979,-0.947278702184,-0.0187893394016,-0.471639315087,68.7182224049,57.0636966311,64.8642231824,61.3065779152,69,57,65,61
1246,施金典,2008,統一7-ELEVEn獅,A_WinsorizedBalanced-v0.1,B_QuadraticTanh-v1,124,Provisional,False,2026-08-11,-0.434054369152,-0.331528673295,-0.477650918946,-0.34107051677,61.6215955841,62.4635721095,61.2558837474,62.3863064145,62,62,61,62
1246,施金典,2009,統一7-ELEVEn獅,A_WinsorizedBalanced-v0.1,B_QuadraticTanh-v1,149,Provisional,False,2026-08-11,0.0567290004386,0.0416224073644,-0.861746351866,-0.435088312557,65.4098856478,65.3004564593,57.8574813882,61.6129743798,65,65,58,62
1246,施金典,2010,統一7-ELEVEn獅,A_WinsorizedBalanced-v0.1,B_QuadraticTanh-v1,70,Provisional,False,2026-08-11,-0.0580790620537,-0.471589120129,-0.442034432683,0.182151147847,64.5771288829,61.3070008402,61.5549903489,66.3260348208,65,61,62,66
1246,施金典,2011,興農,A_WinsorizedBalanced-v0.1,B_QuadraticTanh-v1,73,Provisional,False,2026-08-11,0.00668112042916,-0.612634827505,-0.397877876748,-0.0452310660451,65.0481241356,60.0960533651,61.9216247407,64.6714817836,65,60,62,65
1247,陳家偉,2005,統一7-ELEVEn獅,A_WinsorizedBalanced-v0.1,B_QuadraticTanh-v1,122,Provisional,False,2026-08-11,1.15753926728,-0.44230135105,-0.646378014252,-0.565291389785,73.8215543649,61.5527599077,59.7999290829,60.50744575,74,62,60,61
1247,陳家偉,2006,統一7-ELEVEn獅,A_WinsorizedBalanced-v0.1,B_QuadraticTanh-v1,327,Qualified,False,2026-08-11,-0.251780228428,-0.368839048537,-0.534616522429,-0.67514071226,63.1003005719,62.1601564204,60.7713773627,59.5456547082,63,62,61,60
1248,蓋達,2005,統一7-ELEVEn獅,A_WinsorizedBalanced-v0.1,B_QuadraticTanh-v1,186,Regular,False,2026-08-11,0.507996583365,3.12242751597,4.96397651286,-0.213803725081,68.7648812521,89.0737091151,100.016452134,63.3977370366,69,89,100,63
1249,林馴偉,2005,兄弟,A_WinsorizedBalanced-v0.1,B_QuadraticTanh-v1,148,Provisional,False,2026-08-11,-1.22475987164,0.680128795374,-0.655395518932,0.186647207063,54.4225825514,70.0832973698,59.7203923663,66.359123129,54,70,60,66
1251,林克,2005,統一7-ELEVEn獅,A_WinsorizedBalanced-v0.1,B_QuadraticTanh-v1,140,Provisional,False,2026-08-11,0.459822182339,-0.242740784539,2.30716657405,0.958499538561,68.3993776379,63.1714404381,82.9518900771,72.2508736664,68,63,83,72
1252,黃小偉,2005,Lamigo,A_WinsorizedBalanced-v0.1,B_QuadraticTanh-v1,77,Provisional,False,2026-08-11,-0.504489909872,-0.543839652764,0.378215762243,-0.163877719247,61.0285363516,60.6922400704,67.783964762,63.7829730128,61,61,68,64
1252,黃小偉,2007,Lamigo,A_WinsorizedBalanced-v0.1,B_QuadraticTanh-v1,114,Provisional,False,2026-08-11,-0.816360402506,0.832929669502,0.249470977692,-0.45140419483,58.2738692581,71.2682710894,66.8231985535,61.4765929575,58,71,67,61
1252,黃小偉,2008,Lamigo,A_WinsorizedBalanced-v0.1,B_QuadraticTanh-v1,98,Provisional,False,2026-08-11,-0.702390311673,-0.661494750117,0.90522033073,0.268141614855,59.3032191777,59.6665010543,71.833071189,66.961730459,59,60,72,67
1252,黃小偉,2009,Lamigo,A_WinsorizedBalanced-v0.1,B_QuadraticTanh-v1,62,Provisional,False,2026-08-11,-1.0319047943,-0.101907752501,0.424209819638,-0.0316563449502,56.2677918385,64.2518389008,68.130226563,64.7706746243,56,64,68,65
1253,尼爾森,2005,中信,A_WinsorizedBalanced-v0.1,B_QuadraticTanh-v1,118,Provisional,False,2026-08-11,-0.0975938501041,0.330777082597,0.78894438064,2.30711356658,64.2840897641,67.4284694322,70.9258795468,82.9514766106,64,67,71,83
1254,鄭達鴻,2006,興農,A_WinsorizedBalanced-v0.1,B_QuadraticTanh-v1,51,Provisional,False,2026-08-11,0.0374316856259,-1.27958619081,0.0960288311401,0.530665863075,65.2701354005,53.891956121,65.6955018882,68.9374223853,65,54,66,69
1254,鄭達鴻,2007,興農,A_WinsorizedBalanced-v0.1,B_QuadraticTanh-v1,359,Qualified,False,2026-08-11,0.584711536631,0.493294765577,0.0335743871447,2.05855550676,69.3501451833,68.6531679791,65.2422405053,80.9982848977,69,69,65,81
1254,鄭達鴻,2008,興農,A_WinsorizedBalanced-v0.1,B_QuadraticTanh-v1,372,Qualified,False,2026-08-11,0.983068897207,-0.64880791986,-0.355058257983,0.0974521515606,72.4439508697,59.7785131574,62.272628295,65.705871204,72,60,62,66
1254,鄭達鴻,2009,興農,A_WinsorizedBalanced-v0.1,B_QuadraticTanh-v1,337,Regular,False,2026-08-11,1.83162450061,-0.00163620062062,0.949553457638,1.19840561122,79.1961496474,64.988215608,72.1806342502,74.1456624367,79,65,72,74
1254,鄭達鴻,2010,興農,A_WinsorizedBalanced-v0.1,B_QuadraticTanh-v1,471,Qualified,False,2026-08-11,1.45780474273,-0.1986874262,0.273804419029,3.4227390438,76.2115117469,63.5150750799,67.0038018296,91.1693940542,76,64,67,91
1254,鄭達鴻,2011,興農,A_WinsorizedBalanced-v0.1,B_QuadraticTanh-v1,497,Qualified,False,2026-08-11,1.525354668,0.731737325994,0.337226888818,1.35619637367,76.7509799806,70.4820922511,67.4767031524,75.4009009096,77,70,67,75
1254,鄭達鴻,2012,興農,A_WinsorizedBalanced-v0.1,B_QuadraticTanh-v1,421,Qualified,False,2026-08-11,0.640022705445,1.40975290945,-0.578486786366,-0.184822504074,69.7744591817,75.8280011867,60.3932717528,63.6221672896,70,76,60,64
1254,鄭達鴻,2013,義大,A_WinsorizedBalanced-v0.1,B_QuadraticTanh-v1,346,Regular,False,2026-08-11,0.771864503842,0.231757389776,-0.22381241227,2.36215823065,70.7931967088,66.6920253023,63.3197145234,83.3800172962,71,67,63,83
1254,鄭達鴻,2014,義大,A_WinsorizedBalanced-v0.1,B_QuadraticTanh-v1,360,Regular,False,2026-08-11,0.770953400095,0.897418017903,-0.471988859819,2.5529641726,70.7861232702,71.7719937664,61.3036326112,84.8514867422,71,72,61,85
1254,鄭達鴻,2015,義大,A_WinsorizedBalanced-v0.1,B_QuadraticTanh-v1,341,Regular,False,2026-08-11,1.85968483503,0.0863737114394,-0.373059821337,-0.914146250156,79.4196574097,65.625207678,62.1256146402,57.3725295045,79,66,62,57
1254,鄭達鴻,2016,中信兄弟,A_WinsorizedBalanced-v0.1,B_QuadraticTanh-v1,283,Regular,False,2026-08-11,0.42014036704,0.0820427845976,-1.20422751025,0.0468013401929,68.0995280811,65.5937025561,54.6207284981,65.3379489602,68,66,55,65
1254,鄭達鴻,2017,中信兄弟,A_WinsorizedBalanced-v0.1,B_QuadraticTanh-v1,113,Provisional,False,2026-08-11,-0.292019918598,0.834243217055,-0.648623168734,2.18002665461,62.7810508206,71.2785111341,59.7801418854,81.9561757459,63,71,60,82
1255,迪歐,2005,中信,A_WinsorizedBalanced-v0.1,B_QuadraticTanh-v1,120,Provisional,False,2026-08-11,1.0899963752,-0.415094520474,0.079972838502,3.11089509242,73.2869825846,61.7792322722,65.5786505852,88.9912359526,73,62,66,89
1256,查理,2005,中信,A_WinsorizedBalanced-v0.1,B_QuadraticTanh-v1,56,Provisional,False,2026-08-11,0.184414161923,-0.154637894465,0.463858079109,-0.122035405612,66.3426871612,63.8535394284,68.4299366617,64.1006933709,66,64,68,64
1257,黃泰龍,2006,誠泰,A_WinsorizedBalanced-v0.1,B_QuadraticTanh-v1,155,Regular,False,2026-08-11,-1.06972445362,-1.45727816238,-0.82223627585,1.3347084636,55.9090855949,52.1617356861,58.2201602455,75.2296650934,56,52,58,75
1257,黃泰龍,2007,誠泰,A_WinsorizedBalanced-v0.1,B_QuadraticTanh-v1,127,Provisional,False,2026-08-11,0.747130039143,-1.29483385871,0.188540263935,0.950325060551,70.6013272818,53.7440328837,66.3730598957,72.1866910811,71,54,66,72
1257,黃泰龍,2008,米迪亞,A_WinsorizedBalanced-v0.1,B_QuadraticTanh-v1,179,Regular,False,2026-08-11,-1.12984359694,-1.29241246034,0.270883989577,0.815289831786,55.3354800686,53.7675330129,66.9821015589,71.1308398418,55,54,67,71
1257,黃泰龍,2009,Lamigo,A_WinsorizedBalanced-v0.1,B_QuadraticTanh-v1,65,Provisional,False,2026-08-11,-0.592934656565,-0.173876188972,-0.133384977209,0.654979818895,60.2678261419,63.7063549207,64.0149801772,69.8895244346,60,64,64,70
1257,黃泰龍,2010,兄弟,A_WinsorizedBalanced-v0.1,B_QuadraticTanh-v1,378,Qualified,False,2026-08-11,0.47776441167,-1.31111490845,-0.790517991848,0.282215367596,68.535319745,53.585935946,58.5093637431,67.066336985,69,54,59,67
1257,黃泰龍,2011,兄弟,A_WinsorizedBalanced-v0.1,B_QuadraticTanh-v1,488,Qualified,False,2026-08-11,1.2330072557,-1.34176386723,-0.783288452021,1.43177686737,74.4204390696,53.2879451644,58.5750311297,76.003747232,74,53,59,76
1257,黃泰龍,2012,兄弟,A_WinsorizedBalanced-v0.1,B_QuadraticTanh-v1,419,Qualified,False,2026-08-11,0.734721419855,-2.0863215518,-0.944826412212,0.478272381785,70.5051973857,46.1213315123,57.0866108576,68.5391717183,71,46,57,69
1257,黃泰龍,2013,兄弟,A_WinsorizedBalanced-v0.1,B_QuadraticTanh-v1,449,Qualified,False,2026-08-11,0.53249365629,-1.00713621315,-0.471046791022,0.452557935014,68.9513491241,56.5017410626,61.3115699389,68.3444029802,69,57,61,68
1257,黃泰龍,2014,中信兄弟,A_WinsorizedBalanced-v0.1,B_QuadraticTanh-v1,474,Qualified,False,2026-08-11,1.0439731753,-1.28061414509,0.145913911403,0.473692814479,72.9236065489,53.8819879927,66.0599649555,68.5044509961,73,54,66,69
1257,黃泰龍,2015,中信兄弟,A_WinsorizedBalanced-v0.1,B_QuadraticTanh-v1,136,Provisional,False,2026-08-11,0.4352142524,-0.464589889974,-0.742111970486,-0.562012917545,68.2132995558,61.3659161797,58.9472183384,60.5357537374,68,61,59,61
1258,周思齊,2006,誠泰,A_WinsorizedBalanced-v0.1,B_QuadraticTanh-v1,160,Regular,False,2026-08-11,0.357158979406,-0.339403829919,-0.125240951513,2.18997319093,67.6259609865,62.3998189685,64.0765201257,82.0343457611,68,62,64,82
1258,周思齊,2007,誠泰,A_WinsorizedBalanced-v0.1,B_QuadraticTanh-v1,252,Regular,False,2026-08-11,0.264585546937,0.568308725777,1.23078610025,0.808707574725,66.9353238883,69.2246835925,74.4027914042,71.0795981714,67,69,74,71
1258,周思齊,2008,米迪亞,A_WinsorizedBalanced-v0.1,B_QuadraticTanh-v1,377,Qualified,False,2026-08-11,1.02290636667,0.730193312553,0.794981284894,1.68554136813,72.7575311307,70.4701392664,70.9728132146,78.0306612123,73,70,71,78
1258,周思齊,2009,兄弟,A_WinsorizedBalanced-v0.1,B_QuadraticTanh-v1,399,Qualified,False,2026-08-11,0.690255277485,1.0253716379,0.341242675648,-0.705098189813,70.1614271038,72.7769568698,67.5067504724,59.2790472967,70,73,68,59
1258,周思齊,2010,兄弟,A_WinsorizedBalanced-v0.1,B_QuadraticTanh-v1,502,Qualified,False,2026-08-11,1.24074966745,0.329977150273,0.997540108435,-0.73384068097,74.4819640218,67.4224894914,72.557788067,59.0215987029,74,67,73,59
1258,周思齊,2011,兄弟,A_WinsorizedBalanced-v0.1,B_QuadraticTanh-v1,515,Qualified,False,2026-08-11,0.2941170264,0.909249531004,1.3398052751,-0.207640723745,67.1549202875,71.8646231237,75.2702741176,63.4456493177,67,72,75,63
1258,周思齊,2012,兄弟,A_WinsorizedBalanced-v0.1,B_QuadraticTanh-v1,519,Qualified,False,2026-08-11,1.98096891529,2.86092504467,3.0843972955,-0.608006433882,80.3837098206,87.170725807,88.8012106592,60.1364844194,80,87,89,60
1258,周思齊,2013,兄弟,A_WinsorizedBalanced-v0.1,B_QuadraticTanh-v1,445,Qualified,False,2026-08-11,0.87563099296,0.431766619875,1.34706461347,-0.0187510360716,71.6015916949,68.1872638877,75.3281209201,64.8645009753,72,68,75,65
1258,周思齊,2014,中信兄弟,A_WinsorizedBalanced-v0.1,B_QuadraticTanh-v1,377,Qualified,False,2026-08-11,0.237464069595,1.39199531385,0.258503358819,-0.0288205896238,66.7342570617,75.6863436229,66.8901821578,64.7913313502,67,76,67,65
1258,周思齊,2015,中信兄弟,A_WinsorizedBalanced-v0.1,B_QuadraticTanh-v1,474,Qualified,False,2026-08-11,1.09042936196,0.93004587107,1.21321382728,0.59797693919,73.2904047505,72.0275916196,74.2632187441,69.4517349666,73,72,74,69
1258,周思齊,2016,中信兄弟,A_WinsorizedBalanced-v0.1,B_QuadraticTanh-v1,491,Qualified,False,2026-08-11,1.33777960098,2.09905559277,1.00772537817,-0.235648418707,75.2541339426,81.3182889757,72.6379602847,63.2271077916,75,81,73,63
1258,周思齊,2017,中信兄弟,A_WinsorizedBalanced-v0.1,B_QuadraticTanh-v1,449,Qualified,False,2026-08-11,1.62517268612,1.35589952714,-0.362328751619,0.429511572219,77.5484498102,75.3985348314,62.2133488199,68.1702389224,78,75,62,68
1258,周思齊,2018,中信兄弟,A_WinsorizedBalanced-v0.1,B_QuadraticTanh-v1,435,Qualified,False,2026-08-11,0.832249475027,-0.00141937000257,0.752659061112,-1.12265773265,71.2629688241,64.9897777158,70.6441880232,55.4042464754,71,65,71,55
1258,周思齊,2019,中信兄弟,A_WinsorizedBalanced-v0.1,B_QuadraticTanh-v1,212,Regular,False,2026-08-11,0.25307842985,0.241194052883,0.450837195979,0.342168417497,66.849943401,66.7618746265,68.3313861458,67.5136788853,67,67,68,68
1258,周思齊,2020,中信兄弟,A_WinsorizedBalanced-v0.1,B_QuadraticTanh-v1,399,Qualified,False,2026-08-11,0.769392212049,0.8253353041,2.15898178174,0.0675549766373,70.7740038743,71.2090844838,81.7906430585,65.4884303036,71,71,82,65
1258,周思齊,2021,中信兄弟,A_WinsorizedBalanced-v0.1,B_QuadraticTanh-v1,213,Regular,False,2026-08-11,-0.0281230540481,-0.132102775831,-0.0970535341205,-0.314181412731,64.7964090385,64.0246809852,64.2881255989,62.6034558623,65,64,64,63
1258,周思齊,2022,中信兄弟,A_WinsorizedBalanced-v0.1,B_QuadraticTanh-v1,163,Regular,False,2026-08-11,0.380297915037,-0.396274558556,0.668437115947,0.356329103352,67.799606529,61.9348485732,69.9931663133,67.6197406348,68,62,70,68
1258,周思齊,2023,中信兄弟,A_WinsorizedBalanced-v0.1,B_QuadraticTanh-v1,261,Regular,False,2026-08-11,1.40800548661,0.50089509785,-0.673585429482,-0.188611815827,75.8140596645,68.7109015098,59.5594470511,63.5929494824,76,69,60,64
1261,石彥緯,2010,Lamigo,A_WinsorizedBalanced-v0.1,B_QuadraticTanh-v1,270,Regular,False,2026-08-11,0.01865919224,0.0141600695125,-0.292778911853,2.030106455,65.134502458,65.102042554,62.7749891969,80.7731586384,65,65,63,81
1261,石彥緯,2011,兄弟,A_WinsorizedBalanced-v0.1,B_QuadraticTanh-v1,57,Provisional,False,2026-08-11,-0.625540962584,-0.282839329762,0.174376403669,0.994876733182,59.9830731069,62.854253883,66.2688568818,72.5368304042,60,63,66,73
1262,陳俊輝,2009,統一7-ELEVEn獅,A_WinsorizedBalanced-v0.1,B_QuadraticTanh-v1,97,Provisional,False,2026-08-11,0.155201484375,-0.805152626646,-0.307271463199,-0.295559373129,66.128053685,58.3761476637,62.6589639509,62.7527707474,66,58,63,63
1262,陳俊輝,2010,統一7-ELEVEn獅,A_WinsorizedBalanced-v0.1,B_QuadraticTanh-v1,61,Provisional,False,2026-08-11,-1.0758649472,-0.626310555528,-0.29697656235,-0.0892667120621,55.8506834178,59.9763250085,62.7414385035,64.3461997711,56,60,63,64
1262,陳俊輝,2011,統一7-ELEVEn獅,A_WinsorizedBalanced-v0.1,B_QuadraticTanh-v1,114,Provisional,False,2026-08-11,-0.756641352954,-1.23263880501,-0.58620446739,-0.196862794132,58.8162488989,54.3464599203,60.326318151,63.5291976333,59,54,60,64
1262,陳俊輝,2013,統一7-ELEVEn獅,A_WinsorizedBalanced-v0.1,B_QuadraticTanh-v1,138,Provisional,False,2026-08-11,-0.563824271763,-1.41781806995,1.363391625,-0.111406300612,60.520116512,52.5468504966,75.4582565211,64.1806484519,61,53,75,64
1262,陳俊輝,2015,統一7-ELEVEn獅,A_WinsorizedBalanced-v0.1,B_QuadraticTanh-v1,104,Provisional,False,2026-08-11,0.527539034386,-1.52856617928,-0.402163654098,-0.407990338475,68.913602897,51.4656626057,61.8862458501,61.8380753259,69,51,62,62
1305,陳金鋒,2006,Lamigo,A_WinsorizedBalanced-v0.1,B_QuadraticTanh-v1,398,Qualified,False,2026-08-11,0.330202193416,1.26914218437,3.9563851501,3.60381069377,67.4241717652,74.707705989,94.6169688483,92.3810351911,67,75,95,92
1305,陳金鋒,2007,Lamigo,A_WinsorizedBalanced-v0.1,B_QuadraticTanh-v1,369,Qualified,False,2026-08-11,1.59342456033,3.23861530079,4.48494017154,1.58391545481,77.294802361,89.896622255,97.6384785389,77.2188286257,77,90,98,77
1305,陳金鋒,2008,Lamigo,A_WinsorizedBalanced-v0.1,B_QuadraticTanh-v1,279,Regular,False,2026-08-11,0.652580271987,1.07641803548,3.97164764423,0.159724395528,69.8710556071,73.1796970853,94.7098986421,66.1612381307,70,73,95,66
1305,陳金鋒,2009,Lamigo,A_WinsorizedBalanced-v0.1,B_QuadraticTanh-v1,482,Qualified,False,2026-08-11,-0.0322634794145,1.63743411882,3.67276401139,0.134997227788,64.7662491187,77.6464046942,92.8314464936,65.9800259681,65,78,93,66
1305,陳金鋒,2010,Lamigo,A_WinsorizedBalanced-v0.1,B_QuadraticTanh-v1,344,Regular,False,2026-08-11,-0.622350217534,0.845109008237,1.46223456818,1.00193155266,60.0110375597,71.3632506005,76.2468788414,72.5923497952,60,71,76,73
1305,陳金鋒,2011,Lamigo,A_WinsorizedBalanced-v0.1,B_QuadraticTanh-v1,183,Regular,False,2026-08-11,-0.336034121488,4.62935369627,2.22845936341,1.00211308497,62.4271174035,98.3918395398,82.3363916413,72.5937786632,62,98,82,73
1305,陳金鋒,2012,Lamigo,A_WinsorizedBalanced-v0.1,B_QuadraticTanh-v1,253,Regular,False,2026-08-11,-1.97103365568,1.92405046224,1.49242679363,0.211217973056,47.1982402017,79.9317286665,76.4879723634,66.5402433665,47,80,76,67
1305,陳金鋒,2013,Lamigo,A_WinsorizedBalanced-v0.1,B_QuadraticTanh-v1,186,Regular,False,2026-08-11,-0.849261692533,0.113366955637,2.465077928,-0.705582080556,57.9723677016,65.8219340884,84.1765911636,59.2747263301,58,66,84,59
1305,陳金鋒,2014,Lamigo,A_WinsorizedBalanced-v0.1,B_QuadraticTanh-v1,94,Provisional,False,2026-08-11,-1.81242294103,1.88315102517,-0.693740431743,-0.260321859816,48.7095191755,79.6064521917,59.3803356521,63.0328833372,49,80,59,63
1305,陳金鋒,2015,Lamigo,A_WinsorizedBalanced-v0.1,B_QuadraticTanh-v1,52,Provisional,False,2026-08-11,-1.64585298521,0.904511044255,-0.239928372843,0.403705785122,50.3220090817,71.8275176603,63.1935305221,67.9756733005,50,72,63,68
1305,陳金鋒,2016,Lamigo,A_WinsorizedBalanced-v0.1,B_QuadraticTanh-v1,211,Regular,False,2026-08-11,-0.633365359371,1.89407584076,1.74923721069,1.39021447835,59.9144078541,79.6933755552,78.5391638809,75.6721397048,60,80,79,76
1306,蘇建榮,2006,興農,A_WinsorizedBalanced-v0.1,B_QuadraticTanh-v1,284,Regular,False,2026-08-11,-0.152554733668,-0.272804714288,-0.384282655519,1.53322477429,63.8694172713,62.9340192131,62.0335563799,76.8138495417,64,63,62,77
1306,蘇建榮,2007,興農,A_WinsorizedBalanced-v0.1,B_QuadraticTanh-v1,245,Regular,False,2026-08-11,-1.33807627986,0.642342287451,-0.436423675484,1.03959383307,53.3238223578,69.792294889,61.6018361123,72.8890692905,53,70,62,73
1306,蘇建榮,2008,興農,A_WinsorizedBalanced-v0.1,B_QuadraticTanh-v1,128,Provisional,False,2026-08-11,-1.56197339137,-0.397665703009,-0.10727676704,1.4266621692,51.1395681666,61.9233750645,64.2116290233,75.9629281076,51,62,64,76
1306,蘇建榮,2009,興農,A_WinsorizedBalanced-v0.1,B_QuadraticTanh-v1,148,Provisional,False,2026-08-11,-1.25701268835,0.0420591033392,-0.668041386255,0.392683212439,54.1106817049,65.3036169725,59.6085722312,67.8927147987,54,65,60,68
1306,蘇建榮,2010,興農,A_WinsorizedBalanced-v0.1,B_QuadraticTanh-v1,74,Provisional,False,2026-08-11,-0.111062358161,0.352261984172,-0.287608527556,1.56933027868,64.1832305492,67.5892629505,62.8162527807,77.1022997934,64,68,63,77
1306,蘇建榮,2011,興農,A_WinsorizedBalanced-v0.1,B_QuadraticTanh-v1,384,Qualified,False,2026-08-11,1.24095684436,0.530318265447,-0.169616592157,0.0920520010357,74.4836105497,68.9347741417,63.7390288377,65.666538763,74,69,64,66
1306,蘇建榮,2012,興農,A_WinsorizedBalanced-v0.1,B_QuadraticTanh-v1,475,Qualified,False,2026-08-11,0.625630871286,-0.736985733891,-0.620791242895,-1.02449879883,69.6638710006,58.993331825,60.0246929964,56.3378274221,70,59,60,56
1306,蘇建榮,2013,義大,A_WinsorizedBalanced-v0.1,B_QuadraticTanh-v1,121,Provisional,False,2026-08-11,-0.241969081993,1.22913143706,-0.819098964153,0.282090616595,63.1775038289,74.3896454631,58.2488446303,67.0654090586,63,74,58,67
1307,林宗男,2006,興農,A_WinsorizedBalanced-v0.1,B_QuadraticTanh-v1,219,Regular,False,2026-08-11,-0.53336887752,0.497000460897,-0.470132256503,2.1040605674,60.7820679044,68.6813121999,61.3192732949,81.3577931917,61,69,61,81
1307,林宗男,2007,興農,A_WinsorizedBalanced-v0.1,B_QuadraticTanh-v1,305,Regular,False,2026-08-11,0.0110651487575,1.04364227318,0.0765253984512,-0.148613337561,65.0797240845,72.9209966731,65.5535902011,63.8994266347,65,73,66,64
1307,林宗男,2008,興農,A_WinsorizedBalanced-v0.1,B_QuadraticTanh-v1,325,Qualified,False,2026-08-11,0.0284715089327,-0.566316679033,-0.128053665565,2.18216367719,65.2053582208,60.4985880333,64.0552862969,81.9729742921,65,60,64,82
1307,林宗男,2009,興農,A_WinsorizedBalanced-v0.1,B_QuadraticTanh-v1,118,Provisional,False,2026-08-11,-1.11699623554,0.606586286147,0.545491315897,-0.0205225464131,55.4583874257,69.5177269539,69.0504477135,64.8516489094,55,70,69,65
1307,林宗男,2010,興農,A_WinsorizedBalanced-v0.1,B_QuadraticTanh-v1,207,Regular,False,2026-08-11,-0.532726263172,-0.791349660135,-0.881105250373,0.331679413365,60.7875728308,58.5018034924,57.6788296851,67.4352154445,61,59,58,67
1307,林宗男,2011,興農,A_WinsorizedBalanced-v0.1,B_QuadraticTanh-v1,462,Qualified,False,2026-08-11,-1.09426715133,-0.651617684348,-0.202342892804,2.0174731443,55.6754012015,59.7537341906,63.4867554355,80.6731021899,56,60,63,81
1307,林宗男,2012,興農,A_WinsorizedBalanced-v0.1,B_QuadraticTanh-v1,204,Regular,False,2026-08-11,-0.533620224822,0.803647415115,-0.883951530094,0.722470257309,60.7799144968,71.0402208564,57.6525118413,70.4103712239,61,71,58,70
1307,林宗男,2013,義大,A_WinsorizedBalanced-v0.1,B_QuadraticTanh-v1,275,Regular,False,2026-08-11,1.09207050414,0.524654922127,-0.0195214149515,0.323356519885,73.3033763047,68.8916381521,64.8589130567,67.3730153542,73,69,65,67
1307,林宗男,2014,義大,A_WinsorizedBalanced-v0.1,B_QuadraticTanh-v1,213,Regular,False,2026-08-11,-0.206882817996,0.724757317857,-0.558627504377,-0.0251583317271,63.4515344909,70.4280670988,60.5649602618,64.8179755344,63,70,61,65
1307,林宗男,2015,義大,A_WinsorizedBalanced-v0.1,B_QuadraticTanh-v1,77,Provisional,False,2026-08-11,-0.90488033441,-1.10748931884,-0.548305225157,0.316880347389,57.458600113,55.5492259408,60.6538558385,67.3246532095,57,56,61,67
1308,陳冠任,2006,兄弟,A_WinsorizedBalanced-v0.1,B_QuadraticTanh-v1,350,Qualified,False,2026-08-11,2.34658075872,-0.800386549672,1.95545306471,-1.1467916519,83.2589102712,58.4195741611,80.1811994091,55.1730855415,83,58,80,55
1308,陳冠任,2007,兄弟,A_WinsorizedBalanced-v0.1,B_QuadraticTanh-v1,292,Regular,False,2026-08-11,2.55815432996,-0.548370692614,0.233555740292,-1.16633842747,84.8911786033,60.6532927769,66.7053309973,54.9854425479,85,61,67,55
1308,陳冠任,2008,兄弟,A_WinsorizedBalanced-v0.1,B_QuadraticTanh-v1,440,Qualified,False,2026-08-11,2.75669313167,-0.981971768788,-0.373424988913,-0.499684418142,86.3944034658,56.7385973855,62.1226241327,61.0693646475,86,57,62,61
1308,陳冠任,2009,兄弟,A_WinsorizedBalanced-v0.1,B_QuadraticTanh-v1,226,Regular,False,2026-08-11,2.33333476762,-0.76584805116,0.216405534113,-0.511085302876,83.1558233909,58.7330547546,66.5785459984,60.9724147095,83,59,67,61
1308,陳冠任,2010,兄弟,A_WinsorizedBalanced-v0.1,B_QuadraticTanh-v1,498,Qualified,False,2026-08-11,2.12534236371,-0.698293763104,0.548860018961,-1.15886011989,81.5256632492,59.3397596303,69.076150039,55.0572748549,82,59,69,55
1308,陳冠任,2011,兄弟,A_WinsorizedBalanced-v0.1,B_QuadraticTanh-v1,410,Qualified,False,2026-08-11,2.46544056551,-1.26148156622,0.215931431886,-0.984175788105,84.179386386,54.0674072473,66.5750445293,56.7178868627,84,54,67,57
1308,陳冠任,2012,Lamigo,A_WinsorizedBalanced-v0.1,B_QuadraticTanh-v1,334,Regular,False,2026-08-11,3.03218851251,-0.275922391658,-0.00395387480865,-0.832549954559,88.4246825932,62.9092644799,64.9715102213,58.1257425988,88,63,65,58
1308,陳冠任,2013,Lamigo,A_WinsorizedBalanced-v0.1,B_QuadraticTanh-v1,121,Provisional,False,2026-08-11,1.22202114293,1.50527390737,0.330370121393,-0.177433142519,74.3331635067,76.5905799363,67.4254271089,63.6790335996,74,77,67,64
1308,陳冠任,2014,Lamigo,A_WinsorizedBalanced-v0.1,B_QuadraticTanh-v1,268,Regular,False,2026-08-11,1.26264643679,-0.842860329409,-0.104479175968,-0.811405562206,74.6560435456,58.0311732028,64.232590688,58.3191126708,75,58,64,58
1308,陳冠任,2015,Lamigo,A_WinsorizedBalanced-v0.1,B_QuadraticTanh-v1,136,Provisional,False,2026-08-11,1.16818978023,0.254543525981,0.618108376808,-0.622144012838,73.9059769651,66.8608082635,69.6061181079,60.0128440503,74,67,70,60
1309,蔣智聰,2006,Lamigo,A_WinsorizedBalanced-v0.1,B_QuadraticTanh-v1,205,Regular,False,2026-08-11,0.43851645263,-1.08607435688,0.285892236398,-0.737571125397,68.2382449064,55.7534855164,67.0936918558,58.9880684087,68,56,67,59
1309,蔣智聰,2007,Lamigo,A_WinsorizedBalanced-v0.1,B_QuadraticTanh-v1,276,Regular,False,2026-08-11,-0.341028875393,-0.562342500256,0.208886582529,-0.629826263113,62.3866441039,60.532909023,66.5230365693,59.945482085,62,61,67,60
1309,蔣智聰,2008,Lamigo,A_WinsorizedBalanced-v0.1,B_QuadraticTanh-v1,241,Regular,False,2026-08-11,0.200948342706,-0.00236962670052,-0.09475252597,0.0895603207798,66.4644818271,64.9829308279,64.3053038048,65.6483989045,66,65,64,66
1309,蔣智聰,2009,Lamigo,A_WinsorizedBalanced-v0.1,B_QuadraticTanh-v1,82,Provisional,False,2026-08-11,-1.57330988009,0.348788082225,-0.17304664669,-0.100011319543,51.0289543062,67.5632405073,63.71272186,64.2660229525,51,68,64,64
1310,劉耿欣,2006,兄弟,A_WinsorizedBalanced-v0.1,B_QuadraticTanh-v1,239,Regular,False,2026-08-11,-1.9171537581,0.228695321554,-0.37189930334,1.51785813455,47.7082217926,66.6693755788,62.1351164176,76.6910971887,48,67,62,77
1310,劉耿欣,2007,兄弟,A_WinsorizedBalanced-v0.1,B_QuadraticTanh-v1,302,Regular,False,2026-08-11,-0.43843927739,-0.502551723022,-0.96460508219,1.68725475448,61.5850159193,61.0450098951,56.901549995,78.0443443127,62,61,57,78
1310,劉耿欣,2008,兄弟,A_WinsorizedBalanced-v0.1,B_QuadraticTanh-v1,85,Provisional,False,2026-08-11,-0.159353086747,-0.725095084491,-0.578754710618,1.28846898052,63.8175571809,59.1001024173,60.3909495835,74.8614718984,64,59,60,75
1310,劉耿欣,2009,兄弟,A_WinsorizedBalanced-v0.1,B_QuadraticTanh-v1,386,Qualified,False,2026-08-11,-0.425548402586,-0.529612946582,-0.943609905208,1.86368735199,61.69242287,60.8142297678,57.0979746384,79.4515261128,62,61,57,79
1311,高瑋,2006,誠泰,A_WinsorizedBalanced-v0.1,B_QuadraticTanh-v1,261,Regular,False,2026-08-11,0.632156879174,0.304312064373,-0.401386621008,-0.920780033175,69.7140017405,67.2308891608,61.8926635348,57.3108274694,70,67,62,57
1311,高瑋,2007,誠泰,A_WinsorizedBalanced-v0.1,B_QuadraticTanh-v1,371,Qualified,False,2026-08-11,-0.104414573137,1.06262828264,1.11288610701,-0.88195514657,64.233074489,73.0708070262,73.4679806561,57.6709725671,64,73,73,58
1311,高瑋,2008,米迪亞,A_WinsorizedBalanced-v0.1,B_QuadraticTanh-v1,363,Qualified,False,2026-08-11,0.446906317457,2.59668087382,-0.52849738517,-0.959757657515,68.3016581645,85.1852127768,60.8237761529,56.9469575404,68,85,61,57
1312,路易,2006,統一7-ELEVEn獅,A_WinsorizedBalanced-v0.1,B_QuadraticTanh-v1,298,Regular,False,2026-08-11,-0.677799598021,0.0622868117144,0.235815420825,0.89827651464,59.5220642666,65.450195865,66.7220536928,71.7787128126,60,65,67,72
1313,高俊強,2006,中信,A_WinsorizedBalanced-v0.1,B_QuadraticTanh-v1,249,Regular,False,2026-08-11,-0.591881968164,0.976030920859,0.743734906808,-0.491132404192,60.2769814941,72.3886176761,70.5750166649,61.1418927991,60,72,71,61
1313,高俊強,2007,中信,A_WinsorizedBalanced-v0.1,B_QuadraticTanh-v1,407,Qualified,False,2026-08-11,0.530959850705,2.90830962848,0.601675608211,3.52389704018,68.9396622529,87.520447826,69.4800801356,91.8513621148,69,88,69,92
1313,高俊強,2008,中信,A_WinsorizedBalanced-v0.1,B_QuadraticTanh-v1,170,Regular,False,2026-08-11,-0.227881022154,0.897167160322,0.387281251958,1.95474456222,63.2879225067,71.7700304873,67.8520908804,80.1755737151,63,72,68,80
1314,湯姆,2006,誠泰,A_WinsorizedBalanced-v0.1,B_QuadraticTanh-v1,249,Regular,False,2026-08-11,0.337220576264,0.118001313413,0.930235159354,1.01111657194,67.4766559296,65.8557722096,72.0290758423,72.6646627588,67,66,72,73
1315,邱俊文,2006,中信,A_WinsorizedBalanced-v0.1,B_QuadraticTanh-v1,119,Provisional,False,2026-08-11,-0.165611288993,0.355418456214,-0.162279372155,0.118012138242,63.7697078758,67.6129154571,63.7951963001,65.8558512695,64,68,64,66
1316,黃正偉,2006,兄弟,A_WinsorizedBalanced-v0.1,B_QuadraticTanh-v1,180,Regular,False,2026-08-11,-0.148097917535,-1.25510466117,-0.893595577772,1.33968745397,63.9033478949,54.129153974,57.5632428459,75.2693353223,64,54,58,75
1316,黃正偉,2007,兄弟,A_WinsorizedBalanced-v0.1,B_QuadraticTanh-v1,380,Qualified,False,2026-08-11,0.216597925132,-1.34737001406,-0.929345447291,3.8827354449,66.5799669491,53.2333903442,57.2310599675,94.1639348183,67,53,57,94
1316,黃正偉,2008,兄弟,A_WinsorizedBalanced-v0.1,B_QuadraticTanh-v1,386,Qualified,False,2026-08-11,-0.453775742171,0.546329358885,-0.466099368227,3.5621571837,61.4567171186,69.0568410659,61.3532199959,92.1059681355,61,69,61,92
1316,黃正偉,2009,兄弟,A_WinsorizedBalanced-v0.1,B_QuadraticTanh-v1,252,Regular,False,2026-08-11,0.793987535337,0.0511872732661,-0.365506119651,3.62176139144,70.9650860398,65.3697191098,62.1874012215,92.4988873621,71,65,62,92
1317,洛可,2006,中信,A_WinsorizedBalanced-v0.1,B_QuadraticTanh-v1,213,Regular,False,2026-08-11,0.903970756096,2.15908042625,0.718786448402,-0.521253540515,71.8232874985,81.7914194045,70.3818743533,60.8856968177,72,82,70,61
1318,貝茲,2006,Lamigo,A_WinsorizedBalanced-v0.1,B_QuadraticTanh-v1,187,Regular,False,2026-08-11,1.77542159484,-0.67831924276,0.875568798712,-0.739995679785,78.7480736718,59.5174521603,71.601105576,58.9662616445,79,60,72,59
1319,貝克,2006,中信,A_WinsorizedBalanced-v0.1,B_QuadraticTanh-v1,198,Regular,False,2026-08-11,-0.574509811829,-0.405128862291,1.23739568087,-0.71732293868,60.4277228389,61.8617420857,74.4553098283,59.1697446759,60,62,74,59
1320,賈西亞,2006,誠泰,A_WinsorizedBalanced-v0.1,B_QuadraticTanh-v1,188,Regular,False,2026-08-11,1.71749106912,-0.278544043239,0.141851277508,2.0368369475,78.2857730479,62.8884288864,66.030203965,80.82644345,78,63,66,81
1321,楊博壬,2006,兄弟,A_WinsorizedBalanced-v0.1,B_QuadraticTanh-v1,156,Regular,False,2026-08-11,0.273899882314,2.32777592721,0.0220672444215,-0.570073429644,67.0045112838,83.1125331556,65.1591026303,60.4661128643,67,83,65,60
1321,楊博壬,2007,兄弟,A_WinsorizedBalanced-v0.1,B_QuadraticTanh-v1,58,Provisional,False,2026-08-11,-0.343544263152,-0.238451085066,-0.563594909858,0.493014452063,62.366237866,63.2051256076,60.5220969679,68.6510394206,62,63,61,69
1322,陳永哲,2006,中信,A_WinsorizedBalanced-v0.1,B_QuadraticTanh-v1,121,Provisional,False,2026-08-11,-1.11082605744,-1.05827916413,0.137011159265,0.162916657993,55.5173544144,56.0178232074,65.9947656875,66.1846699688,56,56,66,66
1322,陳永哲,2007,中信,A_WinsorizedBalanced-v0.1,B_QuadraticTanh-v1,108,Provisional,False,2026-08-11,-0.517822299223,0.199851715552,-0.233037358043,0.147837851149,60.9149857618,66.4563968486,63.2475686745,66.0740637127,61,66,63,66
1322,陳永哲,2008,中信,A_WinsorizedBalanced-v0.1,B_QuadraticTanh-v1,53,Provisional,False,2026-08-11,-1.30155643515,-0.472349657423,-0.419948930462,0.609679717936,53.6787713187,61.30059219,61.7389537699,69.5414499383,54,61,62,70
1323,陳致鵬,2006,誠泰,A_WinsorizedBalanced-v0.1,B_QuadraticTanh-v1,90,Provisional,False,2026-08-11,-0.736833445755,-0.889624909843,-0.215097743782,0.311552464601,58.9947009829,57.6000148008,63.3876643801,67.2848903388,59,58,63,67
1323,陳致鵬,2007,誠泰,A_WinsorizedBalanced-v0.1,B_QuadraticTanh-v1,62,Provisional,False,2026-08-11,-0.735088781886,-0.324262103,-0.318739905465,-0.00356132074843,59.0103833662,62.5222602097,62.5667709597,64.974340739,59,63,63,65
1323,陳致鵬,2008,米迪亞,A_WinsorizedBalanced-v0.1,B_QuadraticTanh-v1,109,Provisional,False,2026-08-11,0.0959423093775,-1.03491880575,-0.106087110664,0.0972594987149,65.6948716076,56.2392696023,64.2205454356,65.704467568,66,56,64,66
1323,陳致鵬,2009,兄弟,A_WinsorizedBalanced-v0.1,B_QuadraticTanh-v1,183,Regular,False,2026-08-11,0.19422633196,-1.22472762061,-0.968347390578,-0.228043602874,66.4149387526,54.4228940485,56.8664715746,63.2866512027,66,54,57,63
1323,陳致鵬,2010,兄弟,A_WinsorizedBalanced-v0.1,B_QuadraticTanh-v1,101,Provisional,False,2026-08-11,-0.108086631562,-1.18924411241,-0.456737236412,-0.311771927311,64.2055569237,54.7651060469,61.4318783211,62.6228251708,64,55,61,63
1324,許峰賓,2006,統一7-ELEVEn獅,A_WinsorizedBalanced-v0.1,B_QuadraticTanh-v1,66,Provisional,False,2026-08-11,-0.585219994025,-0.432591646066,-0.330551448968,1.76112092823,60.3348659926,61.633787671,62.4714723467,78.6339878642,60,62,62,79
1324,許峰賓,2008,統一7-ELEVEn獅,A_WinsorizedBalanced-v0.1,B_QuadraticTanh-v1,94,Provisional,False,2026-08-11,-0.401358869507,2.58965992731,-0.457086659124,4.51473501634,61.8928927133,85.1317085249,61.4289462611,97.796481048,62,85,61,98
1324,許峰賓,2009,統一7-ELEVEn獅,A_WinsorizedBalanced-v0.1,B_QuadraticTanh-v1,125,Provisional,False,2026-08-11,-1.04095914781,1.41660964795,-1.15708181108,0.849915029673,56.1820742302,75.882710194,55.0743485176,71.400750068,56,76,55,71
1324,許峰賓,2010,統一7-ELEVEn獅,A_WinsorizedBalanced-v0.1,B_QuadraticTanh-v1,163,Regular,False,2026-08-11,-1.28854295414,1.42558842342,-0.93202623992,1.56774995498,53.8050801514,75.9543591855,57.2060717057,77.0896738549,54,76,57,77
1325,陳智弘,2006,兄弟,A_WinsorizedBalanced-v0.1,B_QuadraticTanh-v1,72,Provisional,False,2026-08-11,-1.9559622273,-0.205766769629,-0.246880370444,0.474047096307,47.3405006449,63.4601978953,63.1388885525,68.5071365213,47,63,63,69
1325,陳智弘,2007,兄弟,A_WinsorizedBalanced-v0.1,B_QuadraticTanh-v1,205,Regular,False,2026-08-11,-1.69202874624,-1.21854439718,-0.0952613166869,0.127080291706,49.8731691565,54.4825998869,64.3015066681,65.9221162323,50,54,64,66
1325,陳智弘,2009,兄弟,A_WinsorizedBalanced-v0.1,B_QuadraticTanh-v1,60,Provisional,False,2026-08-11,0.895554154143,0.619203556065,-0.0668141805149,0.166126191294,71.7574073587,69.6145240167,64.5127195986,66.2082371695,72,70,65,66
1325,陳智弘,2010,兄弟,A_WinsorizedBalanced-v0.1,B_QuadraticTanh-v1,217,Regular,False,2026-08-11,-1.25079506755,-0.548808309762,1.33773478146,-0.476555181766,54.1708673757,60.6495287474,75.2537768375,61.2651300689,54,61,75,61
1325,陳智弘,2011,兄弟,A_WinsorizedBalanced-v0.1,B_QuadraticTanh-v1,269,Regular,False,2026-08-11,-1.98294692866,-0.582603185593,-0.521109624234,-0.346619558167,47.0860159582,60.3575766257,60.8869258177,62.3412678626,47,60,61,62
1325,陳智弘,2012,兄弟,A_WinsorizedBalanced-v0.1,B_QuadraticTanh-v1,266,Regular,False,2026-08-11,-0.846216889496,-0.721024311946,-0.743587326353,-0.783394329959,58.0003470924,59.1365930899,58.9339374319,58.5740701,58,59,59,59
1325,陳智弘,2013,兄弟,A_WinsorizedBalanced-v0.1,B_QuadraticTanh-v1,253,Regular,False,2026-08-11,-2.57038806275,-0.297024514549,-0.0401479060215,-0.699195328924,41.8955026074,62.7410549746,64.708685208,59.3317206671,42,63,65,59
1325,陳智弘,2014,中信兄弟,A_WinsorizedBalanced-v0.1,B_QuadraticTanh-v1,116,Provisional,False,2026-08-11,-1.09622320476,-0.771726783514,0.698801990783,-0.290949608727,55.6567472628,58.6798510583,70.2274146488,62.7895962402,56,59,70,63
1326,田顯明,2006,兄弟,A_WinsorizedBalanced-v0.1,B_QuadraticTanh-v1,81,Provisional,False,2026-08-11,-1.32353031889,1.2804749428,-0.425882659542,-0.219814278975,53.4652804689,74.7978608015,61.6896428568,63.3509134931,53,75,62,63
1327,布雷,2006,統一7-ELEVEn獅,A_WinsorizedBalanced-v0.1,B_QuadraticTanh-v1,119,Provisional,False,2026-08-11,0.324428205552,1.49506070552,4.11316985824,-0.381440873613,67.3810214893,76.5090080864,95.5557899847,62.0568960973,67,77,96,62
1327,布雷,2007,統一7-ELEVEn獅,A_WinsorizedBalanced-v0.1,B_QuadraticTanh-v1,456,Qualified,False,2026-08-11,1.35217504768,0.464448615487,4.45123647509,-1.08402120949,75.3688493025,68.4344090442,97.4581398201,55.7730419105,75,68,97,56
1327,布雷,2008,統一7-ELEVEn獅,A_WinsorizedBalanced-v0.1,B_QuadraticTanh-v1,420,Qualified,False,2026-08-11,1.62692958726,0.871172048665,4.18587375048,-1.20758669275,77.5624857362,71.5667446213,95.9791136398,54.5883341924,78,72,96,55
1329,翁再生,2006,誠泰,A_WinsorizedBalanced-v0.1,B_QuadraticTanh-v1,52,Provisional,False,2026-08-11,-0.740098227498,0.300154925284,-0.284582658625,0.00639101672888,58.965339071,67.1999022617,62.8403697529,65.0460336847,59,67,63,65
1329,翁再生,2007,誠泰,A_WinsorizedBalanced-v0.1,B_QuadraticTanh-v1,171,Regular,False,2026-08-11,-0.813404678954,0.46317741266,-0.395985672715,-0.269991175517,58.300863598,68.4247819886,61.9372305775,62.9563375475,58,68,62,63
1331,林聖凱,2007,Lamigo,A_WinsorizedBalanced-v0.1,B_QuadraticTanh-v1,72,Provisional,False,2026-08-11,-1.93958530009,0.0947981612674,0.928341100296,-0.0395340611928,47.4954353721,65.6865374992,72.014225104,64.7131730619,47,66,72,65
1332,柏頓,2006,誠泰,A_WinsorizedBalanced-v0.1,B_QuadraticTanh-v1,57,Provisional,False,2026-08-11,0.0644808183767,-0.611950491495,2.36451869234,-0.00368520452426,65.4661162204,60.1020342077,83.3983567937,64.9734475195,65,60,83,65
1333,潘武雄,2007,統一7-ELEVEn獅,A_WinsorizedBalanced-v0.1,B_QuadraticTanh-v1,412,Qualified,False,2026-08-11,0.2565383333,1.601761113,0.200051369138,-0.567967706581,66.8756041101,77.3614075552,66.4578687384,60.4843195648,67,77,66,60
1333,潘武雄,2008,統一7-ELEVEn獅,A_WinsorizedBalanced-v0.1,B_QuadraticTanh-v1,322,Qualified,False,2026-08-11,1.97623830551,2.97287554633,3.25383886979,0.899264072146,80.3461784099,87.9935948818,90.0033414085,71.7864423753,80,88,90,72
1333,潘武雄,2009,統一7-ELEVEn獅,A_WinsorizedBalanced-v0.1,B_QuadraticTanh-v1,372,Qualified,False,2026-08-11,2.03953034552,0.766198669499,1.85071498765,0.783018204983,80.84776272,70.7492166925,79.3482265098,70.8798253271,81,71,79,71
1333,潘武雄,2010,統一7-ELEVEn獅,A_WinsorizedBalanced-v0.1,B_QuadraticTanh-v1,120,Provisional,False,2026-08-11,-0.172132353392,2.37953171614,-0.246501146933,1.14833299851,63.7197371537,83.5149254123,63.141872457,73.7486068005,64,84,63,74
1333,潘武雄,2011,統一7-ELEVEn獅,A_WinsorizedBalanced-v0.1,B_QuadraticTanh-v1,320,Regular,False,2026-08-11,0.846469126658,2.58084771791,1.92525842714,1.02558315724,71.3738619124,85.0645031357,79.941329698,72.778623699,71,85,80,73
1333,潘武雄,2012,統一7-ELEVEn獅,A_WinsorizedBalanced-v0.1,B_QuadraticTanh-v1,387,Qualified,False,2026-08-11,1.55760902303,4.16385795059,2.20792883563,-0.495226181252,77.0086541781,95.8517377061,82.1753484965,61.1071951941,77,96,82,61
1333,潘武雄,2013,統一7-ELEVEn獅,A_WinsorizedBalanced-v0.1,B_QuadraticTanh-v1,288,Regular,False,2026-08-11,0.614193539678,1.94936294748,0.074933927377,-0.0975617613886,69.5760763571,80.1328379109,65.5420248542,64.2843294697,70,80,66,64
1333,潘武雄,2014,統一7-ELEVEn獅,A_WinsorizedBalanced-v0.1,B_QuadraticTanh-v1,349,Regular,False,2026-08-11,-0.570889125565,2.58653301925,1.66145403624,0.920583181386,60.4590575076,85.1078679068,77.8382793211,71.9534142138,60,85,78,72
1333,潘武雄,2015,統一7-ELEVEn獅,A_WinsorizedBalanced-v0.1,B_QuadraticTanh-v1,230,Regular,False,2026-08-11,-0.461823021328,1.06959975603,2.07899283556,1.37004700747,61.3891743621,73.1258485008,81.1598405266,75.5113159323,61,73,81,76
1333,潘武雄,2016,統一7-ELEVEn獅,A_WinsorizedBalanced-v0.1,B_QuadraticTanh-v1,412,Qualified,False,2026-08-11,0.866278482618,1.32788742795,1.21268423477,0.855029063049,71.5285118368,75.1753254727,74.2590135342,71.4406652284,72,75,74,71
1333,潘武雄,2017,統一7-ELEVEn獅,A_WinsorizedBalanced-v0.1,B_QuadraticTanh-v1,311,Regular,False,2026-08-11,0.279610926818,3.02899361896,2.1994737563,0.219887140917,67.0469670967,88.4015511919,82.1089701331,66.6042649107,67,88,82,67
1333,潘武雄,2018,統一7-ELEVEn獅,A_WinsorizedBalanced-v0.1,B_QuadraticTanh-v1,294,Regular,False,2026-08-11,0.35891946747,1.1458238297,1.44876232475,0.0405443733536,67.6391584696,73.7287293626,76.1393240195,65.2926550929,68,74,76,65
1333,潘武雄,2019,統一7-ELEVEn獅,A_WinsorizedBalanced-v0.1,B_QuadraticTanh-v1,325,Regular,False,2026-08-11,0.554726946444,1.99525925342,0.304624727155,-1.03597084099,69.1209309327,80.4970461466,67.2332202598,56.2293112744,69,80,67,56
1333,潘武雄,2020,統一7-ELEVEn獅,A_WinsorizedBalanced-v0.1,B_QuadraticTanh-v1,128,Provisional,False,2026-08-11,-1.49252632206,2.01205795357,1.38848988235,0.00891876063986,51.8175709766,80.6301981412,75.658384772,65.0642508279,52,81,76,65
1333,潘武雄,2021,統一7-ELEVEn獅,A_WinsorizedBalanced-v0.1,B_QuadraticTanh-v1,94,Provisional,False,2026-08-11,0.200246741161,0.369363486772,-0.521812415745,-0.00548630736085,66.4593090953,67.7174996731,60.8809237537,64.9604564644,66,68,61,65
1333,潘武雄,2022,統一7-ELEVEn獅,A_WinsorizedBalanced-v0.1,B_QuadraticTanh-v1,54,Provisional,False,2026-08-11,-1.51149110038,0.570076321502,0.636240419409,-0.0663362327787,51.6323839374,69.2381952377,69.7453834833,64.5162492375,52,69,70,65
1334,陳志偉,2007,興農,A_WinsorizedBalanced-v0.1,B_QuadraticTanh-v1,304,Regular,False,2026-08-11,0.635556506545,-1.69884929752,0.253537727298,-1.08030189486,69.740126947,49.8069703135,66.8533492756,55.8084564621,70,50,67,56
1334,陳志偉,2008,興農,A_WinsorizedBalanced-v0.1,B_QuadraticTanh-v1,320,Qualified,False,2026-08-11,-0.231323040676,-0.867452223192,0.487366986674,-0.406970934545,63.2609927654,57.8048889158,68.6081669131,61.8465089087,63,58,69,62
1334,陳志偉,2009,興農,A_WinsorizedBalanced-v0.1,B_QuadraticTanh-v1,303,Regular,False,2026-08-11,0.572971520136,-1.80237530095,0.365159237763,-0.360546932504,69.2603307247,48.8061806757,67.6859535519,62.2278888916,69,49,68,62
1334,陳志偉,2010,興農,A_WinsorizedBalanced-v0.1,B_QuadraticTanh-v1,194,Regular,False,2026-08-11,0.45345737134,-0.488385803856,-0.504275800259,-0.190807954237,68.351207756,61.1651504663,61.0303565906,63.5759984964,68,61,61,64
1334,陳志偉,2011,興農,A_WinsorizedBalanced-v0.1,B_QuadraticTanh-v1,176,Regular,False,2026-08-11,-0.897724857285,-1.23575066229,0.088152106191,-0.388791581653,57.5249755458,54.3163816859,65.6381492386,61.9964837127,58,54,66,62
1334,陳志偉,2012,興農,A_WinsorizedBalanced-v0.1,B_QuadraticTanh-v1,189,Regular,False,2026-08-11,0.727476613367,0.15290180863,0.143491973598,-0.313024873072,70.4491111627,66.111187625,66.0422212741,62.6127548591,70,66,66,63
1335,凃壯勳,2008,統一7-ELEVEn獅,A_WinsorizedBalanced-v0.1,B_QuadraticTanh-v1,54,Provisional,False,2026-08-11,-0.270149233206,0.127547699514,0.579090441013,-0.086897086626,62.9550842995,65.9255336844,69.3071311903,64.3638395006,63,66,69,64
1335,凃壯勳,2009,統一7-ELEVEn獅,A_WinsorizedBalanced-v0.1,B_QuadraticTanh-v1,78,Provisional,False,2026-08-11,-2.05249390201,-1.06142182808,-0.0637403375302,0.32933989814,46.4351198676,55.9879813859,64.5354088968,67.4177260254,46,56,65,67
1335,凃壯勳,2010,統一7-ELEVEn獅,A_WinsorizedBalanced-v0.1,B_QuadraticTanh-v1,78,Provisional,False,2026-08-11,-0.744304290574,-0.605677325017,0.111567655934,0.542779543586,58.9274819557,60.1568129719,65.8088013175,69.0297630222,59,60,66,69
1335,凃壯勳,2011,統一7-ELEVEn獅,A_WinsorizedBalanced-v0.1,B_QuadraticTanh-v1,118,Provisional,False,2026-08-11,-1.75200331043,0.199544571475,-0.182300955562,-0.221283145396,49.2921078845,66.4541325792,63.6415887252,63.3394562459,49,66,64,63
1335,凃壯勳,2012,統一7-ELEVEn獅,A_WinsorizedBalanced-v0.1,B_QuadraticTanh-v1,80,Provisional,False,2026-08-11,-0.0929215380495,-0.800114748826,0.049800556391,0.283062179762,64.3189627203,58.4220494818,65.3596723896,67.0726360898,64,58,65,67
1335,凃壯勳,2014,統一7-ELEVEn獅,A_WinsorizedBalanced-v0.1,B_QuadraticTanh-v1,135,Provisional,False,2026-08-11,-2.37392886057,-0.976767574339,-0.898966552681,-0.394849668376,43.5437019053,56.7874729658,57.5134631203,61.9465955142,44,57,58,62
1336,曾鏡峰,2007,興農,A_WinsorizedBalanced-v0.1,B_QuadraticTanh-v1,52,Provisional,False,2026-08-11,-1.60270178198,-0.101266365606,-0.124984682789,0.604482546359,50.7423155062,64.2566371455,64.0784536913,69.5015971641,51,64,64,70
1338,劉家豪,2008,Lamigo,A_WinsorizedBalanced-v0.1,B_QuadraticTanh-v1,66,Provisional,False,2026-08-11,-0.0414924694123,-0.416282334206,-0.285500907949,-0.108846835235,64.6988513772,61.7693818699,62.8330535444,64.1998555383,65,62,63,64
1338,劉家豪,2009,Lamigo,A_WinsorizedBalanced-v0.1,B_QuadraticTanh-v1,129,Provisional,False,2026-08-11,-1.00962121122,-0.321475986902,-0.0986495594888,-0.319230667262,56.4783053149,62.5447268548,64.2762019482,62.5628183741,56,63,64,63
1338,劉家豪,2012,Lamigo,A_WinsorizedBalanced-v0.1,B_QuadraticTanh-v1,94,Provisional,False,2026-08-11,-1.0638129082,-0.226566821242,0.198556271828,-0.210931435736,55.9652684894,63.2981963887,66.4468473495,63.4200791986,56,63,66,63
1338,劉家豪,2013,Lamigo,A_WinsorizedBalanced-v0.1,B_QuadraticTanh-v1,60,Provisional,False,2026-08-11,-1.4350924294,-0.656462891627,-0.419170072565,-0.00717733912757,52.3782931463,59.7109668131,61.7454200101,64.9482510761,52,60,62,65
1340,曾家賢,2007,中信,A_WinsorizedBalanced-v0.1,B_QuadraticTanh-v1,101,Provisional,False,2026-08-11,-1.88824013802,0.599764163102,-0.343152463383,-0.327964693824,47.98342379,69.4654304842,62.3694174059,62.4923730244,48,69,62,62
1340,曾家賢,2008,中信,A_WinsorizedBalanced-v0.1,B_QuadraticTanh-v1,240,Regular,False,2026-08-11,-1.72168068796,1.69007358949,0.59410365187,-0.843663902499,49.5855840466,78.0668550585,69.4220608367,58.0237950471,50,78,69,58
1342,黃浩然,2008,米迪亞,A_WinsorizedBalanced-v0.1,B_QuadraticTanh-v1,55,Provisional,False,2026-08-11,-1.15512732897,0.719704445394,0.302573379851,0.562248715683,55.0931101635,70.3889749946,67.2179275489,69.1783757257,55,70,67,69
1342,黃浩然,2009,Lamigo,A_WinsorizedBalanced-v0.1,B_QuadraticTanh-v1,90,Provisional,False,2026-08-11,0.00938670238301,-1.5336094062,0.79817465075,0.108426902535,65.0676238558,51.4164251165,70.9976475954,65.7858841638,65,51,71,66
1342,黃浩然,2010,Lamigo,A_WinsorizedBalanced-v0.1,B_QuadraticTanh-v1,137,Provisional,False,2026-08-11,-1.78754429326,-1.31501524433,0.200799997424,-0.33162570431,48.9490277828,53.548040307,66.4633880809,62.4627875445,49,54,66,62
1342,黃浩然,2011,Lamigo,A_WinsorizedBalanced-v0.1,B_QuadraticTanh-v1,181,Regular,False,2026-08-11,-0.933680815161,-0.708080896129,0.20021583255,-0.0692235450378,57.1906436702,59.2524055284,66.4590812232,64.4949168828,57,59,66,64
1342,黃浩然,2012,Lamigo,A_WinsorizedBalanced-v0.1,B_QuadraticTanh-v1,258,Regular,False,2026-08-11,-0.439816695157,1.09620471408,0.0173283199769,-0.375841262869,61.5735158065,73.3360570553,65.1248987049,62.1028279946,62,73,65,62
1342,黃浩然,2013,Lamigo,A_WinsorizedBalanced-v0.1,B_QuadraticTanh-v1,228,Regular,False,2026-08-11,-0.626372904416,-0.539019165985,-0.696614958576,-0.710492126311,59.9757782541,60.7336250733,59.3547247,59.2308555172,60,61,59,59
1342,黃浩然,2014,Lamigo,A_WinsorizedBalanced-v0.1,B_QuadraticTanh-v1,307,Regular,False,2026-08-11,-0.836915283127,-1.08421973674,0.312788749675,-0.782047520342,58.0857247688,55.7711511314,67.2941149895,58.5862932668,58,56,67,59
1342,黃浩然,2015,Lamigo,A_WinsorizedBalanced-v0.1,B_QuadraticTanh-v1,272,Regular,False,2026-08-11,-1.04447152912,-0.64614784644,-0.0776551031092,-0.447021703002,56.1487949707,59.8019570308,64.4324905594,61.5132874423,56,60,64,62
1342,黃浩然,2016,Lamigo,A_WinsorizedBalanced-v0.1,B_QuadraticTanh-v1,91,Provisional,False,2026-08-11,-1.96943583143,-1.04705945142,0.229812364896,-0.176780582681,47.2133071917,56.1242650652,66.6776373267,63.6840485078,47,56,67,64
1342,黃浩然,2017,Lamigo,A_WinsorizedBalanced-v0.1,B_QuadraticTanh-v1,155,Regular,False,2026-08-11,-0.545979614731,-1.03757322295,0.33149360721,-0.826704186598,60.6738513756,56.2141408209,67.4338262683,58.1792807901,61,56,67,58
1389,許人介,2007,中信,A_WinsorizedBalanced-v0.1,B_QuadraticTanh-v1,323,Qualified,False,2026-08-11,0.809252602948,-1.03776858747,-0.276586635814,1.74840565053,71.0838402748,56.2122909992,62.9039870675,78.5325279596,71,56,63,79
1390,陳江和,2007,兄弟,A_WinsorizedBalanced-v0.1,B_QuadraticTanh-v1,191,Regular,False,2026-08-11,-0.126962389709,-1.09849786522,-0.553208106077,-0.253842108728,64.063527137,55.6350496,60.6116616159,63.084043935,64,56,61,63
1390,陳江和,2008,兄弟,A_WinsorizedBalanced-v0.1,B_QuadraticTanh-v1,255,Regular,False,2026-08-11,0.184084625872,-1.21147041064,-0.822058430452,0.175268851461,66.3402620136,54.5508700348,58.2217867394,66.2754176765,66,55,58,66
1390,陳江和,2009,兄弟,A_WinsorizedBalanced-v0.1,B_QuadraticTanh-v1,351,Regular,False,2026-08-11,0.0518366608395,-0.970442848273,-1.41991961664,-0.533065159433,65.3744244848,56.8468212012,52.5263476829,60.7846698071,65,57,53,61
1390,陳江和,2010,兄弟,A_WinsorizedBalanced-v0.1,B_QuadraticTanh-v1,367,Regular,False,2026-08-11,0.290664381701,-0.928101531878,-1.03209331073,-0.824107554148,67.1292110641,57.2426511115,56.2660082033,58.2030430563,67,57,56,58
1390,陳江和,2011,兄弟,A_WinsorizedBalanced-v0.1,B_QuadraticTanh-v1,445,Qualified,False,2026-08-11,0.939677159824,-1.44000180779,-0.31829647894,-0.39284237978,72.1031311767,52.3303786526,62.5703417845,61.9631354106,72,52,63,62
1390,陳江和,2012,兄弟,A_WinsorizedBalanced-v0.1,B_QuadraticTanh-v1,446,Qualified,False,2026-08-11,1.49163445008,-1.04005824703,-0.582333421469,-0.388396207895,76.4816444067,56.1906076566,60.3599169974,61.9997364898,76,56,60,62
1390,陳江和,2013,兄弟,A_WinsorizedBalanced-v0.1,B_QuadraticTanh-v1,251,Regular,False,2026-08-11,0.83528527753,-0.589151421552,-0.856359637925,-0.791377643443,71.2866353539,60.3007182364,57.9070827963,58.5015490895,71,60,58,59
1390,陳江和,2014,中信兄弟,A_WinsorizedBalanced-v0.1,B_QuadraticTanh-v1,285,Regular,False,2026-08-11,0.257773272782,0.103165380914,-0.135906480995,-0.768120240355,66.8847654678,65.7475113689,63.9958901504,58.7124985306,67,66,64,59
1390,陳江和,2015,中信兄弟,A_WinsorizedBalanced-v0.1,B_QuadraticTanh-v1,256,Regular,False,2026-08-11,0.224418315554,-0.800245262425,-0.834860865473,-0.632746021773,66.6377518086,58.4208608962,58.1045620741,59.9198476958,67,58,58,60
1390,陳江和,2016,中信兄弟,A_WinsorizedBalanced-v0.1,B_QuadraticTanh-v1,64,Provisional,False,2026-08-11,-0.223865670635,-0.53376396005,-0.509614049248,-0.156271817466,63.3192986444,60.7786829875,60.984942536,63.8410775109,63,61,61,64
1390,陳江和,2017,中信兄弟,A_WinsorizedBalanced-v0.1,B_QuadraticTanh-v1,61,Provisional,False,2026-08-11,0.117558189367,-1.00276856999,-0.609819763474,0.396504269754,65.852535911,56.5429119961,60.120649612,67.9214629185,66,57,60,68
1390,陳江和,2018,中信兄弟,A_WinsorizedBalanced-v0.1,B_QuadraticTanh-v1,83,Provisional,False,2026-08-11,0.165543988349,-0.484802396736,-0.733175209169,-0.314018719205,66.2039614873,61.1954678176,59.0275773665,62.6047641818,66,61,59,63
1391,林津平,2007,Lamigo,A_WinsorizedBalanced-v0.1,B_QuadraticTanh-v1,161,Regular,False,2026-08-11,-0.868965559166,-0.797888733479,0.0175469516315,-0.523695964875,57.7909311449,58.4423171068,65.1264762717,60.8648321299,58,58,65,61
1391,林津平,2008,Lamigo,A_WinsorizedBalanced-v0.1,B_QuadraticTanh-v1,66,Provisional,False,2026-08-11,-1.26097289643,-0.129128760005,-0.295050288842,-0.0505989934334,54.0723336412,64.0471644959,62.756840277,64.6321164347,54,64,63,65
1392,卡洛斯,2007,中信,A_WinsorizedBalanced-v0.1,B_QuadraticTanh-v1,223,Regular,False,2026-08-11,0.677302180333,0.473629712769,1.83117664748,-0.214078726166,70.0614996429,68.503972682,79.1925812023,63.3955967942,70,69,79,63
1392,卡洛斯,2008,中信,A_WinsorizedBalanced-v0.1,B_QuadraticTanh-v1,231,Regular,False,2026-08-11,-0.565734765781,0.100977010675,1.44358698349,-0.44502693273,60.5036156031,65.7315583804,76.0980116376,61.5299745341,61,66,76,62
1393,吳柏宏,2007,興農,A_WinsorizedBalanced-v0.1,B_QuadraticTanh-v1,85,Provisional,False,2026-08-11,-0.623596941455,0.686413486469,-0.213646007291,-0.238981590048,60.0001135209,70.1317791591,63.398964412,63.2009623823,60,70,63,63
1393,吳柏宏,2008,興農,A_WinsorizedBalanced-v0.1,B_QuadraticTanh-v1,78,Provisional,False,2026-08-11,-0.504283284456,-0.618992063843,-0.509299394558,0.865938835357,61.030292966,60.0404460744,60.9876212016,71.5258586427,61,60,61,72
1394,鍾家寶,2007,興農,A_WinsorizedBalanced-v0.1,B_QuadraticTanh-v1,87,Provisional,False,2026-08-11,-0.682677630514,0.0726480365565,-0.813744589605,0.825555548774,59.4787479698,65.5254169668,58.297760004,71.2108005508,59,66,58,71
1395,考菲,2007,誠泰,A_WinsorizedBalanced-v0.1,B_QuadraticTanh-v1,180,Regular,False,2026-08-11,-0.963676009698,2.22130532399,3.10018939133,-0.708123089693,56.9102555452,82.2802968996,88.9145498108,59.2520285273,57,82,89,59
1396,鄭乃文,2007,統一7-ELEVEn獅,A_WinsorizedBalanced-v0.1,B_QuadraticTanh-v1,60,Provisional,False,2026-08-11,-1.77218813853,-0.281892912895,0.0580421052144,0.0342630270194,49.0971348195,62.8617880212,65.4194070116,65.2472195871,49,63,65,65
1396,鄭乃文,2009,統一7-ELEVEn獅,A_WinsorizedBalanced-v0.1,B_QuadraticTanh-v1,220,Regular,False,2026-08-11,-0.119196652992,-0.0414015799366,1.24534551247,-0.641573183987,64.1220773135,64.6995162802,74.5184916859,59.8422404589,64,65,75,60
1396,鄭乃文,2010,統一7-ELEVEn獅,A_WinsorizedBalanced-v0.1,B_QuadraticTanh-v1,100,Provisional,False,2026-08-11,-1.35560816197,0.374924349254,-0.125588555637,0.0580622512741,53.1531983689,67.7592452164,64.0738971434,65.4195531031,53,68,64,65
1396,鄭乃文,2012,兄弟 / 統一7-ELEVEn獅,A_WinsorizedBalanced-v0.1,B_QuadraticTanh-v1,63,Provisional,False,2026-08-11,-0.498326566688,-0.147085415687,-0.330888770183,-0.0842477319537,61.0808915892,63.9110488166,62.4687455905,64.3835433349,61,64,62,64
1397,東尼,2007,兄弟,A_WinsorizedBalanced-v0.1,B_QuadraticTanh-v1,132,Provisional,False,2026-08-11,0.713656651932,-1.11857505911,2.61553244319,1.79337283567,70.3422045126,55.4432924975,85.3286956322,78.8912426173,70,55,85,79
1398,剛力士,2007,Lamigo,A_WinsorizedBalanced-v0.1,B_QuadraticTanh-v1,127,Provisional,False,2026-08-11,0.919627076699,1.03938899455,0.49751745651,-0.566686620329,71.9459215865,72.8874540258,68.6852394528,60.4953914561,72,73,69,60
1399,藤本博史,2007,中信,A_WinsorizedBalanced-v0.1,B_QuadraticTanh-v1,79,Provisional,False,2026-08-11,0.223506085073,-1.2382052096,-0.362225815264,-0.159426598733,66.631008781,54.2926517324,62.2141890193,63.8169957287,67,54,62,64
1402,蔡宗佑,2008,Lamigo,A_WinsorizedBalanced-v0.1,B_QuadraticTanh-v1,84,Provisional,False,2026-08-11,0.333287978319,0.584880539564,-0.540752810565,0.33903308914,67.44724295,69.3514387473,60.7187473096,67.4902161696,67,69,61,67
1402,蔡宗佑,2009,Lamigo,A_WinsorizedBalanced-v0.1,B_QuadraticTanh-v1,134,Provisional,False,2026-08-11,0.350680416053,0.976346086683,-0.615499724857,0.163263764525,67.577414549,72.3910951025,60.0710044483,66.1872183133,68,72,60,66
1403,力歐,2007,誠泰,A_WinsorizedBalanced-v0.1,B_QuadraticTanh-v1,56,Provisional,False,2026-08-11,0.509834316712,-0.193895364216,1.25594927931,-0.085169792684,68.7788557827,63.5521465286,74.6027892344,64.3766879502,69,64,75,64
1403,力歐,2008,米迪亞,A_WinsorizedBalanced-v0.1,B_QuadraticTanh-v1,77,Provisional,False,2026-08-11,-0.227346220063,-0.603149401357,2.01852023709,0.30157317159,63.292103916,60.1788636946,80.6813971466,67.2104722206,63,60,81,67
1455,李義偉,2008,中信,A_WinsorizedBalanced-v0.1,B_QuadraticTanh-v1,280,Regular,False,2026-08-11,-3.25822652349,-1.48241597945,0.288830727548,-0.386784282464,37.0468461993,51.9162959436,67.1155610187,62.0129939952,37,52,67,62
1455,李義偉,2009,興農,A_WinsorizedBalanced-v0.1,B_QuadraticTanh-v1,160,Regular,False,2026-08-11,-0.299450578713,-1.59386880088,-0.089839562432,-0.526674439096,62.7216432929,50.8284321425,64.341933106,60.8393699247,63,51,64,61
1456,吳家輝,2008,米迪亞,A_WinsorizedBalanced-v0.1,B_QuadraticTanh-v1,184,Regular,False,2026-08-11,-0.405310674219,-1.32992532766,-0.409967395744,0.550091189794,61.8602389419,53.4031021071,61.8217118568,69.0855454105,62,53,62,69
1457,黃政琦,2008,中信,A_WinsorizedBalanced-v0.1,B_QuadraticTanh-v1,248,Regular,False,2026-08-11,-1.37529797367,0.476723929016,-0.337462780929,-0.800664037143,52.9614239797,68.5274302492,62.4155471272,58.4170469162,53,69,62,58
1458,霸漢,2008,Lamigo,A_WinsorizedBalanced-v0.1,B_QuadraticTanh-v1,303,Regular,False,2026-08-11,1.37043827092,-0.269605752896,2.2137065346,-1.02687153571,75.5144354561,62.9593933139,82.2206888749,56.3153969955,76,63,82,56
1459,林錦章,2008,中信,A_WinsorizedBalanced-v0.1,B_QuadraticTanh-v1,215,Regular,False,2026-08-11,-1.79681310074,0.2799799483,0.324403908995,0.479078720712,48.8597307675,67.0497112792,67.3808399697,68.5452866103,49,67,67,69
1460,林永坤,2008,中信,A_WinsorizedBalanced-v0.1,B_QuadraticTanh-v1,183,Regular,False,2026-08-11,-1.27597817904,-0.817219681198,-0.790440408156,0.924917683423,53.926937987,58.2660186857,58.5100689515,71.9873871615,54,58,59,72
1461,拿破崙,2008,米迪亞,A_WinsorizedBalanced-v0.1,B_QuadraticTanh-v1,253,Regular,False,2026-08-11,1.42653295872,-1.32968823992,0.289793009559,1.64238706199,75.9618969492,53.4054076557,67.1227240883,77.6859715867,76,53,67,78
1462,康哲瑋,2008,中信,A_WinsorizedBalanced-v0.1,B_QuadraticTanh-v1,183,Regular,False,2026-08-11,0.392975550391,-1.32252879764,-0.851349553881,0.61360789683,67.8949138553,53.4750163811,57.9531728775,69.5715830588,68,53,58,70
1463,林冠仲,2008,中信,A_WinsorizedBalanced-v0.1,B_QuadraticTanh-v1,138,Provisional,False,2026-08-11,-1.03095060549,0.0906833844625,-0.183631685432,-0.389521997541,56.2768191403,65.6565743351,63.6313413062,61.9904735071,56,66,64,62
1464,鍾承祐,2008,Lamigo,A_WinsorizedBalanced-v0.1,B_QuadraticTanh-v1,145,Provisional,False,2026-08-11,-0.428354174295,-0.0104020173367,0.894520517065,0.3342964732,61.6690789725,64.9249541074,71.7493189113,67.454784638,62,65,72,67
1464,鍾承祐,2009,Lamigo,A_WinsorizedBalanced-v0.1,B_QuadraticTanh-v1,310,Regular,False,2026-08-11,0.332852175595,-0.792520300381,1.26576203823,0.497645192631,67.4439841864,58.4911597254,74.6808215891,68.6862098025,67,58,75,69
1464,鍾承祐,2010,Lamigo,A_WinsorizedBalanced-v0.1,B_QuadraticTanh-v1,491,Qualified,False,2026-08-11,0.570910286243,-1.71638177773,2.75384341015,0.0950030085504,69.2445708319,49.6369353114,86.3730477497,65.6880295477,69,50,86,66
1464,鍾承祐,2011,Lamigo,A_WinsorizedBalanced-v0.1,B_QuadraticTanh-v1,496,Qualified,False,2026-08-11,1.09288341047,0.0749081455102,2.25354022585,-0.911375769136,73.3098018379,65.5418375135,82.5328589654,57.3982782694,73,66,83,57
1464,鍾承祐,2012,Lamigo,A_WinsorizedBalanced-v0.1,B_QuadraticTanh-v1,485,Qualified,False,2026-08-11,0.272991765429,-0.614911212193,1.40200191961,-0.94477439559,66.9977627256,60.0761514634,75.7661641717,57.087096806,67,60,76,57
1464,鍾承祐,2013,Lamigo,A_WinsorizedBalanced-v0.1,B_QuadraticTanh-v1,412,Qualified,False,2026-08-11,-0.979500270992,-1.24092794218,0.715309266465,-0.998107828687,56.7618133324,54.2663238516,70.3549829165,56.5868176959,57,54,70,57
1464,鍾承祐,2014,Lamigo,A_WinsorizedBalanced-v0.1,B_QuadraticTanh-v1,173,Regular,False,2026-08-11,-1.32140261542,0.771153620081,1.52546194437,-0.348364704649,53.4859635363,70.7876776586,76.7518369297,62.3270875634,53,71,77,62
1464,鍾承祐,2015,Lamigo,A_WinsorizedBalanced-v0.1,B_QuadraticTanh-v1,195,Regular,False,2026-08-11,-0.77805987101,0.879994321956,0.641625233091,2.28420745841,58.6224644494,71.6357006405,69.7867809727,82.7726685101,59,72,70,83
1464,鍾承祐,2016,Lamigo,A_WinsorizedBalanced-v0.1,B_QuadraticTanh-v1,85,Provisional,False,2026-08-11,-0.483208727985,-0.388610556725,0.0800036874381,0.589830090826,61.2089414672,61.9979730692,65.5788748812,69.3893311318,61,62,66,69
1464,鍾承祐,2017,Lamigo,A_WinsorizedBalanced-v0.1,B_QuadraticTanh-v1,50,Provisional,False,2026-08-11,-0.940862291592,0.863150973657,-0.31647725228,-0.18360824426,57.1236329568,71.5040830282,62.5849864473,63.6315218581,57,72,63,64
1464,鍾承祐,2018,Lamigo,A_WinsorizedBalanced-v0.1,B_QuadraticTanh-v1,57,Provisional,False,2026-08-11,-0.373033193713,-0.260290094989,-0.535469698109,-0.0579668688429,62.1258326919,63.0331344005,60.7640648494,64.577954781,62,63,61,65
1464,鍾承祐,2019,Lamigo,A_WinsorizedBalanced-v0.1,B_QuadraticTanh-v1,82,Provisional,False,2026-08-11,-0.518676393545,-0.926959430786,0.116593050202,-0.208984208175,60.907697741,57.2532914696,65.845487724,63.4352133711,61,57,66,63
1465,亞伯汗,2008,中信,A_WinsorizedBalanced-v0.1,B_QuadraticTanh-v1,156,Regular,False,2026-08-11,-0.292329609471,0.797304798856,0.231789387417,-0.589925569766,62.7785776833,70.9908823476,66.6922620247,60.2939901714,63,71,67,60
1466,阿布多,2008,兄弟,A_WinsorizedBalanced-v0.1,B_QuadraticTanh-v1,125,Provisional,False,2026-08-11,0.875517596852,-0.117912033155,0.887873481225,-0.083090079706,71.6007053766,64.1317469877,71.6973161574,64.392147005,72,64,72,64
1468,胡仁偉,2008,米迪亞,A_WinsorizedBalanced-v0.1,B_QuadraticTanh-v1,58,Provisional,False,2026-08-11,-2.17797703503,0.0376567875306,-0.232052836629,0.0101936121143,45.2813831365,65.2717636814,63.2552789839,65.0734407014,45,65,63,65
1470,凡托,2008,興農,A_WinsorizedBalanced-v0.1,B_QuadraticTanh-v1,50,Provisional,False,2026-08-11,0.338209334839,-0.413333784095,0.462618120895,-0.0356891730046,67.4840529766,61.7938275951,68.420546726,64.741259464,67,62,68,65
1471,郭俊佑,2008,統一7-ELEVEn獅,A_WinsorizedBalanced-v0.1,B_QuadraticTanh-v1,51,Provisional,False,2026-08-11,-1.65496882282,0.829448757161,0.529440413389,-0.0376941351164,50.233316123,71.2411390491,68.9280864047,64.7266186001,50,71,69,65
1471,郭俊佑,2009,統一7-ELEVEn獅,A_WinsorizedBalanced-v0.1,B_QuadraticTanh-v1,100,Provisional,False,2026-08-11,-2.07342983778,-0.029022622383,0.369776451287,-0.217688420951,46.2406882576,64.7898604063,67.7205990179,63.3674852661,46,65,68,63
1471,郭俊佑,2010,統一7-ELEVEn獅,A_WinsorizedBalanced-v0.1,B_QuadraticTanh-v1,198,Regular,False,2026-08-11,-2.27672050287,0.331271826226,1.05872768771,-0.28934538549,44.3950896181,67.4321681615,73.0400184556,62.802398969,44,67,73,63
1471,郭俊佑,2011,統一7-ELEVEn獅,A_WinsorizedBalanced-v0.1,B_QuadraticTanh-v1,205,Regular,False,2026-08-11,-1.65403635287,0.984393400876,1.43449712018,-0.244165674319,50.2423868632,72.4543665008,76.0254580652,63.1602407702,50,72,76,63
1471,郭俊佑,2012,統一7-ELEVEn獅,A_WinsorizedBalanced-v0.1,B_QuadraticTanh-v1,240,Regular,False,2026-08-11,-2.15990299425,1.53700985882,2.66552043219,0.166850409043,45.4457675256,76.8440871775,85.7078743653,66.2135561995,45,77,86,66
1471,郭俊佑,2013,統一7-ELEVEn獅,A_WinsorizedBalanced-v0.1,B_QuadraticTanh-v1,230,Regular,False,2026-08-11,-1.44677069307,0.26999590522,2.26632585764,-0.53456020401,52.264309297,66.9755039776,82.6328960988,60.7718600068,52,67,83,61
1471,郭俊佑,2014,統一7-ELEVEn獅,A_WinsorizedBalanced-v0.1,B_QuadraticTanh-v1,148,Provisional,False,2026-08-11,-1.79135965957,0.752872530416,-0.0627405083519,-0.259501904048,48.9122607956,70.645843163,64.5427834307,63.0393632782,49,71,65,63
1471,郭俊佑,2015,統一7-ELEVEn獅,A_WinsorizedBalanced-v0.1,B_QuadraticTanh-v1,110,Provisional,False,2026-08-11,-1.48585797062,0.00890341986776,-0.378312090334,-0.00921462887504,51.8826860801,65.0641402515,62.0825700508,64.9335358789,52,65,62,65
1474,汪竣泰,2009,兄弟,A_WinsorizedBalanced-v0.1,B_QuadraticTanh-v1,117,Provisional,False,2026-08-11,-1.40013729349,-0.857547750866,-0.462262173615,-0.223737971335,52.7193023504,57.8961466659,61.3854840664,63.3202957982,53,58,61,63
1484,沈福仁,2012,興農,A_WinsorizedBalanced-v0.1,B_QuadraticTanh-v1,69,Provisional,False,2026-08-11,-0.429977405883,-1.20747519501,-0.538317348379,-0.134814006905,61.6555651479,54.5894095704,60.7396460085,64.0041632622,62,55,61,64
1519,林益全,2009,興農,A_WinsorizedBalanced-v0.1,B_QuadraticTanh-v1,529,Qualified,False,2026-08-11,2.11224654156,-0.531127294358,2.29428436738,-0.502256690714,81.4223845347,60.8012662956,82.851363643,61.0475167559,81,61,83,61
1519,林益全,2010,興農,A_WinsorizedBalanced-v0.1,B_QuadraticTanh-v1,438,Qualified,False,2026-08-11,1.97739278451,-0.465235380342,1.80049486855,-0.85932591986,80.355338332,61.3604876302,78.948030763,57.879774917,80,61,79,58
1519,林益全,2011,興農,A_WinsorizedBalanced-v0.1,B_QuadraticTanh-v1,415,Qualified,False,2026-08-11,0.928360687422,0.912504274449,1.27094724653,-0.591785691698,72.0143786726,71.8901158028,74.7220638087,60.2778187024,72,72,75,60
1519,林益全,2012,興農,A_WinsorizedBalanced-v0.1,B_QuadraticTanh-v1,489,Qualified,False,2026-08-11,2.56764897998,-0.426130995873,2.33937538651,-0.898103649458,84.9637400948,61.6875772715,83.2028464465,57.5214638168,85,62,83,58
1519,林益全,2013,義大,A_WinsorizedBalanced-v0.1,B_QuadraticTanh-v1,467,Qualified,False,2026-08-11,2.22739686802,0.682610923811,3.06118185728,-0.864925513924,82.328062139,70.102442415,88.6341257277,57.8281848446,82,70,89,58
1519,林益全,2014,義大,A_WinsorizedBalanced-v0.1,B_QuadraticTanh-v1,520,Qualified,False,2026-08-11,2.73278342699,0.564209830388,2.31245425798,-1.31750440182,86.2150158948,69.1933590767,82.9931273861,53.5238514975,86,69,83,54
1519,林益全,2015,義大,A_WinsorizedBalanced-v0.1,B_QuadraticTanh-v1,512,Qualified,False,2026-08-11,1.99323069295,0.73190899178,2.04774052479,-1.40664669982,80.4809613443,70.4834212844,80.9127345362,52.6558213451,80,70,81,53
1519,林益全,2016,義大,A_WinsorizedBalanced-v0.1,B_QuadraticTanh-v1,472,Qualified,False,2026-08-11,1.3560940426,0.778245208953,0.653141546374,-1.252684439,75.4000852565,70.842746313,69.8753753127,54.1525813682,75,71,70,54
1519,林益全,2017,富邦悍將,A_WinsorizedBalanced-v0.1,B_QuadraticTanh-v1,444,Qualified,False,2026-08-11,2.07191868478,0.69959034895,1.20302764582,-0.699034731533,81.1039365658,70.2335035356,74.1823486202,59.333152778,81,70,74,59
1519,林益全,2018,富邦悍將,A_WinsorizedBalanced-v0.1,B_QuadraticTanh-v1,388,Qualified,False,2026-08-11,0.965378832563,0.0265398226042,0.568522167352,-0.980028166895,72.3049089343,65.1914025315,69.2263150501,56.756855268,72,65,69,57
1519,林益全,2019,富邦悍將,A_WinsorizedBalanced-v0.1,B_QuadraticTanh-v1,484,Qualified,False,2026-08-11,1.56531643516,0.386503176369,2.35688603316,-1.12320837579,77.0702314047,67.8462413517,83.3390438368,55.3989788846,77,68,83,55
1519,林益全,2020,富邦悍將,A_WinsorizedBalanced-v0.1,B_QuadraticTanh-v1,427,Qualified,False,2026-08-11,0.680176188141,-0.0643513304995,1.48139033317,-0.967265974518,70.0836628839,64.5309009812,76.3998349516,56.8766102379,70,65,76,57
1519,林益全,2021,富邦悍將,A_WinsorizedBalanced-v0.1,B_QuadraticTanh-v1,424,Qualified,False,2026-08-11,0.970759316028,-0.502657465377,1.77557688244,-1.24896231226,72.3471852186,61.0441113641,78.7493123532,54.1886030419,72,61,79,54
1519,林益全,2022,富邦悍將,A_WinsorizedBalanced-v0.1,B_QuadraticTanh-v1,266,Regular,False,2026-08-11,0.208752995715,-0.419682440207,-0.0180951862745,-0.881796274814,66.522050768,61.7411663916,64.8692568569,57.6724413925,67,62,65,58
1519,林益全,2023,統一7-ELEVEn獅,A_WinsorizedBalanced-v0.1,B_QuadraticTanh-v1,311,Regular,False,2026-08-11,1.45196018087,-0.263797904898,-0.0827632971926,-0.879295849781,76.1648523603,63.0053935404,64.3945749866,57.6955533533,76,63,64,58
1519,林益全,2024,統一7-ELEVEn獅,A_WinsorizedBalanced-v0.1,B_QuadraticTanh-v1,134,Provisional,False,2026-08-11,0.940298657513,-1.24098101576,0.377944930651,-0.458251492895,72.1080070618,54.2658105947,67.7819304284,61.4191698834,72,54,68,61
1520,詹智堯,2009,Lamigo,A_WinsorizedBalanced-v0.1,B_QuadraticTanh-v1,272,Regular,False,2026-08-11,0.729782583747,1.30554577807,-0.617605610858,1.21607422583,70.466959832,74.9974016601,60.052580785,74.2859328902,70,75,60,74
1520,詹智堯,2010,Lamigo,A_WinsorizedBalanced-v0.1,B_QuadraticTanh-v1,304,Regular,False,2026-08-11,0.742218191711,0.629622284707,0.134650146831,0.75531534922,70.5632649129,69.6945286781,65.9774860721,70.6647853895,71,70,66,71
1520,詹智堯,2011,Lamigo,A_WinsorizedBalanced-v0.1,B_QuadraticTanh-v1,245,Regular,False,2026-08-11,0.141906844578,0.449688545193,-0.334918762046,0.221850673992,66.0306109299,68.3226981369,62.4361468008,66.6187740325,66,68,62,67
1520,詹智堯,2012,Lamigo,A_WinsorizedBalanced-v0.1,B_QuadraticTanh-v1,482,Qualified,False,2026-08-11,2.04437905465,-0.150486844113,-0.489233338023,0.376433321534,80.8861360354,63.8851671722,61.1579755745,67.7705770749,81,64,61,68
1520,詹智堯,2013,Lamigo,A_WinsorizedBalanced-v0.1,B_QuadraticTanh-v1,407,Qualified,False,2026-08-11,0.906282966513,-0.888445608643,-0.118287072657,1.86986268227,71.8413917799,57.6109313651,64.1289244294,79.5006887624,72,58,64,80
1520,詹智堯,2014,Lamigo,A_WinsorizedBalanced-v0.1,B_QuadraticTanh-v1,437,Qualified,False,2026-08-11,0.825254707535,0.489709677924,-0.272236934335,-0.439885545817,71.2084565106,68.6259487033,62.9385247588,61.5729408513,71,69,63,62
1520,詹智堯,2015,Lamigo,A_WinsorizedBalanced-v0.1,B_QuadraticTanh-v1,438,Qualified,False,2026-08-11,-0.105259251263,-0.0877043157498,-0.64258986807,1.4324304346,64.2267479211,64.3578321344,59.8332915147,76.0089633974,64,64,60,76
1520,詹智堯,2016,Lamigo,A_WinsorizedBalanced-v0.1,B_QuadraticTanh-v1,228,Regular,False,2026-08-11,-0.173898940465,0.322652309711,0.671407648366,-0.509201232922,63.7061802716,67.3677549608,70.0160584828,60.9884568085,64,67,70,61
1520,詹智堯,2017,Lamigo,A_WinsorizedBalanced-v0.1,B_QuadraticTanh-v1,254,Regular,False,2026-08-11,-0.092157238517,0.583402897068,0.87043776667,1.16796858355,64.3246615743,69.3401293522,71.5610070443,73.9042232859,64,69,72,74
1520,詹智堯,2018,Lamigo,A_WinsorizedBalanced-v0.1,B_QuadraticTanh-v1,133,Provisional,False,2026-08-11,0.332707676525,0.730640640101,-0.438346364746,-0.261249597241,67.4429037104,70.4736021171,61.5857914878,63.0255495204,67,70,62,63
1520,詹智堯,2019,Lamigo,A_WinsorizedBalanced-v0.1,B_QuadraticTanh-v1,98,Provisional,False,2026-08-11,0.358555164897,1.03503203692,-0.31392843324,0.105892294272,67.6364272878,72.8531007239,62.6054901983,65.7673960462,68,73,63,66
1520,詹智堯,2020,樂天桃猿,A_WinsorizedBalanced-v0.1,B_QuadraticTanh-v1,90,Provisional,False,2026-08-11,-0.601807963472,0.203071648093,-0.644416334604,-0.296056916159,60.190559325,66.4801388834,59.8172094177,62.7487928372,60,66,60,63
1520,詹智堯,2021,樂天桃猿,A_WinsorizedBalanced-v0.1,B_QuadraticTanh-v1,50,Provisional,False,2026-08-11,-0.048482825394,1.00931768927,-0.0423741232424,0.361923784177,64.6476447436,72.6504976822,64.6924004397,67.661685669,65,73,65,68
1521,楊宗範,2009,兄弟,A_WinsorizedBalanced-v0.1,B_QuadraticTanh-v1,198,Regular,False,2026-08-11,-2.13733345152,-0.443852441236,-0.262818420133,-0.20579128177,45.6519212386,61.5397952346,63.0131428172,63.4600076534,46,62,63,63
1522,卡斯提,2009,統一7-ELEVEn獅,A_WinsorizedBalanced-v0.1,B_QuadraticTanh-v1,320,Regular,False,2026-08-11,1.45231265507,-0.965761439099,2.13927328659,3.10276875812,76.1676662062,56.8907130392,81.6354536832,88.9330370911,76,57,82,89
1523,劉育辰,2009,統一7-ELEVEn獅,A_WinsorizedBalanced-v0.1,B_QuadraticTanh-v1,122,Provisional,False,2026-08-11,-0.431186263084,-0.929678922206,-0.789633850811,-0.0288037610013,61.6454970022,57.2279521615,58.5173996325,64.7914538696,62,57,59,65
1523,劉育辰,2010,統一7-ELEVEn獅,A_WinsorizedBalanced-v0.1,B_QuadraticTanh-v1,159,Regular,False,2026-08-11,-1.40012904284,-0.297690598746,-0.193296406665,-0.329801873791,52.719382805,62.735726926,63.556775789,62.4775305581,53,63,64,62
1523,劉育辰,2011,統一7-ELEVEn獅,A_WinsorizedBalanced-v0.1,B_QuadraticTanh-v1,78,Provisional,False,2026-08-11,-0.807125748544,-0.691765524798,-0.057518645955,-0.0526687128249,58.3581576382,59.3979218475,64.5812539783,64.6169169757,58,59,65,65
1523,劉育辰,2012,統一7-ELEVEn獅,A_WinsorizedBalanced-v0.1,B_QuadraticTanh-v1,54,Provisional,False,2026-08-11,-0.772233893379,0.0781483079361,-0.483237282662,-0.0395307850388,58.675258638,65.5653862853,61.2087001039,64.7131970112,59,66,61,65
1523,劉育辰,2013,統一7-ELEVEn獅,A_WinsorizedBalanced-v0.1,B_QuadraticTanh-v1,191,Regular,False,2026-08-11,-0.754135415882,0.423796384184,0.115354792793,-0.678286322845,58.8388659236,68.1271072113,65.8364461845,59.517744357,59,68,66,60
1523,劉育辰,2014,統一7-ELEVEn獅,A_WinsorizedBalanced-v0.1,B_QuadraticTanh-v1,159,Regular,False,2026-08-11,-1.11102721265,-0.0106466605968,-0.311825401837,-0.229767293319,55.5154326587,64.9231854751,62.6223954608,63.273168501,56,65,63,63
1523,劉育辰,2016,統一7-ELEVEn獅,A_WinsorizedBalanced-v0.1,B_QuadraticTanh-v1,83,Provisional,False,2026-08-11,-0.771151294168,0.21608214252,-0.424493514482,-0.246621001248,58.6850621563,66.5761575788,61.701194611,63.1409294287,59,67,62,63
1524,酷力士,2009,Lamigo,A_WinsorizedBalanced-v0.1,B_QuadraticTanh-v1,184,Regular,False,2026-08-11,0.526266952554,0.846404785498,1.25458176885,-0.613460750551,68.9039143254,71.3733599179,74.5919163608,60.0888337816,69,71,75,60
1525,黃志祥,2009,兄弟,A_WinsorizedBalanced-v0.1,B_QuadraticTanh-v1,98,Provisional,False,2026-08-11,-0.735353562891,0.53524224338,-0.42085835816,-0.329146784359,59.0080036833,68.972295965,61.7314016654,62.4828239604,59,69,62,62
1526,劉裕安,2009,兄弟,A_WinsorizedBalanced-v0.1,B_QuadraticTanh-v1,53,Provisional,False,2026-08-11,-0.199160610738,0.83329262274,-0.0595684651185,0.297635153754,63.5114112167,71.271100484,64.5661615095,67.18112667,64,71,65,67
1527,霸茲,2009,兄弟,A_WinsorizedBalanced-v0.1,B_QuadraticTanh-v1,105,Provisional,False,2026-08-11,0.339795837506,1.42672841267,1.24171911943,0.602467231464,67.4959233856,75.9634567614,74.489668781,69.486147948,67,76,74,69
1528,謝明宗,2009,興農,A_WinsorizedBalanced-v0.1,B_QuadraticTanh-v1,58,Provisional,False,2026-08-11,0.151006454132,-0.00169853716222,-0.172143395274,0.34189631029,66.0972902398,64.9877664939,63.7196524437,67.5116423203,66,65,64,68
1529,華盛頓,2009,統一7-ELEVEn獅,A_WinsorizedBalanced-v0.1,B_QuadraticTanh-v1,86,Provisional,False,2026-08-11,1.04929185843,0.253971741566,1.13976049573,0.770475625305,72.9655613576,66.85656782,73.6807040291,70.7824141987,73,67,74,71
1531,戈登,2009,Lamigo,A_WinsorizedBalanced-v0.1,B_QuadraticTanh-v1,76,Provisional,False,2026-08-11,-0.133414269737,0.80438126247,1.86256445692,-0.0947668099503,64.0147585054,71.0459307163,79.4425857602,64.3051972122,64,71,79,64
1533,雷恩斯,2009,Lamigo,A_WinsorizedBalanced-v0.1,B_QuadraticTanh-v1,62,Provisional,False,2026-08-11,0.135406588855,-0.101907752501,0.654586985895,3.74683230779,65.9830217536,64.2518389008,69.8865006418,93.3082883001,66,64,70,93
1541,郭健瑜,2012,兄弟,A_WinsorizedBalanced-v0.1,B_QuadraticTanh-v1,170,Regular,False,2026-08-11,-1.01760352523,-1.09633002645,0.411588105972,-0.484814962244,56.4029700907,55.6557284338,68.0350518498,61.1953615593,56,56,68,61
1541,郭健瑜,2013,兄弟,A_WinsorizedBalanced-v0.1,B_QuadraticTanh-v1,401,Qualified,False,2026-08-11,-0.396394269641,-0.423776829713,-1.01473216279,0.185308243832,61.9338614374,61.707152557,56.4300789378,66.3492674117,62,62,56,66
1541,郭健瑜,2014,中信兄弟,A_WinsorizedBalanced-v0.1,B_QuadraticTanh-v1,106,Provisional,False,2026-08-11,-0.941035950189,-0.153199271039,-0.568085691232,0.0506537418749,57.1220115929,63.8645058568,60.4832996919,65.3658534911,57,64,60,65
1561,張正偉,2010,兄弟,A_WinsorizedBalanced-v0.1,B_QuadraticTanh-v1,458,Qualified,False,2026-08-11,1.66178227979,0.0638428607296,0.0285598060212,0.771474655061,77.8409011862,65.4614865779,65.2059962126,70.7901700272,78,65,65,71
1561,張正偉,2011,兄弟,A_WinsorizedBalanced-v0.1,B_QuadraticTanh-v1,556,Qualified,False,2026-08-11,2.11236015598,1.10376526815,-0.276825197543,4.38904813278,81.4232808278,73.3958377413,62.9020914202,97.1209198078,81,73,63,97
1561,張正偉,2012,兄弟,A_WinsorizedBalanced-v0.1,B_QuadraticTanh-v1,551,Qualified,False,2026-08-11,2.22087041157,0.167050119787,0.0534500363907,2.56613781374,82.2768859877,66.2150230556,65.3861163938,84.9521954907,82,66,65,85
1561,張正偉,2013,兄弟,A_WinsorizedBalanced-v0.1,B_QuadraticTanh-v1,434,Qualified,False,2026-08-11,1.52038298208,-0.824742103347,-0.734928372853,1.53119444251,76.7112655396,58.1972372537,59.0118249553,76.7976301976,77,58,59,77
1561,張正偉,2014,中信兄弟,A_WinsorizedBalanced-v0.1,B_QuadraticTanh-v1,534,Qualified,False,2026-08-11,2.18925928394,-0.0896049768975,-0.00817679499989,1.10477405855,82.0287365983,64.3436804387,64.9410335278,73.4038156033,82,64,65,73
1561,張正偉,2015,中信兄弟,A_WinsorizedBalanced-v0.1,B_QuadraticTanh-v1,476,Qualified,False,2026-08-11,1.83134885083,1.10835428746,-0.569804784963,-1.34440586298,79.1939533041,73.4321319995,60.4684361859,53.2622369647,79,73,60,53
1561,張正偉,2016,中信兄弟,A_WinsorizedBalanced-v0.1,B_QuadraticTanh-v1,501,Qualified,False,2026-08-11,1.97658143159,0.522378070227,-1.00701385097,-0.702645266313,80.3489008968,68.8743020927,56.5028948361,59.3009439383,80,69,57,59
1561,張正偉,2017,中信兄弟,A_WinsorizedBalanced-v0.1,B_QuadraticTanh-v1,378,Qualified,False,2026-08-11,1.62909572228,1.75906180263,-0.639316954609,0.820393809725,77.5797909182,78.6175586872,59.862092337,71.1705885743,78,79,60,71
1561,張正偉,2018,富邦悍將,A_WinsorizedBalanced-v0.1,B_QuadraticTanh-v1,399,Qualified,False,2026-08-11,0.695443235994,1.5324931887,-0.797818587114,1.58363470073,70.2014773082,76.8080052377,58.4429556383,77.2165855189,70,77,58,77
1561,張正偉,2019,富邦悍將,A_WinsorizedBalanced-v0.1,B_QuadraticTanh-v1,373,Qualified,False,2026-08-11,1.35634409975,0.55909358119,-1.03655129177,0.498958777907,75.402078397,69.1542750413,56.2238162637,68.696189123,75,69,56,69
1561,張正偉,2020,富邦悍將,A_WinsorizedBalanced-v0.1,B_QuadraticTanh-v1,227,Regular,False,2026-08-11,0.0648751781173,1.69452783207,-0.812274885022,0.450176974554,65.4689782573,78.10242468,58.3111778594,68.3263923388,65,78,58,68
1562,陳彥夆,2010,Lamigo,A_WinsorizedBalanced-v0.1,B_QuadraticTanh-v1,363,Regular,False,2026-08-11,0.456961620142,-1.68883889323,-0.550332749929,2.44536079266,68.3777249345,49.9041386019,60.6364134198,84.0244853142,68,50,61,84
1562,陳彥夆,2011,Lamigo,A_WinsorizedBalanced-v0.1,B_QuadraticTanh-v1,294,Regular,False,2026-08-11,-0.641586348216,-0.926343848866,-1.33727950565,-0.117555653588,59.8421245999,57.2590257082,53.3315735019,64.1344287566,60,57,53,64
1562,陳彥夆,2012,Lamigo,A_WinsorizedBalanced-v0.1,B_QuadraticTanh-v1,77,Provisional,False,2026-08-11,-1.04092218623,-0.157982011351,-0.214600715882,0.908049740957,56.182424354,63.8280261934,63.3915337728,71.8552270148,56,64,63,72
1562,陳彥夆,2013,Lamigo,A_WinsorizedBalanced-v0.1,B_QuadraticTanh-v1,65,Provisional,False,2026-08-11,-1.23698472839,-1.41053444823,-0.226093076758,0.397161157239,54.3044515975,52.6179019093,63.3018988173,67.926406157,54,53,63,68
1562,陳彥夆,2014,Lamigo,A_WinsorizedBalanced-v0.1,B_QuadraticTanh-v1,152,Regular,False,2026-08-11,0.182793728476,-1.53900245514,-0.61940229502,1.97309046416,66.3307628055,51.3637753984,60.0368548129,80.3212007348,66,51,60,80
1562,陳彥夆,2016,Lamigo,A_WinsorizedBalanced-v0.1,B_QuadraticTanh-v1,72,Provisional,False,2026-08-11,-0.608008580604,-1.3021069782,-0.535911187659,-0.0940447323263,60.1364656774,53.6734256114,60.7602802299,64.3105849347,60,54,61,64
1563,吳宗峻,2010,興農,A_WinsorizedBalanced-v0.1,B_QuadraticTanh-v1,354,Regular,False,2026-08-11,0.643983530362,1.20744806112,1.04314997507,-0.459911814593,69.8049166903,74.2174398261,72.9171139172,61.4052293848,70,74,73,61
1563,吳宗峻,2011,興農,A_WinsorizedBalanced-v0.1,B_QuadraticTanh-v1,380,Qualified,False,2026-08-11,-0.545092374826,1.05788742802,0.436375739617,-1.09317560608,60.6814766674,73.0333867492,68.2220727306,55.6858088953,61,73,68,56
1563,吳宗峻,2012,興農,A_WinsorizedBalanced-v0.1,B_QuadraticTanh-v1,252,Regular,False,2026-08-11,-0.142771833447,1.03528552102,-0.179311942227,-1.03600923574,63.9438262486,72.8550991751,63.66458872,56.2289478121,64,73,64,56
1563,吳宗峻,2013,義大,A_WinsorizedBalanced-v0.1,B_QuadraticTanh-v1,119,Provisional,False,2026-08-11,0.0920811351248,1.77306608239,-0.698784196782,-0.535691641562,65.6667508959,78.7292840713,59.3353867947,60.7621623187,66,79,59,61
1563,吳宗峻,2016,義大,A_WinsorizedBalanced-v0.1,B_QuadraticTanh-v1,109,Provisional,False,2026-08-11,0.455845750772,1.15107966553,0.00454305204286,-0.149642048909,68.3692800454,73.7703678628,65.0327192566,63.8915981704,68,74,65,64
1563,吳宗峻,2017,富邦悍將,A_WinsorizedBalanced-v0.1,B_QuadraticTanh-v1,136,Provisional,False,2026-08-11,0.109352392615,0.602073410952,1.39728137091,-0.839975855916,65.7926363133,69.4831292545,75.7285076934,58.0576485333,66,69,76,58
1564,馬修,2010,統一7-ELEVEn獅,A_WinsorizedBalanced-v0.1,B_QuadraticTanh-v1,345,Regular,False,2026-08-11,1.8449750297,-0.185664260892,2.34675448989,0.43221032872,79.3025085182,63.6156801534,83.2602616908,68.190614191,79,64,83,68
1565,簡富智,2010,兄弟,A_WinsorizedBalanced-v0.1,B_QuadraticTanh-v1,165,Regular,False,2026-08-11,-0.77837300265,-0.173852305739,-0.247479366806,2.66265798416,58.6196251402,63.7065382561,63.1341746118,85.6862131025,59,64,63,86
1565,簡富智,2013,兄弟,A_WinsorizedBalanced-v0.1,B_QuadraticTanh-v1,175,Regular,False,2026-08-11,-0.221916079319,-1.12601765532,-0.067210120826,1.74625066514,63.3345175745,55.3720997206,64.5097951069,78.5153306155,63,55,65,79
1566,周廣勝,2010,統一7-ELEVEn獅,A_WinsorizedBalanced-v0.1,B_QuadraticTanh-v1,211,Regular,False,2026-08-11,-0.643242796739,0.838741443412,0.0975644308687,-0.402331582294,59.8275432494,71.3135845358,65.7066892668,61.884858702,60,71,66,62
1566,周廣勝,2011,統一7-ELEVEn獅,A_WinsorizedBalanced-v0.1,B_QuadraticTanh-v1,241,Regular,False,2026-08-11,0.817386429339,-0.314414918794,-0.981956382977,-0.369181391828,71.1471661121,62.601577978,56.7387419379,62.1573564042,71,63,57,62
1566,周廣勝,2012,統一7-ELEVEn獅,A_WinsorizedBalanced-v0.1,B_QuadraticTanh-v1,105,Provisional,False,2026-08-11,0.0316012865159,0.586064753983,-0.683506124968,-0.324102275889,65.2279767011,69.360503344,59.4713863115,62.5235495508,65,69,59,63
1566,周廣勝,2013,統一7-ELEVEn獅,A_WinsorizedBalanced-v0.1,B_QuadraticTanh-v1,152,Regular,False,2026-08-11,-0.396872195194,-0.676023939687,-0.347034348272,-0.476916391237,61.9299201231,59.537820024,62.3378981475,61.2620823303,62,60,62,61
1566,周廣勝,2014,統一7-ELEVEn獅,A_WinsorizedBalanced-v0.1,B_QuadraticTanh-v1,145,Provisional,False,2026-08-11,-0.433576339915,0.177759679792,-0.298636862094,-0.567493852896,61.6255806146,66.2937324038,62.7281557613,60.4884153031,62,66,63,60
1566,周廣勝,2015,統一7-ELEVEn獅,A_WinsorizedBalanced-v0.1,B_QuadraticTanh-v1,180,Regular,False,2026-08-11,1.36413371277,0.14669130476,0.0841680011466,-0.861190524026,75.4641724043,66.0656613696,65.6091603087,57.8626017291,75,66,66,58
1567,朱偉銘,2010,兄弟,A_WinsorizedBalanced-v0.1,B_QuadraticTanh-v1,170,Regular,False,2026-08-11,-0.698438181475,-1.38486668216,-0.584264815566,-0.0120746445967,59.3384720074,52.8681762015,60.3431574705,64.9128586231,59,53,60,65
1568,亨利,2010,統一7-ELEVEn獅,A_WinsorizedBalanced-v0.1,B_QuadraticTanh-v1,226,Regular,False,2026-08-11,-0.479656693684,0.799951312411,0.530867081523,4.14476945928,61.2389508826,71.0114667499,68.9389554459,95.740725983,61,71,69,96
1569,宇招任,2010,兄弟,A_WinsorizedBalanced-v0.1,B_QuadraticTanh-v1,91,Provisional,False,2026-08-11,-0.634293000639,-1.34161708866,-0.789653841397,0.11199031046,59.9062585851,53.2893733165,58.5172179551,65.811885949,60,53,59,66
1570,藍少白,2010,興農,A_WinsorizedBalanced-v0.1,B_QuadraticTanh-v1,86,Provisional,False,2026-08-11,0.780550700624,-0.449944425571,-0.142191037279,-0.308615483374,70.8606550167,61.4888206138,63.9482356863,62.6481768368,71,61,64,63
1570,藍少白,2011,興農,A_WinsorizedBalanced-v0.1,B_QuadraticTanh-v1,297,Regular,False,2026-08-11,-0.834663964806,-0.135630484763,0.0116628247921,-0.119754464168,58.1063671117,63.9979805254,65.0840334505,64.1178771246,58,64,65,64
1570,藍少白,2012,興農,A_WinsorizedBalanced-v0.1,B_QuadraticTanh-v1,201,Regular,False,2026-08-11,-0.466358024333,1.02438325786,-0.816763884646,-0.348188692249,61.3510439098,72.7691683959,58.2701831107,62.3285181079,61,73,58,62
1570,藍少白,2013,義大,A_WinsorizedBalanced-v0.1,B_QuadraticTanh-v1,106,Provisional,False,2026-08-11,-0.805227440766,0.525415592352,-0.545348396982,0.0397702448956,58.3754656681,68.8974307044,60.6792764914,65.2870536222,58,69,61,65
1570,藍少白,2014,義大,A_WinsorizedBalanced-v0.1,B_QuadraticTanh-v1,113,Provisional,False,2026-08-11,-0.176135068999,0.461836552537,-0.44440758915,0.246553559597,63.6890081483,68.4146286305,61.5351536835,66.8015770729,64,68,62,67
1570,藍少白,2015,義大,A_WinsorizedBalanced-v0.1,B_QuadraticTanh-v1,168,Regular,False,2026-08-11,-0.934438044539,-1.13231988264,-1.08310191703,-0.612452291957,57.1835815438,55.3117705493,55.7817966931,60.0976487552,57,55,56,60
1571,方克偉,2010,興農 / 兄弟,A_WinsorizedBalanced-v0.1,B_QuadraticTanh-v1,62,Provisional,False,2026-08-11,-0.310000737202,-0.324257635747,-0.355162821934,-0.152917959498,62.6370539818,62.5222962484,62.2717766701,63.8666496055,63,63,62,64
1571,方克偉,2011,興農,A_WinsorizedBalanced-v0.1,B_QuadraticTanh-v1,133,Provisional,False,2026-08-11,0.38737459582,-0.291891214149,0.324710350576,-0.369732755594,67.8527926643,62.7820785598,67.3831294282,62.152846207,68,63,67,62
1571,方克偉,2012,興農,A_WinsorizedBalanced-v0.1,B_QuadraticTanh-v1,145,Provisional,False,2026-08-11,-0.865401286236,0.261854987034,0.483043363497,-0.0389445898943,57.8237990872,66.9150541602,68.5753591181,64.7174817354,58,67,69,65
1571,方克偉,2013,義大,A_WinsorizedBalanced-v0.1,B_QuadraticTanh-v1,94,Provisional,False,2026-08-11,0.332460476608,0.503850100274,-0.307994815624,0.700132270579,67.4410553369,68.7333588848,62.65315889,70.2376892764,67,69,63,70
1571,方克偉,2014,義大,A_WinsorizedBalanced-v0.1,B_QuadraticTanh-v1,120,Provisional,False,2026-08-11,0.208536819457,-0.817836435039,0.0480320417983,-0.463037288123,66.5204555304,58.2603830839,65.3468620159,61.3789694991,67,58,65,61
1571,方克偉,2015,義大,A_WinsorizedBalanced-v0.1,B_QuadraticTanh-v1,67,Provisional,False,2026-08-11,-0.60820222492,0.43803170516,0.0254729651697,-0.155763039214,60.1347750211,68.2345825597,65.1836963212,63.8449587277,60,68,65,64
1571,方克偉,2016,義大,A_WinsorizedBalanced-v0.1,B_QuadraticTanh-v1,205,Regular,False,2026-08-11,-0.748600922791,0.830081129365,0.685245708643,-0.751832341107,58.8887751975,71.2460676363,70.1227688638,58.8596416953,59,71,70,59
1571,方克偉,2017,富邦悍將,A_WinsorizedBalanced-v0.1,B_QuadraticTanh-v1,245,Regular,False,2026-08-11,-0.742659521234,0.194008386325,0.51040106706,-1.16691584483,58.9422898583,66.413333055,68.7831659386,54.9798940411,59,66,69,55
1571,方克偉,2018,富邦悍將,A_WinsorizedBalanced-v0.1,B_QuadraticTanh-v1,150,Regular,False,2026-08-11,-1.35567441617,0.635773271825,-0.567519059722,-0.0262451263153,53.1525533212,69.7417929683,60.4881974412,64.8100726255,53,70,60,65
1571,方克偉,2019,富邦悍將,A_WinsorizedBalanced-v0.1,B_QuadraticTanh-v1,121,Provisional,False,2026-08-11,-1.26926996116,1.06503070188,-0.732485531355,-0.419531371797,53.9919562782,73.0897727563,59.0337726076,61.7424206102,54,73,59,62
1572,陳柏丞,2011,興農,A_WinsorizedBalanced-v0.1,B_QuadraticTanh-v1,63,Provisional,False,2026-08-11,0.458499944115,-0.744039054656,-0.537312475438,0.0196028826328,68.3893683906,58.9298702272,60.7482649534,65.1413132133,68,59,61,65
1572,陳柏丞,2012,興農,A_WinsorizedBalanced-v0.1,B_QuadraticTanh-v1,109,Provisional,False,2026-08-11,0.223217996462,-0.99533405904,-0.752536265036,0.145720850198,66.6288794271,56.6129336522,58.8532927316,66.0585503626,67,57,59,66
1573,林椲紘,2011,興農,A_WinsorizedBalanced-v0.1,B_QuadraticTanh-v1,67,Provisional,False,2026-08-11,-1.05025365509,-1.14043982483,-0.00109000806986,0.208088021594,56.0939771192,55.2339816639,64.9921502787,66.5171438215,56,55,65,67
1607,郭嚴文,2011,Lamigo,A_WinsorizedBalanced-v0.1,B_QuadraticTanh-v1,464,Qualified,False,2026-08-11,0.683913621847,-1.32652516487,0.520120252134,-0.881100126757,70.1124917707,53.4361642232,68.8571143869,57.6788770484,70,53,69,58
1607,郭嚴文,2012,Lamigo,A_WinsorizedBalanced-v0.1,B_QuadraticTanh-v1,411,Qualified,False,2026-08-11,1.3291401918,-0.314234512317,2.2819039947,-0.105930514714,75.1853049585,62.603028841,82.7546724288,64.2217188266,75,63,83,64
1607,郭嚴文,2013,Lamigo,A_WinsorizedBalanced-v0.1,B_QuadraticTanh-v1,326,Regular,False,2026-08-11,0.55055953397,0.287306363719,0.339266628001,-0.975107134871,69.0891197227,67.1042153865,67.4919635623,56.8030591706,69,67,67,57
1607,郭嚴文,2014,Lamigo,A_WinsorizedBalanced-v0.1,B_QuadraticTanh-v1,369,Qualified,False,2026-08-11,0.989841931326,0.807044257258,1.16585130413,-0.536183170348,72.4972201477,71.0666530602,73.8874379072,60.7579484713,72,71,74,61
1607,郭嚴文,2015,Lamigo,A_WinsorizedBalanced-v0.1,B_QuadraticTanh-v1,460,Qualified,False,2026-08-11,0.143488382989,-0.144469524953,0.189609536243,1.35939747036,66.0421949721,63.9309320602,66.3809332325,75.426416835,66,64,66,75
1607,郭嚴文,2016,Lamigo,A_WinsorizedBalanced-v0.1,B_QuadraticTanh-v1,209,Regular,False,2026-08-11,1.05873528399,-1.0617821268,0.0672145295453,-0.25698121652,73.04007841,55.98455934,65.4859587274,63.0592728406,73,56,65,63
1607,郭嚴文,2017,Lamigo,A_WinsorizedBalanced-v0.1,B_QuadraticTanh-v1,396,Qualified,False,2026-08-11,1.4902788383,0.322417436763,0.0194204197581,-0.802430418234,76.4708180745,67.3660005633,65.1399962893,58.4009562182,76,67,65,58
1607,郭嚴文,2018,Lamigo,A_WinsorizedBalanced-v0.1,B_QuadraticTanh-v1,361,Regular,False,2026-08-11,1.47623051419,0.12339814948,1.13134527997,-0.88819435519,76.3586316021,65.8952007542,73.6140691387,57.6132568838,76,66,74,58
1607,郭嚴文,2019,Lamigo,A_WinsorizedBalanced-v0.1,B_QuadraticTanh-v1,479,Qualified,False,2026-08-11,1.41794653213,-0.173236762446,0.997314427126,-1.48433686504,75.8933776827,63.7112628377,72.5560121079,51.8975392069,76,64,73,52
1607,郭嚴文,2020,樂天桃猿,A_WinsorizedBalanced-v0.1,B_QuadraticTanh-v1,388,Qualified,False,2026-08-11,-0.56646502963,0.128580231898,0.0293354832463,-0.681310795124,60.4973062062,65.9330837035,65.2116011765,59.4908901006,60,66,65,59
1607,郭嚴文,2021,樂天桃猿,A_WinsorizedBalanced-v0.1,B_QuadraticTanh-v1,146,Provisional,False,2026-08-11,-0.171662000109,-0.924424728393,-0.493440197748,-0.619113877136,63.7233452635,57.2768989301,61.1223373962,60.0393797289,64,57,61,60
1607,郭嚴文,2022,樂天桃猿,A_WinsorizedBalanced-v0.1,B_QuadraticTanh-v1,213,Regular,False,2026-08-11,1.43418090836,-1.29722540224,0.937023309352,-0.769795512446,76.0229342797,53.7208191659,72.0823126044,58.6973364556,76,54,72,59
1607,郭嚴文,2023,樂天桃猿,A_WinsorizedBalanced-v0.1,B_QuadraticTanh-v1,132,Provisional,False,2026-08-11,1.24557691888,-1.44915426449,0.323520035885,-0.561614783668,74.5203310318,52.241042231,67.37423686,60.5391898158,75,52,67,61
1607,郭嚴文,2024,味全龍,A_WinsorizedBalanced-v0.1,B_QuadraticTanh-v1,277,Regular,False,2026-08-11,1.3514711129,-1.68541068109,0.877821239931,-1.03167325881,75.3632389289,49.9374287396,71.6187121346,56.269982434,75,50,72,56
1607,郭嚴文,2025,味全龍,A_WinsorizedBalanced-v0.1,B_QuadraticTanh-v1,129,Provisional,False,2026-08-11,-0.326847899614,-0.137844003681,-0.455502533245,-0.462765751482,62.5013913859,63.9812097007,61.4422366014,61.3812518305,63,64,61,61
1608,朱元勤,2011,統一7-ELEVEn獅,A_WinsorizedBalanced-v0.1,B_QuadraticTanh-v1,344,Regular,False,2026-08-11,-1.52255182955,0.803702914863,-0.0904359352909,1.60650326693,51.5243843959,71.0406526747,64.3374902872,77.3992948594,52,71,64,77
1608,朱元勤,2012,統一7-ELEVEn獅,A_WinsorizedBalanced-v0.1,B_QuadraticTanh-v1,92,Provisional,False,2026-08-11,-1.50755439439,0.896652997354,0.373027313082,1.10153873422,51.6708243818,71.7660065998,67.7450015312,73.3782307383,52,72,68,73
1608,朱元勤,2015,統一7-ELEVEn獅,A_WinsorizedBalanced-v0.1,B_QuadraticTanh-v1,211,Regular,False,2026-08-11,-1.20274272818,0.0822177829089,-0.167169405219,-0.300762969177,54.6350440411,65.5949752573,63.7577784257,62.7111362016,55,66,64,63
1608,朱元勤,2017,統一7-ELEVEn獅,A_WinsorizedBalanced-v0.1,B_QuadraticTanh-v1,294,Regular,False,2026-08-11,-0.522694643785,1.82039050934,0.705456721245,-1.19179595626,60.8733876617,79.1066278094,70.2788236909,54.7405303945,61,79,70,55
1608,朱元勤,2018,統一7-ELEVEn獅,A_WinsorizedBalanced-v0.1,B_QuadraticTanh-v1,109,Provisional,False,2026-08-11,-1.49961767471,0.728286612779,-0.408751261011,1.09830738213,51.7483248188,70.4553803805,61.8317785336,73.3526807629,52,70,62,73
1608,朱元勤,2019,統一7-ELEVEn獅,A_WinsorizedBalanced-v0.1,B_QuadraticTanh-v1,56,Provisional,False,2026-08-11,-1.97802378978,3.7453529318,0.450475393622,-0.106280642241,47.1323678606,93.2988359813,68.3286494937,64.2190951894,47,93,68,64
1609,林志祥,2011,統一7-ELEVEn獅,A_WinsorizedBalanced-v0.1,B_QuadraticTanh-v1,280,Regular,False,2026-08-11,0.716287827648,1.02116843888,-0.562072192598,0.365363525878,70.3625501109,72.7438380797,60.5352421366,67.6874861004,70,73,61,68
1609,林志祥,2012,統一7-ELEVEn獅,A_WinsorizedBalanced-v0.1,B_QuadraticTanh-v1,405,Qualified,False,2026-08-11,0.233405230827,-0.387560715419,-0.58016441123,1.55693334625,66.7042173029,62.0066089077,60.3787287683,77.0032560128,67,62,60,77
1609,林志祥,2013,統一7-ELEVEn獅,A_WinsorizedBalanced-v0.1,B_QuadraticTanh-v1,388,Qualified,False,2026-08-11,1.30822018243,-0.225036254273,-0.59103663827,3.1599814839,75.0186949712,63.3101560205,60.2843316968,89.3412933839,75,63,60,89
1609,林志祥,2014,統一7-ELEVEn獅,A_WinsorizedBalanced-v0.1,B_QuadraticTanh-v1,381,Qualified,False,2026-08-11,1.61946490405,-0.465929701329,-0.560301609669,2.95420447133,77.5028496303,61.3546473264,60.5505206349,87.8571800015,78,61,61,88
1609,林志祥,2015,統一7-ELEVEn獅,A_WinsorizedBalanced-v0.1,B_QuadraticTanh-v1,483,Qualified,False,2026-08-11,0.732476033732,-1.09123649197,-0.725119031518,2.284139767,70.4878114293,55.7042947348,59.0998876602,82.7721397015,70,56,59,83
1609,林志祥,2016,統一7-ELEVEn獅,A_WinsorizedBalanced-v0.1,B_QuadraticTanh-v1,486,Qualified,False,2026-08-11,0.685175749758,-0.0695323552777,0.0120068703388,-0.616403204812,70.1222291029,64.4926339378,65.0865142341,60.0631013655,70,64,65,60
1609,林志祥,2017,統一7-ELEVEn獅,A_WinsorizedBalanced-v0.1,B_QuadraticTanh-v1,318,Regular,False,2026-08-11,0.184719608828,1.29366450274,-0.328160310148,1.94790256789,66.3449351104,74.9028214953,62.4907930559,80.1212396006,66,75,62,80
1610,陳威儒,2011,兄弟,A_WinsorizedBalanced-v0.1,B_QuadraticTanh-v1,169,Regular,False,2026-08-11,-0.603510482009,-0.967828395934,-0.680242520608,0.327384803543,60.1757148741,56.8713375421,59.5003773939,67.4031136094,60,57,60,67
1610,陳威儒,2013,兄弟,A_WinsorizedBalanced-v0.1,B_QuadraticTanh-v1,88,Provisional,False,2026-08-11,-2.16007526638,-0.525412801289,-0.432642624593,-0.0828664774791,45.4441977038,60.8501577859,61.6333628408,64.3938083927,45,61,62,64
1611,林琨笙,2011,興農,A_WinsorizedBalanced-v0.1,B_QuadraticTanh-v1,196,Regular,False,2026-08-11,1.05377771892,0.767968314614,-0.347784998414,-0.552640660102,73.0009547585,70.7629513947,62.3317988461,60.6165477889,73,71,62,61
1611,林琨笙,2012,興農,A_WinsorizedBalanced-v0.1,B_QuadraticTanh-v1,281,Regular,False,2026-08-11,0.682709560672,-0.0308331084284,0.615220571793,-0.629389825469,70.103203291,64.7766736974,69.5839566946,59.9493123129,70,65,70,60
1611,林琨笙,2013,義大,A_WinsorizedBalanced-v0.1,B_QuadraticTanh-v1,255,Regular,False,2026-08-11,-0.143933466683,-0.162137009162,-0.375962465056,-0.768626029702,63.9350043324,63.7962846825,62.1018346263,58.7079214207,64,64,62,59
1611,林琨笙,2014,義大,A_WinsorizedBalanced-v0.1,B_QuadraticTanh-v1,54,Provisional,False,2026-08-11,0.0280452397071,-1.07613461962,-0.196668899585,-0.0662964650085,65.2022783044,55.8481175615,63.5306978479,64.5165428937,65,56,64,65
1611,林琨笙,2015,義大,A_WinsorizedBalanced-v0.1,B_QuadraticTanh-v1,118,Provisional,False,2026-08-11,0.808283068601,-0.408320100906,-0.304380257261,0.200871734641,71.0762942299,61.8353466452,62.6821532313,66.4639169954,71,62,63,66
1611,林琨笙,2016,義大,A_WinsorizedBalanced-v0.1,B_QuadraticTanh-v1,240,Regular,False,2026-08-11,0.078963862193,-1.04874529373,-0.753794726855,1.01296325331,65.5713149901,56.1082811973,58.841939865,72.6792055345,66,56,59,73
1611,林琨笙,2017,富邦悍將,A_WinsorizedBalanced-v0.1,B_QuadraticTanh-v1,95,Provisional,False,2026-08-11,-0.590922851859,-1.0709955844,-0.894385264793,0.763889939039,60.2853209599,55.8969994914,57.5559266557,70.7313005324,60,56,58,71
1611,林琨笙,2018,富邦悍將,A_WinsorizedBalanced-v0.1,B_QuadraticTanh-v1,215,Regular,False,2026-08-11,0.0687207159272,-0.150238497067,-0.848668845654,1.07684555482,65.4968940997,63.8870579119,57.9778167277,73.1830740386,65,64,58,73
1611,林琨笙,2019,富邦悍將,A_WinsorizedBalanced-v0.1,B_QuadraticTanh-v1,220,Regular,False,2026-08-11,0.640881573326,-1.66667562436,-0.426931789806,-0.772546123977,69.7810627992,50.1194723112,61.6809155066,58.6724308226,70,50,62,59
1611,林琨笙,2020,富邦悍將,A_WinsorizedBalanced-v0.1,B_QuadraticTanh-v1,253,Regular,False,2026-08-11,-0.68487786356,-1.31821774311,-0.56126390901,-0.83045899812,59.4591945946,53.5169188912,60.5422177358,58.1448992662,59,54,61,58
1611,林琨笙,2021,富邦悍將,A_WinsorizedBalanced-v0.1,B_QuadraticTanh-v1,131,Provisional,False,2026-08-11,-0.951556168339,-1.23222853474,-0.748076471347,0.341656375052,57.0237069003,54.3504249236,58.8935016465,67.5098465904,57,54,59,68
1612,蔡明覺,2011,兄弟,A_WinsorizedBalanced-v0.1,B_QuadraticTanh-v1,78,Provisional,False,2026-08-11,-0.275621398953,-0.0992665529252,-0.652488060021,0.890446660189,62.9116554898,64.2715906229,59.7460551615,71.717444861,63,64,60,72
1612,蔡明覺,2012,兄弟,A_WinsorizedBalanced-v0.1,B_QuadraticTanh-v1,72,Provisional,False,2026-08-11,-0.436567234093,-0.348748168234,0.177688076729,1.31746667036,61.6006384362,62.3239706876,66.2932058441,75.0923251683,62,62,66,75
1612,蔡明覺,2013,兄弟,A_WinsorizedBalanced-v0.1,B_QuadraticTanh-v1,172,Regular,False,2026-08-11,-1.32825848137,-0.896921611856,-0.665151524823,-0.141558956443,53.4193106995,57.532421574,59.6341543102,63.9530334457,53,58,60,64
1613,葉竹軒,2011,Lamigo,A_WinsorizedBalanced-v0.1,B_QuadraticTanh-v1,83,Provisional,False,2026-08-11,-2.26312207201,2.14932986758,0.284700452119,1.20621988909,44.5159125501,81.7146615606,67.0848241546,74.2076895363,45,82,67,74
1613,葉竹軒,2012,Lamigo,A_WinsorizedBalanced-v0.1,B_QuadraticTanh-v1,244,Regular,False,2026-08-11,-0.468074929653,1.90862105434,2.02956406141,3.56801599818,61.3365955312,79.8090629863,80.7688639062,92.1447921917,61,80,81,92
1613,葉竹軒,2013,Lamigo,A_WinsorizedBalanced-v0.1,B_QuadraticTanh-v1,182,Regular,False,2026-08-11,-1.56195869176,0.375966470485,-0.135356166524,1.81717202309,51.1397116128,67.767071005,64.0000579873,79.0809762235,51,68,64,79
1613,葉竹軒,2014,Lamigo,A_WinsorizedBalanced-v0.1,B_QuadraticTanh-v1,107,Provisional,False,2026-08-11,-1.44949217245,0.0780742616617,0.253853305836,3.16588334136,52.2377437013,65.5648480315,66.8556895145,89.3832084236,52,66,67,89
1613,葉竹軒,2016,Lamigo,A_WinsorizedBalanced-v0.1,B_QuadraticTanh-v1,98,Provisional,False,2026-08-11,-0.74038509651,0.404931789204,-0.81536492981,1.74132023739,58.9627581398,67.9849059815,58.28296252,78.4759825121,59,68,58,78
1613,葉竹軒,2017,Lamigo,A_WinsorizedBalanced-v0.1,B_QuadraticTanh-v1,55,Provisional,False,2026-08-11,-0.106241919524,2.59080195455,-0.441815588168,1.45414453497,64.2193853697,85.1404139663,61.5568189458,76.1822905245,64,85,62,76
1613,葉竹軒,2021,富邦悍將,A_WinsorizedBalanced-v0.1,B_QuadraticTanh-v1,102,Provisional,False,2026-08-11,-0.0177712974188,2.61850711414,-0.128607297446,-0.236835090147,64.8716050879,85.3513124331,64.0511042759,63.217802864,65,85,64,63
1613,葉竹軒,2022,富邦悍將,A_WinsorizedBalanced-v0.1,B_QuadraticTanh-v1,134,Provisional,False,2026-08-11,-0.56693264766,1.43773370859,-0.251500654562,0.389602652467,60.4932654244,76.0512909069,63.1025039867,67.8695456882,60,76,63,68
1614,謝炫任,2011,Lamigo,A_WinsorizedBalanced-v0.1,B_QuadraticTanh-v1,76,Provisional,False,2026-08-11,0.0238664966742,-0.0566587506958,-0.278993018168,0.799596114294,65.1720942614,64.5875817848,62.8848588823,71.008703832,65,65,63,71
1614,謝炫任,2012,Lamigo,A_WinsorizedBalanced-v0.1,B_QuadraticTanh-v1,118,Provisional,False,2026-08-11,0.447629048787,0.073861840739,0.473840584424,1.72956273114,68.3071231316,65.5342351597,68.5055711105,78.3821389426,68,66,69,78
1614,謝炫任,2013,Lamigo,A_WinsorizedBalanced-v0.1,B_QuadraticTanh-v1,213,Regular,False,2026-08-11,0.341447283997,1.02483334612,-0.831758532288,3.44436695606,67.5082817409,72.772715063,58.1329942353,91.316259637,68,73,58,91
1614,謝炫任,2016,Lamigo,A_WinsorizedBalanced-v0.1,B_QuadraticTanh-v1,54,Provisional,False,2026-08-11,0.118403182133,-0.967500149798,-0.63832523329,0.465705778239,65.8587073505,56.8744149012,59.8708148494,68.4439308828,66,57,60,68
1615,林政億,2011,Lamigo,A_WinsorizedBalanced-v0.1,B_QuadraticTanh-v1,79,Provisional,False,2026-08-11,-1.28521650847,1.08157591842,0.555658573055,-0.132298001034,53.8373506494,73.2204431805,69.1280438934,64.0232042484,54,73,69,64
1615,林政億,2013,Lamigo,A_WinsorizedBalanced-v0.1,B_QuadraticTanh-v1,72,Provisional,False,2026-08-11,-0.735198582564,0.403541103186,0.0491469038802,-0.133449890292,59.0093965639,67.974433212,65.3549372853,64.014488943,59,68,65,64
1615,林政億,2015,Lamigo,A_WinsorizedBalanced-v0.1,B_QuadraticTanh-v1,51,Provisional,False,2026-08-11,0.265728225936,-0.934334476498,0.155949883591,0.370744780634,66.9438080766,57.184547498,66.13354348,67.7278669357,67,57,66,68
1616,楊展旭,2011,兄弟,A_WinsorizedBalanced-v0.1,B_QuadraticTanh-v1,55,Provisional,False,2026-08-11,-0.295617003667,-0.236827538545,-0.340281232954,0.0334596452708,62.7523100174,63.2178620892,62.3927063479,65.2414109265,63,63,62,65
1640,買嘉儀,2015,統一7-ELEVEn獅,A_WinsorizedBalanced-v0.1,B_QuadraticTanh-v1,272,Regular,False,2026-08-11,-0.504553650834,1.48289947105,-0.0156728843294,-0.0376024591166,61.0279944417,76.4118864413,64.8868117324,64.7272882906,61,76,65,65
1640,買嘉儀,2016,統一7-ELEVEn獅,A_WinsorizedBalanced-v0.1,B_QuadraticTanh-v1,121,Provisional,False,2026-08-11,-1.36806931865,1.09570378683,0.766241261795,0.749122793333,53.0318465009,73.3320969402,70.7495472432,70.6167730993,53,73,71,71
1640,買嘉儀,2017,統一7-ELEVEn獅,A_WinsorizedBalanced-v0.1,B_QuadraticTanh-v1,150,Regular,False,2026-08-11,-0.630837966771,1.17422560075,-0.253081626737,1.5441544573,59.9366017227,73.9538352592,63.0900411453,76.9011640802,60,74,63,77
1646,鄧志偉,2012,統一7-ELEVEn獅,A_WinsorizedBalanced-v0.1,B_QuadraticTanh-v1,338,Regular,False,2026-08-11,-0.867474245952,0.29384599878,2.08423686842,-0.422880005242,57.8046858228,67.1529018142,81.2012702424,61.7146063042,58,67,81,62
1646,鄧志偉,2013,統一7-ELEVEn獅,A_WinsorizedBalanced-v0.1,B_QuadraticTanh-v1,398,Qualified,False,2026-08-11,-0.069966104119,-0.184675772995,2.17744083305,-0.966724234295,64.4894269143,63.6232979036,81.9358466652,56.8816886237,64,64,82,57
1646,鄧志偉,2014,統一7-ELEVEn獅,A_WinsorizedBalanced-v0.1,B_QuadraticTanh-v1,445,Qualified,False,2026-08-11,-1.37675137953,1.10198688082,1.74756210099,-0.433453108866,52.9472624476,73.3817744632,78.5257962792,61.6266078262,53,73,79,62
1646,鄧志偉,2015,統一7-ELEVEn獅,A_WinsorizedBalanced-v0.1,B_QuadraticTanh-v1,320,Regular,False,2026-08-11,-1.77774487666,0.465208961941,1.72502604906,-0.544647714541,49.0435181449,68.4401678294,78.3459251287,60.6852975945,49,68,78,61
1646,鄧志偉,2016,統一7-ELEVEn獅,A_WinsorizedBalanced-v0.1,B_QuadraticTanh-v1,73,Provisional,False,2026-08-11,-0.948626549752,0.469315462196,0.569516867447,-0.1879724024,57.0510985788,68.4712770128,69.2339185073,63.597882412,57,68,69,64
1646,鄧志偉,2018,統一7-ELEVEn獅,A_WinsorizedBalanced-v0.1,B_QuadraticTanh-v1,202,Regular,False,2026-08-11,-0.888325501397,2.12187019637,2.33247419819,-0.962601912513,57.6120430505,81.4982869106,83.1491226865,56.9203184653,58,81,83,57
1646,鄧志偉,2019,統一7-ELEVEn獅,A_WinsorizedBalanced-v0.1,B_QuadraticTanh-v1,87,Provisional,False,2026-08-11,-0.19345075436,2.04040310519,0.151565684021,-0.304927988683,63.555582948,80.8546704303,66.1013903898,62.6777617142,64,81,66,63
1646,鄧志偉,2020,統一7-ELEVEn獅,A_WinsorizedBalanced-v0.1,B_QuadraticTanh-v1,99,Provisional,False,2026-08-11,-2.01390843623,0.605668954549,0.628605475775,0.571059177294,46.7953256189,69.5106932499,69.6867177334,69.2457091394,47,70,70,69
1647,陳凱倫,2012,興農,A_WinsorizedBalanced-v0.1,B_QuadraticTanh-v1,195,Regular,False,2026-08-11,-1.07924025007,0.244777650625,-0.558282861331,-0.284307446108,55.8185623229,66.7884188463,60.5679321368,62.8425621046,56,67,61,63
1647,陳凱倫,2013,義大,A_WinsorizedBalanced-v0.1,B_QuadraticTanh-v1,300,Regular,False,2026-08-11,-0.101112621801,0.398478171784,-0.230412977941,0.259309584613,64.257787143,67.9363179635,63.2681159532,66.8961642402,64,68,63,67
1647,陳凱倫,2014,義大,A_WinsorizedBalanced-v0.1,B_QuadraticTanh-v1,289,Regular,False,2026-08-11,-0.437899598385,0.0680916225766,-0.786280059753,0.267965038129,61.589520488,65.492326449,58.5478691851,66.9604190032,62,65,59,67
1647,陳凱倫,2015,義大,A_WinsorizedBalanced-v0.1,B_QuadraticTanh-v1,248,Regular,False,2026-08-11,0.712411429872,-0.232356769569,-0.755045720986,-0.216642523293,70.3325771866,63.2528989946,58.8306514327,63.3756340229,70,63,59,63
1647,陳凱倫,2016,義大,A_WinsorizedBalanced-v0.1,B_QuadraticTanh-v1,342,Regular,False,2026-08-11,-0.789442325033,0.0983295809155,-1.00962692815,0.432475005032,58.5191402102,65.7122644107,56.4782513897,68.192612744,59,66,56,68
1647,陳凱倫,2017,富邦悍將,A_WinsorizedBalanced-v0.1,B_QuadraticTanh-v1,166,Regular,False,2026-08-11,0.365670287124,-1.64245847193,-0.651411547829,0.537990690105,67.6897874505,50.3550457513,59.7555526351,68.9932467468,68,50,60,69
1647,陳凱倫,2018,富邦悍將,A_WinsorizedBalanced-v0.1,B_QuadraticTanh-v1,151,Regular,False,2026-08-11,-0.434185144863,0.156843734129,-0.144385665511,0.35130297695,61.6205052939,66.1401008321,63.9315691661,67.5820782721,62,66,64,68
1647,陳凱倫,2019,富邦悍將,A_WinsorizedBalanced-v0.1,B_QuadraticTanh-v1,149,Provisional,False,2026-08-11,-0.402253667782,-1.11813351181,0.0613947004293,0.653254552402,61.8855023128,55.4475143382,65.4437236503,69.8762450578,62,55,65,70
1647,陳凱倫,2020,富邦悍將,A_WinsorizedBalanced-v0.1,B_QuadraticTanh-v1,189,Regular,False,2026-08-11,-0.116709878451,-0.496062283099,-0.542009167697,0.258029221125,64.1407918624,61.1001039014,60.7079613249,66.886664364,64,61,61,67
1647,陳凱倫,2021,富邦悍將,A_WinsorizedBalanced-v0.1,B_QuadraticTanh-v1,172,Regular,False,2026-08-11,0.402342187497,1.4369289443,-0.872705181037,1.072515441,67.9654057289,76.0448675735,57.7564238904,73.1488736471,68,76,58,73
1648,黃鈞聲,2012,兄弟,A_WinsorizedBalanced-v0.1,B_QuadraticTanh-v1,154,Regular,False,2026-08-11,-1.00124483824,-0.913353354943,-0.224691465563,-0.47147714646,56.5572692458,57.3798998553,63.3128493017,61.3079442697,57,57,63,61
1648,黃鈞聲,2014,中信兄弟,A_WinsorizedBalanced-v0.1,B_QuadraticTanh-v1,152,Regular,False,2026-08-11,-0.492436880159,-1.13401690264,-0.183238635203,-0.205340530303,61.1308406539,55.2955186154,63.6343685198,63.4635057396,61,55,64,63
1648,黃鈞聲,2015,中信兄弟,A_WinsorizedBalanced-v0.1,B_QuadraticTanh-v1,82,Provisional,False,2026-08-11,-0.0689482712962,-0.884058106422,0.643240944862,-0.213634058855,64.4969516807,57.6515261413,69.7992057145,63.3990573933,64,58,70,63
1648,黃鈞聲,2017,中信兄弟,A_WinsorizedBalanced-v0.1,B_QuadraticTanh-v1,170,Regular,False,2026-08-11,-0.506876243018,-1.25117863756,-0.120161831967,-0.889908460005,61.0082419954,54.1671552508,64.1148092055,57.5973897014,61,54,64,58
1648,黃鈞聲,2018,中信兄弟,A_WinsorizedBalanced-v0.1,B_QuadraticTanh-v1,210,Regular,False,2026-08-11,0.295694908902,-1.95026955025,-0.581360166923,-0.933635164998,67.1666726756,47.394315583,60.3683592734,57.1910693886,67,47,60,57
1648,黃鈞聲,2019,中信兄弟,A_WinsorizedBalanced-v0.1,B_QuadraticTanh-v1,271,Regular,False,2026-08-11,0.0369400363937,-0.510676966115,-0.889348563289,-0.627342525138,65.2665791984,60.9758922202,57.6025730863,59.9672743363,65,61,58,60
1648,黃鈞聲,2020,中信兄弟,A_WinsorizedBalanced-v0.1,B_QuadraticTanh-v1,75,Provisional,False,2026-08-11,0.130744763853,-1.37847711674,0.962525122723,0.30281038788,65.9489140009,52.9304464493,72.2824912838,67.2196942674,66,53,72,67
1648,黃鈞聲,2022,中信兄弟,A_WinsorizedBalanced-v0.1,B_QuadraticTanh-v1,55,Provisional,False,2026-08-11,-0.968344297323,0.148971729699,-0.206874577614,-0.108769192446,56.8665005774,66.08237431,63.4515984695,64.2004379169,57,66,63,64
1649,李育儒,2012,統一7-ELEVEn獅,A_WinsorizedBalanced-v0.1,B_QuadraticTanh-v1,74,Provisional,False,2026-08-11,-2.07619518192,-0.390729047755,-0.670860546295,0.500438445319,46.2150616187,61.9805384725,59.5835997175,68.70743158,46,62,60,69
1650,陳弘桂,2012,兄弟,A_WinsorizedBalanced-v0.1,B_QuadraticTanh-v1,67,Provisional,False,2026-08-11,-0.837717209079,1.3183065886,-0.0675693987154,2.78203235239,58.0783698221,75.0990142837,64.507141037,86.5839943509,58,75,65,87
1651,黃恩賜,2012,統一7-ELEVEn獅,A_WinsorizedBalanced-v0.1,B_QuadraticTanh-v1,112,Provisional,False,2026-08-11,-0.555415446818,-0.0562212403745,-0.369192638779,1.88538851627,60.5926478262,64.5908005562,62.1572644108,79.6242569337,61,65,62,80
1651,黃恩賜,2013,統一7-ELEVEn獅,A_WinsorizedBalanced-v0.1,B_QuadraticTanh-v1,114,Provisional,False,2026-08-11,-1.18530113211,0.112814363689,0.141501832573,2.34501503285,54.8030679973,65.8179005222,66.0276447428,83.2467300525,55,66,66,83
1651,黃恩賜,2014,統一7-ELEVEn獅,A_WinsorizedBalanced-v0.1,B_QuadraticTanh-v1,314,Regular,False,2026-08-11,-1.13302889092,-0.135764007857,-0.595593808472,0.78547620747,55.3049809099,63.9969692571,60.2446885685,70.8989250126,55,64,60,71
1651,黃恩賜,2015,統一7-ELEVEn獅,A_WinsorizedBalanced-v0.1,B_QuadraticTanh-v1,176,Regular,False,2026-08-11,-0.94711875246,0.00600569686621,-0.503957702487,0.966158301741,57.0651914718,65.0432572349,61.0330606844,72.3110327392,57,65,61,72
1651,黃恩賜,2016,統一7-ELEVEn獅,A_WinsorizedBalanced-v0.1,B_QuadraticTanh-v1,165,Regular,False,2026-08-11,-0.198281571911,-1.13952837557,-0.597924505101,0.370725202876,63.5182171331,55.2427166199,60.2243964229,67.7277199855,64,55,60,68
1651,黃恩賜,2018,統一7-ELEVEn獅,A_WinsorizedBalanced-v0.1,B_QuadraticTanh-v1,136,Provisional,False,2026-08-11,-1.41425779633,0.18025370578,-0.747933747716,1.71974753066,52.5815824042,66.3120758031,58.8947878075,78.3037870586,53,66,59,78
1651,黃恩賜,2019,統一7-ELEVEn獅,A_WinsorizedBalanced-v0.1,B_QuadraticTanh-v1,209,Regular,False,2026-08-11,-1.2153073618,0.287095673427,-0.436508251069,1.65731567514,54.5138450566,67.1026473904,61.6011305238,77.8052234237,55,67,62,78
1652,徐睿擇,2012,兄弟,A_WinsorizedBalanced-v0.1,B_QuadraticTanh-v1,69,Provisional,False,2026-08-11,-0.281151903542,0.639647610671,-0.618704866684,-0.108283749248,62.8676853672,69.7715753137,60.0429600555,64.2040787292,63,70,60,64
1653,紀榮家,2012,興農,A_WinsorizedBalanced-v0.1,B_QuadraticTanh-v1,78,Provisional,False,2026-08-11,-1.29286801799,-0.764148794469,-0.269662873433,-0.122900533669,53.7631120011,58.7484215009,62.9589404664,64.0941721271,54,59,63,64
1654,張淯虎,2012,興農,A_WinsorizedBalanced-v0.1,B_QuadraticTanh-v1,79,Provisional,False,2026-08-11,-0.838995355337,-0.200921706046,-0.0120370767879,-0.137830300489,58.0666449109,63.4977698623,64.9131303778,63.9813135642,58,63,65,64
1655,林瑋恩,2013,義大,A_WinsorizedBalanced-v0.1,B_QuadraticTanh-v1,364,Regular,False,2026-08-11,-0.340763055324,0.307030867457,-0.688805757076,0.327831569764,62.388799661,67.2511620932,59.4242635581,67.4064524916,62,67,59,67
1655,林瑋恩,2014,義大,A_WinsorizedBalanced-v0.1,B_QuadraticTanh-v1,251,Regular,False,2026-08-11,-0.467920592773,-0.874846683463,-0.817447261256,-0.367561184167,61.3378946142,57.7366529827,58.2639392451,62.1706054809,61,58,58,62
1655,林瑋恩,2015,義大,A_WinsorizedBalanced-v0.1,B_QuadraticTanh-v1,275,Regular,False,2026-08-11,-0.927639761514,-0.524432125192,-1.19072265797,1.55307936743,57.2469534211,60.8585407504,54.7508675287,76.9724657225,57,61,55,77
1655,林瑋恩,2016,義大,A_WinsorizedBalanced-v0.1,B_QuadraticTanh-v1,141,Provisional,False,2026-08-11,-0.0473295291941,-0.62433766957,-1.12382352987,0.971063835456,64.6561023394,59.9936215682,55.3930937939,72.3495782917,65,60,55,72
1655,林瑋恩,2017,富邦悍將,A_WinsorizedBalanced-v0.1,B_QuadraticTanh-v1,114,Provisional,False,2026-08-11,-0.0494789345281,-0.0238180918502,-0.747882499371,-0.092455527759,64.6403369012,64.8277169081,58.8952496252,64.3224376276,65,65,59,64
1657,*張詠漢,2014,義大,A_WinsorizedBalanced-v0.1,B_QuadraticTanh-v1,299,Regular,False,2026-08-11,-0.156730204191,-0.0165161277988,-0.152431699456,-0.987417793749,63.8375801105,64.8807024464,63.8703546725,56.6874105286,64,65,64,57
1657,*張詠漢,2015,義大,A_WinsorizedBalanced-v0.1,B_QuadraticTanh-v1,103,Provisional,False,2026-08-11,-2.36217538148,-0.957610266985,-0.0390289185203,0.186366891021,43.6454566412,56.9670621508,64.716865404,66.3570596819,44,57,65,66
1657,*張詠漢,2017,富邦悍將,A_WinsorizedBalanced-v0.1,B_QuadraticTanh-v1,67,Provisional,False,2026-08-11,-0.00555917739072,1.34358712927,0.44373607816,-0.355933086637,64.9599306741,75.3004090952,68.2776906198,62.2655023843,65,75,68,62
1659,李家駒,2013,義大,A_WinsorizedBalanced-v0.1,B_QuadraticTanh-v1,101,Provisional,False,2026-08-11,-0.620413615259,-0.185660031873,-0.359536936878,0.37529967028,60.027999958,63.6157127497,62.2361272033,67.7620635893,60,64,62,68
1660,洪宸宇,2012,Lamigo,A_WinsorizedBalanced-v0.1,B_QuadraticTanh-v1,53,Provisional,False,2026-08-11,-0.287853944294,-0.235237700988,0.444851174003,-0.00866387061893,62.814295716,63.2303274537,68.2861201209,64.9375151102,63,63,68,65
1660,洪宸宇,2013,Lamigo,A_WinsorizedBalanced-v0.1,B_QuadraticTanh-v1,61,Provisional,False,2026-08-11,-0.525968888315,0.00365630403565,-0.573182972337,-0.00906236190399,60.8454033065,65.0263314019,60.4392090917,64.9346360933,61,65,60,65
1661,黃智培,2012,興農,A_WinsorizedBalanced-v0.1,B_QuadraticTanh-v1,63,Provisional,False,2026-08-11,-0.15378682737,-0.785457101085,0.043569011606,0.443698617641,63.860027668,58.5553427532,65.3145459771,68.2774074545,64,59,65,68
1661,黃智培,2013,義大,A_WinsorizedBalanced-v0.1,B_QuadraticTanh-v1,103,Provisional,False,2026-08-11,-0.750966333105,0.856787137014,-0.259832987011,0.0572330940576,58.8674512853,71.4543899791,63.0367470076,65.4135406673,59,71,63,65
1661,黃智培,2014,義大,A_WinsorizedBalanced-v0.1,B_QuadraticTanh-v1,55,Provisional,False,2026-08-11,-0.856764275952,-0.761318125315,-0.546891071484,-0.035440962555,57.9033585195,58.7740079974,60.6660161288,64.7430711983,58,59,61,65
1661,黃智培,2015,義大,A_WinsorizedBalanced-v0.1,B_QuadraticTanh-v1,98,Provisional,False,2026-08-11,-0.664202111852,-1.1592016074,0.821036240385,0.160870718988,59.6425551502,55.0539958675,71.1755926284,66.1696513902,60,55,71,66
1664,翁克堯,2014,Lamigo,A_WinsorizedBalanced-v0.1,B_QuadraticTanh-v1,55,Provisional,False,2026-08-11,-0.963321846403,1.2139662469,-0.312977910307,0.700214413514,56.9135737853,74.2691934298,62.6131323851,70.2383237538,57,74,63,70
1699,唐肇廷,2013,統一7-ELEVEn獅,A_WinsorizedBalanced-v0.1,B_QuadraticTanh-v1,384,Qualified,False,2026-08-11,-0.330013656195,-0.196480915207,0.0828938604721,1.79578412458,62.475819035,63.5321522388,65.5998923816,78.9104701035,62,64,66,79
1699,唐肇廷,2014,統一7-ELEVEn獅,A_WinsorizedBalanced-v0.1,B_QuadraticTanh-v1,269,Regular,False,2026-08-11,0.675689977856,-1.13181301524,-0.0462213969702,-0.0404020741084,70.0490690826,55.3166241248,64.664225259,64.7068266648,70,55,65,65
1699,唐肇廷,2015,統一7-ELEVEn獅,A_WinsorizedBalanced-v0.1,B_QuadraticTanh-v1,132,Provisional,False,2026-08-11,1.06713739171,-0.154808403397,-0.126887977184,0.488709811968,73.106405564,63.8522392935,64.0640889505,68.6183589336,73,64,64,69
1699,唐肇廷,2016,統一7-ELEVEn獅,A_WinsorizedBalanced-v0.1,B_QuadraticTanh-v1,362,Qualified,False,2026-08-11,0.443340524752,-0.293279487183,-0.279483338843,-0.894502734856,68.2747006691,62.7709905963,62.8809595275,57.55483825,68,63,63,58
1699,唐肇廷,2017,統一7-ELEVEn獅,A_WinsorizedBalanced-v0.1,B_QuadraticTanh-v1,341,Regular,False,2026-08-11,0.837390085604,-0.642128545223,-0.781942734087,0.72616570544,71.3030467235,59.837352385,58.5872441318,70.4389658009,71,60,59,70
1699,唐肇廷,2018,統一7-ELEVEn獅,A_WinsorizedBalanced-v0.1,B_QuadraticTanh-v1,271,Regular,False,2026-08-11,-0.565550523643,-0.576354493568,-0.840051874554,0.365842130253,60.5052072493,60.411747318,58.0569509721,67.6910766636,61,60,58,68
1699,唐肇廷,2019,統一7-ELEVEn獅,A_WinsorizedBalanced-v0.1,B_QuadraticTanh-v1,161,Regular,False,2026-08-11,-0.42160187501,0.283585247268,-0.922258871352,0.142764953806,61.7252258468,67.0765272657,57.2970633679,66.0368959236,62,67,57,66
1699,唐肇廷,2020,統一7-ELEVEn獅,A_WinsorizedBalanced-v0.1,B_QuadraticTanh-v1,189,Regular,False,2026-08-11,1.3632413051,0.0954986582031,-0.387413616883,-0.620974037759,75.4570581896,65.6916398665,62.007818703,60.0230921168,75,66,62,60
1699,唐肇廷,2021,統一7-ELEVEn獅,A_WinsorizedBalanced-v0.1,B_QuadraticTanh-v1,134,Provisional,False,2026-08-11,0.695539490818,0.308453816328,-0.660111670978,-0.581576627073,70.202220527,67.261774685,59.6787282636,60.3664818167,70,67,60,60
1699,唐肇廷,2022,統一7-ELEVEn獅,A_WinsorizedBalanced-v0.1,B_QuadraticTanh-v1,54,Provisional,False,2026-08-11,1.15324984294,1.2589004568,-0.218927256057,0.225101307782,73.787563166,74.6262550795,63.3578295783,66.6428007937,74,75,63,67
1699,唐肇廷,2023,統一7-ELEVEn獅,A_WinsorizedBalanced-v0.1,B_QuadraticTanh-v1,75,Provisional,False,2026-08-11,0.307212128835,1.06014727587,-0.637276776388,0.229811215696,67.252513884,73.05122306,59.8800341472,66.6776288266,67,73,60,67
1700,高國輝,2013,義大,A_WinsorizedBalanced-v0.1,B_QuadraticTanh-v1,398,Qualified,False,2026-08-11,1.66719939231,0.80300157542,3.28675753276,-0.350384880285,77.8841698354,71.0351959893,90.2332083457,62.3106630134,78,71,90,62
1700,高國輝,2014,義大,A_WinsorizedBalanced-v0.1,B_QuadraticTanh-v1,220,Regular,False,2026-08-11,-0.0684595564901,1.96956906376,6.58451190659,0.763128182271,64.5005637009,80.2932556099,105.625370325,70.7253897939,65,80,106,71
1700,高國輝,2015,義大,A_WinsorizedBalanced-v0.1,B_QuadraticTanh-v1,545,Qualified,False,2026-08-11,0.539063159488,0.201009459208,3.81839722891,-0.263962371999,69.0014232927,66.4649324428,93.7620098721,63.0040921016,69,66,94,63
1700,高國輝,2016,義大,A_WinsorizedBalanced-v0.1,B_QuadraticTanh-v1,451,Qualified,False,2026-08-11,-0.105035329901,1.2197975692,3.11298665006,0.0978949615939,64.2284252628,74.3155027517,89.0062039613,65.7090975643,64,74,89,66
1700,高國輝,2017,富邦悍將,A_WinsorizedBalanced-v0.1,B_QuadraticTanh-v1,103,Provisional,False,2026-08-11,-0.616482424412,0.239458649707,0.587081572665,-0.461648827093,60.0624083192,66.7490239526,69.3682873188,61.39063803,60,67,69,61
1700,高國輝,2018,富邦悍將,A_WinsorizedBalanced-v0.1,B_QuadraticTanh-v1,243,Regular,False,2026-08-11,-1.12354878272,3.90850699026,1.59099211757,-0.0837494858681,55.3957223089,94.3233234612,77.2753681881,64.38724675,55,94,77,64
1700,高國輝,2019,富邦悍將,A_WinsorizedBalanced-v0.1,B_QuadraticTanh-v1,176,Regular,False,2026-08-11,-0.319951923397,0.627318658124,2.03162844022,-0.303966826408,62.5570082872,69.6768335403,80.7852093754,62.6854674686,63,70,81,63
1700,高國輝,2020,富邦悍將,A_WinsorizedBalanced-v0.1,B_QuadraticTanh-v1,381,Qualified,False,2026-08-11,-0.494165729048,0.428445345417,2.71139119265,-0.325538352718,61.1161869707,68.1621904826,86.0541183065,62.511962267,61,68,86,63
1700,高國輝,2021,富邦悍將,A_WinsorizedBalanced-v0.1,B_QuadraticTanh-v1,268,Regular,False,2026-08-11,-1.37998896589,-0.143273743731,3.48663238531,-0.617168721622,52.9157137869,63.9400149839,91.601611056,60.0564037477,53,64,92,60
1700,高國輝,2022,富邦悍將,A_WinsorizedBalanced-v0.1,B_QuadraticTanh-v1,101,Provisional,False,2026-08-11,-1.09042083567,-0.474291412488,2.43154300004,-0.29388253635,55.7120692418,61.2842239105,83.9177443131,62.7661725833,56,61,84,63
1700,高國輝,2023,富邦悍將,A_WinsorizedBalanced-v0.1,B_QuadraticTanh-v1,121,Provisional,False,2026-08-11,-1.24625707799,0.270874315618,1.64926820475,0.0107268386876,54.2147773945,66.9820296877,77.7409403681,65.0772849418,54,67,78,65
1701,胡金龍,2013,義大,A_WinsorizedBalanced-v0.1,B_QuadraticTanh-v1,414,Qualified,False,2026-08-11,2.68741638788,-1.35674523523,0.913754791306,1.13632842097,85.8733581322,53.1421276296,71.8999117106,73.6535248954,86,53,72,74
1701,胡金龍,2014,義大,A_WinsorizedBalanced-v0.1,B_QuadraticTanh-v1,505,Qualified,False,2026-08-11,2.83769863918,-0.0353417929844,0.6311712838,0.507636944702,86.9985588342,64.7437950076,69.7064290317,68.7621467477,87,65,70,69
1701,胡金龍,2015,義大,A_WinsorizedBalanced-v0.1,B_QuadraticTanh-v1,489,Qualified,False,2026-08-11,2.81255052941,-0.156449805502,1.18874679941,1.16778315252,86.811607135,63.8397195643,74.0690168119,73.9027531729,87,64,74,74
1701,胡金龍,2016,義大,A_WinsorizedBalanced-v0.1,B_QuadraticTanh-v1,362,Qualified,False,2026-08-11,2.26146210869,0.0433409321244,0.264590186895,1.01200926509,82.5948507195,65.312894965,66.9353583371,72.6716926287,83,65,67,73
1701,胡金龍,2017,富邦悍將,A_WinsorizedBalanced-v0.1,B_QuadraticTanh-v1,387,Qualified,False,2026-08-11,1.46929323651,-0.416083095575,0.73835268745,-0.796054985461,76.3032378066,61.7710343703,70.533320105,58.4590065477,76,62,71,58
1701,胡金龍,2018,富邦悍將,A_WinsorizedBalanced-v0.1,B_QuadraticTanh-v1,422,Qualified,False,2026-08-11,2.54545929458,-0.464522601424,1.47170786669,0.108346907611,84.7940596953,61.3664820176,76.3225180567,65.7853005749,85,61,76,66
1701,胡金龍,2019,富邦悍將,A_WinsorizedBalanced-v0.1,B_QuadraticTanh-v1,464,Qualified,False,2026-08-11,2.34622146773,-1.04174043069,0.286921117104,0.116194871545,83.2561153663,56.1746730204,67.1013483363,65.8425801498,83,56,67,66
1701,胡金龍,2020,富邦悍將,A_WinsorizedBalanced-v0.1,B_QuadraticTanh-v1,176,Regular,False,2026-08-11,0.979860676022,-0.103778429244,0.411347622523,1.0328856088,72.4187250312,64.237837868,68.0332395893,72.8361793996,72,64,68,73
1701,胡金龍,2022,統一7-ELEVEn獅,A_WinsorizedBalanced-v0.1,B_QuadraticTanh-v1,302,Regular,False,2026-08-11,1.49512411957,-0.0338890737321,-0.0210803428579,-0.322542762862,76.509514548,64.7543948436,64.8476003614,62.5361269152,77,65,65,63
1701,胡金龍,2023,統一7-ELEVEn獅,A_WinsorizedBalanced-v0.1,B_QuadraticTanh-v1,232,Regular,False,2026-08-11,0.40493887441,-0.643641251968,-0.326907148779,-0.967052718615,67.9849593413,59.8240348885,62.5009130146,56.8786093929,68,60,63,57
1701,胡金龍,2024,統一7-ELEVEn獅,A_WinsorizedBalanced-v0.1,B_QuadraticTanh-v1,113,Provisional,False,2026-08-11,1.93817464031,-0.491216365244,-0.39419265854,-0.0724350811514,80.0439663291,61.1411815591,61.952010304,64.4711620887,80,61,62,64
1701,胡金龍,2025,統一7-ELEVEn獅,A_WinsorizedBalanced-v0.1,B_QuadraticTanh-v1,143,Provisional,False,2026-08-11,1.10291089465,-0.0903710791085,0.715510607635,-0.311743450333,73.389081325,64.3379734957,70.3565398395,62.6230540028,73,64,70,63
1702,王峻杰,2013,兄弟,A_WinsorizedBalanced-v0.1,B_QuadraticTanh-v1,186,Regular,False,2026-08-11,-0.752746592025,-0.650989407239,-0.274398989413,-0.304163118683,58.8513955308,59.7592762988,62.9213636044,62.6838939606,59,60,63,63
1702,王峻杰,2018,中信兄弟,A_WinsorizedBalanced-v0.1,B_QuadraticTanh-v1,109,Provisional,False,2026-08-11,-1.02361636238,-0.653455178431,0.871074465688,-0.277236983214,56.3461676048,59.7375207794,71.5659821068,62.8988189648,56,60,72,63
1703,郭修延,2013,Lamigo,A_WinsorizedBalanced-v0.1,B_QuadraticTanh-v1,223,Regular,False,2026-08-11,1.02186468654,-0.828792832596,-0.413375620406,-0.0379705988373,72.749323643,58.1601587661,61.7934808869,64.7245988995,73,58,62,65
1703,郭修延,2014,Lamigo,A_WinsorizedBalanced-v0.1,B_QuadraticTanh-v1,103,Provisional,False,2026-08-11,-0.734353906072,0.162041066644,-0.797006761376,1.13438325021,59.0169872618,66.1782421063,58.4503449243,73.6381224065,59,66,58,74
1703,郭修延,2015,Lamigo,A_WinsorizedBalanced-v0.1,B_QuadraticTanh-v1,84,Provisional,False,2026-08-11,-0.224584047162,1.84603241992,-0.347958097863,1.24519928463,63.3136883257,79.3109309581,62.3303921516,74.5173293928,63,79,62,75
1703,郭修延,2016,Lamigo,A_WinsorizedBalanced-v0.1,B_QuadraticTanh-v1,73,Provisional,False,2026-08-11,0.11249174326,0.767310480981,0.0580377477866,0.617759080133,65.8155457213,70.7578455706,65.4193754133,69.6034372821,66,71,65,70
1704,曼尼,2013,義大,A_WinsorizedBalanced-v0.1,B_QuadraticTanh-v1,206,Regular,False,2026-08-11,1.52857641672,1.29421615442,2.70859307611,-0.782927500067,76.7767162911,74.907212252,86.0330453769,58.5783072549,77,75,86,59
1705,猛德拉,2013,Lamigo,A_WinsorizedBalanced-v0.1,B_QuadraticTanh-v1,118,Provisional,False,2026-08-11,1.33805363108,0.0432171775446,1.97512225756,-0.459938424635,75.2563173189,65.3119991548,80.3373230489,61.4050059071,75,65,80,61
1707,陽冠威,2014,義大,A_WinsorizedBalanced-v0.1,B_QuadraticTanh-v1,305,Regular,False,2026-08-11,0.414384799468,-0.821248292318,1.90009461023,-0.82940672565,68.056130543,58.2291952043,79.741252573,58.1545370099,68,58,80,58
1707,陽冠威,2015,義大,A_WinsorizedBalanced-v0.1,B_QuadraticTanh-v1,359,Regular,False,2026-08-11,0.0565763636711,-1.33110691936,0.675965935729,-0.567489037464,65.4087789721,53.3916113717,70.0511966914,60.4884569226,65,53,70,60
1707,陽冠威,2016,義大,A_WinsorizedBalanced-v0.1,B_QuadraticTanh-v1,155,Regular,False,2026-08-11,-0.582190991247,-1.22305731332,0.036757914116,-0.57811574318,60.3611526046,54.4390256408,65.2652619241,60.3964874228,60,54,65,60
1707,陽冠威,2017,富邦悍將,A_WinsorizedBalanced-v0.1,B_QuadraticTanh-v1,84,Provisional,False,2026-08-11,-0.530137362393,-0.843135659849,0.00878199017962,0.70441010126,60.8097411258,58.028645328,65.0632649931,70.2707366722,61,58,65,70
1708,克里斯多福,2013,統一7-ELEVEn獅,A_WinsorizedBalanced-v0.1,B_QuadraticTanh-v1,90,Provisional,False,2026-08-11,0.016625230423,1.19953381154,0.927886621946,-0.274172161538,65.1198257551,74.1546167016,72.0106619137,62.9231645996,65,74,72,63
1743,林威廷,2014,義大,A_WinsorizedBalanced-v0.1,B_QuadraticTanh-v1,368,Regular,False,2026-08-11,1.04715766694,-0.605450097657,-0.805830656466,1.11703923403,72.9487251891,60.158795602,58.3699664724,73.5008395619,73,60,58,74
1743,林威廷,2015,義大,A_WinsorizedBalanced-v0.1,B_QuadraticTanh-v1,172,Regular,False,2026-08-11,-1.04045547813,-0.346802387443,-0.728050842466,0.416025901194,56.1868451665,62.3397826279,59.0735868314,68.0685021705,56,62,59,68
1743,林威廷,2016,義大,A_WinsorizedBalanced-v0.1,B_QuadraticTanh-v1,453,Qualified,False,2026-08-11,-1.12877572448,-0.384492944288,0.326765485791,3.28042964197,55.3457026224,62.0318284795,67.3984854255,90.1891173212,55,62,67,90
1743,林威廷,2017,富邦悍將,A_WinsorizedBalanced-v0.1,B_QuadraticTanh-v1,243,Regular,False,2026-08-11,0.0107615211261,-1.5053358193,0.166696048547,2.69938619933,65.07753499,51.6924881654,66.2124224594,85.9636629657,65,52,66,86
1743,林威廷,2019,富邦悍將,A_WinsorizedBalanced-v0.1,B_QuadraticTanh-v1,100,Provisional,False,2026-08-11,-0.321712180041,0.0253227189395,0.0517465560514,0.568622491795,62.5428230037,65.182611132,65.3737715754,69.2270818981,63,65,65,69
1744,陳家駒,2014,中信兄弟,A_WinsorizedBalanced-v0.1,B_QuadraticTanh-v1,144,Provisional,False,2026-08-11,-1.77904995044,-0.853614831601,1.93297550111,-0.378316785752,49.030929309,57.9323387237,80.0026572522,62.0825315395,49,58,80,62
1744,陳家駒,2015,中信兄弟,A_WinsorizedBalanced-v0.1,B_QuadraticTanh-v1,288,Regular,False,2026-08-11,-0.831267350932,-0.349303304836,0.63958359599,-0.984557428084,58.1374942875,62.3194577665,69.7710831536,56.7143000231,58,62,70,57
1744,陳家駒,2016,中信兄弟,A_WinsorizedBalanced-v0.1,B_QuadraticTanh-v1,181,Regular,False,2026-08-11,0.143109106609,-0.394473298514,0.930656246608,-0.384648950052,66.0394167543,61.9496975199,72.0323776737,62.0305465415,66,62,72,62
1744,陳家駒,2017,中信兄弟,A_WinsorizedBalanced-v0.1,B_QuadraticTanh-v1,124,Provisional,False,2026-08-11,-0.655760866112,-0.505466877607,-0.0425359450479,-0.523049244384,59.71716639,61.020229392,64.6912161781,60.8703581269,60,61,65,61
1744,陳家駒,2020,中信兄弟,A_WinsorizedBalanced-v0.1,B_QuadraticTanh-v1,176,Regular,False,2026-08-11,0.402269628256,-0.737361018365,-0.702638703166,0.0221572642036,67.9648594128,58.9899576138,59.3010025101,65.1597525561,68,59,59,65
1744,陳家駒,2021,中信兄弟,A_WinsorizedBalanced-v0.1,B_QuadraticTanh-v1,122,Provisional,False,2026-08-11,-0.492564354767,0.853176234727,-0.517468931304,-0.493438367643,61.1297604174,71.4262023843,60.9180005802,61.1223529088,61,71,61,61
1744,陳家駒,2022,中信兄弟,A_WinsorizedBalanced-v0.1,B_QuadraticTanh-v1,50,Provisional,False,2026-08-11,0.00497281416596,-0.462113878403,-0.585498591371,-0.0358168760931,65.0358153824,61.3867302752,60.3324472411,64.7403272688,65,61,60,65
1745,羅國龍,2014,統一7-ELEVEn獅,A_WinsorizedBalanced-v0.1,B_QuadraticTanh-v1,166,Regular,False,2026-08-11,-0.732422890987,-0.481083261832,-0.09098547986,0.533437086836,59.0343352488,61.2269020209,64.3333954643,68.9585383943,59,61,64,69
1745,羅國龍,2015,統一7-ELEVEn獅,A_WinsorizedBalanced-v0.1,B_QuadraticTanh-v1,388,Qualified,False,2026-08-11,0.336876422985,0.922381492389,-0.427945979512,0.28072952404,67.4740814431,71.9675079955,61.6724763076,67.0552857358,67,72,62,67
1745,羅國龍,2016,統一7-ELEVEn獅,A_WinsorizedBalanced-v0.1,B_QuadraticTanh-v1,480,Qualified,False,2026-08-11,0.226589964172,0.861680255228,0.667065601926,0.93746780814,66.6538069189,71.4925969488,69.9825986139,72.0857993353,67,71,70,72
1745,羅國龍,2017,統一7-ELEVEn獅,A_WinsorizedBalanced-v0.1,B_QuadraticTanh-v1,172,Regular,False,2026-08-11,-1.00588276857,0.248295738818,-0.678954209099,2.40776032804,56.5135590628,66.8144878397,59.5118157811,83.7337517942,57,67,60,84
1745,羅國龍,2018,統一7-ELEVEn獅,A_WinsorizedBalanced-v0.1,B_QuadraticTanh-v1,230,Regular,False,2026-08-11,-0.940202803039,1.24714312457,0.932980282944,2.38546262567,57.1297898674,74.532780434,72.0506023216,83.5609401943,57,75,72,84
1745,羅國龍,2019,統一7-ELEVEn獅,A_WinsorizedBalanced-v0.1,B_QuadraticTanh-v1,138,Provisional,False,2026-08-11,-1.10197759156,-0.160350374576,0.0307065516582,0.750641071055,55.6018459758,63.8099390988,65.2215096844,70.6285427136,56,64,65,71
1746,耐克,2014,中信兄弟,A_WinsorizedBalanced-v0.1,B_QuadraticTanh-v1,208,Regular,False,2026-08-11,1.89754493059,0.458868406966,0.917004143093,-0.104751761886,79.7209718438,68.3921575043,71.9253687574,64.2305492072,80,68,72,64
1746,耐克,2015,中信兄弟,A_WinsorizedBalanced-v0.1,B_QuadraticTanh-v1,246,Regular,False,2026-08-11,0.980038409859,0.281598983288,-0.220940480937,-0.475122302805,72.4201224197,67.0617522969,63.3421295567,61.2772171244,72,67,63,61
1747,林威助,2014,中信兄弟,A_WinsorizedBalanced-v0.1,B_QuadraticTanh-v1,113,Provisional,False,2026-08-11,-0.140176415287,0.500685566329,-0.299972888917,-0.368328910384,63.9635237558,68.7093093414,62.717462166,62.1643282892,64,69,63,62
1747,林威助,2015,中信兄弟,A_WinsorizedBalanced-v0.1,B_QuadraticTanh-v1,329,Regular,False,2026-08-11,1.41045259003,-1.24382399045,0.170250699442,-1.15333742613,75.8335835791,54.2383141495,66.2385355421,55.1102887627,76,54,66,55
1747,林威助,2016,中信兄弟,A_WinsorizedBalanced-v0.1,B_QuadraticTanh-v1,279,Regular,False,2026-08-11,1.18174663561,0.398913140243,-0.215491050525,-1.16649919369,74.0134844158,67.9395917999,63.3846020017,54.9838977475,74,68,63,55
1748,高孝儀,2014,義大,A_WinsorizedBalanced-v0.1,B_QuadraticTanh-v1,156,Regular,False,2026-08-11,-0.227864780962,-0.769323948063,-0.640574649244,0.973121902382,63.2880495013,58.701604878,59.8510275658,72.3657526685,63,59,60,72
1748,高孝儀,2016,義大,A_WinsorizedBalanced-v0.1,B_QuadraticTanh-v1,355,Regular,False,2026-08-11,0.908445427354,-1.37799781237,-1.1893991207,1.8657491013,71.8583257451,52.9351170095,54.7636133927,79.4679408448,72,53,55,79
1748,高孝儀,2017,富邦悍將,A_WinsorizedBalanced-v0.1,B_QuadraticTanh-v1,361,Qualified,False,2026-08-11,0.701900798909,-1.46928874729,-0.211187597639,-0.339125221892,70.2513503615,52.0444733559,63.4180875216,62.4020770863,70,52,63,62
1748,高孝儀,2018,富邦悍將,A_WinsorizedBalanced-v0.1,B_QuadraticTanh-v1,152,Regular,False,2026-08-11,0.340687946824,-1.00586580969,-0.190883293908,1.07886313165,67.5025990967,56.513718944,63.5754167567,73.1990116336,68,57,64,73
1748,高孝儀,2019,富邦悍將,A_WinsorizedBalanced-v0.1,B_QuadraticTanh-v1,169,Regular,False,2026-08-11,0.261607400988,0.287290051377,-0.198542393979,0.457559160255,66.9132165506,67.1040939858,63.5161979442,68.3822474723,67,67,64,68
1748,高孝儀,2020,富邦悍將,A_WinsorizedBalanced-v0.1,B_QuadraticTanh-v1,121,Provisional,False,2026-08-11,0.817550633834,-0.66404523191,-0.0173701286298,1.07402067083,71.148444872,59.6439431192,64.8745132016,73.1607616083,71,60,65,73
1748,高孝儀,2021,富邦悍將,A_WinsorizedBalanced-v0.1,B_QuadraticTanh-v1,184,Regular,False,2026-08-11,0.255868433266,-0.341784460794,-1.18143255689,0.432957704893,66.8706349868,62.3805160336,54.8403003507,68.1962577071,67,62,55,68
1748,高孝儀,2023,味全龍,A_WinsorizedBalanced-v0.1,B_QuadraticTanh-v1,144,Provisional,False,2026-08-11,0.0307295073152,0.298661335732,-0.60312623606,0.187692716433,65.2216755957,67.1887724713,60.1790656991,66.3668198484,65,67,60,66
1749,陳偉漢,2015,中信兄弟,A_WinsorizedBalanced-v0.1,B_QuadraticTanh-v1,62,Provisional,False,2026-08-11,-0.384093358378,-0.46369997993,-0.395791086521,-0.0991856820373,62.0351117037,61.3733986868,61.9388349208,64.2721951001,62,61,62,64
1749,陳偉漢,2018,中信兄弟,A_WinsorizedBalanced-v0.1,B_QuadraticTanh-v1,219,Regular,False,2026-08-11,0.857691927692,-0.742455344742,-1.31214920437,0.554900951747,71.46145399,58.9441277081,53.5758875182,69.1222594186,71,59,54,69
1749,陳偉漢,2019,中信兄弟,A_WinsorizedBalanced-v0.1,B_QuadraticTanh-v1,68,Provisional,False,2026-08-11,-0.0851489256181,-1.76661696497,-0.894577685673,0.746996845732,64.3768431196,49.150916375,57.5541437903,70.6002949786,64,49,58,71
1749,陳偉漢,2021,中信兄弟,A_WinsorizedBalanced-v0.1,B_QuadraticTanh-v1,89,Provisional,False,2026-08-11,0.584057426113,-1.13304065585,-0.441524925814,0.512774090086,69.3451387329,55.3048682418,61.5592474543,68.8012152171,69,55,62,69
1750,方昶詠,2015,統一7-ELEVEn獅,A_WinsorizedBalanced-v0.1,B_QuadraticTanh-v1,165,Regular,False,2026-08-11,-0.796805514715,0.184287247457,-0.408315431312,1.20386405077,58.4521765015,66.3417531517,61.8353852865,74.1889879742,58,66,62,74
1750,方昶詠,2018,統一7-ELEVEn獅,A_WinsorizedBalanced-v0.1,B_QuadraticTanh-v1,50,Provisional,False,2026-08-11,-1.88557774513,-0.082880375336,-0.389093252163,0.0640273454939,48.0088148945,64.3937051341,61.9940015839,65.4628253425,48,64,62,65
1751,方玄宗,2015,義大,A_WinsorizedBalanced-v0.1,B_QuadraticTanh-v1,163,Regular,False,2026-08-11,-1.07834085075,0.64850834936,0.0417823005043,0.0626925477384,55.8271227463,69.8397227658,65.3016136392,65.4531396866,56,70,65,65
1752,李那瑞,2014,義大,A_WinsorizedBalanced-v0.1,B_QuadraticTanh-v1,66,Provisional,False,2026-08-11,0.60562573097,-0.622659419276,-0.0449652317821,-0.138346953621,69.5103618431,60.0083285786,64.6734291879,63.9773972319,70,60,65,64
1757,張志強,2018,中信兄弟,A_WinsorizedBalanced-v0.1,B_QuadraticTanh-v1,111,Provisional,False,2026-08-11,-0.74175909394,-0.138305082637,-0.987552059907,0.00633172013959,58.9503942642,63.9777146491,56.6861480542,65.0456064102,59,64,57,65
1757,張志強,2021,中信兄弟,A_WinsorizedBalanced-v0.1,B_QuadraticTanh-v1,56,Provisional,False,2026-08-11,-0.715381690013,0.0295269326352,0.042436849284,-0.0949469755645,59.1871209879,65.2129846525,65.3063509808,64.303852699,59,65,65,64
1762,楊家維,2017,統一7-ELEVEn獅,A_WinsorizedBalanced-v0.1,B_QuadraticTanh-v1,96,Provisional,False,2026-08-11,-1.502207023,0.422384697413,0.948057506312,0.166646196754,51.7230402264,68.1164570254,72.1688922482,66.2120563144,52,68,72,66
1762,楊家維,2019,統一7-ELEVEn獅,A_WinsorizedBalanced-v0.1,B_QuadraticTanh-v1,277,Regular,False,2026-08-11,-0.890028482131,0.113424811363,-0.321379021342,0.929843950946,57.5962785014,65.8223564131,62.5455084117,72.0260083671,58,66,63,72
1793,林旺衛,2015,義大,A_WinsorizedBalanced-v0.1,B_QuadraticTanh-v1,289,Regular,False,2026-08-11,-0.865355223244,1.68360919351,-0.1551249641,3.07497953693,57.8242237206,78.015230618,63.8498253028,88.7334966184,58,78,64,89
1793,林旺衛,2016,義大,A_WinsorizedBalanced-v0.1,B_QuadraticTanh-v1,165,Regular,False,2026-08-11,-0.96525583389,-0.944988231228,-0.363293542529,1.71095573584,56.895451621,57.0850990906,62.2054726118,78.2335968294,57,57,62,78
1793,林旺衛,2017,富邦悍將,A_WinsorizedBalanced-v0.1,B_QuadraticTanh-v1,143,Provisional,False,2026-08-11,-1.39014404637,0.149099543421,0.277755616399,-0.121398942483,52.8167350005,66.08331117,67.0331719331,64.1054896655,53,66,67,64
1793,林旺衛,2021,味全龍,A_WinsorizedBalanced-v0.1,B_QuadraticTanh-v1,104,Provisional,False,2026-08-11,-1.34285744363,1.03330212654,0.990586752021,-0.387529791249,53.2773043878,72.8394628736,72.5030792265,62.0068632444,53,73,73,62
1794,佩卓,2015,中信兄弟,A_WinsorizedBalanced-v0.1,B_QuadraticTanh-v1,159,Regular,False,2026-08-11,-0.142170579997,-0.148933526183,1.52185079721,2.38013708725,63.9483909825,63.8969903138,76.7229905103,83.5196230999,64,64,77,84
1795,蔣智賢,2015,中信兄弟,A_WinsorizedBalanced-v0.1,B_QuadraticTanh-v1,118,Provisional,False,2026-08-11,0.596182819169,-0.927327703859,0.46831504944,-0.451280502807,69.4379886296,57.249860677,68.4636972071,61.4776292506,69,57,68,61
1795,蔣智賢,2016,中信兄弟,A_WinsorizedBalanced-v0.1,B_QuadraticTanh-v1,396,Qualified,False,2026-08-11,2.23950401313,-0.0293980734488,3.10701111369,-0.931691875908,82.4229453627,64.7871265507,88.9634284729,57.209188975,82,65,89,57
1795,蔣智賢,2017,中信兄弟,A_WinsorizedBalanced-v0.1,B_QuadraticTanh-v1,377,Qualified,False,2026-08-11,1.40348030703,-1.44685427841,2.2321012623,-0.745903719431,75.7779580775,52.2634933983,82.3649385213,58.9130773592,76,52,82,59
1795,蔣智賢,2018,富邦悍將,A_WinsorizedBalanced-v0.1,B_QuadraticTanh-v1,467,Qualified,False,2026-08-11,1.05503674644,-0.54675428795,2.13256759381,-1.15219581603,73.0108897917,60.6671920927,81.5826153879,55.1212437638,73,61,82,55
1795,蔣智賢,2019,富邦悍將,A_WinsorizedBalanced-v0.1,B_QuadraticTanh-v1,245,Regular,False,2026-08-11,0.925237195003,0.430269128191,1.20723166299,-0.971490915059,71.989891759,68.1759578475,74.2157218421,56.8369905215,72,68,74,57
1795,蔣智賢,2020,富邦悍將,A_WinsorizedBalanced-v0.1,B_QuadraticTanh-v1,308,Regular,False,2026-08-11,0.470730611596,0.559870218291,0.88463103109,-1.03864167016,68.4820003352,69.1602068299,71.6719564738,56.2040235763,68,69,72,56
1795,蔣智賢,2022,富邦悍將,A_WinsorizedBalanced-v0.1,B_QuadraticTanh-v1,93,Provisional,False,2026-08-11,-0.471308971313,1.10502349532,1.73533523335,-0.415701810356,61.3093611674,73.4057882872,78.4282145364,61.7741965122,61,73,78,62
1795,蔣智賢,2023,富邦悍將,A_WinsorizedBalanced-v0.1,B_QuadraticTanh-v1,74,Provisional,False,2026-08-11,-0.542058556606,0.797676863116,-0.353800740163,-0.222389427811,60.7075372428,70.9937760185,62.2828680645,63.330823432,61,71,62,63
1795,蔣智賢,2024,富邦悍將,A_WinsorizedBalanced-v0.1,B_QuadraticTanh-v1,73,Provisional,False,2026-08-11,-0.0765939676103,-0.312878118655,-0.801117625326,-0.17681496139,64.4403578454,62.6139345753,58.4129155218,63.6837843365,64,63,58,64
1796,陽耀勳,2015,Lamigo,A_WinsorizedBalanced-v0.1,B_QuadraticTanh-v1,99,Provisional,False,2026-08-11,2.0198147303,0.53075424691,-0.455740640489,1.27391190039,80.6916515046,68.9380957684,61.4402393309,74.7456468077,81,69,61,75
1796,陽耀勳,2016,Lamigo,A_WinsorizedBalanced-v0.1,B_QuadraticTanh-v1,391,Qualified,False,2026-08-11,-0.379816610624,-0.635378638985,1.10582646629,3.41735432512,62.0702273631,59.8967190434,73.4121387651,91.1327404697,62,60,73,91
1796,陽耀勳,2017,Lamigo,A_WinsorizedBalanced-v0.1,B_QuadraticTanh-v1,195,Regular,False,2026-08-11,1.04812459308,-0.553783013409,0.46828053076,2.25188508228,72.9563528502,60.6067104668,68.4634356827,82.5199029608,73,61,68,83
1796,陽耀勳,2018,Lamigo,A_WinsorizedBalanced-v0.1,B_QuadraticTanh-v1,138,Provisional,False,2026-08-11,-0.355093892589,0.387280788014,0.202490899523,-0.00793605652591,62.2723380707,67.8520873923,66.4758561303,64.9427722706,62,68,66,65
1796,陽耀勳,2019,Lamigo,A_WinsorizedBalanced-v0.1,B_QuadraticTanh-v1,80,Provisional,False,2026-08-11,-0.443418351668,0.557979733376,0.740037010016,-0.191596838962,61.543424116,69.1457683946,70.5463669909,63.5699063284,62,69,71,64
1796,陽耀勳,2020,樂天桃猿,A_WinsorizedBalanced-v0.1,B_QuadraticTanh-v1,229,Regular,False,2026-08-11,-0.0771588014977,-0.756806340616,1.14365594604,0.682577470559,64.4361705376,58.8147594124,73.7115570997,70.1021843608,64,59,74,70
1796,陽耀勳,2021,樂天桃猿,A_WinsorizedBalanced-v0.1,B_QuadraticTanh-v1,95,Provisional,False,2026-08-11,0.066768820899,-0.923523165862,-0.704100973291,0.468988594027,65.4827231271,57.2852934702,59.2879506262,68.4688003611,65,57,59,68
1797,楊承駿,2016,義大,A_WinsorizedBalanced-v0.1,B_QuadraticTanh-v1,84,Provisional,False,2026-08-11,-1.589989127,-0.368087492969,0.3257015271,0.239288627562,50.8662640774,62.1663023574,67.3905351087,66.7477650675,51,62,67,67
1797,楊承駿,2017,富邦悍將,A_WinsorizedBalanced-v0.1,B_QuadraticTanh-v1,52,Provisional,False,2026-08-11,-0.297044370767,0.397400675058,-0.252373160581,-0.169172141867,62.7408961599,67.9282086655,63.0956268039,63.7424352691,63,68,63,64
1798,潘志芳,2016,中信兄弟,A_WinsorizedBalanced-v0.1,B_QuadraticTanh-v1,153,Regular,False,2026-08-11,-0.328277462705,-0.384732621824,-0.524571204119,-0.265895957702,62.4898467833,62.0298589653,60.8573520154,62.988786269,62,62,61,63
1798,潘志芳,2017,中信兄弟,A_WinsorizedBalanced-v0.1,B_QuadraticTanh-v1,82,Provisional,False,2026-08-11,-0.197335684277,0.504610924341,-0.449955804555,1.70629142547,63.5255383363,68.7391419429,61.488725318,78.1963559598,64,69,61,78
1798,潘志芳,2021,中信兄弟,A_WinsorizedBalanced-v0.1,B_QuadraticTanh-v1,183,Regular,False,2026-08-11,-0.0549294085007,-1.19989148854,0.299851833549,-0.347381699705,64.6003014999,54.6625291597,67.197643571,62.3350759674,65,55,67,62
1798,潘志芳,2022,中信兄弟,A_WinsorizedBalanced-v0.1,B_QuadraticTanh-v1,60,Provisional,False,2026-08-11,-0.464104927599,0.0260498100239,-0.31339701326,-0.135778375777,61.3699940519,65.1878629074,62.6097630872,63.9968604354,61,65,63,64
1799,郭峻偉,2016,統一7-ELEVEn獅,A_WinsorizedBalanced-v0.1,B_QuadraticTanh-v1,96,Provisional,False,2026-08-11,-0.237651696018,-0.600542602862,-0.29196397232,0.0672487245517,63.2113975567,60.2015881307,62.7814975717,65.4862069715,63,60,63,65
1799,郭峻偉,2017,統一7-ELEVEn獅,A_WinsorizedBalanced-v0.1,B_QuadraticTanh-v1,114,Provisional,False,2026-08-11,0.428909176162,0.530413703173,-0.705592138622,-0.185631696752,68.1656916205,68.9355012455,59.2746365104,63.6159311493,68,69,59,64
1799,郭峻偉,2019,統一7-ELEVEn獅,A_WinsorizedBalanced-v0.1,B_QuadraticTanh-v1,133,Provisional,False,2026-08-11,0.00431104606063,1.29800027823,-0.633673240912,-0.545351982976,65.03104789,74.9373328727,59.9117033335,60.6792456735,65,75,60,61
1800,吳國豪,2016,統一7-ELEVEn獅,A_WinsorizedBalanced-v0.1,B_QuadraticTanh-v1,75,Provisional,False,2026-08-11,-1.65137603511,-0.467414562087,-0.0532447673866,0.828148061993,50.268267742,61.3421535799,64.6126844788,71.2310023112,50,61,65,71
1802,莊駿凱,2017,統一7-ELEVEn獅,A_WinsorizedBalanced-v0.1,B_QuadraticTanh-v1,81,Provisional,False,2026-08-11,-1.01880279207,-1.10382514598,-0.51956509216,-0.236769842225,56.3916445069,55.5842111913,60.9001126837,63.2183145816,56,56,61,63
1802,莊駿凱,2018,統一7-ELEVEn獅,A_WinsorizedBalanced-v0.1,B_QuadraticTanh-v1,123,Provisional,False,2026-08-11,-0.262237897195,-0.349441685079,-0.990573591984,0.462048215447,63.0177345022,62.3183327001,56.657730748,68.4162313161,63,62,57,68
1802,莊駿凱,2019,統一7-ELEVEn獅,A_WinsorizedBalanced-v0.1,B_QuadraticTanh-v1,84,Provisional,False,2026-08-11,0.0715993856977,-0.619821435855,-0.292288751034,1.17976873612,65.5177996348,60.0331851873,62.7789039857,73.9977961914,66,60,63,74
1803,*蘇緯達,2016,中信兄弟,A_WinsorizedBalanced-v0.1,B_QuadraticTanh-v1,188,Regular,False,2026-08-11,-1.27579741189,0.0652559594473,-0.00686316495204,-0.75068350051,53.9286904191,65.4717418791,64.9505193011,58.8700015423,54,65,65,59
1803,*蘇緯達,2017,中信兄弟,A_WinsorizedBalanced-v0.1,B_QuadraticTanh-v1,123,Provisional,False,2026-08-11,-0.955525296551,-0.485839057838,0.819085438016,-0.191302767319,56.986576012,61.1867002213,71.1603979838,63.5721774921,57,61,71,64
1803,*蘇緯達,2018,中信兄弟,A_WinsorizedBalanced-v0.1,B_QuadraticTanh-v1,153,Regular,False,2026-08-11,-1.55650754089,0.123493768288,0.605498354236,-0.134454223251,51.1929094896,65.8958995561,69.5093852182,64.0068871333,51,66,70,64
1803,*蘇緯達,2019,中信兄弟,A_WinsorizedBalanced-v0.1,B_QuadraticTanh-v1,115,Provisional,False,2026-08-11,-0.801910901874,-0.289467670511,1.47610631417,-0.378904195366,58.405689283,62.8014232881,76.3576398375,62.077713241,58,63,76,62
1803,*蘇緯達,2020,中信兄弟,A_WinsorizedBalanced-v0.1,B_QuadraticTanh-v1,281,Regular,False,2026-08-11,-1.045720157,0.281001545457,1.7670568032,-0.663233415693,56.1369607438,67.0573088181,78.6813454981,59.6511247276,56,67,79,60
1803,*蘇緯達,2021,中信兄弟,A_WinsorizedBalanced-v0.1,B_QuadraticTanh-v1,124,Provisional,False,2026-08-11,-0.327617110015,1.08011093524,1.20294490407,-0.169615790862,62.4951801775,73.2088692097,74.1816918292,63.7390349796,62,73,74,64
1805,曾陶鎔,2016,中信兄弟,A_WinsorizedBalanced-v0.1,B_QuadraticTanh-v1,64,Provisional,False,2026-08-11,-0.808263771517,-1.16246076797,0.477078414017,-0.210816168673,58.3477785407,55.0226956443,68.5301180597,63.4209753517,58,55,69,63
1805,曾陶鎔,2017,中信兄弟,A_WinsorizedBalanced-v0.1,B_QuadraticTanh-v1,286,Regular,False,2026-08-11,-2.0896359038,0.422967889876,1.85530231125,3.12286141883,46.0906921669,68.1208566295,79.3847593803,89.0768093932,46,68,79,89
1805,曾陶鎔,2021,味全龍,A_WinsorizedBalanced-v0.1,B_QuadraticTanh-v1,240,Regular,False,2026-08-11,-2.17538597326,0.239885630797,1.59443109595,-0.3076958884,45.3049097275,66.7521855264,77.3028441405,62.6555580072,45,67,77,63
1805,曾陶鎔,2022,味全龍,A_WinsorizedBalanced-v0.1,B_QuadraticTanh-v1,92,Provisional,False,2026-08-11,-2.51323960084,1.42041270041,0.0545671113619,0.0117795391956,42.3643044537,75.9130567026,65.3942130234,65.0848750225,42,76,65,65
1805,曾陶鎔,2023,味全龍,A_WinsorizedBalanced-v0.1,B_QuadraticTanh-v1,56,Provisional,False,2026-08-11,-1.04447080177,-0.271115767709,1.79368045172,-0.0777056559164,56.1488018637,62.9474191935,78.8936955796,64.4321156823,56,63,79,64
1806,林明杰,2017,中信兄弟,A_WinsorizedBalanced-v0.1,B_QuadraticTanh-v1,72,Provisional,False,2026-08-11,-0.980416314349,-0.906105321204,-0.0432351416739,-0.217681209225,56.7532094918,57.447228908,64.6860984082,63.3675414637,57,57,65,63
1806,林明杰,2019,中信兄弟,A_WinsorizedBalanced-v0.1,B_QuadraticTanh-v1,55,Provisional,False,2026-08-11,-0.189426424061,0.103653992485,0.269474011688,0.415770342554,63.5866633902,65.7510738586,66.9716271198,68.0665754853,64,66,67,68
1806,林明杰,2021,中信兄弟,A_WinsorizedBalanced-v0.1,B_QuadraticTanh-v1,70,Provisional,False,2026-08-11,-0.127834240313,-0.743264145796,0.941168349482,-0.142747334316,64.0569435601,58.9368470009,72.1148304068,63.9440122658,64,59,72,64
1807,蔡友達,2017,富邦悍將,A_WinsorizedBalanced-v0.1,B_QuadraticTanh-v1,94,Provisional,False,2026-08-11,-1.46054958432,-1.05134880553,-0.564939556897,-0.30115867366,52.1297974095,56.0835898588,60.5104847854,62.7079673024,52,56,61,63
1807,蔡友達,2018,富邦悍將,A_WinsorizedBalanced-v0.1,B_QuadraticTanh-v1,76,Provisional,False,2026-08-11,-0.716905987775,-1.65518509932,-0.116845378521,0.311965073213,59.1734774616,50.2312123199,64.1397725718,67.2879689235,59,50,64,67
1839,鄭鎧文,2016,統一7-ELEVEn獅,A_WinsorizedBalanced-v0.1,B_QuadraticTanh-v1,441,Qualified,False,2026-08-11,-2.50949596783,1.41462133412,1.81113236501,-0.245062453449,42.3953290818,75.8668451083,79.0328350151,63.1531893515,42,76,79,63
1839,鄭鎧文,2017,統一7-ELEVEn獅,A_WinsorizedBalanced-v0.1,B_QuadraticTanh-v1,170,Regular,False,2026-08-11,-2.49664482975,1.16486144667,1.24246937892,-0.269316520772,42.5021199947,73.879590957,74.4956316539,62.9616861965,43,74,74,63
1839,鄭鎧文,2018,統一7-ELEVEn獅,A_WinsorizedBalanced-v0.1,B_QuadraticTanh-v1,194,Regular,False,2026-08-11,-2.77535367256,-1.04139944707,1.9928204263,1.26055158961,40.2922834088,56.1779033025,80.4777081213,74.6393846849,40,56,80,75
1839,鄭鎧文,2019,統一7-ELEVEn獅,A_WinsorizedBalanced-v0.1,B_QuadraticTanh-v1,68,Provisional,False,2026-08-11,-1.82946970124,-0.251549871347,0.950899965102,0.894353638555,48.5457439251,63.1021161075,72.1912040599,71.7480130949,49,63,72,72
1839,鄭鎧文,2020,統一7-ELEVEn獅,A_WinsorizedBalanced-v0.1,B_QuadraticTanh-v1,53,Provisional,False,2026-08-11,-2.55979198542,0.136046531686,0.732504163805,0.53666117216,41.9817360671,65.9877052668,70.4880292222,68.9831115102,42,66,70,69
1839,鄭鎧文,2022,統一7-ELEVEn獅,A_WinsorizedBalanced-v0.1,B_QuadraticTanh-v1,91,Provisional,False,2026-08-11,-2.28543958999,-0.300980507389,2.59234860349,0.211912228951,44.3178356841,62.7093941513,85.1522022479,66.5453681703,44,63,85,67
1839,鄭鎧文,2024,味全龍,A_WinsorizedBalanced-v0.1,B_QuadraticTanh-v1,71,Provisional,False,2026-08-11,-1.59315901185,1.2554363146,1.24798874856,-0.159145978474,50.8353531999,74.5987106771,74.5395023427,63.8191389048,51,75,75,64
1840,于森旭,2016,義大,A_WinsorizedBalanced-v0.1,B_QuadraticTanh-v1,174,Regular,False,2026-08-11,-0.447848991032,-0.862600115389,-0.711182819999,2.42424108218,61.5063640634,57.8496154413,59.2246804549,83.8612902335,62,58,59,84
1840,于森旭,2017,富邦悍將,A_WinsorizedBalanced-v0.1,B_QuadraticTanh-v1,168,Regular,False,2026-08-11,-1.11807611943,-0.781521218787,-0.517368014047,0.610335843241,55.4480630786,58.5910688994,60.9188615208,69.5464824164,55,59,61,70
1840,于森旭,2018,富邦悍將,A_WinsorizedBalanced-v0.1,B_QuadraticTanh-v1,214,Regular,False,2026-08-11,0.0692353683909,-0.125691011413,-0.808388185838,0.626529365608,65.500631088,64.073123961,58.3466437078,69.6707713981,66,64,58,70
1840,于森旭,2019,富邦悍將,A_WinsorizedBalanced-v0.1,B_QuadraticTanh-v1,81,Provisional,False,2026-08-11,-1.025979334,0.17376227404,-0.529922508481,-0.19394955128,56.3238321787,66.2643425167,60.8115802038,63.5517276773,56,66,61,64
1840,于森旭,2020,富邦悍將,A_WinsorizedBalanced-v0.1,B_QuadraticTanh-v1,56,Provisional,False,2026-08-11,-0.734848647806,-0.311493212171,-0.448981422636,0.597947006585,59.0125414227,62.6250647493,61.4968843818,69.4515056098,59,63,61,69
1840,于森旭,2021,富邦悍將,A_WinsorizedBalanced-v0.1,B_QuadraticTanh-v1,103,Provisional,False,2026-08-11,0.0410715345046,-0.460540026337,0.0373395805561,0.41809124855,65.2964698509,61.3999530623,65.2694691689,68.0840747869,65,61,65,68
1840,于森旭,2022,富邦悍將,A_WinsorizedBalanced-v0.1,B_QuadraticTanh-v1,127,Provisional,False,2026-08-11,-1.00977128212,0.127446478498,-0.362429683698,3.26040464008,56.4768897515,65.9247935912,62.2125249544,90.0492876355,56,66,62,90
1841,吳東融,2017,中信兄弟,A_WinsorizedBalanced-v0.1,B_QuadraticTanh-v1,237,Regular,False,2026-08-11,0.299003957632,-1.09326337617,-0.447237978331,1.60389453888,67.1913254358,55.6849720718,61.5114776415,77.3784525355,67,56,62,77
1841,吳東融,2018,中信兄弟,A_WinsorizedBalanced-v0.1,B_QuadraticTanh-v1,110,Provisional,False,2026-08-11,-0.456543825196,-0.119621169008,0.180456728323,0.500623033187,61.4335011409,64.1188808832,66.3135692478,68.7088341763,61,64,66,69
1841,吳東融,2019,中信兄弟,A_WinsorizedBalanced-v0.1,B_QuadraticTanh-v1,324,Regular,False,2026-08-11,0.716743892525,-0.257289449333,-0.716930897631,1.19697934811,70.3660770368,63.0568391584,59.1732544636,74.1343430072,70,63,59,74
1841,吳東融,2020,中信兄弟,A_WinsorizedBalanced-v0.1,B_QuadraticTanh-v1,281,Regular,False,2026-08-11,-0.211308958176,-1.37604560345,-0.685900104685,1.47461141555,63.4171438743,52.9541394014,59.4501066924,76.3457028378,63,53,59,76
1841,吳東融,2021,味全龍,A_WinsorizedBalanced-v0.1,B_QuadraticTanh-v1,198,Regular,False,2026-08-11,-0.933596336216,-0.750116601813,-0.483179514912,1.13541182075,57.1914314907,58.8751127271,61.2091883937,73.646266813,57,59,61,74
1841,吳東融,2022,味全龍,A_WinsorizedBalanced-v0.1,B_QuadraticTanh-v1,203,Regular,False,2026-08-11,-0.238839077402,1.16707263837,-1.00135248902,0.554206328205,63.2020808459,73.8971202483,56.5562550161,69.1169562641,63,74,57,69
1841,吳東融,2024,味全龍,A_WinsorizedBalanced-v0.1,B_QuadraticTanh-v1,65,Provisional,False,2026-08-11,0.313791954549,2.39124366369,-0.453152333513,-0.279027248995,67.301601358,83.6057724944,61.4619431674,62.8845866762,67,84,61,63
1842,*楊聖均,2017,Lamigo,A_WinsorizedBalanced-v0.1,B_QuadraticTanh-v1,92,Provisional,False,2026-08-11,1.45469525982,0.251187054783,-0.561168260486,-0.641370687084,76.1866871495,66.835919871,60.5430431006,59.844022599,76,67,61,60
1843,馮健庭,2023,樂天桃猿,A_WinsorizedBalanced-v0.1,B_QuadraticTanh-v1,87,Provisional,False,2026-08-11,0.361821256974,-1.68713408878,0.51952835703,-0.249590024664,67.6609167802,49.9206925082,68.8526091339,63.117556859,68,50,69,63
1843,馮健庭,2024,樂天桃猿,A_WinsorizedBalanced-v0.1,B_QuadraticTanh-v1,151,Regular,False,2026-08-11,0.0554491040102,-0.3791702211,-0.602367325257,0.221118928898,65.4006065368,62.0755308537,60.18568287,66.6133665875,65,62,60,67
1843,馮健庭,2025,樂天桃猿,A_WinsorizedBalanced-v0.1,B_QuadraticTanh-v1,58,Provisional,False,2026-08-11,-0.330558876297,-0.972878665403,-0.375352839367,0.000265590471109,62.4714123105,56.8239712921,62.1068307278,65.0019122831,62,57,62,65
1879,陳品捷,2017,富邦悍將,A_WinsorizedBalanced-v0.1,B_QuadraticTanh-v1,265,Regular,False,2026-08-11,1.61149598636,0.744213472261,0.719517957303,-0.310252852398,77.4391837018,70.5787249297,70.387532484,62.6350291065,77,71,70,63
1879,陳品捷,2018,富邦悍將,A_WinsorizedBalanced-v0.1,B_QuadraticTanh-v1,485,Qualified,False,2026-08-11,0.308580040966,1.43066867974,-0.0269019871451,0.694850283595,67.2627161652,75.994902817,64.8052944974,70.1968990228,67,76,65,70
1879,陳品捷,2019,富邦悍將,A_WinsorizedBalanced-v0.1,B_QuadraticTanh-v1,223,Regular,False,2026-08-11,-0.654575610606,2.89174759203,0.20566705908,0.452940620786,59.727631073,87.3984462687,66.4992822198,68.3472981582,60,87,66,68
1879,陳品捷,2021,味全龍,A_WinsorizedBalanced-v0.1,B_QuadraticTanh-v1,312,Regular,False,2026-08-11,1.12213730745,0.428247328168,-0.312946300996,-1.26611562301,73.541182346,68.1606958341,62.613386484,54.0225191159,74,68,63,54
1879,陳品捷,2022,味全龍,A_WinsorizedBalanced-v0.1,B_QuadraticTanh-v1,147,Provisional,False,2026-08-11,1.50800532854,2.51506820567,0.167087360264,0.171850471927,76.6123965899,84.5611113818,66.215296587,66.2502911851,77,85,66,66
1879,陳品捷,2023,味全龍,A_WinsorizedBalanced-v0.1,B_QuadraticTanh-v1,229,Regular,False,2026-08-11,-0.667429186652,0.000145043772328,-0.525351039715,0.285395891494,59.6139930537,65.0010443246,60.850685797,67.0899985704,60,65,61,67
1879,陳品捷,2024,味全龍,A_WinsorizedBalanced-v0.1,B_QuadraticTanh-v1,150,Regular,False,2026-08-11,-0.583896789571,1.51444659956,-0.808187780755,-0.605755755579,60.3463516122,76.6638465244,58.3484716694,60.156128615,60,77,58,60
1880,陳子鴻,2017,中信兄弟,A_WinsorizedBalanced-v0.1,B_QuadraticTanh-v1,52,Provisional,False,2026-08-11,-1.31942954123,0.00725066145603,0.219002130132,0.520169667673,53.5051414336,65.0522283965,66.5977263301,68.8574905275,54,65,67,69
1881,*廖健富,2018,Lamigo,A_WinsorizedBalanced-v0.1,B_QuadraticTanh-v1,345,Regular,False,2026-08-11,2.25383199658,1.74853572835,1.40176253986,-1.67727974931,82.5351427274,78.5335659971,75.7642545352,50.0164116392,83,79,76,50
1881,*廖健富,2019,Lamigo,A_WinsorizedBalanced-v0.1,B_QuadraticTanh-v1,336,Regular,False,2026-08-11,1.14788553541,2.2874318362,-0.328532675733,-0.911576492956,73.7450618933,82.7978547976,62.4877852397,57.3964131459,74,83,62,57
1881,*廖健富,2020,樂天桃猿,A_WinsorizedBalanced-v0.1,B_QuadraticTanh-v1,350,Regular,False,2026-08-11,2.05639208265,0.352939396962,0.896712626127,-1.00715394562,80.9811746408,67.5943384006,71.7664732539,56.5015738585,81,68,72,57
1881,*廖健富,2021,樂天桃猿,A_WinsorizedBalanced-v0.1,B_QuadraticTanh-v1,280,Regular,False,2026-08-11,1.72346173617,1.52121179047,1.85016804793,-0.926965215586,78.3334376063,76.7178860844,79.3438704792,57.2532375806,78,77,79,57
1881,*廖健富,2022,樂天桃猿,A_WinsorizedBalanced-v0.1,B_QuadraticTanh-v1,153,Regular,False,2026-08-11,0.884600362548,1.51019637211,0.375568494832,-0.882851522155,71.6717166341,76.6298973945,67.7640823196,57.6626844984,72,77,68,58
1881,*廖健富,2023,樂天桃猿,A_WinsorizedBalanced-v0.1,B_QuadraticTanh-v1,443,Qualified,False,2026-08-11,1.34922129146,0.835874122813,3.47630620863,-1.39152890296,75.3453083611,71.2912264094,91.5320981467,52.8032346399,75,71,92,53
1881,*廖健富,2024,樂天桃猿,A_WinsorizedBalanced-v0.1,B_QuadraticTanh-v1,289,Regular,False,2026-08-11,1.26142740004,0.40583409931,1.04651558155,-1.03646727386,74.6463492741,67.9917017163,72.9436602458,56.2246116705,75,68,73,56
1881,*廖健富,2025,樂天桃猿,A_WinsorizedBalanced-v0.1,B_QuadraticTanh-v1,87,Provisional,False,2026-08-11,-0.0474919365095,0.713996691145,-0.101794590735,-0.295591700821,64.6549115625,70.3448336492,64.2526855508,62.7525123032,65,70,64,63
1882,吳桀睿,2018,統一7-ELEVEn獅,A_WinsorizedBalanced-v0.1,B_QuadraticTanh-v1,400,Qualified,False,2026-08-11,1.72598113656,0.375142952899,0.300373159148,1.58163051325,78.3535492354,67.7608867493,67.2015286215,77.2005729115,78,68,67,77
1882,吳桀睿,2019,統一7-ELEVEn獅,A_WinsorizedBalanced-v0.1,B_QuadraticTanh-v1,88,Provisional,False,2026-08-11,0.670445223264,-0.702094870479,-0.288342977189,1.01584875331,70.0086410594,59.3058555631,62.8103954854,72.7019317531,70,59,63,73
1882,吳桀睿,2020,統一7-ELEVEn獅,A_WinsorizedBalanced-v0.1,B_QuadraticTanh-v1,247,Regular,False,2026-08-11,1.33305798546,-0.119825808925,-0.620386849742,0.995732822428,75.2165158334,64.1173398542,60.0282343376,72.5435665206,75,64,60,73
1882,吳桀睿,2021,統一7-ELEVEn獅,A_WinsorizedBalanced-v0.1,B_QuadraticTanh-v1,214,Regular,False,2026-08-11,0.31861698143,0.644248455677,-0.310911666378,-0.067760203562,67.3376187191,69.8069542229,62.6297370491,64.5057313723,67,70,63,65
1900,黃敬瑋,2018,Lamigo,A_WinsorizedBalanced-v0.1,B_QuadraticTanh-v1,77,Provisional,False,2026-08-11,-0.858384106978,1.5943139226,1.14658134539,0.260079147094,57.8884469189,77.3019079769,73.7347301411,66.9018747681,58,77,74,67
1900,黃敬瑋,2019,Lamigo,A_WinsorizedBalanced-v0.1,B_QuadraticTanh-v1,126,Provisional,False,2026-08-11,-0.144393776122,-0.194175364492,-0.210597606217,-0.34363596175,63.9315075481,63.5499821185,63.4226744871,62.3654936566,64,64,63,62
1901,江亮緯,2019,統一7-ELEVEn獅,A_WinsorizedBalanced-v0.1,B_QuadraticTanh-v1,136,Provisional,False,2026-08-11,-1.82036157512,0.95483571316,0.0880783013886,0.282724921723,48.6332143579,72.2221033235,65.637612099,67.0701272916,49,72,66,67
1901,江亮緯,2022,統一7-ELEVEn獅,A_WinsorizedBalanced-v0.1,B_QuadraticTanh-v1,53,Provisional,False,2026-08-11,-0.404293472305,0.928039384747,0.320418708115,-0.173245826696,61.868647705,72.0118595908,67.3510726525,63.7111932727,62,72,67,64
1903,張偉聖,2020,統一7-ELEVEn獅,A_WinsorizedBalanced-v0.1,B_QuadraticTanh-v1,75,Provisional,False,2026-08-11,-0.663864301184,1.55228480388,-0.131283188185,0.699831228537,59.6455438114,76.9661178215,64.0308794449,70.2353640412,60,77,64,70
1903,張偉聖,2021,統一7-ELEVEn獅,A_WinsorizedBalanced-v0.1,B_QuadraticTanh-v1,171,Regular,False,2026-08-11,0.546438849847,0.775361340329,-1.25357507524,1.73611051113,69.0576763964,70.8203488384,54.1439606124,78.4344024638,69,71,54,78
1922,里迪,2019,中信兄弟,A_WinsorizedBalanced-v0.1,B_QuadraticTanh-v1,124,Provisional,False,2026-08-11,-1.2603331259,-1.02625553925,1.66552300521,-0.295501227598,54.0785294796,56.3212209476,77.8707800364,62.7532355859,54,56,78,63
1923,林安可,2019,統一7-ELEVEn獅,A_WinsorizedBalanced-v0.1,B_QuadraticTanh-v1,121,Provisional,False,2026-08-11,-0.805021869985,1.09430775032,0.0169077804566,-0.455524426949,58.3773396003,73.3210609226,65.1218643642,61.4420529601,58,73,65,61
1923,林安可,2020,統一7-ELEVEn獅,A_WinsorizedBalanced-v0.1,B_QuadraticTanh-v1,503,Qualified,False,2026-08-11,-0.502406873157,1.52038733422,2.60076248884,0.718774187427,61.0462406953,76.7113003046,85.2163008661,70.3817795188,61,77,85,70
1923,林安可,2021,統一7-ELEVEn獅,A_WinsorizedBalanced-v0.1,B_QuadraticTanh-v1,454,Qualified,False,2026-08-11,0.980677308151,1.41011078045,2.28453514281,1.6979787139,72.4251457071,75.8308564482,82.7752283636,78.1299808446,72,76,83,78
1923,林安可,2022,統一7-ELEVEn獅,A_WinsorizedBalanced-v0.1,B_QuadraticTanh-v1,138,Provisional,False,2026-08-11,0.578299851933,0.197600207991,1.77710577721,0.404453610405,69.3010830312,66.4398005088,78.761507699,67.9813048255,69,66,79,68
1923,林安可,2023,統一7-ELEVEn獅,A_WinsorizedBalanced-v0.1,B_QuadraticTanh-v1,292,Regular,False,2026-08-11,-0.595435252222,0.297945761443,3.49074937823,-0.404083526404,60.2460686102,67.1834408365,91.6292886167,61.8703829235,60,67,92,62
1923,林安可,2024,統一7-ELEVEn獅,A_WinsorizedBalanced-v0.1,B_QuadraticTanh-v1,477,Qualified,False,2026-08-11,-0.776844274816,2.02289091932,3.43788018737,-0.294704048078,58.6334851282,80.7160174764,91.2722706683,62.7596076862,59,81,91,63
1923,林安可,2025,統一7-ELEVEn獅,A_WinsorizedBalanced-v0.1,B_QuadraticTanh-v1,375,Qualified,False,2026-08-11,0.997046388934,1.28822415873,4.52929272777,-0.363874898431,72.5539028552,74.8595235737,97.8731951912,62.2007255172,73,75,98,62
1924,楊晉豪,2019,富邦悍將,A_WinsorizedBalanced-v0.1,B_QuadraticTanh-v1,95,Provisional,False,2026-08-11,-0.39312604359,0.141014913353,-0.283928537451,0.246886046603,61.9607986399,66.0240788753,62.8455801851,66.8040408466,62,66,63,67
1924,楊晉豪,2020,富邦悍將,A_WinsorizedBalanced-v0.1,B_QuadraticTanh-v1,57,Provisional,False,2026-08-11,-1.69817971809,-0.698855538075,-0.222831519393,0.0517377788564,49.8134678796,59.3347506575,63.3273726954,65.3737079753,50,59,63,65
1924,楊晉豪,2022,富邦悍將 / 樂天桃猿,A_WinsorizedBalanced-v0.1,B_QuadraticTanh-v1,70,Provisional,False,2026-08-11,0.0193322427076,1.76655128056,-0.576120540934,-0.339738668677,65.139359883,78.6773125117,60.4137738319,62.3971048435,65,79,60,62
1924,楊晉豪,2023,樂天桃猿,A_WinsorizedBalanced-v0.1,B_QuadraticTanh-v1,119,Provisional,False,2026-08-11,-0.369444303095,0.30833385754,0.0881332458833,0.787818904956,62.1552058638,67.2608799518,65.6380119759,70.917131692,62,67,66,71
1925,柏納帝那,2019,Lamigo,A_WinsorizedBalanced-v0.1,B_QuadraticTanh-v1,107,Provisional,False,2026-08-11,0.121053186048,2.0651782305,0.0700298936018,2.11789033369,65.8780657189,81.0506531418,65.5064007395,81.46690184,66,81,66,81
1926,林焌翰,2021,統一7-ELEVEn獅,A_WinsorizedBalanced-v0.1,B_QuadraticTanh-v1,109,Provisional,False,2026-08-11,-1.77932549271,2.67165353577,1.35004728972,0.981451959962,49.0282715924,85.7542645306,75.3518912824,72.4312365699,49,86,75,72
1927,邱丹,2021,樂天桃猿,A_WinsorizedBalanced-v0.1,B_QuadraticTanh-v1,314,Regular,False,2026-08-11,0.492915420794,-0.491516084074,-0.177873553677,-1.04063735671,68.6502874402,61.138642487,63.6756484071,56.185122385,69,61,64,56
1927,邱丹,2022,樂天桃猿,A_WinsorizedBalanced-v0.1,B_QuadraticTanh-v1,142,Provisional,False,2026-08-11,0.736161992785,-0.115031383799,-0.729918979438,-0.341402091938,70.5163531734,64.153414091,59.0568194593,62.3836173616,71,64,59,62
1927,邱丹,2023,樂天桃猿,A_WinsorizedBalanced-v0.1,B_QuadraticTanh-v1,91,Provisional,False,2026-08-11,1.51844771412,-1.20259668828,0.0262803921088,-0.361132056431,76.6958066921,54.6364519877,65.1895284991,62.2231150076,77,55,65,62
1929,施冠宇,2022,統一7-ELEVEn獅,A_WinsorizedBalanced-v0.1,B_QuadraticTanh-v1,140,Provisional,False,2026-08-11,-1.33705522194,-0.0844522311648,0.208369275807,0.566425492739,53.3337553163,64.3820231149,66.5192191956,69.2102902275,53,64,67,69
1929,施冠宇,2023,統一7-ELEVEn獅,A_WinsorizedBalanced-v0.1,B_QuadraticTanh-v1,62,Provisional,False,2026-08-11,-0.097324166192,0.516328587909,0.100712215719,0.851408518728,64.2861042402,68.8282579318,65.7296283328,71.4124054699,64,69,66,71
1931,楊瑞承,2020,樂天桃猿,A_WinsorizedBalanced-v0.1,B_QuadraticTanh-v1,63,Provisional,False,2026-08-11,-0.216950933522,0.922532644462,0.656437517044,-0.155464808787,63.3732314486,71.9686926751,69.9007457295,63.8472334562,63,72,70,64
1931,楊瑞承,2021,富邦悍將,A_WinsorizedBalanced-v0.1,B_QuadraticTanh-v1,196,Regular,False,2026-08-11,-0.30824660105,1.98937869618,0.0700682945217,-0.353667883953,62.6511379453,80.4504148463,65.5066796117,62.283949662,63,80,66,62
1953,王詩聰,2022,富邦悍將,A_WinsorizedBalanced-v0.1,B_QuadraticTanh-v1,78,Provisional,False,2026-08-11,-0.74941123709,-0.0465639933294,0.660930324954,0.599473543287,58.8814714862,64.661714295,69.9353391627,69.4632033242,59,65,70,69
1971,赫雷拉,2021,味全龍,A_WinsorizedBalanced-v0.1,B_QuadraticTanh-v1,337,Regular,False,2026-08-11,0.376430829015,1.12903962305,0.579555935619,-1.30546258495,67.7705583556,73.5958159252,69.3106925011,53.6408394223,68,74,69,54
1972,洪瑋漢,2021,味全龍,A_WinsorizedBalanced-v0.1,B_QuadraticTanh-v1,57,Provisional,False,2026-08-11,-1.23003951411,-1.20923390647,-0.69084519583,0.447505178009,54.3715782852,54.5724458957,59.4061145706,68.3061864506,54,55,59,68
1972,洪瑋漢,2024,台鋼雄鷹,A_WinsorizedBalanced-v0.1,B_QuadraticTanh-v1,63,Provisional,False,2026-08-11,-1.37004595154,1.879130809,-0.602096241577,0.377455989417,53.0125917708,79.5744587789,60.1880462315,67.7782579163,53,80,60,68
1973,曾傳昇,2021,味全龍,A_WinsorizedBalanced-v0.1,B_QuadraticTanh-v1,81,Provisional,False,2026-08-11,-1.11069814554,-0.637568020105,-0.384084078648,1.20226740962,55.5185764106,59.8774734104,62.0351879466,74.1763140528,56,60,62,74
1973,曾傳昇,2022,味全龍,A_WinsorizedBalanced-v0.1,B_QuadraticTanh-v1,81,Provisional,False,2026-08-11,-0.901400435441,1.12165036914,-0.709095011219,3.13125298711,57.4908902638,73.537328678,59.2433434088,89.1367287157,57,74,59,89
1973,曾傳昇,2023,味全龍,A_WinsorizedBalanced-v0.1,B_QuadraticTanh-v1,143,Provisional,False,2026-08-11,0.255381934318,-0.93276278303,-0.754155535408,2.10702966687,66.8670265035,57.199204338,58.8386843839,81.3812237914,67,57,59,81
1974,林驛騰,2021,味全龍,A_WinsorizedBalanced-v0.1,B_QuadraticTanh-v1,78,Provisional,False,2026-08-11,-0.838080172801,0.123726078552,0.927769138313,-0.22413061897,58.0750405032,65.8975973598,72.0097408362,63.3172296301,58,66,72,63
1978,蔡鎮宇,2022,樂天桃猿,A_WinsorizedBalanced-v0.1,B_QuadraticTanh-v1,51,Provisional,False,2026-08-11,0.657835806142,0.621813980692,-0.138792952767,0.653701483414,69.9115108922,69.6345629916,63.9740158908,69.8796849145,70,70,64,70
1978,蔡鎮宇,2024,樂天桃猿,A_WinsorizedBalanced-v0.1,B_QuadraticTanh-v1,63,Provisional,False,2026-08-11,0.510791970238,0.225863500446,-0.664076145936,3.26858307387,68.7861388972,66.64843571,59.6436696165,90.1064507318,69,67,60,90
1979,邱辰,2022,味全龍,A_WinsorizedBalanced-v0.1,B_QuadraticTanh-v1,71,Provisional,False,2026-08-11,-1.30740847098,-0.544602522085,-0.479937551636,-0.152895353779,53.6219401426,60.6856859046,61.236579117,63.8668218643,54,61,61,64
2014,福來喜,2022,中信兄弟,A_WinsorizedBalanced-v0.1,B_QuadraticTanh-v1,274,Regular,False,2026-08-11,0.755639678402,-1.55023066159,0.566061324843,-0.834554532246,70.6673005632,51.2541722067,69.2075071928,58.1073702788,71,51,69,58
2014,福來喜,2023,中信兄弟,A_WinsorizedBalanced-v0.1,B_QuadraticTanh-v1,167,Regular,False,2026-08-11,-0.430940025669,-0.0570725885931,1.93475557763,-0.177035643471,61.6475481103,64.584536685,80.01680139,63.6820885065,62,65,80,64
2015,羅薩,2022,統一7-ELEVEn獅,A_WinsorizedBalanced-v0.1,B_QuadraticTanh-v1,152,Regular,False,2026-08-11,-0.623797543191,0.181140700337,1.62583251346,0.0512886452216,59.9983555039,66.318600834,77.5537211971,65.3704536129,60,66,78,65
2016,谷德溫,2022,味全龍,A_WinsorizedBalanced-v0.1,B_QuadraticTanh-v1,102,Provisional,False,2026-08-11,-0.53480653271,-1.04181906917,-0.272229464212,0.00275405990425,60.7697489383,56.1739280242,62.9385840315,65.0198326432,61,56,63,65
2017,霸帝士,2022,富邦悍將,A_WinsorizedBalanced-v0.1,B_QuadraticTanh-v1,60,Provisional,False,2026-08-11,-1.94625744987,0.757244894613,0.559858612969,-0.120591410947,47.4322697378,70.6797498606,69.160118188,64.1115735239,47,71,69,64
2025,*張肇元,2024,台鋼雄鷹,A_WinsorizedBalanced-v0.1,B_QuadraticTanh-v1,334,Regular,False,2026-08-11,-0.162091440638,1.03487857498,-0.0230767250656,-1.11255777523,63.7966330479,72.8518908522,64.8331032952,55.5008088659,64,73,65,56
2025,*張肇元,2025,台鋼雄鷹,A_WinsorizedBalanced-v0.1,B_QuadraticTanh-v1,384,Qualified,False,2026-08-11,0.083059821666,0.469241026955,1.10921620817,-1.16921105068,65.6010994811,68.4707130169,73.4389496483,54.957835953,66,68,73,55
2051,黃勇傳,2023,統一7-ELEVEn獅,A_WinsorizedBalanced-v0.1,B_QuadraticTanh-v1,121,Provisional,False,2026-08-11,-0.0332591859683,0.499656870459,-0.782021583772,0.332423404953,64.7589890277,68.7014930179,58.5865286256,67.4407781472,65,69,59,67
2079,葉保弟,2024,台鋼雄鷹,A_WinsorizedBalanced-v0.1,B_QuadraticTanh-v1,112,Provisional,False,2026-08-11,-1.9630419146,-0.475263887292,-0.752308982648,1.51717430899,47.2736356403,61.276023001,58.8553427813,76.6856348791,47,61,59,77
2109,陳愷佑,2025,富邦悍將,A_WinsorizedBalanced-v0.1,B_QuadraticTanh-v1,52,Provisional,False,2026-08-11,-0.757152561593,-0.479042857261,-0.303026875001,0.108261312984,58.8116336108,61.2441339184,62.6930008999,65.7846761404,59,61,63,66
