PlayerID,PlayerName,SeasonYear,Team,Role,ModelVersion,MappingVersion,G,GS,IP,BF,Confidence,IncompleteSeason,AsOfDate,ControlScore,HRSuppressionScore,StaminaScore,StuffScore,ControlRatingRaw,HRSuppressionRatingRaw,StaminaRatingRaw,StuffRatingRaw,ControlRatingDisplay,HRSuppressionRatingDisplay,StaminaRatingDisplay,StuffRatingDisplay
146,杜家明,2015,中信兄弟,Swingman,B_Role-v0.1,B_QuadraticTanh-v1,17,1,28,137,Provisional,False,2026-08-11,-0.568998924146,0.611129756298,-1.1218398932,-0.663815473122,60.4754045688,69.5525720849,55.4120695513,59.6459757813,60,70,55,60
146,杜家明,2016,中信兄弟,Swingman,B_Role-v0.1,B_QuadraticTanh-v1,15,3,35,162,Provisional,False,2026-08-11,0.208778044799,-0.469074104089,-0.719460440185,-1.01121032295,66.5222356161,61.3281839405,59.1506032396,56.463314305,67,61,59,56
164,陳琥,2018,中信兄弟,Swingman,B_Role-v0.1,B_QuadraticTanh-v1,27,15,94.6666666667,441,Regular,False,2026-08-11,-1.2694098257,0.618544758644,1.09923236626,0.892191716395,53.9906009601,69.609467412,73.359994163,71.7310973221,54,70,73,72
164,陳琥,2024,中信兄弟,RP,B_Role-v0.1,B_QuadraticTanh-v1,40,0,40.3333333333,174,Regular,False,2026-08-11,0.0970588770752,0.254846630918,0.548796855393,0.65692940604,65.7030059067,66.8630562434,69.0756680489,69.9045325562,66,67,69,70
164,陳琥,2025,中信兄弟,RP,B_Role-v0.1,B_QuadraticTanh-v1,29,0,45.6666666667,202,Regular,False,2026-08-11,-1.51074148428,0.22178935697,3.57821797518,-1.05900012001,51.6397036071,66.6183208957,92.2122920835,56.0109782657,52,67,92,56
164,陳琥,2026,中信兄弟,RP,B_Role-v0.1,B_QuadraticTanh-v1,32,0,36.6666666667,148,Regular,True,2026-08-11,-0.619918862676,-1.39091302993,2.81759109494,0.466887239112,60.0323321514,52.8092385893,86.8491233541,68.4528803561,60,53,87,68
166,江忠城,2015,中信兄弟,RP,B_Role-v0.1,B_QuadraticTanh-v1,29,0,26.6666666667,138,Provisional,False,2026-08-11,-0.0252435444678,-2.02793860815,-1.25896764302,0.84610348844,64.8173560066,46.6640779215,54.0917525328,71.3710092029,65,47,54,71
166,江忠城,2016,中信兄弟,Swingman,B_Role-v0.1,B_QuadraticTanh-v1,18,4,30,149,Provisional,False,2026-08-11,-0.711503418088,-0.977097303402,-1.13365660302,1.34863075242,59.2218138709,56.7843774085,55.298969358,75.3406020385,59,57,55,75
166,江忠城,2017,中信兄弟,Swingman,B_Role-v0.1,B_QuadraticTanh-v1,43,2,50,234,Regular,False,2026-08-11,-0.404586335336,-0.033846028097,-1.07297657233,0.829324482654,61.8662269917,64.7547088387,55.8781601944,71.240170501,62,65,56,71
166,江忠城,2018,中信兄弟,Swingman,B_Role-v0.1,B_QuadraticTanh-v1,22,1,22,112,Provisional,False,2026-08-11,0.171977128796,-0.516807518113,-1.343274508,0.527125601943,66.2512219916,60.9236427771,53.2732461051,68.9104539482,66,61,53,69
166,江忠城,2019,中信兄弟,RP,B_Role-v0.1,B_QuadraticTanh-v1,34,0,31,150,Regular,False,2026-08-11,-0.946960067432,-0.992171139315,-0.675296643621,-0.205567171742,57.066674456,56.6427008894,59.5442716305,63.4617469411,57,57,60,63
166,江忠城,2026,中信兄弟,RP,B_Role-v0.1,B_QuadraticTanh-v1,31,0,26.3333333333,112,Provisional,True,2026-08-11,-0.489074434456,1.42131777514,-1.20779087018,-1.16506494331,61.1593209162,75.9202790112,54.5863649072,54.9976785925,61,76,55,55
169,陳冠偉,2021,味全龍,RP,B_Role-v0.1,B_QuadraticTanh-v1,27,0,25,95,Provisional,False,2026-08-11,0.733618261964,-2.15062574814,-1.21480192131,1.60710678398,70.4966553173,45.5303901694,54.5187230206,77.4041166203,70,46,55,77
169,陳冠偉,2022,味全龍,RP,B_Role-v0.1,B_QuadraticTanh-v1,49,0,46,180,Regular,False,2026-08-11,0.326278765017,0.464986130063,0.405421265198,2.42098351619,67.3948483494,68.438480082,67.988592389,83.8360941708,67,68,68,84
169,陳冠偉,2023,味全龍,RP,B_Role-v0.1,B_QuadraticTanh-v1,58,0,55,225,Qualified,False,2026-08-11,1.06114940683,-0.861442637868,1.25734768661,1.37615662762,73.0591331712,57.8602792948,74.6139082107,75.5600302711,73,58,75,76
169,陳冠偉,2024,味全龍,RP,B_Role-v0.1,B_QuadraticTanh-v1,58,0,56,220,Qualified,False,2026-08-11,2.06609000612,0.661028373681,1.39452180367,2.87541252245,81.0578616806,69.9360942465,75.7064956172,87.2778688739,81,70,76,87
169,陳冠偉,2025,味全龍,RP,B_Role-v0.1,B_QuadraticTanh-v1,49,0,45.6666666667,183,Regular,False,2026-08-11,-1.28550830572,0.666215846053,0.604772086106,-0.035781769,53.8345201344,69.9760516907,69.5038169582,64.7405835448,54,70,70,65
169,陳冠偉,2026,味全龍,RP,B_Role-v0.1,B_QuadraticTanh-v1,40,0,37.3333333333,141,Regular,True,2026-08-11,1.71596783692,0.628183276375,1.18583868921,0.231800713918,78.2736123544,69.6834746596,74.0459450798,66.6923458198,78,70,74,67
170,林凱威,2022,味全龍,RP,B_Role-v0.1,B_QuadraticTanh-v1,33,0,33.3333333333,139,Regular,False,2026-08-11,1.19834389976,-0.624436411624,-0.403469964852,-0.36164523612,74.145172657,59.9927560776,61.8754534425,62.2189274006,74,60,62,62
170,林凱威,2023,味全龍,RP,B_Role-v0.1,B_QuadraticTanh-v1,51,0,52.6666666667,214,Qualified,False,2026-08-11,1.26134292166,0.0540496805553,1.2813845887,0.784382437454,74.6456774804,65.3904625159,74.8050984589,70.8904255785,75,65,75,71
170,林凱威,2024,味全龍,RP,B_Role-v0.1,B_QuadraticTanh-v1,47,0,45,190,Regular,False,2026-08-11,1.37042717831,-1.0402149192,0.62640439795,-0.571425992093,75.514347015,56.1891237139,69.6698116222,60.4544130892,76,56,70,60
170,林凱威,2025,味全龍,RP,B_Role-v0.1,B_QuadraticTanh-v1,35,0,33,147,Regular,False,2026-08-11,-0.531509053458,0.311997820576,-0.290807588229,0.258247737546,60.797997458,67.2882132661,62.7907299204,66.8882855917,61,67,63,67
170,林凱威,2026,味全龍,RP,B_Role-v0.1,B_QuadraticTanh-v1,38,0,37,154,Regular,True,2026-08-11,0.738501009602,-0.272805608588,1.42647840052,-0.445220302936,70.5344689562,62.9340121158,75.9614615505,61.528357324,71,63,76,62
171,李建勳,2021,富邦悍將,RP,B_Role-v0.1,B_QuadraticTanh-v1,27,0,28.3333333333,111,Provisional,False,2026-08-11,-0.794837583041,0.362302539742,-0.494633522933,-0.220479546423,58.470083143,67.664526163,61.1122207764,63.3457250694,58,68,61,63
171,李建勳,2022,富邦悍將,RP,B_Role-v0.1,B_QuadraticTanh-v1,33,0,26.3333333333,123,Provisional,False,2026-08-11,0.244115859449,0.041779421643,-2.18889064181,0.0330446690749,66.7835160891,65.3015928041,45.1824347044,65.2384107642,67,65,45,65
171,李建勳,2026,富邦悍將,RP,B_Role-v0.1,B_QuadraticTanh-v1,37,0,32.6666666667,150,Regular,True,2026-08-11,-0.889404848673,-0.320660047246,0.0933728731905,0.419344354492,57.6020520327,62.5513027092,65.6761571163,68.0935246444,58,63,66,68
172,陳冠宇,2021,樂天桃猿,Swingman,B_Role-v0.1,B_QuadraticTanh-v1,21,6,48.3333333333,231,Regular,False,2026-08-11,-1.36084914524,-1.80209049932,-0.815854505871,0.371744534914,53.1021669319,48.8089219199,58.2784906463,67.7353714496,53,49,58,68
172,陳冠宇,2022,樂天桃猿,Swingman,B_Role-v0.1,B_QuadraticTanh-v1,23,6,55.6666666667,238,Regular,False,2026-08-11,0.338539913636,1.32730853146,-0.0712285767979,2.15902021009,67.4865262504,75.170714094,64.4800895788,81.7909454954,67,75,64,82
172,陳冠宇,2023,樂天桃猿,RP,B_Role-v0.1,B_QuadraticTanh-v1,41,0,39,166,Regular,False,2026-08-11,0.475166706716,-0.902228328353,0.0627444863069,0.693039460292,68.5156239588,57.4832099203,65.4535165378,70.1829186095,69,57,65,70
172,陳冠宇,2024,樂天桃猿,RP,B_Role-v0.1,B_QuadraticTanh-v1,54,0,50.3333333333,211,Qualified,False,2026-08-11,0.714158765648,1.98267945066,0.891460335885,0.509467459372,70.3460868101,80.3972791752,71.7253751889,68.7760659358,70,80,72,69
172,陳冠宇,2025,樂天桃猿,RP,B_Role-v0.1,B_QuadraticTanh-v1,55,0,53.3333333333,202,Qualified,False,2026-08-11,0.871195073838,0.837011656234,1.27602196167,1.71788173368,71.566924541,71.3000959149,74.7624329317,78.2888918752,72,71,75,78
172,陳冠宇,2026,樂天桃猿,RP,B_Role-v0.1,B_QuadraticTanh-v1,37,0,36.3333333333,144,Regular,True,2026-08-11,-0.241856805135,-0.393700335264,1.39124044441,2.17552245383,63.1783858767,61.9560671289,75.6803227416,81.9207629813,63,62,76,82
173,陳柏清,2024,台鋼雄鷹,SP,B_Role-v0.1,B_QuadraticTanh-v1,19,18,102,438,Regular,False,2026-08-11,-1.9572573062,0.598200556171,-0.496694034841,-1.27673499882,47.3282639592,69.453448436,61.0947447113,53.9196008367,47,69,61,54
173,陳柏清,2025,台鋼雄鷹,Swingman,B_Role-v0.1,B_QuadraticTanh-v1,42,5,62.6666666667,272,Regular,False,2026-08-11,-0.636648390566,0.69340167968,0.208300360887,-0.416526039417,59.8855585777,70.1857149629,66.5187106666,61.7673604301,60,70,67,62
173,陳柏清,2026,台鋼雄鷹,RP,B_Role-v0.1,B_QuadraticTanh-v1,37,0,38.6666666667,158,Regular,True,2026-08-11,0.828732763444,-0.225606355903,2.21715617155,-0.0160668368428,71.2355589737,63.3057020461,82.2477525442,64.8839577994,71,63,82,65
174,呂彥青,2021,中信兄弟,SP,B_Role-v0.1,B_QuadraticTanh-v1,13,11,60.6666666667,268,Provisional,False,2026-08-11,-1.2887179018,-0.775821766421,-1.18854970081,0.241350213176,53.8033827662,58.6427531728,54.771792636,66.7630311133,54,59,55,67
174,呂彥青,2022,中信兄弟,Swingman,B_Role-v0.1,B_QuadraticTanh-v1,51,1,63.6666666667,253,Regular,False,2026-08-11,0.557229858809,0.707797716667,-0.498406548778,1.40173187521,69.1400419292,70.2969143511,61.0802127304,75.7640099104,69,70,61,76
174,呂彥青,2023,中信兄弟,RP,B_Role-v0.1,B_QuadraticTanh-v1,54,0,58.6666666667,246,Qualified,False,2026-08-11,1.06864930712,-1.16100124087,1.82869915081,1.88382151097,73.11834346,55.0367138401,79.1728401358,79.6117876683,73,55,79,80
174,呂彥青,2024,中信兄弟,RP,B_Role-v0.1,B_QuadraticTanh-v1,54,0,54,229,Qualified,False,2026-08-11,0.952116630362,0.733980676589,1.3898446013,0.0186100071483,72.2007553018,70.4994615232,75.6691896259,65.1341475037,72,70,76,65
174,呂彥青,2025,中信兄弟,RP,B_Role-v0.1,B_QuadraticTanh-v1,42,0,36.6666666667,173,Regular,False,2026-08-11,1.41195678235,-0.0725552299814,-0.2796941142,0.0533123377313,75.8455849647,64.470272832,62.8792831123,65.3851184213,76,64,63,65
174,呂彥青,2026,中信兄弟,RP,B_Role-v0.1,B_QuadraticTanh-v1,35,0,34,126,Regular,True,2026-08-11,1.84204010568,0.465400633419,0.965203819579,1.04926980931,79.2791298434,68.4416195931,72.3035340011,72.9653874084,79,68,72,73
175,鍾允華,2025,統一7-ELEVEn獅,RP,B_Role-v0.1,B_QuadraticTanh-v1,25,0,25,117,Provisional,False,2026-08-11,-1.40407374119,-0.0185052150614,-0.595751431354,1.71521219716,52.6809147141,64.866283682,60.243316597,78.2675796391,53,65,60,78
175,鍾允華,2026,統一7-ELEVEn獅,RP,B_Role-v0.1,B_QuadraticTanh-v1,35,0,34.6666666667,148,Regular,True,2026-08-11,0.169714349652,0.701238551218,1.21466408002,0.994698731801,66.2345947486,70.2462345859,74.2747347955,72.5354298417,66,70,74,73
176,張奕,2024,富邦悍將,RP,B_Role-v0.1,B_QuadraticTanh-v1,24,0,23.3333333333,103,Provisional,False,2026-08-11,0.378616950651,0.33001570893,-0.747353630004,0.592301610307,67.786978362,67.4227777277,58.9000151728,69.4082582215,68,67,59,69
176,張奕,2025,富邦悍將,Swingman,B_Role-v0.1,B_QuadraticTanh-v1,33,7,59,265,Regular,False,2026-08-11,1.20862249665,1.15362569085,0.197297838561,1.96052475897,74.2267638806,73.7905413233,66.4375719968,80.2214660205,74,74,66,80
176,張奕,2026,富邦悍將,RP,B_Role-v0.1,B_QuadraticTanh-v1,35,0,35,145,Regular,True,2026-08-11,-0.209284253486,-0.381420415814,1.33939421024,0.272406044502,63.4328820218,62.0570640466,75.2669987754,66.9934103583,63,62,75,67
177,林栚呈,2025,富邦悍將,RP,B_Role-v0.1,B_QuadraticTanh-v1,45,0,41,165,Regular,False,2026-08-11,1.07609229268,1.1476125486,0.186346651627,-0.623076179135,73.1771241025,73.7428992577,66.3569106992,60.0046769399,73,74,66,60
177,林栚呈,2026,富邦悍將,RP,B_Role-v0.1,B_QuadraticTanh-v1,34,0,33.6666666667,145,Regular,True,2026-08-11,-0.963481010303,-0.381420415814,1.06708446868,-1.19798629216,56.912082563,62.0570640466,73.1059877049,54.6808909043,57,62,73,55
178,廖任磊,2021,味全龍,Swingman,B_Role-v0.1,B_QuadraticTanh-v1,43,3,48.6666666667,230,Regular,False,2026-08-11,-3.18116984267,-0.932645315645,-1.33940833028,-0.546870056525,37.5124111266,57.2002996327,53.310863314,60.6661968026,38,57,53,61
178,廖任磊,2022,味全龍,Swingman,B_Role-v0.1,B_QuadraticTanh-v1,18,7,49.3333333333,215,Regular,False,2026-08-11,-1.80396513671,-0.364804100479,-0.0428915875899,-0.544760856413,48.7908797137,62.1931363281,64.6886132218,60.684325418,49,62,65,61
178,廖任磊,2025,富邦悍將,RP,B_Role-v0.1,B_QuadraticTanh-v1,28,0,26.3333333333,126,Provisional,False,2026-08-11,-0.910017057633,0.0843601124131,-0.79164437796,-1.35127474526,57.4109017656,65.6105578224,58.4991240725,53.1953843746,57,66,58,53
178,廖任磊,2026,富邦悍將,RP,B_Role-v0.1,B_QuadraticTanh-v1,34,0,30.3333333333,134,Regular,True,2026-08-11,-1.64022652391,1.62551559534,-0.21690216595,-1.98358943352,50.3767706473,77.5511893271,63.3736113739,47.0799692772,50,78,63,47
179,林子昱,2021,味全龍,SP,B_Role-v0.1,B_QuadraticTanh-v1,24,21,108.333333333,482,Regular,False,2026-08-11,-1.12906109256,-0.692506528606,-0.765251906763,-1.46094744843,55.3429709586,59.3913242466,58.7384464248,52.125913058,55,59,59,52
179,林子昱,2022,味全龍,Swingman,B_Role-v0.1,B_QuadraticTanh-v1,15,11,63.6666666667,282,Regular,False,2026-08-11,-1.7779387024,-0.462336029645,1.03014238709,-0.934455885689,49.0416483969,61.384863393,72.814555792,57.1834151421,49,61,73,57
179,林子昱,2023,味全龍,Swingman,B_Role-v0.1,B_QuadraticTanh-v1,30,8,64,292,Regular,False,2026-08-11,-0.814975503523,1.39975470423,-0.43885917959,1.03497395409,58.286519309,75.7482374521,61.5815106186,72.8526428062,58,76,62,73
179,林子昱,2024,味全龍,Swingman,B_Role-v0.1,B_QuadraticTanh-v1,17,3,33.3333333333,140,Provisional,False,2026-08-11,0.598552246403,0.0161040229661,-0.864199616775,-0.118568263368,69.4561433328,65.1160654108,57.8348755821,64.1268079292,69,65,58,64
179,林子昱,2025,味全龍,RP,B_Role-v0.1,B_QuadraticTanh-v1,53,0,50,203,Qualified,False,2026-08-11,1.13945507523,-0.997053103604,0.95919884552,-0.195531177364,73.6782852092,56.5967495029,72.2563656502,63.5394987042,74,57,72,64
179,林子昱,2026,味全龍,RP,B_Role-v0.1,B_QuadraticTanh-v1,34,0,31.3333333333,129,Regular,True,2026-08-11,1.74330741921,0.498660686654,0.168293824438,-1.04834323968,78.4918418814,68.6939244175,66.2241586948,56.1120934827,78,69,66,56
180,髙塩將樹,2024,統一7-ELEVEn獅,RP,B_Role-v0.1,B_QuadraticTanh-v1,20,0,21.6666666667,90,Provisional,False,2026-08-11,0.48733729505,-0.668267755442,-0.189590909017,1.15980508736,68.6079415682,59.6065676155,63.5853938941,73.8395118783,69,60,64,74
180,髙塩將樹,2025,統一7-ELEVEn獅,RP,B_Role-v0.1,B_QuadraticTanh-v1,51,0,65.6666666667,258,Qualified,False,2026-08-11,0.519781125411,1.85137131401,3.15456287404,1.6281193593,68.8545330702,79.3534536601,89.3027772766,77.5719908035,69,79,89,78
180,髙塩將樹,2026,統一7-ELEVEn獅,RP,B_Role-v0.1,B_QuadraticTanh-v1,34,0,31.6666666667,135,Regular,True,2026-08-11,0.689035727325,0.564114226017,0.2966924879,-0.740187542308,70.1520146379,69.1926285803,67.1741038465,58.9645355315,70,69,67,59
181,莊昕諺,2024,樂天桃猿,RP,B_Role-v0.1,B_QuadraticTanh-v1,50,0,44.3333333333,185,Regular,False,2026-08-11,1.39691278075,-0.369881505859,0.300220786781,-0.795059151518,75.7255675228,62.15162929,67.2003930822,58.4680673886,76,62,67,58
181,莊昕諺,2025,樂天桃猿,RP,B_Role-v0.1,B_QuadraticTanh-v1,46,0,41,178,Regular,False,2026-08-11,-0.111522889164,-0.0198178368609,0.121282984275,-2.12576025802,64.1797731075,64.856762529,65.8797446852,45.7580037018,64,65,66,46
181,莊昕諺,2026,樂天桃猿,RP,B_Role-v0.1,B_QuadraticTanh-v1,34,0,34.3333333333,143,Regular,True,2026-08-11,-0.860493528152,0.649239528019,1.3238817956,-0.489356555114,57.8690218026,69.8453483414,75.1434186272,61.1569323287,58,70,75,61
182,蘇俊璋,2020,樂天桃猿,RP,B_Role-v0.1,B_QuadraticTanh-v1,60,0,50.6666666667,220,Qualified,False,2026-08-11,1.57944545174,-1.98188525953,-0.624519510276,1.73636653786,77.1831152143,47.0960087439,59.992027688,78.4364459427,77,47,60,78
182,蘇俊璋,2024,樂天桃猿,RP,B_Role-v0.1,B_QuadraticTanh-v1,47,0,42.3333333333,187,Regular,False,2026-08-11,0.264143568951,1.10063362253,0.209959518529,-0.72485461547,66.9320425579,73.3710737601,66.5309548082,59.1022588843,67,73,67,59
182,蘇俊璋,2025,樂天桃猿,RP,B_Role-v0.1,B_QuadraticTanh-v1,43,0,37,160,Regular,False,2026-08-11,1.21838783135,-0.872505162316,-0.295556365751,-1.54807649284,74.3043065486,57.7582701345,62.7527947898,51.2751985112,74,58,63,51
182,蘇俊璋,2026,樂天桃猿,RP,B_Role-v0.1,B_QuadraticTanh-v1,33,0,26.6666666667,107,Provisional,True,2026-08-11,0.716118711493,1.37255966721,-1.46192905496,0.378759990549,70.3612423003,75.5313496478,52.1163295533,67.7880528612,70,76,52,68
183,曾峻岳,2021,富邦悍將,RP,B_Role-v0.1,B_QuadraticTanh-v1,57,0,55,215,Qualified,False,2026-08-11,0.744250312083,-0.0204699204427,0.878783995252,1.91625282086,70.579010396,64.8520308297,71.6262383932,79.8697436145,71,65,72,80
183,曾峻岳,2022,富邦悍將,RP,B_Role-v0.1,B_QuadraticTanh-v1,47,0,50.3333333333,203,Qualified,False,2026-08-11,-0.237260383161,0.614269742046,1.34154133374,2.07165511397,63.2144671607,69.5766610295,75.2841072607,81.1018533347,63,70,75,81
183,曾峻岳,2023,富邦悍將,RP,B_Role-v0.1,B_QuadraticTanh-v1,54,0,51.6666666667,200,Qualified,False,2026-08-11,0.493748176416,0.981091295338,1.02477220524,2.22702333112,68.6566110646,72.4284007379,72.7722332722,82.3251336463,69,72,73,82
183,曾峻岳,2024,富邦悍將,RP,B_Role-v0.1,B_QuadraticTanh-v1,47,0,47.3333333333,189,Regular,False,2026-08-11,0.878605493133,1.1164793197,0.990793667443,2.85791900887,71.6248429349,73.4964092796,72.5047069516,87.1484706766,72,73,73,87
183,曾峻岳,2025,富邦悍將,RP,B_Role-v0.1,B_QuadraticTanh-v1,34,0,36,149,Regular,False,2026-08-11,0.0777983716856,1.00392066212,0.426293749736,0.514365341584,65.5628425869,72.6080070851,68.1459515903,68.8133204485,66,73,68,69
183,曾峻岳,2026,富邦悍將,RP,B_Role-v0.1,B_QuadraticTanh-v1,32,0,33.6666666667,130,Regular,True,2026-08-11,1.42936406758,0.509667656022,1.58977887558,3.2223132515,75.9844909175,68.7775883638,77.2656748982,89.7820547751,76,69,77,90
184,蔡齊哲,2018,中信兄弟,Swingman,B_Role-v0.1,B_QuadraticTanh-v1,15,9,51.6666666667,255,Regular,False,2026-08-11,-0.415898442391,-0.615192074988,0.211094440966,-0.690077995202,61.7725658124,60.0736951846,66.5393315282,59.4129428673,62,60,67,59
184,蔡齊哲,2019,中信兄弟,SP,B_Role-v0.1,B_QuadraticTanh-v1,15,12,64.3333333333,285,Provisional,False,2026-08-11,-0.453782115564,-0.893593813585,-1.62508690122,-0.938853182771,61.4566636856,57.5632591894,50.5241884859,57.1423877639,61,58,51,57
184,蔡齊哲,2020,中信兄弟,RP,B_Role-v0.1,B_QuadraticTanh-v1,52,0,51.3333333333,221,Qualified,False,2026-08-11,0.954032919193,0.466305662495,0.2055078518,0.0793902536208,72.2158001119,68.4484748371,66.4981077736,65.5744148903,72,68,66,66
184,蔡齊哲,2021,中信兄弟,RP,B_Role-v0.1,B_QuadraticTanh-v1,56,0,62.3333333333,251,Qualified,False,2026-08-11,0.184574580227,-0.915726338193,1.68098365106,-0.615903621178,66.3438677568,57.3578389285,77.9942622815,60.067471627,66,57,78,60
184,蔡齊哲,2023,中信兄弟,RP,B_Role-v0.1,B_QuadraticTanh-v1,49,0,45,195,Regular,False,2026-08-11,1.50371875058,-0.0998729340008,0.429761614953,0.00183230483852,76.5781586403,64.2670575994,68.1721264942,65.0131941053,77,64,68,65
184,蔡齊哲,2024,中信兄弟,RP,B_Role-v0.1,B_QuadraticTanh-v1,45,0,45.3333333333,193,Regular,False,2026-08-11,0.623935532869,-1.00647526314,0.864219666167,-1.1139942469,69.650852229,56.5079730356,71.5124300011,55.4870817967,70,57,72,55
184,蔡齊哲,2025,中信兄弟,RP,B_Role-v0.1,B_QuadraticTanh-v1,54,0,45,179,Regular,False,2026-08-11,1.28662019413,-0.00937350126618,0.282127823832,-1.72890473111,74.846759319,64.9323878675,67.0656858132,49.5156070758,75,65,67,50
184,蔡齊哲,2026,中信兄弟,RP,B_Role-v0.1,B_QuadraticTanh-v1,32,0,25,102,Provisional,True,2026-08-11,-1.23303514016,-0.95143475214,-1.95723420258,-0.62483368294,54.3426294712,57.0248423793,47.328482236,59.9892737208,54,57,47,60
185,黃群,2024,台鋼雄鷹,RP,B_Role-v0.1,B_QuadraticTanh-v1,52,0,51,214,Qualified,False,2026-08-11,-0.229823997133,-0.778943844333,1.11980622891,0.0859483571421,63.2727248316,58.6144485957,73.5227346954,65.6221127376,63,59,74,66
185,黃群,2025,台鋼雄鷹,RP,B_Role-v0.1,B_QuadraticTanh-v1,25,0,25,111,Provisional,False,2026-08-11,-0.911734667392,-0.0889675852878,-0.595751431354,1.02776120187,57.394943347,64.3484273495,60.243316597,72.7957882669,57,64,60,73
185,黃群,2026,台鋼雄鷹,RP,B_Role-v0.1,B_QuadraticTanh-v1,28,0,27,113,Provisional,True,2026-08-11,-0.524791047202,1.43096090792,-0.135721324806,0.677921611275,60.855472884,75.9972350689,63.9972925324,70.0662760458,61,76,64,70
186,李振昌,2018,中信兄弟,RP,B_Role-v0.1,B_QuadraticTanh-v1,26,0,25.3333333333,101,Provisional,False,2026-08-11,0.688631553146,0.766801767069,-0.889461819529,0.358480576524,70.1488954196,70.7538973095,57.6015246283,67.63586811,70,71,58,68
186,李振昌,2019,中信兄弟,RP,B_Role-v0.1,B_QuadraticTanh-v1,52,0,50,194,Qualified,False,2026-08-11,2.02400920088,1.10219507499,0.90861416152,2.50276389038,80.7248744487,73.3834207839,71.859647171,84.4666205859,81,73,72,84
186,李振昌,2020,中信兄弟,RP,B_Role-v0.1,B_QuadraticTanh-v1,51,0,51.3333333333,202,Qualified,False,2026-08-11,0.303166428913,-0.469412279883,0.322732521729,3.13221300194,67.2223483703,61.3253364648,67.368354119,89.1435788588,67,61,67,89
186,李振昌,2021,中信兄弟,RP,B_Role-v0.1,B_QuadraticTanh-v1,53,0,52,206,Qualified,False,2026-08-11,0.256615840428,1.83483491069,0.724578053642,1.94125745816,66.8761790584,79.2217287962,70.4266799559,80.0684571861,67,79,70,80
186,李振昌,2022,中信兄弟,RP,B_Role-v0.1,B_QuadraticTanh-v1,42,0,40,160,Regular,False,2026-08-11,1.21045532933,-0.439661241798,-0.0966030408497,0.745240136813,74.2413157916,61.5748139185,64.2914899021,70.5866806804,74,62,64,71
186,李振昌,2024,中信兄弟,RP,B_Role-v0.1,B_QuadraticTanh-v1,42,0,38.3333333333,178,Regular,False,2026-08-11,-0.810606441487,1.76356299891,-0.0242606721562,-0.578673572371,58.3264055372,78.6534717556,64.8245006191,60.3916528463,58,79,65,60
186,李振昌,2025,中信兄弟,RP,B_Role-v0.1,B_QuadraticTanh-v1,41,0,40,163,Regular,False,2026-08-11,0.146643459569,-1.49142714099,0.346731161212,0.87913339039,66.0653107653,51.8283043156,67.5478367326,71.6289698684,66,52,68,72
186,李振昌,2026,中信兄弟,RP,B_Role-v0.1,B_QuadraticTanh-v1,27,0,25,106,Provisional,True,2026-08-11,-0.875315346561,-2.02313705672,-0.782017649632,-0.236175784407,57.7323251697,46.7089604632,58.5865643255,63.2229730663,58,47,59,63
187,李超,2025,味全龍,RP,B_Role-v0.1,B_QuadraticTanh-v1,36,0,31.3333333333,134,Regular,False,2026-08-11,-0.835619184581,0.861864621789,-0.713083038654,-0.694180661057,58.097609755,71.4940367655,59.207686987,59.3764144349,58,71,59,59
187,李超,2026,味全龍,RP,B_Role-v0.1,B_QuadraticTanh-v1,27,0,25.6666666667,105,Provisional,True,2026-08-11,-0.328646158148,0.222063560433,-0.458643237948,-0.0487026769167,62.486868506,66.6203473008,61.4158812734,64.6460320639,62,67,61,65
188,王志煊,2023,樂天桃猿,RP,B_Role-v0.1,B_QuadraticTanh-v1,43,0,35,126,Regular,False,2026-08-11,0.190508045584,1.01711023987,-0.645851971887,-0.0411408064885,66.3875499255,72.7118682446,59.8045637429,64.7014238441,66,73,60,65
188,王志煊,2024,樂天桃猿,RP,B_Role-v0.1,B_QuadraticTanh-v1,58,0,42.3333333333,171,Regular,False,2026-08-11,-0.219480653774,0.970143178538,-0.334980960647,-1.10209997625,63.3535149994,72.3423434055,62.4356433539,55.6006779372,63,72,62,56
188,王志煊,2025,樂天桃猿,RP,B_Role-v0.1,B_QuadraticTanh-v1,41,0,23,103,Provisional,False,2026-08-11,-1.9486917021,1.27168406753,-2.46481357809,-1.17253898667,47.4092393202,74.7279248349,42.7685421598,54.925844216,47,75,43,55
189,邱浩鈞,2015,統一7-ELEVEn獅,RP,B_Role-v0.1,B_QuadraticTanh-v1,36,0,46,233,Regular,False,2026-08-11,-2.44125020994,-0.0423447646572,0.654547794371,-0.396894500655,42.9674869008,64.6926152871,69.8861989741,61.9297361628,43,65,70,62
189,邱浩鈞,2016,統一7-ELEVEn獅,Swingman,B_Role-v0.1,B_QuadraticTanh-v1,23,1,29,127,Provisional,False,2026-08-11,0.541324891329,-0.192145013208,-1.35021126582,0.417997183861,69.018669312,63.5656720755,53.2057361955,68.0833654769,69,64,53,68
189,邱浩鈞,2017,統一7-ELEVEn獅,RP,B_Role-v0.1,B_QuadraticTanh-v1,61,0,54.3333333333,250,Qualified,False,2026-08-11,-0.311974251985,1.5348846745,0.506883105109,1.38160297202,62.6211992944,76.8271098034,68.7564152298,75.6034607413,63,77,69,76
189,邱浩鈞,2018,統一7-ELEVEn獅,RP,B_Role-v0.1,B_QuadraticTanh-v1,55,0,51,233,Qualified,False,2026-08-11,-0.723515594894,1.11628789493,0.357629168307,-0.518210654528,59.1142648564,73.494894668,67.6294855258,60.9116721157,59,73,68,61
189,邱浩鈞,2022,統一7-ELEVEn獅,RP,B_Role-v0.1,B_QuadraticTanh-v1,51,0,44.3333333333,185,Regular,False,2026-08-11,-0.364980886661,0.498384493258,-0.00335787851587,0.16743379535,62.191692198,68.691826132,64.9758074931,66.2178412088,62,69,65,66
189,邱浩鈞,2023,統一7-ELEVEn獅,RP,B_Role-v0.1,B_QuadraticTanh-v1,49,0,44.3333333333,191,Regular,False,2026-08-11,-1.28882315522,-0.13345557144,0.345384442822,0.870991141529,53.802361563,64.01444595,67.5377532217,71.5653310144,54,64,68,72
189,邱浩鈞,2024,統一7-ELEVEn獅,RP,B_Role-v0.1,B_QuadraticTanh-v1,48,0,44.3333333333,186,Regular,False,2026-08-11,-0.0166190258996,0.366547633377,0.44249955089,0.407259179701,64.8799568154,67.6963697676,68.2683441963,68.0024358941,65,68,68,68
189,邱浩鈞,2026,統一7-ELEVEn獅,RP,B_Role-v0.1,B_QuadraticTanh-v1,26,0,23.6666666667,103,Provisional,True,2026-08-11,-0.679242248073,1.33288995036,-1.13114710438,-0.485247581656,59.5092586907,75.2151771351,55.3230002452,61.1917029561,60,75,55,61
190,李其峰,2023,統一7-ELEVEn獅,RP,B_Role-v0.1,B_QuadraticTanh-v1,36,0,35.3333333333,151,Regular,False,2026-08-11,0.154419102869,-0.494210141165,-0.106302394446,-1.73113877655,66.1223151195,61.1158104438,64.2189321809,49.4939738995,66,61,64,49
190,李其峰,2024,統一7-ELEVEn獅,RP,B_Role-v0.1,B_QuadraticTanh-v1,32,0,26,120,Provisional,False,2026-08-11,-1.39429131659,-1.92980953616,-1.40413900949,-1.20457832488,52.7763033341,47.5880889318,52.6802781919,54.6173458485,53,48,53,55
190,李其峰,2026,統一7-ELEVEn獅,RP,B_Role-v0.1,B_QuadraticTanh-v1,26,0,24,111,Provisional,True,2026-08-11,-0.872791446111,-0.824580083124,-0.963241159852,0.109746621948,57.7556276129,58.1987197225,56.9143297317,65.7955127374,58,58,57,66
191,#朱承洋,2014,Lamigo,RP,B_Role-v0.1,B_QuadraticTanh-v1,26,0,30.6666666667,136,Regular,False,2026-08-11,-1.26073208882,0.0204242802579,-0.509966468524,1.10500808403,54.0746657676,65.1472420104,60.9819421112,73.4056664056,54,65,61,73
191,#朱承洋,2017,Lamigo,RP,B_Role-v0.1,B_QuadraticTanh-v1,40,0,37,160,Regular,False,2026-08-11,-0.905326837693,-0.716246582429,-0.332927084542,2.19322381106,57.4544556202,59.1793801517,62.4522626698,82.0598830167,57,59,62,82
191,#朱承洋,2018,Lamigo,RP,B_Role-v0.1,B_QuadraticTanh-v1,25,0,26,118,Provisional,False,2026-08-11,0.861833414922,1.63688118433,-0.496669302183,0.734322868836,71.4937930533,77.6419874856,61.0949545373,70.5021112127,71,78,61,71
191,#朱承洋,2020,樂天桃猿,RP,B_Role-v0.1,B_QuadraticTanh-v1,29,0,29,134,Provisional,False,2026-08-11,-1.33800306854,1.66113609872,-0.944059085095,1.42227120915,53.3245345812,77.8357397706,57.0937789588,75.9278873206,53,78,57,76
191,#朱承洋,2021,樂天桃猿,RP,B_Role-v0.1,B_QuadraticTanh-v1,33,0,33.3333333333,143,Regular,False,2026-08-11,-0.374261569369,-0.0457875497326,-0.35054514991,1.11421683762,62.1157717927,64.6674045542,62.3093595445,73.4785085841,62,65,62,73
191,#朱承洋,2022,樂天桃猿,RP,B_Role-v0.1,B_QuadraticTanh-v1,50,0,51.3333333333,216,Qualified,False,2026-08-11,1.0186913838,-1.40412501528,1.23327694955,1.38475162783,72.7243234858,52.6804146691,74.4225819412,75.6285708534,73,53,74,76
191,#朱承洋,2023,樂天桃猿,RP,B_Role-v0.1,B_QuadraticTanh-v1,38,0,32,133,Regular,False,2026-08-11,1.16102089165,-1.25331119809,-0.827985692618,-0.452353062432,73.849148229,54.146514822,58.1675492045,61.4686421323,74,54,58,61
191,#朱承洋,2025,樂天桃猿,RP,B_Role-v0.1,B_QuadraticTanh-v1,51,0,50.3333333333,193,Qualified,False,2026-08-11,1.19443643523,2.00548814481,1.11589567745,3.00821712975,74.1141627364,80.5781339375,73.4917913597,88.2508776366,74,81,73,88
191,#朱承洋,2026,樂天桃猿,RP,B_Role-v0.1,B_QuadraticTanh-v1,26,0,25.6666666667,103,Provisional,True,2026-08-11,0.579831690277,0.197881595311,-0.123711437211,0.495711547053,69.3128022539,66.4418744467,64.0880577777,68.6715220206,69,66,64,69
192,陳宇宏,2024,台鋼雄鷹,Swingman,B_Role-v0.1,B_QuadraticTanh-v1,16,6,48,217,Regular,False,2026-08-11,1.23613539866,0.713471104922,0.038414557581,-1.1794283723,74.4452950484,70.3407699162,65.2772453618,54.8595840278,74,70,65,55
192,陳宇宏,2025,台鋼雄鷹,Swingman,B_Role-v0.1,B_QuadraticTanh-v1,9,1,20.3333333333,91,Provisional,False,2026-08-11,0.591366399921,-1.5002636833,-0.868896710651,-0.700444047773,69.4010958516,51.7420166351,57.7915662285,59.3205836098,69,52,58,59
192,陳宇宏,2026,台鋼雄鷹,Swingman,B_Role-v0.1,B_QuadraticTanh-v1,26,1,36.6666666667,165,Provisional,True,2026-08-11,1.26102367272,0.0288111593118,-1.00166577363,-0.317447261784,74.643138746,65.207812407,56.5533033234,62.577178972,75,65,57,63
193,林詩翔,2024,台鋼雄鷹,RP,B_Role-v0.1,B_QuadraticTanh-v1,30,0,26,118,Provisional,False,2026-08-11,0.898147457592,-1.14413314143,-1.13545187261,-0.222753328244,71.7777027227,55.1985780017,55.2817739978,63.3279830521,72,55,55,63
193,林詩翔,2025,台鋼雄鷹,RP,B_Role-v0.1,B_QuadraticTanh-v1,60,0,60.3333333333,243,Qualified,False,2026-08-11,0.570331281704,0.0169448588567,1.86537991812,1.53271764467,69.2401443406,65.1221318916,79.4650016357,76.809798312,69,65,79,77
193,林詩翔,2026,台鋼雄鷹,RP,B_Role-v0.1,B_QuadraticTanh-v1,26,0,24.6666666667,111,Provisional,True,2026-08-11,-0.912781810381,0.29352933276,-0.627429270796,-0.360740211438,57.385212043,67.1505435223,59.96651345,62.2263120696,57,67,60,62
194,許峻暘,2022,樂天桃猿,RP,B_Role-v0.1,B_QuadraticTanh-v1,44,0,51.6666666667,206,Qualified,False,2026-08-11,-0.826280953881,-0.787671552299,1.94695583409,-0.148476193757,58.1831546651,58.5352297861,80.1137203562,63.9004700799,58,59,80,64
194,許峻暘,2023,樂天桃猿,RP,B_Role-v0.1,B_QuadraticTanh-v1,26,0,24,119,Provisional,False,2026-08-11,-0.409334637774,-0.819869894163,-1.18195765011,-0.00435354865528,61.8269500206,58.2417976152,54.8352474678,64.9686279233,62,58,55,65
194,許峻暘,2026,台鋼雄鷹,RP,B_Role-v0.1,B_QuadraticTanh-v1,25,0,21.3333333333,83,Provisional,True,2026-08-11,0.895794935774,-0.0543835053455,-2.02056057619,0.249244393489,71.7592916011,64.6043150283,46.7330589574,66.8215190557,72,65,47,67
195,李吳永勤,2025,富邦悍將,RP,B_Role-v0.1,B_QuadraticTanh-v1,56,0,42.3333333333,184,Regular,False,2026-08-11,0.318545001093,1.94171678477,-0.104092281553,0.0768180812728,67.3370812761,80.0721060086,64.2354879127,65.5557173907,67,80,64,66
196,賴鴻誠,2012,興農,Swingman,B_Role-v0.1,B_QuadraticTanh-v1,26,14,93.3333333333,453,Regular,False,2026-08-11,-0.840674345737,0.844437777288,0.986735782154,-0.694457175383,58.0512386915,71.3580141556,72.4727882648,59.373951266,58,71,72,59
196,賴鴻誠,2013,義大,Swingman,B_Role-v0.1,B_QuadraticTanh-v1,28,9,66.6666666667,309,Regular,False,2026-08-11,-0.274488258219,-1.61872682648,-0.0863848977848,-1.04635434648,62.9206547809,50.5861447806,64.3676502628,56.1309492967,63,51,64,56
196,賴鴻誠,2014,義大,Swingman,B_Role-v0.1,B_QuadraticTanh-v1,27,5,54.6666666667,243,Regular,False,2026-08-11,0.644033989686,0.922725573122,-0.676909617681,-1.32616435779,69.8053047682,71.9702048005,59.5299620256,53.4396722669,70,72,60,53
196,賴鴻誠,2015,義大,RP,B_Role-v0.1,B_QuadraticTanh-v1,27,0,38.3333333333,175,Regular,False,2026-08-11,0.355861664782,1.03813539735,0.578799959579,-1.80951180712,67.6162371678,72.8775690615,69.3049089047,48.7375155207,68,73,69,49
196,賴鴻誠,2016,義大,RP,B_Role-v0.1,B_QuadraticTanh-v1,62,0,59.6666666667,262,Qualified,False,2026-08-11,-1.05755193141,-2.00808516513,0.893196719492,-0.188621984666,56.0247271109,46.8498893933,71.7389606127,63.5928710234,56,47,72,64
196,賴鴻誠,2017,富邦悍將,RP,B_Role-v0.1,B_QuadraticTanh-v1,48,0,37.3333333333,185,Regular,False,2026-08-11,0.244207549634,0.0441695603323,-0.869175215434,-0.920439173778,66.7841953379,65.3188934236,57.7889971517,57.3139995037,67,65,58,57
196,賴鴻誠,2018,富邦悍將,RP,B_Role-v0.1,B_QuadraticTanh-v1,63,0,56,248,Qualified,False,2026-08-11,0.316674459989,0.209439959142,0.528782019528,-0.657784980838,67.3231162317,66.5271203564,68.9230709021,59.6992887246,67,67,69,60
196,賴鴻誠,2019,富邦悍將,RP,B_Role-v0.1,B_QuadraticTanh-v1,43,0,33,163,Regular,False,2026-08-11,-0.0351191069055,-1.24401856607,-1.26551042105,-1.14782212345,64.7454202278,54.2364320559,54.0283822582,55.1632024882,65,54,54,55
196,賴鴻誠,2020,富邦悍將,RP,B_Role-v0.1,B_QuadraticTanh-v1,42,0,37.3333333333,167,Regular,False,2026-08-11,-0.366964103679,0.191833708481,-1.21811613196,0.158084480012,62.1754864081,66.3973134265,54.4867341513,66.1492041442,62,66,54,66
196,賴鴻誠,2021,樂天桃猿,RP,B_Role-v0.1,B_QuadraticTanh-v1,58,0,47.3333333333,219,Regular,False,2026-08-11,0.105651961034,-1.25099010863,0.0728663323786,0.246110647664,65.7656432771,54.1689798144,65.5270027741,66.7982951729,66,54,66,67
196,賴鴻誠,2022,樂天桃猿,RP,B_Role-v0.1,B_QuadraticTanh-v1,37,0,35,135,Regular,False,2026-08-11,0.567538053702,-0.661181076819,-0.591152870537,-0.51428054533,69.2187931444,59.6692744473,60.2833211404,60.9451900103,69,60,60,61
196,賴鴻誠,2023,樂天桃猿,RP,B_Role-v0.1,B_QuadraticTanh-v1,39,0,30.3333333333,122,Regular,False,2026-08-11,0.499294955951,0.987342598943,-1.15558224245,-1.00211335479,68.6987432601,72.4775609664,55.0887436412,56.5490860929,69,72,55,57
196,賴鴻誠,2024,台鋼雄鷹,RP,B_Role-v0.1,B_QuadraticTanh-v1,40,0,35.3333333333,162,Regular,False,2026-08-11,0.0222490700292,0.138704092689,-0.368683269582,-1.62743645061,65.1604153842,66.0071587186,62.1614304364,50.5013043753,65,66,62,51
196,賴鴻誠,2025,富邦悍將,RP,B_Role-v0.1,B_QuadraticTanh-v1,27,0,21.6666666667,93,Provisional,False,2026-08-11,-1.70600152998,0.432362191299,-1.79668218099,-1.30970539399,49.7375825205,68.191760889,48.8609915347,53.5996287897,50,68,49,54
196,賴鴻誠,2026,富邦悍將,RP,B_Role-v0.1,B_QuadraticTanh-v1,25,0,21,100,Provisional,True,2026-08-11,-0.520203983866,-2.12169175073,-2.1951827585,-1.24080789782,60.8946586262,45.7953552396,45.1254953129,54.267484753,61,46,45,54
197,林鋅杰,2026,味全龍,RP,B_Role-v0.1,B_QuadraticTanh-v1,24,0,22.3333333333,97,Provisional,True,2026-08-11,-2.44997915854,-1.02379494502,-1.15311818175,-1.00798908394,42.8936197205,56.3444798452,55.1123927502,56.4936986502,43,56,55,56
198,吳承諭,2021,統一7-ELEVEn獅,RP,B_Role-v0.1,B_QuadraticTanh-v1,49,0,56,242,Qualified,False,2026-08-11,-0.865328901107,1.44107096194,1.41915733502,0.0760371974435,57.8244663707,76.0779283658,75.9030393071,65.5500421709,58,76,76,66
198,吳承諭,2024,統一7-ELEVEn獅,RP,B_Role-v0.1,B_QuadraticTanh-v1,20,0,20,81,Provisional,False,2026-08-11,1.37900307463,-0.78477432253,-0.801244325666,-0.318726190351,75.5827279864,58.5615423691,58.4117614382,62.5668814122,76,59,58,63
198,吳承諭,2025,統一7-ELEVEn獅,RP,B_Role-v0.1,B_QuadraticTanh-v1,32,0,31.6666666667,130,Regular,False,2026-08-11,1.15170498053,0.129025306943,-0.18169253685,-0.764490890472,73.7753223732,65.9363384331,63.6462723431,58.7453282815,74,66,64,59
198,吳承諭,2026,統一7-ELEVEn獅,RP,B_Role-v0.1,B_QuadraticTanh-v1,24,0,24.6666666667,100,Provisional,True,2026-08-11,0.674006662345,-0.980213848051,0.120168564256,-1.24080789782,70.036091852,56.7551112354,65.8716028601,54.267484753,70,57,66,54
199,林子崴,2022,樂天桃猿,Swingman,B_Role-v0.1,B_QuadraticTanh-v1,12,4,28,138,Provisional,False,2026-08-11,-0.987097810389,-0.353769329715,-0.705991756796,-0.980341443513,56.6904191604,62.2831237845,59.2710677131,56.7539127519,57,62,59,57
199,林子崴,2026,樂天桃猿,Swingman,B_Role-v0.1,B_QuadraticTanh-v1,24,2,45.6666666667,179,Regular,True,2026-08-11,1.69524101273,1.32722711355,0.176921416191,0.068627809136,78.1081196851,75.1700655394,66.2875681885,65.4962195107,78,75,66,65
200,王躍霖,2016,Lamigo,Swingman,B_Role-v0.1,B_QuadraticTanh-v1,41,6,61.3333333333,301,Regular,False,2026-08-11,-1.4725440416,0.904117593575,-0.672119568595,1.51996058073,52.0126889128,71.8244371427,59.5724419297,76.7078913982,52,72,60,77
200,王躍霖,2017,Lamigo,RP,B_Role-v0.1,B_QuadraticTanh-v1,64,0,57.6666666667,242,Qualified,False,2026-08-11,-0.883394618573,1.46438156979,0.724049153372,1.26666503875,57.6576622922,76.2640208248,70.4225874414,74.6880034629,58,76,70,75
200,王躍霖,2019,Lamigo,RP,B_Role-v0.1,B_QuadraticTanh-v1,52,0,52.3333333333,224,Qualified,False,2026-08-11,1.33294494706,-1.28496964478,1.27514399641,1.23648362918,75.215615281,53.8397452562,74.7554483562,74.4480622089,75,54,75,74
200,王躍霖,2020,樂天桃猿,RP,B_Role-v0.1,B_QuadraticTanh-v1,45,0,47,200,Regular,False,2026-08-11,2.16315765651,-0.505089454033,0.330270931856,0.264257119221,81.8235042027,61.0234388074,67.424685616,66.9328855624,82,61,67,67
200,王躍霖,2023,味全龍,RP,B_Role-v0.1,B_QuadraticTanh-v1,56,0,44.3333333333,188,Regular,False,2026-08-11,-0.0700706899277,0.370769337549,0.143411687925,0.0305229540466,64.4886535571,67.7280512598,66.0416331673,65.2201827548,64,68,66,65
200,王躍霖,2024,台鋼雄鷹,RP,B_Role-v0.1,B_QuadraticTanh-v1,32,0,25.3333333333,119,Provisional,False,2026-08-11,0.941112445732,1.30751645166,-1.55705236365,-1.32031149887,72.1143917927,75.0130918087,51.1875923081,53.4965692214,72,75,51,53
201,施子謙,2018,統一7-ELEVEn獅,SP,B_Role-v0.1,B_QuadraticTanh-v1,19,19,107.333333333,483,Regular,False,2026-08-11,-0.0342699668974,1.13006673067,0.00894248344523,-1.98595196633,64.7516162054,73.6039470304,65.0644218224,47.0577403692,65,74,65,47
201,施子謙,2019,統一7-ELEVEn獅,SP,B_Role-v0.1,B_QuadraticTanh-v1,20,18,96.6666666667,445,Regular,False,2026-08-11,0.287591371052,-1.35710465958,-0.695352797721,-1.05065159289,67.1063365191,53.1386281035,59.3659720908,56.090202936,67,53,59,56
201,施子謙,2020,統一7-ELEVEn獅,SP,B_Role-v0.1,B_QuadraticTanh-v1,22,21,108,511,Regular,False,2026-08-11,0.614800462064,-1.82273050465,-0.853890744201,-1.32881758856,69.5807331461,48.6104563729,57.9298005223,53.413874031,70,49,58,53
201,施子謙,2022,統一7-ELEVEn獅,Swingman,B_Role-v0.1,B_QuadraticTanh-v1,25,1,29.3333333333,146,Provisional,False,2026-08-11,0.49971770772,0.588247349374,-1.26935130563,-0.565278219505,68.7019552566,69.3772124101,53.991168034,60.5075595161,69,69,54,61
201,施子謙,2023,統一7-ELEVEn獅,RP,B_Role-v0.1,B_QuadraticTanh-v1,32,0,34.6666666667,155,Regular,False,2026-08-11,1.23859823275,-0.45595839366,0.239975926542,-0.0730874091376,74.464866217,61.4384126757,66.7528541384,64.4663335402,74,61,67,64
201,施子謙,2024,台鋼雄鷹,Swingman,B_Role-v0.1,B_QuadraticTanh-v1,15,10,50.6666666667,222,Regular,False,2026-08-11,1.47167996022,1.3906295935,0.302829379119,-0.887143425895,76.3222952274,75.675450618,67.2198358349,57.6229828457,76,76,67,58
201,施子謙,2025,台鋼雄鷹,RP,B_Role-v0.1,B_QuadraticTanh-v1,34,0,39,152,Regular,False,2026-08-11,2.24266420597,-0.303870342251,1.02459825308,0.585226069551,82.44770021,62.686240864,72.7708625351,69.3540835223,82,63,73,69
202,李軍,2025,統一7-ELEVEn獅,RP,B_Role-v0.1,B_QuadraticTanh-v1,24,0,23,101,Provisional,False,2026-08-11,-0.638377605632,-0.209913312039,-0.947525837067,-0.150858444568,59.8703542687,63.4279934714,57.0613869113,63.8823377578,60,63,57,64
203,李欣穎,2026,台鋼雄鷹,RP,B_Role-v0.1,B_QuadraticTanh-v1,21,0,20.3333333333,94,Provisional,True,2026-08-11,0.868764851696,-1.0678785956,-1.09112798393,1.63644253657,71.5479360803,55.9266329176,55.7053290327,77.6384832676,72,56,56,78
204,韋宏亮,2026,台鋼雄鷹,RP,B_Role-v0.1,B_QuadraticTanh-v1,20,0,20.3333333333,90,Provisional,True,2026-08-11,0.284482765832,1.1997183874,-0.600994233413,-0.492289340179,67.0832045379,74.15608167,60.1976521397,61.1320908802,67,74,60,61
206,邱駿威,2023,樂天桃猿,RP,B_Role-v0.1,B_QuadraticTanh-v1,19,0,22.6666666667,106,Provisional,False,2026-08-11,0.223974846035,0.25493698342,-0.00749101531404,-1.37974156193,66.6344736852,66.8637263575,64.9459861712,52.9181247415,67,67,65,53
206,邱駿威,2024,樂天桃猿,Swingman,B_Role-v0.1,B_QuadraticTanh-v1,11,2,20,97,Provisional,False,2026-08-11,-1.81125390705,-0.460104788178,-1.25867470603,1.08096936957,48.7207608045,61.403608707,54.0945891093,73.2156511046,49,61,54,73
206,邱駿威,2025,樂天桃猿,RP,B_Role-v0.1,B_QuadraticTanh-v1,27,0,34,153,Regular,False,2026-08-11,0.293433914435,-2.29206694648,1.30071314909,-0.0502209695172,67.1498329333,44.2592290846,74.9589283897,64.63489126,67,44,75,65
207,羅戈,2024,富邦悍將,SP,B_Role-v0.1,B_QuadraticTanh-v1,26,26,154,626,Qualified,False,2026-08-11,0.320627016417,0.18104427295,0.892754224897,1.42259136981,67.3526283023,66.31789145,71.7354984129,75.930442195,67,66,72,76
207,羅戈,2025,中信兄弟,SP,B_Role-v0.1,B_QuadraticTanh-v1,25,25,156.333333333,622,Qualified,False,2026-08-11,0.501349361258,1.44691846039,1.50062110231,1.51287347732,68.7143534264,76.1246049877,76.5534176377,76.6512809368,69,76,77,77
207,羅戈,2026,中信兄弟,SP,B_Role-v0.1,B_QuadraticTanh-v1,18,18,110,450,Regular,True,2026-08-11,0.0770517527584,0.643760936691,1.07889446824,0.0824066937944,65.5574157453,69.803204762,73.1992591843,65.5963491696,66,70,73,66
209,王浩原,2019,富邦悍將,RP,B_Role-v0.1,B_QuadraticTanh-v1,25,0,23.3333333333,102,Provisional,False,2026-08-11,0.0985669236788,0.63694906626,-1.08778586419,0.540434872678,65.7139938735,69.7508304253,55.7371796244,69.0118823929,66,70,56,69
209,王浩原,2020,富邦悍將,RP,B_Role-v0.1,B_QuadraticTanh-v1,52,0,45.3333333333,207,Regular,False,2026-08-11,-0.216959024514,0.238688450743,-0.820766604285,1.04239391129,63.3731684148,66.7433213988,58.2335995539,72.911151016,63,67,58,73
209,王浩原,2021,富邦悍將,RP,B_Role-v0.1,B_QuadraticTanh-v1,50,0,45,191,Regular,False,2026-08-11,0.793679474714,-0.248859509241,0.0646886914565,1.75334709764,70.9626907337,63.1233097065,65.467624827,78.571959927,71,63,65,79
209,王浩原,2022,富邦悍將,RP,B_Role-v0.1,B_QuadraticTanh-v1,43,0,36,157,Regular,False,2026-08-11,-0.43523362168,1.07337469569,-0.97792358575,0.598798958006,61.6117625621,73.1556597469,56.7766194516,69.4580338564,62,73,57,69
209,王浩原,2023,富邦悍將,RP,B_Role-v0.1,B_QuadraticTanh-v1,42,0,34,145,Regular,False,2026-08-11,-1.04283026861,0.0159442434456,-0.74466825053,-0.334082189734,56.1643475572,65.1149127015,58.9242045244,62.442917227,56,65,59,62
209,王浩原,2024,富邦悍將,RP,B_Role-v0.1,B_QuadraticTanh-v1,40,0,35,150,Regular,False,2026-08-11,-0.884960533865,-0.752463117174,-0.429848611247,1.69896566206,57.643179067,58.8539525238,61.656637627,78.1378617005,58,59,62,78
210,魔力藍,2022,中信兄弟,SP,B_Role-v0.1,B_QuadraticTanh-v1,15,14,91.3333333333,385,Regular,False,2026-08-11,-1.17148551636,1.09292201382,0.264509650702,1.01544873111,54.9359724125,73.3101069796,66.9347604089,72.6987809824,55,73,67,73
210,魔力藍,2025,富邦悍將,SP,B_Role-v0.1,B_QuadraticTanh-v1,23,23,139,583,Qualified,False,2026-08-11,-0.476599855556,0.248030168611,1.00367822532,0.428795776271,61.2647531461,66.8125196218,72.6060986583,68.1648356288,61,67,73,68
210,魔力藍,2026,富邦悍將,SP,B_Role-v0.1,B_QuadraticTanh-v1,18,18,103,438,Regular,True,2026-08-11,0.0485675025327,0.606279461592,0.244072132393,-0.567363243926,65.3507403765,69.5153742966,66.7831921577,60.4895441308,65,70,67,60
211,鋼龍,2021,味全龍,Swingman,B_Role-v0.1,B_QuadraticTanh-v1,18,14,94,405,Regular,False,2026-08-11,0.642869839703,0.269986703348,1.43573212057,0.616483988745,69.7963517945,66.9754356201,76.0353150929,69.5936516935,70,67,76,70
211,鋼龍,2022,味全龍,SP,B_Role-v0.1,B_QuadraticTanh-v1,28,28,174.333333333,704,Qualified,False,2026-08-11,-0.597278327738,0.952389928748,1.37270591323,0.699565554123,60.2300235166,72.2029008754,75.532515713,70.2333120273,60,72,76,70
211,鋼龍,2023,味全龍,SP,B_Role-v0.1,B_QuadraticTanh-v1,30,30,183,746,Qualified,False,2026-08-11,0.523711764383,0.444765757461,1.65372037897,0.836147559765,68.8844564829,68.2854743884,77.7765046446,71.2933583765,69,68,78,71
211,鋼龍,2024,味全龍,SP,B_Role-v0.1,B_QuadraticTanh-v1,21,20,120.666666667,516,Qualified,False,2026-08-11,-1.18630609646,-1.75176861371,0.2283811669,-0.145548644236,54.7933937594,49.2943767924,66.6670522459,63.9227319681,55,49,67,64
211,鋼龍,2025,味全龍,SP,B_Role-v0.1,B_QuadraticTanh-v1,24,24,146,602,Qualified,False,2026-08-11,-0.224744105332,0.321569939834,1.14727493658,0.684333106888,63.3124381318,67.3596704861,73.7402246845,70.1157279997,63,67,74,70
211,鋼龍,2026,味全龍,SP,B_Role-v0.1,B_QuadraticTanh-v1,17,17,105.333333333,426,Regular,True,2026-08-11,0.624715862221,-0.496477801338,1.05507380175,1.03357920408,69.6568442814,61.0965791372,73.0111822053,72.841647155,70,61,73,73
212,黃竣彥,2018,統一7-ELEVEn獅,RP,B_Role-v0.1,B_QuadraticTanh-v1,42,0,46.6666666667,214,Regular,False,2026-08-11,-0.112701038678,0.914363034126,0.906371552999,-0.196205897777,64.1709255084,71.9046766278,71.842085448,63.534279815,64,72,72,64
212,黃竣彥,2019,統一7-ELEVEn獅,RP,B_Role-v0.1,B_QuadraticTanh-v1,30,0,27.3333333333,124,Provisional,False,2026-08-11,-1.10577402887,-0.0143509864148,-0.942266541507,-0.244568763972,55.5656052114,64.8963848694,57.1105208983,63.1570715156,56,65,57,63
212,黃竣彥,2020,統一7-ELEVEn獅,RP,B_Role-v0.1,B_QuadraticTanh-v1,61,0,64.6666666667,286,Qualified,False,2026-08-11,-1.12266246125,0.302683046932,1.34862429637,-0.504292619079,55.4042012417,67.21874503,75.3405505871,61.0302136103,55,67,75,61
212,黃竣彥,2022,統一7-ELEVEn獅,RP,B_Role-v0.1,B_QuadraticTanh-v1,23,0,21,88,Provisional,False,2026-08-11,0.115313737709,-1.13520344642,-2.10117455632,-1.19271793136,65.8361464299,55.2841536547,45.9841735393,54.7316498912,66,55,46,55
212,黃竣彥,2023,統一7-ELEVEn獅,RP,B_Role-v0.1,B_QuadraticTanh-v1,25,0,24,108,Provisional,False,2026-08-11,-0.443080912706,0.272972596817,-1.02431562726,-1.13450869841,61.5462447132,66.9976202835,56.3395587161,55.2908082665,62,67,56,55
213,艾菩樂,2023,富邦悍將,SP,B_Role-v0.1,B_QuadraticTanh-v1,9,9,56,240,Provisional,False,2026-08-11,0.387608150805,0.790286537293,0.18358837105,-0.81064101551,67.8545486206,70.9363124413,66.3366101056,58.3260900339,68,71,66,58
213,艾菩樂,2024,味全龍,SP,B_Role-v0.1,B_QuadraticTanh-v1,24,24,150.666666667,609,Qualified,False,2026-08-11,0.230316484926,-1.13987037876,1.29843621806,0.339026828418,66.6813661716,55.2394390985,74.9408030248,67.4901693259,67,55,75,67
213,艾菩樂,2025,味全龍,SP,B_Role-v0.1,B_QuadraticTanh-v1,21,18,115,468,Regular,False,2026-08-11,0.461875134285,-2.31330848148,-0.0363000070535,-0.584974643385,68.4149207645,44.0720589987,64.736800144,60.3369959607,68,44,65,60
213,艾菩樂,2026,樂天桃猿,SP,B_Role-v0.1,B_QuadraticTanh-v1,17,17,107,452,Regular,True,2026-08-11,0.665298797959,-2.10400424491,1.26227025807,-0.428830066729,69.9689867972,45.9580872429,74.6530519849,61.6651176978,70,46,75,62
214,艾速特,2023,中信兄弟,SP,B_Role-v0.1,B_QuadraticTanh-v1,12,12,68.6666666667,283,Provisional,False,2026-08-11,0.8699153645,-0.0601206859515,-0.229062265977,2.03629609149,71.5569252231,64.5620936177,63.278684164,80.8221620807,72,65,63,81
214,艾速特,2024,中信兄弟,SP,B_Role-v0.1,B_QuadraticTanh-v1,20,19,113.666666667,464,Regular,False,2026-08-11,0.369987950703,0.729190395037,0.0565110432501,1.09925217111,67.7221863938,70.46237589,65.40830538,73.3601507534,68,70,65,73
214,艾速特,2025,台鋼雄鷹,SP,B_Role-v0.1,B_QuadraticTanh-v1,25,25,141.333333333,564,Qualified,False,2026-08-11,0.454303113842,-0.940137519864,0.538502445227,1.25695960833,68.3576068257,57.1303993088,68.9971482917,74.6108224886,68,57,69,75
214,艾速特,2026,台鋼雄鷹,SP,B_Role-v0.1,B_QuadraticTanh-v1,17,17,98.6666666667,402,Regular,True,2026-08-11,-1.09600373868,1.21735605047,0.226287976448,1.26245974672,55.6588404162,74.2961124195,66.6515740795,74.654558889,56,74,67,75
215,勝騎士,2023,統一7-ELEVEn獅,SP,B_Role-v0.1,B_QuadraticTanh-v1,10,9,62.6666666667,241,Provisional,False,2026-08-11,1.00979734764,0.797483264018,0.319072413813,0.0720795932765,72.6542745683,70.9922703232,67.3410193085,65.5212877125,73,71,67,66
215,勝騎士,2024,統一7-ELEVEn獅,SP,B_Role-v0.1,B_QuadraticTanh-v1,26,26,159.333333333,642,Qualified,False,2026-08-11,0.66532036519,-0.947992768619,1.22319448627,1.64073372879,69.9691529444,57.0570227306,74.342483303,77.6727639374,70,57,74,78
215,勝騎士,2025,中信兄弟,Swingman,B_Role-v0.1,B_QuadraticTanh-v1,4,4,23.3333333333,89,Provisional,False,2026-08-11,1.636284502,0.567305679047,0.509352910745,2.27834766261,77.6372207778,69.2170171195,68.7751948444,82.7268828763,78,69,69,83
215,勝騎士,2026,中信兄弟,SP,B_Role-v0.1,B_QuadraticTanh-v1,16,16,103,420,Regular,True,2026-08-11,1.86496852233,-2.30997625909,1.35104122221,0.36741597636,79.4617263231,44.1013526395,75.3598127323,67.7028851031,79,44,75,68
216,獅帝芬,2025,統一7-ELEVEn獅,Swingman,B_Role-v0.1,B_QuadraticTanh-v1,4,4,24.3333333333,94,Provisional,False,2026-08-11,1.04695510468,0.62875304395,0.631002997281,1.01427080516,72.9471273068,69.6878512864,69.705136081,72.6895034215,73,70,70,73
216,獅帝芬,2026,統一7-ELEVEn獅,SP,B_Role-v0.1,B_QuadraticTanh-v1,16,16,93.3333333333,386,Regular,True,2026-08-11,-0.648194239502,0.43106315808,0.0943010269114,-0.165648717194,59.7839229662,68.1819525617,65.6829166669,63.7694213894,60,68,66,64
219,趙璟榮,2022,味全龍,RP,B_Role-v0.1,B_QuadraticTanh-v1,31,0,32.3333333333,135,Regular,False,2026-08-11,-0.669450703556,-1.46029779776,-0.302623810139,0.10062937359,59.5960903124,52.1322555956,62.6962306563,65.7290245223,60,52,63,66
219,趙璟榮,2023,味全龍,RP,B_Role-v0.1,B_QuadraticTanh-v1,36,0,33.3333333333,161,Regular,False,2026-08-11,-1.7159815072,0.707305228799,-0.450842513979,0.251832261993,49.6408150538,70.2931082611,61.4812984347,66.8407034149,50,70,61,67
220,後勁,2021,樂天桃猿,Swingman,B_Role-v0.1,B_QuadraticTanh-v1,53,4,80.6666666667,336,Regular,False,2026-08-11,0.45171929142,2.13675534004,-0.512549522258,-1.17407512415,68.3380586517,81.6156153462,60.9599418811,54.9110737867,68,82,61,55
220,後勁,2022,樂天桃猿,RP,B_Role-v0.1,B_QuadraticTanh-v1,59,0,68.6666666667,271,Qualified,False,2026-08-11,1.79412216569,0.353852827768,3.1805734873,0.701976079311,78.8972178279,67.6011827398,89.4873740331,70.2519319086,79,68,89,70
220,後勁,2023,樂天桃猿,RP,B_Role-v0.1,B_QuadraticTanh-v1,50,0,58,261,Qualified,False,2026-08-11,0.481824873845,0.39904661164,1.9996448332,-0.484967929031,68.5661155058,67.9405964144,80.5318159516,61.1940679897,69,68,81,61
220,後勁,2024,台鋼雄鷹,SP,B_Role-v0.1,B_QuadraticTanh-v1,13,13,79.3333333333,325,Provisional,False,2026-08-11,-0.363547557235,1.62552426944,0.134872952856,-0.171270133735,62.2033985433,77.5512586248,65.9791165276,63.7263508436,62,78,66,64
220,後勁,2025,台鋼雄鷹,SP,B_Role-v0.1,B_QuadraticTanh-v1,25,25,152.333333333,608,Qualified,False,2026-08-11,0.100273066799,0.699204866491,1.24405612709,0.114656679445,65.7264275805,70.230526216,74.5082431722,65.8313492609,66,70,75,66
220,後勁,2026,台鋼雄鷹,SP,B_Role-v0.1,B_QuadraticTanh-v1,16,16,83.3333333333,380,Regular,True,2026-08-11,-1.95728182847,1.15934743342,-1.20577503719,-0.163916860337,47.3280322801,73.835884669,54.6058060609,63.7826735972,47,74,55,64
222,梅賽鍶,2025,統一7-ELEVEn獅,SP,B_Role-v0.1,B_QuadraticTanh-v1,14,14,84,335,Regular,False,2026-08-11,1.00875147699,1.35957266086,0.218355737091,-0.0502606570586,72.6460393764,75.4278133252,66.5929510922,64.6345999584,73,75,67,65
222,梅賽鍶,2026,味全龍,SP,B_Role-v0.1,B_QuadraticTanh-v1,15,15,92.6666666667,367,Regular,True,2026-08-11,0.923108760721,-0.0198105891082,0.605177652349,-0.44328524621,71.9732081757,64.856815114,69.5069263727,61.5445367551,72,65,70,62
223,呂偉晟,2021,味全龍,RP,B_Role-v0.1,B_QuadraticTanh-v1,43,0,40,182,Regular,False,2026-08-11,-1.50415016687,0.332353950393,-0.194392132103,0.419620391948,51.7040657952,67.440258829,63.5483063558,68.0956064359,52,67,64,68
224,蔣銲,2026,味全龍,SP,B_Role-v0.1,B_QuadraticTanh-v1,15,15,95.6666666667,374,Regular,True,2026-08-11,-1.02782292661,0.38739514035,1.01454556247,1.85792054894,56.3064010977,67.8529471243,72.6916674123,79.4056088579,56,68,73,79
225,李東洺,2022,富邦悍將,Swingman,B_Role-v0.1,B_QuadraticTanh-v1,14,3,34,146,Provisional,False,2026-08-11,0.411517696168,-1.97530858115,-0.529364450034,0.779889204422,68.0345212438,47.1579467008,60.8163565127,70.855516328,68,47,61,71
225,李東洺,2023,富邦悍將,Swingman,B_Role-v0.1,B_QuadraticTanh-v1,29,4,48.3333333333,208,Regular,False,2026-08-11,-0.957446295235,0.206453440753,-1.21825477663,2.35245077517,56.9685970384,66.5050835338,54.4853957588,83.3045626453,57,67,54,83
225,李東洺,2024,富邦悍將,Swingman,B_Role-v0.1,B_QuadraticTanh-v1,23,2,27.6666666667,129,Provisional,False,2026-08-11,-0.556319093595,-0.840257997194,-1.40223520216,1.84944463636,60.5848608013,58.0550595029,52.6988443966,79.3381088735,61,58,53,79
225,李東洺,2025,富邦悍將,SP,B_Role-v0.1,B_QuadraticTanh-v1,16,16,75.6666666667,344,Provisional,False,2026-08-11,-1.86340163844,0.917768084488,-1.50837217177,0.0579783740053,48.2206220666,71.9313545447,51.6628390469,65.4189448597,48,72,52,65
225,李東洺,2026,富邦悍將,SP,B_Role-v0.1,B_QuadraticTanh-v1,15,15,85,353,Regular,True,2026-08-11,-0.885620251661,-0.856167761005,-0.440984784622,-1.15348230937,57.6370761298,57.9088487308,61.5637598463,55.1088983595,58,58,62,55
226,鈴木駿輔,2024,樂天桃猿,Swingman,B_Role-v0.1,B_QuadraticTanh-v1,10,7,48.6666666667,223,Regular,False,2026-08-11,-0.8458429759,0.124513304018,1.04589397318,0.0516162781004,58.0037819951,65.9033510175,72.9387569753,65.3728275795,58,66,73,65
226,鈴木駿輔,2026,富邦悍將,SP,B_Role-v0.1,B_QuadraticTanh-v1,15,15,88.3333333333,357,Regular,True,2026-08-11,0.114880762975,-0.0627463263006,0.0138684488439,1.03185883685,65.8329852487,64.5427405267,65.0999392176,72.8280854762,66,65,65,73
227,布雷克,2020,統一7-ELEVEn獅,SP,B_Role-v0.1,B_QuadraticTanh-v1,13,12,69.6666666667,302,Provisional,False,2026-08-11,-1.17669697154,0.586990234428,-0.72696909947,-0.594547620083,54.885858992,69.3675880772,59.0832929041,60.2537933837,55,69,59,60
227,布雷克,2021,統一7-ELEVEn獅,SP,B_Role-v0.1,B_QuadraticTanh-v1,27,26,181.666666667,699,Qualified,False,2026-08-11,0.887382156879,0.555483152103,1.94620331581,0.653316611224,71.6934731212,69.1267045128,80.1077434616,69.8767226936,72,69,80,70
227,布雷克,2022,統一7-ELEVEn獅,SP,B_Role-v0.1,B_QuadraticTanh-v1,12,12,73,299,Provisional,False,2026-08-11,1.05715985653,-2.47736435905,0.0538838342989,-0.342960110354,73.0276446343,42.6631718856,65.3892604579,62.370978252,73,43,65,62
227,布雷克,2023,統一7-ELEVEn獅,SP,B_Role-v0.1,B_QuadraticTanh-v1,25,25,149.666666667,622,Qualified,False,2026-08-11,0.339424676207,-0.946300917701,1.10114216362,-0.0530229441708,67.4931461397,57.0728341174,73.375094907,64.6143144089,67,57,73,65
227,布雷克,2024,統一7-ELEVEn獅,SP,B_Role-v0.1,B_QuadraticTanh-v1,21,19,122,500,Qualified,False,2026-08-11,-0.00178906447138,-0.485304911662,0.326470553521,0.26064579477,64.9871142553,61.1912180916,67.3962814891,66.9060798704,65,61,67,67
227,布雷克,2025,統一7-ELEVEn獅,SP,B_Role-v0.1,B_QuadraticTanh-v1,21,21,122,518,Qualified,False,2026-08-11,0.982933412967,-0.80275225912,0.480512630968,-0.0945063551974,72.4428854892,58.3980238399,68.5561618164,64.3071407383,72,58,69,64
227,布雷克,2026,統一7-ELEVEn獅,SP,B_Role-v0.1,B_QuadraticTanh-v1,15,15,101,388,Regular,True,2026-08-11,1.57912220533,-0.304372061934,1.74231073601,-0.632955096607,77.1805326171,62.6822189328,78.4838875734,59.9180114137,77,63,78,60
228,黃子鵬,2018,Lamigo,Swingman,B_Role-v0.1,B_QuadraticTanh-v1,52,1,54.3333333333,207,Regular,False,2026-08-11,1.19410350117,0.66302763285,-0.676055226458,1.30706286248,74.1115207391,69.9514920049,59.5375424653,75.0094803457,74,70,60,75
228,黃子鵬,2019,Lamigo,RP,B_Role-v0.1,B_QuadraticTanh-v1,60,0,63.6666666667,272,Qualified,False,2026-08-11,1.25561852673,0.999994652094,2.24522349488,0.0826714977981,74.6001594299,72.5771049743,82.4677444671,65.5982750901,75,73,82,66
228,黃子鵬,2020,樂天桃猿,RP,B_Role-v0.1,B_QuadraticTanh-v1,59,0,66.3333333333,283,Qualified,False,2026-08-11,-0.179416738936,1.92858114195,1.809627465,0.050657238702,63.6637827284,79.967737121,79.0208387509,65.365878826,64,80,79,65
228,黃子鵬,2021,樂天桃猿,SP,B_Role-v0.1,B_QuadraticTanh-v1,23,22,135,557,Qualified,False,2026-08-11,0.623577762249,-0.316319222367,0.683654676957,-1.42857421092,69.6481050783,62.5862581832,70.1104941227,52.4419028256,70,63,70,52
228,黃子鵬,2022,樂天桃猿,SP,B_Role-v0.1,B_QuadraticTanh-v1,24,24,158.666666667,636,Qualified,False,2026-08-11,0.923830173039,-0.352963424287,1.73000218731,-0.743400243955,71.9788626903,62.2896840145,78.3856467653,58.935621744,72,62,78,59
228,黃子鵬,2023,樂天桃猿,SP,B_Role-v0.1,B_QuadraticTanh-v1,24,24,145.333333333,650,Qualified,False,2026-08-11,0.0269957515814,-1.15477801636,1.12518055485,-1.27040275194,65.1946961433,55.0964629336,73.565268558,53.9809789216,65,55,74,54
228,黃子鵬,2024,樂天桃猿,SP,B_Role-v0.1,B_QuadraticTanh-v1,18,16,100,437,Regular,False,2026-08-11,0.389106372427,0.593007658516,-0.285848442703,-0.88990395742,67.8658137831,69.4136659049,62.8302839757,57.5974313872,68,69,63,58
228,黃子鵬,2025,樂天桃猿,SP,B_Role-v0.1,B_QuadraticTanh-v1,25,20,117.333333333,521,Regular,False,2026-08-11,0.718934223664,-0.786857506238,-1.00088740611,-1.24504215668,70.3830173523,58.5426244667,56.5606366741,54.2265306071,70,59,57,54
228,黃子鵬,2026,台鋼雄鷹,SP,B_Role-v0.1,B_QuadraticTanh-v1,15,15,100.333333333,395,Regular,True,2026-08-11,0.810739414063,0.831106312626,1.65134008932,-1.57556944529,71.0954133058,71.2540581426,77.7574908409,51.0069103576,71,71,78,51
229,曾家輝,2026,樂天桃猿,SP,B_Role-v0.1,B_QuadraticTanh-v1,15,15,79.6666666667,326,Provisional,True,2026-08-11,-0.425191454273,0.198792318006,-1.16874995817,0.111752832637,61.6953913112,66.448587286,54.9622676747,65.8101527615,62,66,55,66
230,#魔爾曼,2026,樂天桃猿,SP,B_Role-v0.1,B_QuadraticTanh-v1,15,14,86.6666666667,367,Regular,True,2026-08-11,-0.197341452873,0.74243468635,-0.213558167889,0.318635920292,63.5254936943,70.5649422705,63.3996479585,67.3377601272,64,71,63,67
231,江承諺,2015,統一7-ELEVEn獅,Swingman,B_Role-v0.1,B_QuadraticTanh-v1,27,13,104,446,Regular,False,2026-08-11,-1.02175029702,-0.702143291191,1.59653069567,1.06766175626,56.3638010752,59.3054234901,77.3196190051,73.1105457895,56,59,77,73
231,江承諺,2016,統一7-ELEVEn獅,Swingman,B_Role-v0.1,B_QuadraticTanh-v1,33,14,97,463,Regular,False,2026-08-11,-1.36190148526,-1.02496903042,0.65702170071,0.656665446201,53.0919189837,56.3333827084,69.9052431064,69.902500433,53,56,70,70
231,江承諺,2018,統一7-ELEVEn獅,SP,B_Role-v0.1,B_QuadraticTanh-v1,19,17,96.3333333333,411,Regular,False,2026-08-11,-0.961958960738,-0.0505007310799,-0.918074293726,0.575258937388,56.9263413149,64.6328377522,57.3360021767,69.2778231837,57,65,57,69
231,江承諺,2019,統一7-ELEVEn獅,SP,B_Role-v0.1,B_QuadraticTanh-v1,19,18,95,437,Regular,False,2026-08-11,-2.2474170318,-0.719878851474,-0.554283846573,0.352849591505,44.655955971,59.1468553104,60.6023966538,67.593665522,45,59,61,68
231,江承諺,2020,統一7-ELEVEn獅,SP,B_Role-v0.1,B_QuadraticTanh-v1,18,17,85.3333333333,398,Regular,False,2026-08-11,-0.0145378743585,-2.29556746177,-1.30988420343,-0.43150292419,64.8950317296,44.2283135365,53.5978917897,61.6428590659,65,44,54,62
231,江承諺,2021,統一7-ELEVEn獅,Swingman,B_Role-v0.1,B_QuadraticTanh-v1,17,13,68,299,Regular,False,2026-08-11,0.506503825369,-0.788438484373,0.353559916333,-0.11268744892,68.7535316736,58.5282619895,67.5989878853,64.1710275855,69,59,68,64
231,江承諺,2022,統一7-ELEVEn獅,SP,B_Role-v0.1,B_QuadraticTanh-v1,17,15,91,386,Regular,False,2026-08-11,1.28359707733,-1.28511432148,-0.753926527676,-1.54777198463,74.8227030071,53.8383418797,58.8407506889,51.2781707982,75,54,59,51
231,江承諺,2024,台鋼雄鷹,SP,B_Role-v0.1,B_QuadraticTanh-v1,20,20,115.333333333,487,Regular,False,2026-08-11,0.791133031962,-1.03211249455,0.184153555943,-1.11623531545,70.9428929256,56.2658266943,66.3407692818,55.4656615468,71,56,66,55
231,江承諺,2025,台鋼雄鷹,SP,B_Role-v0.1,B_QuadraticTanh-v1,21,21,110,476,Regular,False,2026-08-11,-0.0856278707852,-0.629849262771,-0.405451891355,-1.11965933394,64.3732813405,59.9452802262,61.8590713633,55.4329243697,64,60,62,55
231,江承諺,2026,台鋼雄鷹,SP,B_Role-v0.1,B_QuadraticTanh-v1,14,14,78,332,Provisional,True,2026-08-11,-0.13228888481,0.223673412854,-0.821351017028,-1.48230376017,64.0232732083,66.6322455844,58.2282558813,51.9173917188,64,67,58,52
233,喬登,2026,統一7-ELEVEn獅,SP,B_Role-v0.1,B_QuadraticTanh-v1,14,14,76.6666666667,296,Provisional,True,2026-08-11,-1.48632699732,0.905356655236,-1.01311838833,2.1603356318,51.8781061641,71.8341386007,56.4453100365,81.8012976912,52,72,56,82
234,鄭浩均,2023,中信兄弟,SP,B_Role-v0.1,B_QuadraticTanh-v1,21,19,101.333333333,426,Regular,False,2026-08-11,-2.43618469335,-0.540878330854,-0.843092079181,1.79362231164,43.0104434334,60.7176698606,58.0290454611,78.8932319657,43,61,58,79
234,鄭浩均,2025,中信兄弟,SP,B_Role-v0.1,B_QuadraticTanh-v1,11,11,54.3333333333,207,Provisional,False,2026-08-11,-1.41728146835,0.78088819554,-1.52419005194,0.863129163107,52.5520854517,70.8632768614,51.5083891195,71.5039126836,53,71,52,72
234,鄭浩均,2026,中信兄弟,SP,B_Role-v0.1,B_QuadraticTanh-v1,14,14,72.3333333333,321,Provisional,True,2026-08-11,-1.7570954096,-2.65432196058,-1.63636234505,0.105945453991,49.2428909525,41.2238244029,50.4143880685,65.7677837509,49,41,50,66
235,伍立辰,2025,中信兄弟,RP,B_Role-v0.1,B_QuadraticTanh-v1,23,0,25.3333333333,99,Provisional,False,2026-08-11,0.137908795404,-0.96863217065,-0.0463292176543,-0.284106451501,66.001336484,56.863801384,64.6634350526,62.8441631112,66,57,65,63
235,伍立辰,2026,中信兄弟,Swingman,B_Role-v0.1,B_QuadraticTanh-v1,14,7,38.3333333333,170,Provisional,True,2026-08-11,0.118105853762,-1.14836982388,-0.0302655369017,-0.614028495127,65.8565357309,55.1579491779,64.7808085961,60.0838701568,66,55,65,60
237,余謙,2023,中信兄弟,SP,B_Role-v0.1,B_QuadraticTanh-v1,13,11,63.6666666667,277,Provisional,False,2026-08-11,-0.730577763232,-1.83543587703,-1.23808260242,-0.612129117962,59.0509049837,48.4884920682,54.2938371735,60.1004731746,59,48,54,60
238,伍鐸,2015,中信兄弟,SP,B_Role-v0.1,B_QuadraticTanh-v1,11,11,73,310,Provisional,False,2026-08-11,0.939743027394,-0.707658536585,0.663466203016,1.00009617608,72.1036479248,59.2561791352,69.9548700732,72.5779040052,72,59,70,73
238,伍鐸,2016,中信兄弟,SP,B_Role-v0.1,B_QuadraticTanh-v1,14,14,89.3333333333,378,Regular,False,2026-08-11,2.29810690695,1.37670812649,1.39043414512,0.498985981944,82.8812018898,75.5644278579,75.67389174,68.6963958048,83,76,76,69
238,伍鐸,2017,中信兄弟,SP,B_Role-v0.1,B_QuadraticTanh-v1,26,26,173.666666667,739,Qualified,False,2026-08-11,1.49753814561,1.71393713619,1.8110297002,-0.178395287587,76.528794562,78.2573999594,79.0320166375,63.6716374628,77,78,79,64
238,伍鐸,2018,富邦悍將,SP,B_Role-v0.1,B_QuadraticTanh-v1,28,27,169,696,Qualified,False,2026-08-11,1.76797233615,0.931126681732,1.24216540973,0.11981996438,78.6886494023,72.0360665441,74.4932157673,65.8690562469,79,72,74,66
238,伍鐸,2019,富邦悍將,SP,B_Role-v0.1,B_QuadraticTanh-v1,21,18,113.333333333,502,Regular,False,2026-08-11,1.75119437987,-1.81262711914,0.0584084541872,-0.667510270642,78.5547819365,48.7075558966,65.4220636897,59.6132751258,79,49,65,60
238,伍鐸,2020,富邦悍將,SP,B_Role-v0.1,B_QuadraticTanh-v1,16,15,79.6666666667,379,Provisional,False,2026-08-11,0.709636613353,-2.05219407258,-1.08093700057,-1.20022200561,70.3111271042,46.4379096557,55.8024102347,54.6593434194,70,46,56,55
238,伍鐸,2021,味全龍,Swingman,B_Role-v0.1,B_QuadraticTanh-v1,34,20,152,615,Regular,False,2026-08-11,1.98154224948,0.348548526211,2.27301828251,-1.05463486301,80.3882580666,67.561446367,82.6852265847,56.0524135765,80,68,83,56
238,伍鐸,2022,味全龍,Swingman,B_Role-v0.1,B_QuadraticTanh-v1,47,6,83,347,Regular,False,2026-08-11,1.16464958377,1.9772604894,0.178228185285,-0.539392501847,73.877911482,80.3542886892,66.2971778376,60.7304217535,74,80,66,61
238,伍鐸,2023,味全龍,SP,B_Role-v0.1,B_QuadraticTanh-v1,15,12,80,336,Regular,False,2026-08-11,-0.530010440131,0.864725033843,-0.53122873366,-2.14332484082,60.8108275507,71.5163773429,60.8003977468,45.5971009031,61,72,61,46
238,伍鐸,2024,味全龍,SP,B_Role-v0.1,B_QuadraticTanh-v1,17,17,89,376,Regular,False,2026-08-11,0.492797121569,1.3147651791,-0.837036491155,-1.40104294282,68.6493891602,75.0708113771,58.0846131671,52.710470976,69,75,58,53
238,伍鐸,2025,味全龍,SP,B_Role-v0.1,B_QuadraticTanh-v1,19,18,106.666666667,445,Regular,False,2026-08-11,1.09693860698,0.880811699401,0.0283860141654,-2.68583063334,73.3418590489,71.642091229,65.2047404838,40.9770246931,73,72,65,41
238,伍鐸,2026,味全龍,SP,B_Role-v0.1,B_QuadraticTanh-v1,13,12,75.3333333333,312,Provisional,True,2026-08-11,0.319231792434,-0.679864102794,-0.564301064955,-1.98665318712,67.3422093828,59.5037375551,60.5159992076,47.0511441896,67,60,61,47
239,魏碩成,2023,中信兄弟,RP,B_Role-v0.1,B_QuadraticTanh-v1,23,0,33,138,Regular,False,2026-08-11,-2.29557450437,0.528574514915,1.77746491187,0.304606877958,44.2282513662,68.9214902366,78.7643723173,67.2330871807,44,69,79,67
239,魏碩成,2024,中信兄弟,Swingman,B_Role-v0.1,B_QuadraticTanh-v1,24,12,73.3333333333,347,Regular,False,2026-08-11,-1.6927943845,1.0453637103,0.673505983828,0.489778289991,49.865736658,72.934574354,70.0322322794,68.6264695481,50,73,70,69
239,魏碩成,2025,中信兄弟,SP,B_Role-v0.1,B_QuadraticTanh-v1,11,11,58.6666666667,262,Provisional,False,2026-08-11,-1.50911000439,0.524310474209,-0.965700218672,-0.171873426489,51.6556343675,68.8890152864,56.8912868224,63.7217234716,52,69,57,64
240,許育銘,2024,台鋼雄鷹,RP,B_Role-v0.1,B_QuadraticTanh-v1,29,0,26.3333333333,125,Provisional,False,2026-08-11,-1.05733984272,-0.250372430399,-0.896178105966,0.0103457458184,56.0267404317,63.1113938332,57.5393129153,65.0745374672,56,63,58,65
240,許育銘,2025,台鋼雄鷹,RP,B_Role-v0.1,B_QuadraticTanh-v1,47,0,43,174,Regular,False,2026-08-11,0.244441911929,-0.0619384243849,0.350478455741,0.589188747273,66.7859315445,64.548697443,67.5759016883,69.384420306,67,65,68,69
241,坎南,2025,富邦悍將,SP,B_Role-v0.1,B_QuadraticTanh-v1,11,11,64.6666666667,274,Provisional,False,2026-08-11,-0.180112058572,0.587577958642,-0.19240660338,-0.806084688849,63.6584342829,69.3720875036,63.5636511978,58.3676504023,64,69,64,58
241,坎南,2026,台鋼雄鷹,SP,B_Role-v0.1,B_QuadraticTanh-v1,12,12,77.3333333333,321,Provisional,True,2026-08-11,0.93858374975,0.986917117277,0.507546594612,0.0406999699834,72.0945533676,72.4742144761,68.7614597866,65.2937810294,72,72,69,65
242,銳力獅,2026,統一7-ELEVEn獅,SP,B_Role-v0.1,B_QuadraticTanh-v1,12,12,71.6666666667,292,Provisional,True,2026-08-11,0.874907410083,0.0499481443138,-0.411866811225,-0.0853468352648,71.5959361845,65.3607415789,61.8059821009,64.375371398,72,65,62,64
243,威能帝,2023,樂天桃猿,SP,B_Role-v0.1,B_QuadraticTanh-v1,8,8,51.6666666667,207,Provisional,False,2026-08-11,0.257705522557,-0.0975055735459,0.399348402777,1.47065669655,66.8842628335,64.2847491913,67.9428679882,76.3141246528,67,64,68,76
243,威能帝,2024,樂天桃猿,SP,B_Role-v0.1,B_QuadraticTanh-v1,25,25,151.666666667,652,Qualified,False,2026-08-11,0.897203536288,0.696622473068,1.04399644016,-0.0599970679945,71.7703151736,70.2105829995,72.9237900439,64.5630043129,72,70,73,65
243,威能帝,2025,樂天桃猿,SP,B_Role-v0.1,B_QuadraticTanh-v1,26,26,170,663,Qualified,False,2026-08-11,0.964588716997,0.540462194797,2.04461997595,2.2453349732,72.2987017472,69.0120907325,80.8880425135,82.4686174897,72,69,81,82
243,威能帝,2026,樂天桃猿,SP,B_Role-v0.1,B_QuadraticTanh-v1,12,12,69.3333333333,278,Provisional,True,2026-08-11,0.84353518564,-0.0155175397541,-0.790448801864,1.55255768057,71.3509731561,64.8879369851,58.5099926562,76.9682978772,71,65,59,77
244,賴胤豪,2025,樂天桃猿,RP,B_Role-v0.1,B_QuadraticTanh-v1,42,0,41.3333333333,172,Regular,False,2026-08-11,1.18931043562,-0.728857560604,0.473726371497,-0.20500926333,74.0734887365,59.0663469924,68.5047053611,63.4660762163,74,59,69,63
245,魔神龍,2024,樂天桃猿,SP,B_Role-v0.1,B_QuadraticTanh-v1,24,24,149.666666667,612,Qualified,False,2026-08-11,0.675742199803,-1.12193026993,1.23241534722,0.19342426027,70.0494717054,55.4112050834,74.4157360817,66.4090297442,70,55,74,66
245,魔神龍,2025,樂天桃猿,SP,B_Role-v0.1,B_QuadraticTanh-v1,25,25,158,636,Qualified,False,2026-08-11,0.808784472271,0.446652480413,1.60752317532,-0.605265917011,71.0801966767,68.2997388514,77.4074433493,60.1604025552,71,68,77,60
245,魔神龍,2026,味全龍,SP,B_Role-v0.1,B_QuadraticTanh-v1,12,12,70.3333333333,291,Provisional,True,2026-08-11,0.215591164393,0.88836234897,-0.628199377305,-0.707063630082,66.5725316058,71.7011400902,59.9597577981,59.2614937855,67,72,60,59
246,陳品宏,2026,富邦悍將,Swingman,B_Role-v0.1,B_QuadraticTanh-v1,12,6,41,189,Regular,True,2026-08-11,-0.394011874485,-0.38716341446,0.643337799498,0.175949345497,61.9535000631,62.009876343,69.799950572,66.2804207464,62,62,70,66
247,德保拉,2020,中信兄弟,SP,B_Role-v0.1,B_QuadraticTanh-v1,27,26,174.333333333,721,Qualified,False,2026-08-11,0.0322551673022,0.496582537307,1.7703988432,1.81829124622,65.2327033084,68.678137661,78.7080069641,79.089896717,65,69,79,79
247,德保拉,2021,中信兄弟,SP,B_Role-v0.1,B_QuadraticTanh-v1,26,25,178,713,Qualified,False,2026-08-11,1.5974126145,0.600953516513,2.00280034139,1.36157805798,77.3266651341,69.4745456277,80.5568299032,75.4437992293,77,69,81,75
247,德保拉,2022,中信兄弟,SP,B_Role-v0.1,B_QuadraticTanh-v1,24,24,162,650,Qualified,False,2026-08-11,1.24822991763,1.50789842257,1.95840903253,1.38583144517,74.541419439,76.6115426929,80.2046691021,75.6371825801,75,77,80,76
247,德保拉,2023,中信兄弟,SP,B_Role-v0.1,B_QuadraticTanh-v1,27,27,173.333333333,737,Qualified,False,2026-08-11,0.761184407574,0.404611404047,1.89775411698,0.415454956001,70.710308782,67.9824931482,79.7226358153,68.0641978159,71,68,80,68
247,德保拉,2024,中信兄弟,SP,B_Role-v0.1,B_QuadraticTanh-v1,20,20,127,516,Qualified,False,2026-08-11,1.12388502507,0.0626307552937,1.07765114479,0.00194260426941,73.5550145439,65.4526913416,73.1894375256,65.0139884485,74,65,73,65
247,德保拉,2025,中信兄弟,SP,B_Role-v0.1,B_QuadraticTanh-v1,9,9,52.3333333333,215,Provisional,False,2026-08-11,1.44471302836,0.823737582686,-0.437465041517,-0.495143912316,76.1070001104,71.1966363466,61.5931471238,61.1078928608,76,71,62,61
247,德保拉,2026,中信兄弟,SP,B_Role-v0.1,B_QuadraticTanh-v1,12,11,74.6666666667,295,Provisional,True,2026-08-11,1.02462038141,0.482811263152,0.0748814624536,-0.818958720481,72.7710369049,68.5735982973,65.541643625,58.2501264764,73,69,66,58
248,王凱程,2019,中信兄弟,RP,B_Role-v0.1,B_QuadraticTanh-v1,37,0,30.3333333333,137,Regular,False,2026-08-11,-0.600490601802,0.563729729127,-1.23011402044,-0.841957349713,60.2020412954,69.189690766,54.3708583609,58.0394627762,60,69,54,58
248,王凱程,2024,中信兄弟,RP,B_Role-v0.1,B_QuadraticTanh-v1,43,0,40,163,Regular,False,2026-08-11,0.431187380165,0.902307920118,0.168880959419,-0.865640678177,68.1828904461,71.8102692356,66.2284719462,57.8215921872,68,72,66,58
248,王凱程,2025,中信兄弟,RP,B_Role-v0.1,B_QuadraticTanh-v1,51,0,49,212,Regular,False,2026-08-11,1.65038856856,-0.288541803586,0.938620269047,-1.3462369465,77.7498899986,62.8088095912,72.0948398533,53.2444176196,78,63,72,53
251,謝榮豪,2014,中信兄弟,RP,B_Role-v0.1,B_QuadraticTanh-v1,52,0,55.6666666667,234,Qualified,False,2026-08-11,0.72259362026,0.257413935785,0.535117395089,-0.0387047490315,70.4113256559,66.8820996129,68.9713443939,64.719234549,70,67,69,65
251,謝榮豪,2015,中信兄弟,Swingman,B_Role-v0.1,B_QuadraticTanh-v1,38,9,82.6666666667,363,Regular,False,2026-08-11,0.946014994696,-1.1727458614,0.274102227076,-0.549383529584,72.1528617449,54.9238551775,67.0060150724,60.6445805232,72,55,67,61
251,謝榮豪,2019,中信兄弟,RP,B_Role-v0.1,B_QuadraticTanh-v1,38,0,34.6666666667,158,Regular,False,2026-08-11,-0.504663262527,0.35718980308,-0.409450705717,-0.971199715217,61.0270625283,67.6261920359,61.8259892473,56.8397220793,61,68,62,57
251,謝榮豪,2020,中信兄弟,RP,B_Role-v0.1,B_QuadraticTanh-v1,26,0,20.6666666667,99,Provisional,False,2026-08-11,-0.512813928054,-1.15889481367,-2.93336406337,-1.38863277484,60.9576890422,55.0569417278,39.1453731854,52.8314670468,61,55,39,53
251,謝榮豪,2021,中信兄弟,RP,B_Role-v0.1,B_QuadraticTanh-v1,46,0,47,196,Regular,False,2026-08-11,0.0297385288313,1.11325518789,0.526015446649,-0.329268161681,65.2145137537,73.4709005409,68.901998906,62.4818432613,65,73,69,62
251,謝榮豪,2023,中信兄弟,RP,B_Role-v0.1,B_QuadraticTanh-v1,33,0,30.6666666667,141,Regular,False,2026-08-11,-0.245447443589,-0.019724792464,-0.64399521823,-0.614537510186,63.1501615122,64.8574375883,59.8209179732,60.0794194064,63,65,60,60
251,謝榮豪,2024,中信兄弟,RP,B_Role-v0.1,B_QuadraticTanh-v1,42,0,35.3333333333,152,Regular,False,2026-08-11,0.063017252072,-0.729385907514,-0.548535029284,-0.789933355182,65.455495686,59.0616047019,60.6518793354,58.5146776179,65,59,61,59
251,謝榮豪,2025,中信兄弟,RP,B_Role-v0.1,B_QuadraticTanh-v1,35,0,25,121,Provisional,False,2026-08-11,-1.8064928769,0.027624163158,-1.8407011588,-1.59031628748,48.7665569294,65.1992360654,48.4379960074,50.8630736671,49,65,48,51
252,劉軒荅,2019,統一7-ELEVEn獅,RP,B_Role-v0.1,B_QuadraticTanh-v1,50,0,52.6666666667,234,Qualified,False,2026-08-11,-0.584261925441,-0.798402017663,1.52761393691,-1.3977051406,60.3431825553,58.4376444933,76.7690276629,52.7430181681,60,58,77,53
252,劉軒荅,2020,統一7-ELEVEn獅,RP,B_Role-v0.1,B_QuadraticTanh-v1,42,0,51.6666666667,243,Qualified,False,2026-08-11,-1.07345883215,-0.370786358765,1.81726704768,-1.47969414594,55.8735731863,62.1442255668,79.0817336018,51.9428733752,56,62,79,52
252,劉軒荅,2021,統一7-ELEVEn獅,RP,B_Role-v0.1,B_QuadraticTanh-v1,42,0,39,165,Regular,False,2026-08-11,-0.774767025248,0.173561970022,-0.266287582806,-0.130134667733,58.6523113759,66.2628701829,62.9856850753,64.0395625306,59,66,63,64
252,劉軒荅,2022,統一7-ELEVEn獅,RP,B_Role-v0.1,B_QuadraticTanh-v1,47,0,47.6666666667,210,Regular,False,2026-08-11,0.144343722935,-4.28365205053,0.863982003737,0.0545665628686,66.0484608242,32.6626560399,71.5105737024,65.3942090476,66,33,72,65
252,劉軒荅,2023,統一7-ELEVEn獅,RP,B_Role-v0.1,B_QuadraticTanh-v1,48,0,41.6666666667,171,Regular,False,2026-08-11,-0.0335454413916,1.32521655679,0.0463972226394,-0.812067039502,64.756901316,75.1540503342,65.335022529,58.3130751061,65,75,65,58
253,林詔恩,2024,統一7-ELEVEn獅,SP,B_Role-v0.1,B_QuadraticTanh-v1,15,12,56.6666666667,269,Provisional,False,2026-08-11,-1.50374145597,-0.486886920178,-3.11153739002,-1.38913969427,51.7080567732,61.1778353608,37.9504228736,52.8265256182,52,61,38,53
253,林詔恩,2025,統一7-ELEVEn獅,Swingman,B_Role-v0.1,B_QuadraticTanh-v1,13,10,55,228,Regular,False,2026-08-11,-0.690366347344,1.37684050558,0.946032896867,-0.627478081662,59.410376591,75.5654834399,72.153002241,59.9660853004,59,76,72,60
253,林詔恩,2026,統一7-ELEVEn獅,Swingman,B_Role-v0.1,B_QuadraticTanh-v1,10,7,40.3333333333,166,Regular,True,2026-08-11,-1.00901987595,1.25871527926,0.953821700309,2.23195472321,56.4839771906,74.6247826093,72.2141417527,82.3637900011,56,75,72,82
254,陳冠穎,2025,中信兄弟,RP,B_Role-v0.1,B_QuadraticTanh-v1,35,0,31.3333333333,141,Regular,False,2026-08-11,-0.668746770259,-1.79262265105,-0.613702082099,-0.537075132163,59.6023253504,48.9000927323,60.0867239739,60.7503003518,60,49,60,61
255,#阿部雄大,2026,富邦悍將,SP,B_Role-v0.1,B_QuadraticTanh-v1,10,10,50.6666666667,214,Provisional,True,2026-08-11,-1.25324496648,-0.351244988582,-2.51223636463,0.236306708911,54.147155906,62.3036670242,42.3726148309,66.7256899994,54,62,42,67
257,吳俊偉,2020,中信兄弟,RP,B_Role-v0.1,B_QuadraticTanh-v1,56,0,49.6666666667,217,Regular,False,2026-08-11,-0.401763778056,1.01296530263,-0.466617445617,0.852955125464,61.8895486961,72.6792216738,61.3488612288,71.4244765568,62,73,61,71
257,吳俊偉,2021,中信兄弟,RP,B_Role-v0.1,B_QuadraticTanh-v1,55,0,59,250,Qualified,False,2026-08-11,0.67218204996,0.888761049614,1.38329713681,0.260691569419,70.0220272038,71.7042588167,75.6169713035,66.906419576,70,72,76,67
257,吳俊偉,2023,中信兄弟,RP,B_Role-v0.1,B_QuadraticTanh-v1,61,0,66.6666666667,245,Qualified,False,2026-08-11,1.8661073636,1.25835844034,2.36827660765,1.23765787944,79.4707930822,74.621945167,83.427547217,74.457393427,79,75,83,74
257,吳俊偉,2024,中信兄弟,RP,B_Role-v0.1,B_QuadraticTanh-v1,57,0,58,245,Qualified,False,2026-08-11,-0.437102626937,0.858951234537,1.71194511756,0.86106830434,61.5961713452,71.4712864898,78.2414960196,71.4878180157,62,71,78,71
257,吳俊偉,2025,中信兄弟,RP,B_Role-v0.1,B_QuadraticTanh-v1,22,0,20.3333333333,82,Provisional,False,2026-08-11,0.588879205762,-0.452611027582,-1.31717238779,0.506870243394,69.382050212,61.4664802029,53.5270780859,68.7563174442,69,61,54,69
259,賴智垣,2019,Lamigo,RP,B_Role-v0.1,B_QuadraticTanh-v1,21,0,20,105,Provisional,False,2026-08-11,-0.867211375672,-0.696751836588,-1.19382877734,-1.10823172274,57.80710995,59.353504761,54.7209492081,55.5421357562,58,59,55,56
259,賴智垣,2022,富邦悍將,RP,B_Role-v0.1,B_QuadraticTanh-v1,40,0,40,157,Regular,False,2026-08-11,0.255848020653,1.07337469569,0.128051087074,-1.07931418638,66.8704835776,73.1556597469,65.9292144103,55.8178585606,67,73,66,56
259,賴智垣,2024,富邦悍將,RP,B_Role-v0.1,B_QuadraticTanh-v1,27,0,29.6666666667,133,Provisional,False,2026-08-11,-4.29652529633,0.631102078337,0.374784786003,-0.549957100019,32.626692054,69.7058973218,67.7581972302,60.6396457555,33,70,68,61
260,陳克羿,2023,樂天桃猿,SP,B_Role-v0.1,B_QuadraticTanh-v1,16,16,84,370,Regular,False,2026-08-11,-1.07465424785,-0.461908494073,-0.576054204408,-0.795104846528,55.8622018396,61.3884561509,60.4143484218,58.4676516601,56,61,60,58
260,陳克羿,2024,樂天桃猿,SP,B_Role-v0.1,B_QuadraticTanh-v1,11,9,55.3333333333,254,Provisional,False,2026-08-11,-2.37554263162,0.640236047873,-1.54123738514,-0.951900227472,43.5297571097,69.7760994757,51.3419579129,57.0204891579,44,70,51,57
261,#陳柏豪,2018,中信兄弟,RP,B_Role-v0.1,B_QuadraticTanh-v1,35,0,41,206,Regular,False,2026-08-11,-1.53160688407,0.263070171522,0.938587127762,-1.67660946146,51.4359756099,66.9240740921,72.0945798673,50.0229243524,51,67,72,50
261,#陳柏豪,2019,中信兄弟,RP,B_Role-v0.1,B_QuadraticTanh-v1,25,0,24,123,Provisional,False,2026-08-11,-0.871260715843,0.856779777251,-0.869962419451,-0.701906955495,57.7697553556,71.4543325206,57.7817348759,59.3075323434,58,71,58,59
261,#陳柏豪,2020,中信兄弟,Swingman,B_Role-v0.1,B_QuadraticTanh-v1,41,1,48,205,Regular,False,2026-08-11,-0.149025640121,1.26902302994,-0.653554133994,1.33920547666,63.896289366,74.7067582366,59.7366474331,75.2654949664,64,75,60,75
261,#陳柏豪,2022,中信兄弟,Swingman,B_Role-v0.1,B_QuadraticTanh-v1,19,6,49,203,Regular,False,2026-08-11,-0.888132629453,0.293426261088,-0.132549096998,0.0536319423654,57.6138281813,67.1497759384,64.0213047381,65.3874347849,58,67,64,65
261,#陳柏豪,2024,樂天桃猿,RP,B_Role-v0.1,B_QuadraticTanh-v1,52,0,52.6666666667,237,Qualified,False,2026-08-11,-2.9121042384,1.46875455893,1.355057543,-0.448349280104,39.2949876795,76.2989366598,75.3918236965,61.5021764753,39,76,75,62
261,#陳柏豪,2025,樂天桃猿,RP,B_Role-v0.1,B_QuadraticTanh-v1,45,0,41.6666666667,183,Regular,False,2026-08-11,-0.545256032495,-1.23623489747,0.286802716387,-0.441102926891,60.6800702604,54.3117005729,67.1004672077,61.5627729336,61,54,67,62
262,江國豪,2019,富邦悍將,Swingman,B_Role-v0.1,B_QuadraticTanh-v1,11,2,20.6666666667,100,Provisional,False,2026-08-11,0.199427032345,-0.219386197308,-1.11988994506,-0.663191109424,66.4532661,63.3542514885,55.4307190453,59.6514989468,66,63,55,60
262,江國豪,2020,富邦悍將,Swingman,B_Role-v0.1,B_QuadraticTanh-v1,23,18,110.666666667,507,Regular,False,2026-08-11,0.756895919723,0.0644005318425,2.54989945253,-0.667930009644,70.6770432574,65.4655335634,84.8280403617,59.6095584904,71,65,85,60
262,江國豪,2022,富邦悍將,Swingman,B_Role-v0.1,B_QuadraticTanh-v1,28,1,26.3333333333,130,Provisional,False,2026-08-11,-2.16726733555,-0.44375448539,-1.45217032656,-0.414887472746,45.3787115362,61.5406141603,52.2116000269,61.7809489469,45,62,52,62
262,江國豪,2023,富邦悍將,SP,B_Role-v0.1,B_QuadraticTanh-v1,17,14,69.3333333333,328,Provisional,False,2026-08-11,-2.25963911621,0.814431998656,-2.10522905812,-0.927643759987,44.5469241724,71.1241605135,45.9468003663,57.2469161687,45,71,46,57
262,江國豪,2024,富邦悍將,Swingman,B_Role-v0.1,B_QuadraticTanh-v1,30,13,92,420,Regular,False,2026-08-11,-0.681127342781,0.972549816779,1.12562576393,-0.63180240427,59.4925194944,72.3612564635,73.5687924752,59.9281342529,59,72,74,60
262,江國豪,2025,富邦悍將,Swingman,B_Role-v0.1,B_QuadraticTanh-v1,10,1,21.3333333333,106,Provisional,False,2026-08-11,-0.535935842618,0.0935121615727,-0.882131719488,-0.682522997438,60.7600688652,65.6771714772,57.6693400405,59.4801218232,61,66,58,59
262,江國豪,2026,富邦悍將,Swingman,B_Role-v0.1,B_QuadraticTanh-v1,8,4,27,128,Provisional,True,2026-08-11,-1.07585808806,0.386902482725,-0.748792656042,-1.67459074613,55.8507486795,67.8492432588,58.8870471346,50.0425402408,56,68,59,50
264,伍祐城,2024,台鋼雄鷹,Swingman,B_Role-v0.1,B_QuadraticTanh-v1,35,3,42,182,Regular,False,2026-08-11,-0.973932680354,0.417835954514,-1.06114338789,-0.235899329167,56.8140812059,68.0821497157,55.9906258496,63.2251406595,57,68,56,63
264,伍祐城,2025,台鋼雄鷹,RP,B_Role-v0.1,B_QuadraticTanh-v1,36,0,40,188,Regular,False,2026-08-11,-0.256498284499,0.712172847342,0.919328013689,1.44757427989,63.0630853819,70.3307327071,71.9435780278,76.1298401652,63,70,72,76
265,#黎克,2026,中信兄弟,Swingman,B_Role-v0.1,B_QuadraticTanh-v1,7,5,29.3333333333,136,Provisional,True,2026-08-11,-0.541536846451,-1.48679937566,-0.0243522168169,0.247912874761,60.7120166761,51.8734935137,64.8238352839,66.811650341,61,52,65,67
267,胡智爲,2021,統一7-ELEVEn獅,SP,B_Role-v0.1,B_QuadraticTanh-v1,12,11,62.6666666667,271,Provisional,False,2026-08-11,-0.360812537255,0.195642395098,-0.698139638569,0.0294957517631,62.2257219921,66.4253724406,59.3411337472,65.2127593271,62,66,59,65
267,胡智爲,2022,統一7-ELEVEn獅,SP,B_Role-v0.1,B_QuadraticTanh-v1,27,26,150.666666667,658,Qualified,False,2026-08-11,-0.277860711829,-0.259918302386,0.22005012141,-1.28500094994,62.8938613709,63.0360727858,66.6054691023,53.8394415945,63,63,67,54
267,胡智爲,2023,統一7-ELEVEn獅,SP,B_Role-v0.1,B_QuadraticTanh-v1,18,15,84.3333333333,374,Regular,False,2026-08-11,0.707687446384,-2.46076948997,-1.2193925861,-1.14212869716,70.2960621381,42.80258298,54.4744114567,55.2177940232,70,43,54,55
267,胡智爲,2024,統一7-ELEVEn獅,Swingman,B_Role-v0.1,B_QuadraticTanh-v1,8,5,27,115,Provisional,False,2026-08-11,-0.180864304591,0.508213837129,-0.264386477827,-0.577206614514,63.6526465042,68.7665331786,63.0007358021,60.4043651786,64,69,63,60
267,胡智爲,2025,統一7-ELEVEn獅,Swingman,B_Role-v0.1,B_QuadraticTanh-v1,34,10,90.3333333333,387,Regular,False,2026-08-11,0.66754595339,-0.645759464828,1.5101387663,-0.112003883604,69.9862996594,59.8053787109,76.6294372687,64.1761614197,70,60,77,64
268,呂詠臻,2023,味全龍,RP,B_Role-v0.1,B_QuadraticTanh-v1,35,0,39.6666666667,179,Regular,False,2026-08-11,-0.9924283746,0.837942840155,0.764095957738,0.619206831889,56.6402804738,71.307356963,70.7328991576,69.614549161,57,71,71,70
268,呂詠臻,2024,味全龍,RP,B_Role-v0.1,B_QuadraticTanh-v1,43,0,35,151,Regular,False,2026-08-11,-0.0938649397161,0.79712080203,-0.684588924279,0.507480252621,64.3119262206,70.989451368,59.4617629371,68.7609553704,64,71,59,69
268,呂詠臻,2025,樂天桃猿,RP,B_Role-v0.1,B_QuadraticTanh-v1,38,0,32.6666666667,141,Regular,False,2026-08-11,-1.41871649405,-0.43177188986,-0.647298059418,1.22297669427,52.5380855407,61.6406182668,59.7918217152,74.3407533677,53,62,60,74
270,郭俊麟,2022,富邦悍將,SP,B_Role-v0.1,B_QuadraticTanh-v1,15,14,72.3333333333,328,Provisional,False,2026-08-11,-0.677118639077,0.342917868526,-1.69235304224,-0.84289170304,59.5281072955,67.5192883827,49.8700209835,58.0308851604,60,68,50,58
270,郭俊麟,2023,富邦悍將,Swingman,B_Role-v0.1,B_QuadraticTanh-v1,23,8,69,323,Regular,False,2026-08-11,0.232347224785,-1.99692377992,0.185241352849,-1.02732147984,66.6963891055,46.9546141658,66.3487750855,56.3111426827,67,47,66,56
270,郭俊麟,2024,統一7-ELEVEn獅,Swingman,B_Role-v0.1,B_QuadraticTanh-v1,20,14,76,347,Regular,False,2026-08-11,0.722570397156,-0.563906806663,1.13268819369,0.74532711706,70.4111459832,60.5194038252,73.6247013636,70.5873547278,70,61,74,71
270,郭俊麟,2025,統一7-ELEVEn獅,Swingman,B_Role-v0.1,B_QuadraticTanh-v1,10,7,29,148,Provisional,False,2026-08-11,-0.832606142922,-2.54997003154,-0.36210984534,-0.0406170262591,58.1252277159,42.0619516603,62.2151355715,64.7052547389,58,42,62,65
271,林子崴,2015,統一7-ELEVEn獅,Swingman,B_Role-v0.1,B_QuadraticTanh-v1,14,3,26.6666666667,112,Provisional,False,2026-08-11,-1.08493701541,0.278326724595,-1.01275853418,1.97488446209,55.7643193763,67.0374181206,56.448705941,80.3354361983,56,67,56,80
271,林子崴,2016,統一7-ELEVEn獅,Swingman,B_Role-v0.1,B_QuadraticTanh-v1,29,5,50,240,Regular,False,2026-08-11,-1.20682453576,-0.849946074786,-0.75737133034,-0.788738960413,54.5956848726,57.9660766146,58.8096583765,58.5255317901,55,58,59,59
271,林子崴,2018,統一7-ELEVEn獅,RP,B_Role-v0.1,B_QuadraticTanh-v1,27,0,20,90,Provisional,False,2026-08-11,-1.79863018501,-0.0657543279877,-2.4257525243,-0.442378809886,48.8422337008,64.5205457481,43.0991182316,61.5521126093,49,65,43,62
271,林子崴,2023,統一7-ELEVEn獅,Swingman,B_Role-v0.1,B_QuadraticTanh-v1,12,7,39.3333333333,167,Provisional,False,2026-08-11,-1.93602549694,-0.132553962707,-0.683214400668,0.107988620874,47.52916032,64.0212679279,59.4739786093,65.7826868244,48,64,59,66
272,曾仁和,2021,樂天桃猿,Swingman,B_Role-v0.1,B_QuadraticTanh-v1,12,5,35.3333333333,151,Provisional,False,2026-08-11,-0.382388900362,0.285109477148,-0.788461242832,0.081660968291,62.0491121009,67.0878674589,58.5280552062,65.5909258327,62,67,59,66
272,曾仁和,2022,樂天桃猿,SP,B_Role-v0.1,B_QuadraticTanh-v1,11,11,58,240,Provisional,False,2026-08-11,0.0316580848904,-0.169455301697,-1.22986594913,0.779414925158,65.2283872557,63.7402650885,54.3732553565,70.8518321359,65,64,54,71
272,曾仁和,2023,樂天桃猿,Swingman,B_Role-v0.1,B_QuadraticTanh-v1,19,14,91,407,Regular,False,2026-08-11,0.801358042985,0.319683538438,1.87284963186,0.390939002287,71.0224096825,67.3455826597,79.5244654664,67.8795956139,71,67,80,68
273,菲力士,2025,統一7-ELEVEn獅,SP,B_Role-v0.1,B_QuadraticTanh-v1,21,21,127.333333333,504,Qualified,False,2026-08-11,-0.0482198977241,0.698936417213,0.874274640889,0.368412605235,64.6495732245,70.2284528665,71.5909906757,67.7103636842,65,70,72,68
275,盧孟揚,2024,中信兄弟,Swingman,B_Role-v0.1,B_QuadraticTanh-v1,5,4,23.3333333333,107,Provisional,False,2026-08-11,-0.0561342023968,-0.342696584105,0.334076000023,-0.953809849166,64.5914408331,62.373116482,67.4531358377,57.00262669,65,62,67,57
276,郭郁政,2021,味全龍,Swingman,B_Role-v0.1,B_QuadraticTanh-v1,18,8,49.6666666667,235,Regular,False,2026-08-11,0.911707479142,-1.76244507659,-0.581290263043,-2.25319710316,71.883874485,49.1912063432,60.3689655596,44.6043523244,72,49,60,45
276,郭郁政,2022,味全龍,Swingman,B_Role-v0.1,B_QuadraticTanh-v1,26,16,99.6666666667,431,Regular,False,2026-08-11,1.0715255318,0.0758020921029,1.58863097049,-1.31221168195,73.1410560044,65.5483336028,77.2565036196,53.5752805155,73,66,77,54
276,郭郁政,2023,味全龍,Swingman,B_Role-v0.1,B_QuadraticTanh-v1,22,15,84.6666666667,360,Regular,False,2026-08-11,2.24952955763,-1.66295210868,1.1643194575,-1.35282526387,82.5014622714,50.1556746305,73.8752945382,53.1802909026,83,50,74,53
276,郭郁政,2024,味全龍,Swingman,B_Role-v0.1,B_QuadraticTanh-v1,17,9,53.6666666667,226,Regular,False,2026-08-11,1.18151276903,-1.11647223442,0.257196460643,-0.707200886672,74.0116293849,55.4633967525,66.8804862549,59.2602676529,74,55,67,59
276,郭郁政,2025,味全龍,Swingman,B_Role-v0.1,B_QuadraticTanh-v1,29,1,36.6666666667,169,Provisional,False,2026-08-11,0.0846789852295,0.213696308289,-0.704051159219,-0.932566750121,65.6128775338,66.5585395503,59.2883953241,57.2010321854,66,67,59,57
277,陳禹勳,2014,Lamigo,RP,B_Role-v0.1,B_QuadraticTanh-v1,65,0,69,299,Qualified,False,2026-08-11,-1.26887119707,1.35734931384,1.19895568593,1.00510727256,53.99582032,75.4100907992,74.1500282096,72.6173482424,54,75,74,73
277,陳禹勳,2015,Lamigo,RP,B_Role-v0.1,B_QuadraticTanh-v1,45,0,40.3333333333,189,Regular,False,2026-08-11,0.0625451166651,1.16208769181,-0.217482322262,0.729550912733,65.4520699823,73.857603945,63.3690912419,70.465166518,65,74,63,70
277,陳禹勳,2016,Lamigo,RP,B_Role-v0.1,B_QuadraticTanh-v1,65,0,66,289,Qualified,False,2026-08-11,-0.601920239884,1.4223666504,1.40206124111,2.51572796855,60.1895805651,75.9286489383,75.7666374062,84.5661751522,60,76,76,85
277,陳禹勳,2017,Lamigo,RP,B_Role-v0.1,B_QuadraticTanh-v1,59,0,61.6666666667,260,Qualified,False,2026-08-11,-1.37580925976,1.2321595785,1.39196392898,2.14975973059,52.9564422524,74.4137039071,75.6860932939,81.7180463354,53,74,76,82
277,陳禹勳,2018,Lamigo,RP,B_Role-v0.1,B_QuadraticTanh-v1,51,0,51.3333333333,231,Qualified,False,2026-08-11,-0.415469045224,1.63792125358,0.680985745692,1.10981509215,61.7761267488,77.6502962414,70.0899067541,73.4436868639,62,78,70,73
277,陳禹勳,2019,Lamigo,RP,B_Role-v0.1,B_QuadraticTanh-v1,43,0,42.3333333333,184,Regular,False,2026-08-11,-0.0176343031717,1.0146005005,0.507471105865,0.903222009021,64.8725982238,72.6921001083,68.7608858254,71.8174254372,65,73,69,72
277,陳禹勳,2020,樂天桃猿,RP,B_Role-v0.1,B_QuadraticTanh-v1,62,0,55.3333333333,258,Qualified,False,2026-08-11,-1.45340528233,-1.27887556003,-0.0874562630315,0.677002813165,52.1995442862,53.8988467623,64.3596783227,70.0591913175,52,54,64,70
277,陳禹勳,2021,樂天桃猿,RP,B_Role-v0.1,B_QuadraticTanh-v1,55,0,58.3333333333,244,Qualified,False,2026-08-11,-0.499180341346,-0.376195972928,1.31258969407,0.563711144582,61.073644302,62.0999207032,75.0534875392,69.1895487701,61,62,75,69
277,陳禹勳,2022,樂天桃猿,RP,B_Role-v0.1,B_QuadraticTanh-v1,46,0,45.6666666667,193,Regular,False,2026-08-11,-0.0030566906281,1.27577578554,0.595522241677,0.199297542047,64.9779787497,74.7604744822,69.4329278742,66.4523115319,65,75,69,66
277,陳禹勳,2023,樂天桃猿,RP,B_Role-v0.1,B_QuadraticTanh-v1,37,0,32.3333333333,158,Regular,False,2026-08-11,-1.06225235709,0.12858275526,-0.702310237021,-0.472846764624,55.980092953,65.9331021558,59.3039337451,61.2964025975,56,66,59,61
277,陳禹勳,2024,味全龍,RP,B_Role-v0.1,B_QuadraticTanh-v1,41,0,38.3333333333,161,Regular,False,2026-08-11,0.044591597904,-2.89618695574,0.0746872731905,0.842864935226,65.3219487965,39.4079715595,65.5402325962,71.3457448798,65,39,66,71
277,陳禹勳,2025,味全龍,RP,B_Role-v0.1,B_QuadraticTanh-v1,38,0,28.6666666667,129,Provisional,False,2026-08-11,0.0996289488633,0.117918449444,-1.36106483534,-0.571353686972,65.7217332048,65.8551670107,53.1000665236,60.4550386357,66,66,53,60
280,吳君奕,2024,味全龍,RP,B_Role-v0.1,B_QuadraticTanh-v1,19,0,22,94,Provisional,False,2026-08-11,-0.672777720446,-0.61774391791,0.29323414549,-0.9615156491,59.5666079402,60.0513704567,67.1483452586,56.9304936918,60,60,67,57
281,張瑞麟,2025,富邦悍將,RP,B_Role-v0.1,B_QuadraticTanh-v1,19,0,20,95,Provisional,False,2026-08-11,-1.36295456591,0.454856500296,-0.654318384854,-0.960321934606,53.0816633899,68.3617941393,59.7299017524,56.9416734853,53,68,60,57
282,王鏡銘,2010,統一7-ELEVEn獅,SP,B_Role-v0.1,B_QuadraticTanh-v1,22,21,124.666666667,533,Qualified,False,2026-08-11,-0.244098140295,-1.23440357298,-0.461963256,0.549090808464,63.1607717087,54.3294031141,61.3879959878,69.0779111755,63,54,61,69
282,王鏡銘,2011,統一7-ELEVEn獅,Swingman,B_Role-v0.1,B_QuadraticTanh-v1,44,9,115.333333333,499,Regular,False,2026-08-11,-0.285932805752,-0.751954609496,0.591303589952,1.55754620403,62.8296116243,58.8585389757,69.4006148372,77.0081522996,63,59,69,77
282,王鏡銘,2012,統一7-ELEVEn獅,RP,B_Role-v0.1,B_QuadraticTanh-v1,45,0,47,198,Regular,False,2026-08-11,0.824812054993,-1.48554033797,-0.160616755194,1.28804191098,71.2050076135,51.8857876712,63.807903819,74.8580732299,71,52,64,75
282,王鏡銘,2013,統一7-ELEVEn獅,Swingman,B_Role-v0.1,B_QuadraticTanh-v1,35,9,83,355,Regular,False,2026-08-11,0.813419776281,1.03011692156,0.232620248101,0.372041639207,71.1162795499,72.8143550717,66.6984091213,67.7376017642,71,73,67,68
282,王鏡銘,2014,統一7-ELEVEn獅,Swingman,B_Role-v0.1,B_QuadraticTanh-v1,23,12,78,347,Regular,False,2026-08-11,-0.0815032977954,-0.02459751128,0.660838894161,-0.291435471234,64.4039339903,64.8220523995,69.9346350496,62.7857174473,64,65,70,63
282,王鏡銘,2015,統一7-ELEVEn獅,Swingman,B_Role-v0.1,B_QuadraticTanh-v1,32,17,101.666666667,492,Regular,False,2026-08-11,-1.06543356843,-0.269583671467,1.19195843913,-0.181278399388,55.9498699591,62.9595683717,74.0944993297,63.6494598163,56,63,74,64
282,王鏡銘,2016,統一7-ELEVEn獅,RP,B_Role-v0.1,B_QuadraticTanh-v1,44,0,49,225,Regular,False,2026-08-11,1.33228159397,1.15519556925,0.725503927588,0.506398046182,75.210330537,73.802981239,70.4338445439,68.7527274818,75,74,70,69
282,王鏡銘,2017,統一7-ELEVEn獅,RP,B_Role-v0.1,B_QuadraticTanh-v1,55,0,62.3333333333,272,Qualified,False,2026-08-11,0.527520771051,0.573934442186,1.75277997234,-0.119250125752,68.9134637901,69.2676940234,78.5674345048,64.1216747127,69,69,79,64
282,王鏡銘,2018,統一7-ELEVEn獅,RP,B_Role-v0.1,B_QuadraticTanh-v1,62,0,59.6666666667,273,Qualified,False,2026-08-11,-0.124100107404,0.484711502338,0.974915596673,-0.421898650998,64.0851265063,68.588015485,72.3798507678,61.7227603875,64,69,72,62
282,王鏡銘,2019,統一7-ELEVEn獅,RP,B_Role-v0.1,B_QuadraticTanh-v1,33,0,28.3333333333,135,Provisional,False,2026-08-11,0.702203398258,-0.322000257527,-1.17508940456,-0.126707730921,70.2536879852,62.5405007446,54.9013199994,64.0654497448,70,63,55,64
282,王鏡銘,2021,統一7-ELEVEn獅,RP,B_Role-v0.1,B_QuadraticTanh-v1,29,0,31,135,Regular,False,2026-08-11,0.00973840916236,-1.58325319702,-0.255988960443,-0.114074143695,65.0701591656,50.9319581347,63.0671056217,64.160609076,65,51,63,64
282,王鏡銘,2022,統一7-ELEVEn獅,RP,B_Role-v0.1,B_QuadraticTanh-v1,42,0,46.3333333333,199,Regular,False,2026-08-11,0.0424782604186,-0.129091060761,1.17262458325,-1.06615730707,65.3066507094,64.0474493479,73.9411397,55.9429924293,65,64,74,56
282,王鏡銘,2023,統一7-ELEVEn獅,RP,B_Role-v0.1,B_QuadraticTanh-v1,28,0,24,110,Provisional,False,2026-08-11,-0.81436529773,-2.1274128823,-1.44817312495,-1.45480561991,58.2920920341,45.7428402172,52.2506196538,52.1858738419,58,46,52,52
282,王鏡銘,2024,統一7-ELEVEn獅,RP,B_Role-v0.1,B_QuadraticTanh-v1,20,0,20,86,Provisional,False,2026-08-11,0.371672189609,-0.719557714459,-0.801244325666,-1.41268115086,67.7348283749,59.1497319331,58.4117614382,52.5969622527,68,59,58,53
282,王鏡銘,2025,統一7-ELEVEn獅,RP,B_Role-v0.1,B_QuadraticTanh-v1,40,0,34,144,Regular,False,2026-08-11,0.58778796462,0.957387088743,-0.574243233391,0.65538240571,69.3736952947,72.2421375055,60.4300308775,69.8926234025,69,72,60,70
283,鄭鈞仁,2020,統一7-ELEVEn獅,RP,B_Role-v0.1,B_QuadraticTanh-v1,63,0,60.3333333333,271,Qualified,False,2026-08-11,0.379152184264,-0.48917842537,0.547385918853,-0.863685174748,67.7909990527,61.1584404938,69.0649021222,57.8396167711,68,61,69,58
283,鄭鈞仁,2021,統一7-ELEVEn獅,RP,B_Role-v0.1,B_QuadraticTanh-v1,57,0,52,228,Qualified,False,2026-08-11,0.0735451113901,0.0963422081324,0.571764835945,-0.964245419005,65.5319340217,65.6977847834,69.2511042618,56.9049202394,66,66,69,57
284,辛俊昇,2024,統一7-ELEVEn獅,RP,B_Role-v0.1,B_QuadraticTanh-v1,33,0,33,138,Regular,False,2026-08-11,0.141087026767,-0.108009115494,0.0365249699399,0.703727369566,66.0246069726,64.2061381912,65.2635771023,70.265461682,66,64,65,70
284,辛俊昇,2025,統一7-ELEVEn獅,RP,B_Role-v0.1,B_QuadraticTanh-v1,25,0,26.3333333333,95,Provisional,False,2026-08-11,0.742560317067,-0.284673265912,-0.234109598219,0.0420022580414,70.5659156443,62.8396479299,63.2391685074,65.3032055547,71,63,63,65
285,劉予承,2022,統一7-ELEVEn獅,RP,B_Role-v0.1,B_QuadraticTanh-v1,41,0,38.3333333333,172,Regular,False,2026-08-11,-2.00879315009,1.16063631652,-0.331317676416,0.453949451864,46.8432528535,73.8461000756,62.4652780883,68.3549308819,47,74,62,68
285,劉予承,2023,統一7-ELEVEn獅,RP,B_Role-v0.1,B_QuadraticTanh-v1,26,0,22,95,Provisional,False,2026-08-11,-1.29714508625,-1.71106457407,-1.65901320024,0.662909866882,53.7215988132,49.6884824359,50.1939786383,69.9505849369,54,50,50,70
285,劉予承,2024,統一7-ELEVEn獅,RP,B_Role-v0.1,B_QuadraticTanh-v1,28,0,22.3333333333,102,Provisional,False,2026-08-11,-0.32873520731,-0.518926956166,-1.77113800177,-0.402001067386,62.4861491264,60.9055593662,49.1072704139,61.8875888103,62,61,49,62
285,劉予承,2025,統一7-ELEVEn獅,RP,B_Role-v0.1,B_QuadraticTanh-v1,19,0,21,95,Provisional,False,2026-08-11,-1.08221924818,-1.76373279833,-0.297434996892,-0.759857096077,55.7902017887,49.1787686948,62.7377716348,58.7872084704,56,49,63,59
288,王維中,2021,味全龍,Swingman,B_Role-v0.1,B_QuadraticTanh-v1,22,17,100.333333333,417,Regular,False,2026-08-11,-0.139024966459,1.36414306297,1.26442822432,1.70961123486,63.9722566672,75.4642469441,74.6702136428,78.2228622381,64,75,75,78
288,王維中,2022,味全龍,Swingman,B_Role-v0.1,B_QuadraticTanh-v1,19,15,81.6666666667,343,Regular,False,2026-08-11,0.0208755625196,0.0439749831389,1.44170612747,1.31872834566,65.1504995941,65.3174848203,76.0829982936,75.1023732105,65,65,76,75
288,王維中,2023,味全龍,RP,B_Role-v0.1,B_QuadraticTanh-v1,45,0,49.6666666667,219,Regular,False,2026-08-11,0.435313758451,-0.411756509868,1.29378763938,0.0555126353771,68.2140511269,61.8068957853,74.9038015702,65.4010670984,68,62,75,65
288,王維中,2024,味全龍,Swingman,B_Role-v0.1,B_QuadraticTanh-v1,24,19,104,442,Regular,False,2026-08-11,-0.320208555322,0.618496903357,2.0853128201,0.0141097260463,62.5549406689,69.6091001088,81.209769408,65.1016794425,63,70,81,65
288,王維中,2025,味全龍,Swingman,B_Role-v0.1,B_QuadraticTanh-v1,12,4,30.3333333333,139,Provisional,False,2026-08-11,-0.564408441064,0.494506115059,-0.453068455757,-0.993997886265,60.515071902,68.6623669704,61.4626462465,56.6255104507,61,69,61,57
289,陳仕朋,2019,富邦悍將,SP,B_Role-v0.1,B_QuadraticTanh-v1,23,23,124,543,Qualified,False,2026-08-11,-0.207564827072,1.20364894702,0.185447870472,-1.04566535438,63.4462387272,74.1872804702,66.3502950934,56.1374801915,63,74,66,56
289,陳仕朋,2020,富邦悍將,SP,B_Role-v0.1,B_QuadraticTanh-v1,20,19,107,501,Regular,False,2026-08-11,0.597517404666,0.397691591575,-0.32588843683,-1.00004344593,69.4482138736,67.9303980351,62.5091367527,56.5685870861,69,68,63,57
289,陳仕朋,2021,富邦悍將,SP,B_Role-v0.1,B_QuadraticTanh-v1,20,18,106.666666667,470,Regular,False,2026-08-11,-0.25190016622,-1.49967385552,-0.0953400222452,-0.839513130403,63.0993552399,51.7477762209,64.3009192204,58.0618943776,63,52,64,58
289,陳仕朋,2022,富邦悍將,Swingman,B_Role-v0.1,B_QuadraticTanh-v1,23,18,113.666666667,473,Regular,False,2026-08-11,0.122490139447,-0.742690055116,2.45302522021,0.960212672491,65.8885652185,58.9420150075,84.0836409129,72.2643280735,66,59,84,72
289,陳仕朋,2023,富邦悍將,SP,B_Role-v0.1,B_QuadraticTanh-v1,22,22,122.333333333,531,Qualified,False,2026-08-11,0.893817044043,0.133187173502,0.266094894139,-0.756903592873,71.7438143558,65.9667813348,66.9465307421,58.8138814082,72,66,67,59
289,陳仕朋,2024,富邦悍將,SP,B_Role-v0.1,B_QuadraticTanh-v1,21,21,122.333333333,527,Qualified,False,2026-08-11,0.214464962366,-0.327921120059,0.350992900177,-0.575514849422,66.5642151172,62.4927249511,67.579755391,60.4190198193,67,62,68,60
289,陳仕朋,2025,富邦悍將,Swingman,B_Role-v0.1,B_QuadraticTanh-v1,18,13,69,313,Regular,False,2026-08-11,0.127051013977,-1.40884336627,1.2507043208,-0.782117940612,65.9219021744,52.634396476,74.5610897063,58.5856542388,66,53,75,59
291,游霆崴,2019,富邦悍將,Swingman,B_Role-v0.1,B_QuadraticTanh-v1,12,7,44.3333333333,196,Regular,False,2026-08-11,0.21852840479,0.207893266755,1.10847200642,0.871500836859,66.5942266441,66.5157067639,73.4330631224,71.5693138097,67,67,73,72
291,游霆崴,2020,富邦悍將,Swingman,B_Role-v0.1,B_QuadraticTanh-v1,9,4,25,124,Provisional,False,2026-08-11,-1.23673915472,-0.569769009339,-0.389347988819,-0.55816737745,54.3068257218,60.4687455725,61.9919054511,60.5689279017,54,60,62,61
291,游霆崴,2021,富邦悍將,SP,B_Role-v0.1,B_QuadraticTanh-v1,15,12,66.3333333333,301,Provisional,False,2026-08-11,-1.19968327518,-0.549031016005,-1.32854531367,-1.63763133237,54.6645360097,60.6476130445,53.4165216072,50.4020338988,55,61,53,50
291,游霆崴,2022,富邦悍將,Swingman,B_Role-v0.1,B_QuadraticTanh-v1,12,4,30.3333333333,125,Provisional,False,2026-08-11,-0.172006881321,-1.38799017782,-0.556996742054,0.57019183635,63.7206997158,52.8377309386,60.5790200942,69.2390783128,64,53,61,69
291,游霆崴,2025,富邦悍將,Swingman,B_Role-v0.1,B_QuadraticTanh-v1,19,1,36.3333333333,156,Provisional,False,2026-08-11,1.05189104387,0.0629218406654,-0.482224455874,-0.992718707531,72.986068014,65.4548033875,61.2172600391,56.6375485231,73,65,61,57
293,陳暐皓,2024,台鋼雄鷹,RP,B_Role-v0.1,B_QuadraticTanh-v1,37,0,34.3333333333,150,Regular,False,2026-08-11,-0.226073692695,0.788162584648,-0.234697411716,0.180352809922,63.3020502959,70.9198029009,63.2345621698,66.3128048142,63,71,63,66
295,陳韻文,2016,統一7-ELEVEn獅,Swingman,B_Role-v0.1,B_QuadraticTanh-v1,35,5,60.3333333333,288,Regular,False,2026-08-11,-0.340042890071,1.08199078951,-0.577690939857,0.995216709329,62.3946386523,73.223720968,60.4001686405,72.5395054627,62,73,60,73
295,陳韻文,2017,統一7-ELEVEn獅,RP,B_Role-v0.1,B_QuadraticTanh-v1,55,0,60,268,Qualified,False,2026-08-11,-0.948748957814,0.919071136391,1.48203799943,1.30200631303,57.0499543245,71.9415650825,76.4050069853,74.9692230024,57,72,76,75
295,陳韻文,2018,統一7-ELEVEn獅,RP,B_Role-v0.1,B_QuadraticTanh-v1,49,0,46,200,Regular,False,2026-08-11,-1.45109119495,0.758104612664,0.111596924748,2.35292466985,52.2221344371,70.6864180022,65.8090149232,83.3082473879,52,71,66,83
295,陳韻文,2019,統一7-ELEVEn獅,RP,B_Role-v0.1,B_QuadraticTanh-v1,48,0,47.6666666667,213,Regular,False,2026-08-11,-0.059478420336,0.113948559795,0.904426648061,1.20206967178,64.5668247375,65.8261797075,71.8268568753,74.1747444838,65,66,72,74
295,陳韻文,2020,統一7-ELEVEn獅,RP,B_Role-v0.1,B_QuadraticTanh-v1,56,0,56,234,Qualified,False,2026-08-11,-0.302763137708,0.669490686028,0.539294422054,0.557513692652,62.6951142721,70.0012849689,69.0031865467,69.1422094015,63,70,69,69
295,陳韻文,2021,統一7-ELEVEn獅,RP,B_Role-v0.1,B_QuadraticTanh-v1,52,0,53,221,Qualified,False,2026-08-11,0.942322364415,0.0340182398942,0.88461612605,0.137658448313,72.1238849719,65.2454496514,71.6718399107,65.9995038468,72,65,72,66
295,陳韻文,2022,統一7-ELEVEn獅,RP,B_Role-v0.1,B_QuadraticTanh-v1,44,0,47,203,Regular,False,2026-08-11,-1.25564725179,-0.0993916973273,1.05424549562,0.0954973015746,54.1239012215,64.2706551837,73.0046459347,65.6916299845,54,64,73,66
295,陳韻文,2023,統一7-ELEVEn獅,RP,B_Role-v0.1,B_QuadraticTanh-v1,34,0,33.3333333333,130,Regular,False,2026-08-11,0.291452253589,1.04646137316,-0.255747365476,0.375386076597,67.1350769284,72.9432326423,63.0690123642,67.7627124492,67,73,63,68
295,陳韻文,2024,統一7-ELEVEn獅,RP,B_Role-v0.1,B_QuadraticTanh-v1,39,0,33.3333333333,152,Regular,False,2026-08-11,0.217412086656,-0.729385907514,-0.643284902144,0.947729402721,66.5859804709,59.0616047019,59.8271725308,72.1663170301,67,59,60,72
295,陳韻文,2025,統一7-ELEVEn獅,RP,B_Role-v0.1,B_QuadraticTanh-v1,46,0,47.6666666667,210,Regular,False,2026-08-11,-0.136050618518,0.298326815701,1.10400535692,0.404592193097,63.9947983816,67.1862799641,73.3977364155,67.9823484721,64,67,73,68
296,姚杰宏,2022,統一7-ELEVEn獅,Swingman,B_Role-v0.1,B_QuadraticTanh-v1,9,5,27,128,Provisional,False,2026-08-11,-1.15191196272,-1.34859371625,-0.387209349521,-1.105290499,55.1239674528,53.2214803689,62.0094985891,55.570221854,55,53,62,56
297,黃子豪,2025,台鋼雄鷹,Swingman,B_Role-v0.1,B_QuadraticTanh-v1,16,4,32.3333333333,159,Provisional,False,2026-08-11,-1.47345736162,0.715832638305,-0.57106764529,1.05899326658,52.0037711884,70.3590300732,60.4575132081,73.0421145761,52,70,60,73
298,謝葆錡,2024,台鋼雄鷹,RP,B_Role-v0.1,B_QuadraticTanh-v1,20,0,20,86,Provisional,False,2026-08-11,-0.119997140676,0.144200647115,-0.801244325666,0.663489096312,64.1160495629,66.0474126693,58.4117614382,69.955046411,64,66,58,70
300,林家勝,2024,富邦悍將,RP,B_Role-v0.1,B_QuadraticTanh-v1,27,0,22.6666666667,113,Provisional,False,2026-08-11,-1.02597746751,-1.20941456548,-1.52813695469,-0.655994402749,56.3238498241,54.5707032042,51.4698532823,59.7151041434,56,55,51,60
301,黃紹睿,2025,台鋼雄鷹,RP,B_Role-v0.1,B_QuadraticTanh-v1,23,0,25.6666666667,116,Provisional,False,2026-08-11,-0.67905208829,0.681179820102,0.0519430196105,-0.0439564417907,59.510946869,70.0914036478,65.3751951815,64.6808174316,60,70,65,65
303,林暉盛,2025,中信兄弟,Swingman,B_Role-v0.1,B_QuadraticTanh-v1,4,4,22,91,Provisional,False,2026-08-11,-0.0807302043742,0.592024925348,0.347152795364,-0.337997735097,64.4096742039,69.4061391539,67.5509939865,62.4112133803,64,69,68,62
306,林逸達,2021,味全龍,RP,B_Role-v0.1,B_QuadraticTanh-v1,24,0,32.3333333333,137,Regular,False,2026-08-11,0.605031587213,0.61567883535,1.05615630644,-0.151449920937,69.5058065017,69.5874731267,73.0197247645,63.8778334128,70,70,73,64
306,林逸達,2022,味全龍,RP,B_Role-v0.1,B_QuadraticTanh-v1,31,0,29,131,Provisional,False,2026-08-11,-2.1686205433,0.911123647208,-1.2076757662,-0.547285111597,45.3664013615,71.8793014968,54.5874750858,60.6626282298,45,72,55,61
311,江承峰,2013,統一7-ELEVEn獅,Swingman,B_Role-v0.1,B_QuadraticTanh-v1,28,5,51.6666666667,250,Regular,False,2026-08-11,0.412468789281,1.56171363475,-0.655384547164,-1.87535016417,68.0416889533,77.0414472317,59.7204892416,48.1064309202,68,77,60,48
311,江承峰,2014,統一7-ELEVEn獅,Swingman,B_Role-v0.1,B_QuadraticTanh-v1,27,6,69.6666666667,302,Regular,False,2026-08-11,0.315417515377,-0.760599031746,-0.00215850998468,-1.51273118008,67.3137336745,58.7805055391,64.9844522063,51.6202751634,67,59,65,52
311,江承峰,2015,統一7-ELEVEn獅,RP,B_Role-v0.1,B_QuadraticTanh-v1,36,0,56,274,Qualified,False,2026-08-11,0.34404934389,-0.398769821837,1.75377479989,-0.855806073003,67.527758065,61.914265456,78.575372786,57.9121773511,68,62,79,58
311,江承峰,2016,統一7-ELEVEn獅,RP,B_Role-v0.1,B_QuadraticTanh-v1,31,0,38,171,Regular,False,2026-08-11,0.23573484285,0.549366820536,0.622336556276,0.0624226548947,66.7214573072,69.0800174477,69.6385750591,65.4511814604,67,69,70,65
311,江承峰,2017,統一7-ELEVEn獅,RP,B_Role-v0.1,B_QuadraticTanh-v1,54,0,48.3333333333,216,Regular,False,2026-08-11,1.26162704223,-0.431755514387,0.181772810507,0.229553037285,74.6479368861,61.6407546986,66.3232512473,66.6757192277,75,62,66,67
311,江承峰,2018,統一7-ELEVEn獅,RP,B_Role-v0.1,B_QuadraticTanh-v1,23,0,20.6666666667,91,Provisional,False,2026-08-11,-0.266293753915,-0.0505854788085,-1.56769196699,0.026595170285,62.9856362044,64.6322156435,51.0837667347,65.1918023509,63,65,51,65
311,江承峰,2020,統一7-ELEVEn獅,RP,B_Role-v0.1,B_QuadraticTanh-v1,29,0,33.3333333333,140,Regular,False,2026-08-11,-0.625240054399,0.380486608278,0.384985995966,0.211119990721,59.9857112519,67.8010242087,67.8348365576,66.5395201199,60,68,68,67
311,江承峰,2021,統一7-ELEVEn獅,RP,B_Role-v0.1,B_QuadraticTanh-v1,40,0,31,129,Regular,False,2026-08-11,0.339494158829,0.540202912349,-1.28653658425,-0.110326927831,67.4936660413,69.0101136441,53.8245451339,64.1887506031,67,69,54,64
311,江承峰,2023,統一7-ELEVEn獅,RP,B_Role-v0.1,B_QuadraticTanh-v1,37,0,28,129,Provisional,False,2026-08-11,-1.21116871716,-0.71417851679,-1.42863805658,-1.13415416149,54.5537807492,59.1978870413,52.4412798112,55.2942039945,55,59,52,55
313,江少慶,2021,富邦悍將,SP,B_Role-v0.1,B_QuadraticTanh-v1,12,12,69.6666666667,285,Provisional,False,2026-08-11,-0.673188874545,0.74087245186,-0.126486223237,0.104600603805,59.5629629444,70.5528389663,64.0671219274,65.7579762303,60,71,64,66
313,江少慶,2022,富邦悍將,SP,B_Role-v0.1,B_QuadraticTanh-v1,22,22,120.666666667,534,Qualified,False,2026-08-11,-0.875325314376,-0.839678865767,-0.243613598294,-0.54466291012,57.7322331192,58.0603736765,63.1645807291,60.6851670275,58,58,63,61
313,江少慶,2023,富邦悍將,SP,B_Role-v0.1,B_QuadraticTanh-v1,12,12,64,276,Provisional,False,2026-08-11,-0.260546178577,1.03673506908,-0.734096233717,1.07901062012,63.031110289,72.8665277754,59.0193025677,73.2001767559,63,73,59,73
368,李文傳,1990,兄弟,Swingman,B_Role-v0.1,B_QuadraticTanh-v1,21,13,88.3333333333,367,Regular,False,2026-08-11,1.41283580605,-1.7215974599,-0.181548609314,-1.83587783366,75.8525984944,49.5863904571,63.6473801555,48.4842524486,76,50,64,48
368,李文傳,1993,兄弟,Swingman,B_Role-v0.1,B_QuadraticTanh-v1,10,2,22.6666666667,96,Provisional,False,2026-08-11,0.535038813331,0.311407835909,-1.42606218432,-0.983528445832,68.9707454632,67.2838112561,52.4664148608,56.7239704435,69,67,52,57
376,黃廣琪,1990,兄弟,Swingman,B_Role-v0.1,B_QuadraticTanh-v1,30,12,124,530,Regular,False,2026-08-11,-0.51374376547,-0.562531189026,0.14813329437,-0.0644717872394,60.9497652063,60.5312802933,66.0762290163,64.530012128,61,61,66,65
376,黃廣琪,1991,兄弟,Swingman,B_Role-v0.1,B_QuadraticTanh-v1,25,2,70.3333333333,306,Regular,False,2026-08-11,0.383673695965,0.666482154048,-0.872489583706,1.24070771997,67.824973239,69.978103408,57.7584139279,74.4816306476,68,70,58,74
376,黃廣琪,1992,兄弟,Swingman,B_Role-v0.1,B_QuadraticTanh-v1,27,1,81,359,Regular,False,2026-08-11,0.428269113996,-2.16947930542,-0.519829536376,1.1153879768,68.1608602737,45.358591027,60.8978553023,73.4877743979,68,45,61,73
376,黃廣琪,1993,兄弟,RP,B_Role-v0.1,B_QuadraticTanh-v1,28,0,64.6666666667,282,Qualified,False,2026-08-11,-0.849795893504,-1.92557288706,-0.508671668757,1.40998293477,57.967457202,47.6282818825,60.9929643765,75.829836434,58,48,61,76
376,黃廣琪,1994,兄弟,RP,B_Role-v0.1,B_QuadraticTanh-v1,23,0,52.6666666667,232,Qualified,False,2026-08-11,1.00336396055,0.208427732397,-0.979227084191,0.708880371039,72.6036248468,66.5196505547,56.764378985,70.3052819066,73,67,57,70
376,黃廣琪,1995,兄弟,Swingman,B_Role-v0.1,B_QuadraticTanh-v1,32,3,83.6666666667,340,Regular,False,2026-08-11,1.14038572944,-0.0545478491664,-0.54051762987,0.97708359894,73.6856557434,64.6031068446,60.7207659736,72.3968926307,74,65,61,72
376,黃廣琪,1996,兄弟,RP,B_Role-v0.1,B_QuadraticTanh-v1,22,0,47.6666666667,211,Regular,False,2026-08-11,-0.390677222139,-0.469274342327,-1.00802529032,-1.04736321359,61.9809651138,61.3264979458,56.4933572095,56.121385282,62,61,56,56
376,黃廣琪,1997,兄弟,RP,B_Role-v0.1,B_QuadraticTanh-v1,11,0,20.3333333333,90,Provisional,False,2026-08-11,0.205255608445,-0.413017012093,-0.723735654756,-0.0996912459208,66.4962470579,61.7964526282,59.1122919852,64.2684159206,66,62,59,64
378,湯尼,1990,統一7-ELEVEn獅,Swingman,B_Role-v0.1,B_QuadraticTanh-v1,46,8,195.333333333,783,Regular,False,2026-08-11,1.33658844041,1.23483896196,0.937915665633,0.627801170233,75.2446433434,74.4349933729,72.0893124996,69.6805396516,75,74,72,70
378,湯尼,1991,統一7-ELEVEn獅,RP,B_Role-v0.1,B_QuadraticTanh-v1,47,0,115.666666667,483,Qualified,False,2026-08-11,0.518295444958,-0.0566973743838,0.709579487131,0.388449891875,68.8432254886,64.5872976042,70.3106855491,67.8608774876,69,65,70,68
378,湯尼,1992,統一7-ELEVEn獅,RP,B_Role-v0.1,B_QuadraticTanh-v1,15,0,28.6666666667,141,Provisional,False,2026-08-11,-0.947081108145,-1.31916513386,-0.456811734169,0.33495954425,57.0655432785,53.5077112711,61.4312532231,67.4597436125,57,54,61,67
378,湯尼,1993,俊國,Swingman,B_Role-v0.1,B_QuadraticTanh-v1,36,1,82.3333333333,344,Regular,False,2026-08-11,-1.60586481888,1.04701437738,-0.680620660093,0.834436940138,50.7114835629,72.9475948692,59.4970194172,71.2800214172,51,73,59,71
378,湯尼,1994,俊國,Swingman,B_Role-v0.1,B_QuadraticTanh-v1,18,5,57.3333333333,274,Regular,False,2026-08-11,-0.512828532122,-0.619818161716,-0.454654750136,-0.738554083381,60.9575646053,60.0332138542,61.4493468165,58.9792288984,61,60,61,59
378,湯尼,1995,俊國,Swingman,B_Role-v0.1,B_QuadraticTanh-v1,19,15,110.333333333,502,Regular,False,2026-08-11,-0.0708687059759,-0.43245946836,1.07401320791,-0.316123172804,64.4827516555,61.6348891466,73.1607026659,62.5878357921,64,62,73,63
378,湯尼,1996,興農,Swingman,B_Role-v0.1,B_QuadraticTanh-v1,22,3,58.3333333333,257,Regular,False,2026-08-11,0.323256869851,-0.909899446579,-0.600310834904,0.474886244781,67.3722709534,57.4119943305,60.2036078347,68.5134977776,67,57,60,69
379,黃武雄,1990,三商,Swingman,B_Role-v0.1,B_QuadraticTanh-v1,32,12,116.666666667,478,Regular,False,2026-08-11,-0.195069532222,0.743525191998,-0.17261680369,0.180768762859,63.5430687836,70.5733916854,63.7160202866,66.3158646571,64,71,64,66
379,黃武雄,1991,三商,Swingman,B_Role-v0.1,B_QuadraticTanh-v1,33,11,94,412,Regular,False,2026-08-11,-0.963061920616,1.78767940428,-0.612372189501,-0.563209567984,56.9160089779,78.8458400625,60.0983488412,60.5254239929,57,79,60,61
379,黃武雄,1992,三商,Swingman,B_Role-v0.1,B_QuadraticTanh-v1,25,17,98.6666666667,432,Regular,False,2026-08-11,-1.43763277714,1.93080341509,0.237547095756,-1.10677620365,52.3535004094,79.9853972003,66.7348716827,55.5560358498,52,80,67,56
379,黃武雄,1993,三商,Swingman,B_Role-v0.1,B_QuadraticTanh-v1,21,14,95.6666666667,418,Regular,False,2026-08-11,0.394829196394,-0.0352871447372,0.605615968669,-0.533930678527,67.9088590135,64.7441938573,69.510286993,60.7772545017,68,65,70,61
379,黃武雄,1994,三商,Swingman,B_Role-v0.1,B_QuadraticTanh-v1,30,3,47.6666666667,206,Regular,False,2026-08-11,-0.176280251603,-1.57103259601,-1.32252993592,-0.101122350331,63.6878927716,51.0511722987,53.475005316,64.2577143759,64,51,53,64
379,黃武雄,1995,三商,RP,B_Role-v0.1,B_QuadraticTanh-v1,34,0,33.6666666667,163,Regular,False,2026-08-11,-1.19796881945,0.677642363889,-0.628273308494,-0.781533074414,54.6810592871,70.0641227545,59.9591091816,58.5909613276,55,70,60,59
380,杜福明,1990,統一7-ELEVEn獅,Swingman,B_Role-v0.1,B_QuadraticTanh-v1,24,14,143,597,Regular,False,2026-08-11,1.54606030541,0.529600561716,1.26204432481,-0.77062791737,76.9163898287,68.9293064238,74.6512552663,58.6898008437,77,69,75,59
380,杜福明,1991,統一7-ELEVEn獅,SP,B_Role-v0.1,B_QuadraticTanh-v1,18,15,99,416,Regular,False,2026-08-11,1.41513286817,0.513272314978,0.481066981692,-0.279737915658,75.8709266775,68.8050052122,68.5603665597,62.8789347203,76,69,69,63
380,杜福明,1992,統一7-ELEVEn獅,SP,B_Role-v0.1,B_QuadraticTanh-v1,26,23,162,670,Qualified,False,2026-08-11,1.12176608224,-1.39318647377,0.133440299161,-1.34400120158,73.5382444337,52.787074937,65.9686333533,53.2661747629,74,53,66,53
380,杜福明,1993,統一7-ELEVEn獅,Swingman,B_Role-v0.1,B_QuadraticTanh-v1,12,8,59.6666666667,271,Regular,False,2026-08-11,1.15208283913,-1.53400142393,0.367995578719,-1.49714285851,73.7783162882,51.412597924,67.7072342782,51.7724910836,74,51,68,52
380,杜福明,1994,統一7-ELEVEn獅,Swingman,B_Role-v0.1,B_QuadraticTanh-v1,12,2,39.3333333333,170,Provisional,False,2026-08-11,-0.0283963890535,-1.12059348563,-0.61105012396,-0.0609341162495,64.7944194662,55.4239907726,60.1099015714,64.5561000133,65,55,60,65
381,黃平洋,1990,味全龍,Swingman,B_Role-v0.1,B_QuadraticTanh-v1,39,24,246,974,Regular,False,2026-08-11,1.24552437465,-0.0854790791828,2.49613026151,1.92949383103,74.5199133801,64.3743879287,84.4156358955,79.974990277,75,64,84,80
381,黃平洋,1991,味全龍,SP,B_Role-v0.1,B_QuadraticTanh-v1,28,23,210,832,Qualified,False,2026-08-11,1.07635650329,0.187799771043,2.24740698749,0.337503377508,73.179211051,66.3676080025,82.4848430093,67.4787715311,73,66,82,67
381,黃平洋,1992,味全龍,Swingman,B_Role-v0.1,B_QuadraticTanh-v1,34,19,174,761,Regular,False,2026-08-11,0.929158300566,1.10530164555,1.78969824944,0.70395041566,72.0206323275,73.4079880772,78.8619399928,70.2671849738,72,73,79,70
381,黃平洋,1993,味全龍,SP,B_Role-v0.1,B_QuadraticTanh-v1,32,28,244,974,Qualified,False,2026-08-11,0.474028664114,-0.280254617209,1.31547111347,1.49128732558,68.5069967996,62.8748245605,75.0764330732,76.4788721518,69,63,75,76
381,黃平洋,1994,味全龍,Swingman,B_Role-v0.1,B_QuadraticTanh-v1,13,7,47,219,Regular,False,2026-08-11,-0.708733535567,0.0755487358239,-0.36487740343,0.259872475027,59.2465737811,65.5464924545,62.1925375407,66.9003411147,59,66,62,67
382,派瑞,1990,兄弟,Swingman,B_Role-v0.1,B_QuadraticTanh-v1,28,18,155.666666667,635,Regular,False,2026-08-11,1.63067733175,0.34552842435,1.19142036563,-0.739755081928,77.5924262546,67.5388312134,74.0902298278,58.9684261119,78,68,74,59
383,劉義傳,1990,三商,Swingman,B_Role-v0.1,B_QuadraticTanh-v1,27,15,103,443,Regular,False,2026-08-11,0.0737911595221,0.568065946988,-0.227962332182,-0.203575700549,65.5337216309,69.2228279293,63.2872867096,63.4771966477,66,69,63,63
383,劉義傳,1991,三商,Swingman,B_Role-v0.1,B_QuadraticTanh-v1,23,8,62.3333333333,279,Regular,False,2026-08-11,0.887207854917,-0.260655096272,-1.00209586269,-1.18982968585,71.6921097948,63.0302493407,56.5492509133,54.7594671514,72,63,57,55
383,劉義傳,1992,三商,RP,B_Role-v0.1,B_QuadraticTanh-v1,23,0,49,221,Regular,False,2026-08-11,-0.796053035732,1.565867529,0.784938708464,-1.11874605769,58.4590242895,77.0746343259,70.8947481532,55.441657445,58,77,71,55
383,劉義傳,1993,三商,RP,B_Role-v0.1,B_QuadraticTanh-v1,32,0,74.3333333333,326,Qualified,False,2026-08-11,1.07590697251,-1.57591367192,-0.186871315758,0.616048792796,73.1756603089,51.0035522436,63.6063744977,69.5903120473,73,51,64,70
383,劉義傳,1994,三商,Swingman,B_Role-v0.1,B_QuadraticTanh-v1,47,2,111.666666667,464,Regular,False,2026-08-11,0.969019100866,-0.0513533465431,-0.234882041628,0.892070897911,72.3335104365,64.6265780423,63.2331151507,71.7301520522,72,65,63,72
383,劉義傳,1995,三商,Swingman,B_Role-v0.1,B_QuadraticTanh-v1,46,3,126.333333333,502,Regular,False,2026-08-11,1.90320033115,1.11306637945,0.0649413629415,1.03874621428,79.7659541736,73.4694068278,65.4694586021,72.8823854505,80,73,65,73
383,劉義傳,1996,三商,RP,B_Role-v0.1,B_QuadraticTanh-v1,45,0,102.333333333,419,Qualified,False,2026-08-11,1.86008859776,-0.81824961646,0.372540416705,-0.0969323211131,79.4228723806,58.2566072589,67.7413461551,64.2890308775,79,58,68,64
383,劉義傳,1997,三商,Swingman,B_Role-v0.1,B_QuadraticTanh-v1,51,5,145.666666667,604,Regular,False,2026-08-11,1.97362679125,0.542582931082,0.524694800786,0.677308098083,80.3254566125,69.0282635017,68.891941821,70.0615452733,80,69,69,70
383,劉義傳,1998,三商,RP,B_Role-v0.1,B_QuadraticTanh-v1,50,0,105,434,Qualified,False,2026-08-11,1.31608430545,-0.113356364596,2.10434955897,-0.481496984722,75.0813162939,64.1660025443,81.3600739108,61.2234068135,75,64,81,61
383,劉義傳,1999,三商,RP,B_Role-v0.1,B_QuadraticTanh-v1,40,0,59.6666666667,247,Qualified,False,2026-08-11,-0.0327016489104,-0.505973283085,0.0146351601488,-0.572871631662,64.7630545908,61.015922669,65.1054693445,60.4419037647,65,61,65,60
383,劉義傳,2000,兄弟,RP,B_Role-v0.1,B_QuadraticTanh-v1,42,0,65.3333333333,272,Qualified,False,2026-08-11,1.9367391202,0.523244865378,0.0662205694254,1.08465510937,80.032561281,68.8809015034,65.4787433605,73.2447724741,80,69,65,73
383,劉義傳,2005,兄弟,RP,B_Role-v0.1,B_QuadraticTanh-v1,29,0,34.3333333333,163,Regular,False,2026-08-11,-0.344095480883,0.978337143127,-1.20952243564,-0.684818859949,62.3617639652,72.4067471606,54.5696626434,59.4597190833,62,72,55,59
384,康明杉,1990,三商,Swingman,B_Role-v0.1,B_QuadraticTanh-v1,35,11,143,589,Regular,False,2026-08-11,-1.17304417739,0.857174718683,0.319367202447,0.966509345447,54.9209868901,71.4574159135,67.3432204998,72.3137907545,55,71,67,72
384,康明杉,1991,三商,Swingman,B_Role-v0.1,B_QuadraticTanh-v1,36,17,145.333333333,638,Regular,False,2026-08-11,-0.917320478502,0.2187820643,0.459570251296,1.45106856747,57.3430138238,66.5961005525,68.3974704436,76.1577345513,57,67,68,76
384,康明杉,1992,三商,Swingman,B_Role-v0.1,B_QuadraticTanh-v1,33,21,155,676,Regular,False,2026-08-11,-0.355616626904,-0.28730675268,1.32485994283,-0.645923513898,62.2680803244,62.8186590592,75.1512097826,59.8039334605,62,63,75,60
384,康明杉,1993,三商,SP,B_Role-v0.1,B_QuadraticTanh-v1,24,21,139.666666667,602,Qualified,False,2026-08-11,0.235522825854,-0.0525768199791,-0.671248539328,-0.623338672739,66.7198881209,64.6175920632,59.5801615623,60.0023767904,67,65,60,60
384,康明杉,1994,三商,SP,B_Role-v0.1,B_QuadraticTanh-v1,28,25,188.666666667,788,Qualified,False,2026-08-11,0.0807247436224,-0.32081982203,0.795985291159,-0.508543954721,65.5841177625,62.5500151781,70.9806206657,60.9940513628,66,63,71,61
384,康明杉,1995,三商,SP,B_Role-v0.1,B_QuadraticTanh-v1,24,22,152.666666667,632,Qualified,False,2026-08-11,1.01598891559,-0.771181605477,0.028648714099,-0.666394682545,72.7030357545,58.6847877003,65.2066386261,59.6231515139,73,59,65,60
384,康明杉,1996,三商,SP,B_Role-v0.1,B_QuadraticTanh-v1,20,18,113,524,Regular,False,2026-08-11,-1.41798776956,-1.85714670158,-0.559583055675,-1.52099432554,52.5451949344,48.2804627814,60.5567191218,51.5395917473,53,48,61,52
385,陳逸松,1990,兄弟,Swingman,B_Role-v0.1,B_QuadraticTanh-v1,34,10,129.333333333,540,Regular,False,2026-08-11,0.55319610143,-0.504011160584,0.0371017753882,0.544657645107,69.1092441764,61.0326062626,65.2677490669,69.0440881747,69,61,65,69
385,陳逸松,1991,兄弟,Swingman,B_Role-v0.1,B_QuadraticTanh-v1,21,4,47,207,Regular,False,2026-08-11,0.322869815281,0.104337489061,-1.37570698908,-0.413001997066,67.3693796694,65.7560576087,52.9574387363,61.7965770491,67,66,53,62
385,陳逸松,1992,兄弟,Swingman,B_Role-v0.1,B_QuadraticTanh-v1,18,7,54.6666666667,235,Regular,False,2026-08-11,-0.641351097035,0.856091132869,-0.801125281954,0.387347640014,59.8441950031,71.4489563063,58.4128457802,67.8525900027,60,71,58,68
385,陳逸松,1993,兄弟,Swingman,B_Role-v0.1,B_QuadraticTanh-v1,15,2,30.6666666667,132,Provisional,False,2026-08-11,-0.115118700644,-0.46268926986,-1.43736672485,0.669850322085,64.1527576599,61.3818946458,52.356097022,70.0040564218,64,61,52,70
385,陳逸松,1994,兄弟,Swingman,B_Role-v0.1,B_QuadraticTanh-v1,9,3,26.6666666667,120,Provisional,False,2026-08-11,-0.0595890238341,0.597511144019,-0.902060472943,-0.826130663449,64.5660100804,69.4481659035,57.4847671977,58.1845302083,65,69,57,58
385,陳逸松,1995,兄弟,RP,B_Role-v0.1,B_QuadraticTanh-v1,12,0,24.3333333333,117,Provisional,False,2026-08-11,0.819564139153,-0.509457898908,-0.487039038318,0.0283348230132,71.1641263705,60.9862718772,61.176548238,65.2043706086,71,61,61,65
385,陳逸松,1996,兄弟,RP,B_Role-v0.1,B_QuadraticTanh-v1,10,0,24.3333333333,111,Provisional,False,2026-08-11,-0.998182575343,-0.773572465483,-0.496208772713,-0.833629730876,56.5861137881,58.6631341773,61.0988613025,58.1158471056,57,59,61,58
386,史東,1990,味全龍,Swingman,B_Role-v0.1,B_QuadraticTanh-v1,33,25,216,888,Regular,False,2026-08-11,-0.673019515188,0.982344571917,2.30760087963,0.356713173322,59.5644644037,72.4382552236,82.9552776724,67.6226193742,60,72,83,68
386,史東,1991,味全龍,Swingman,B_Role-v0.1,B_QuadraticTanh-v1,34,23,211.333333333,879,Regular,False,2026-08-11,0.240842025992,1.18320598937,2.1347257837,0.312099013911,66.7592676691,74.0250603633,81.5996230691,67.2889683196,67,74,82,67
386,史東,1992,味全龍,SP,B_Role-v0.1,B_QuadraticTanh-v1,32,26,217.333333333,922,Qualified,False,2026-08-11,0.0580490988602,-1.65727642726,1.8097002717,-0.000497286406203,65.4194577268,50.2108703333,79.0214191358,64.9964191917,65,50,79,65
386,史東,1996,時報,SP,B_Role-v0.1,B_QuadraticTanh-v1,11,11,63,263,Provisional,False,2026-08-11,-0.98716465955,-0.735375081498,-0.987260021888,-0.702048921426,56.6897906252,59.0078102819,56.6888939903,59.3062655766,57,59,57,59
387,瑞奇,1990,統一7-ELEVEn獅,Swingman,B_Role-v0.1,B_QuadraticTanh-v1,33,21,174,759,Regular,False,2026-08-11,-1.72242412787,2.09205330226,1.23540292636,3.25796841394,49.5783809411,81.2630042326,74.4394746659,90.0322449973,50,81,74,90
387,瑞奇,1991,統一7-ELEVEn獅,Swingman,B_Role-v0.1,B_QuadraticTanh-v1,31,22,174.666666667,720,Regular,False,2026-08-11,-1.23124300839,0.265381336803,1.49124637323,2.02095991018,54.359948897,66.9412323771,76.4785450929,80.7007226314,54,67,76,81
387,瑞奇,1992,統一7-ELEVEn獅,SP,B_Role-v0.1,B_QuadraticTanh-v1,22,20,136,630,Qualified,False,2026-08-11,-1.90538634618,0.625389001225,-0.248236341148,1.53497416311,47.8201023496,69.6620135339,63.1282160909,76.8278246941,48,70,63,77
387,瑞奇,1996,兄弟,SP,B_Role-v0.1,B_QuadraticTanh-v1,16,13,89,379,Regular,False,2026-08-11,-1.97925735056,0.579648360348,-0.901847167958,3.3071103965,47.1207504813,69.3113996219,57.4867460697,90.3747097749,47,69,57,90
387,瑞奇,1997,兄弟,Swingman,B_Role-v0.1,B_QuadraticTanh-v1,34,20,144,637,Regular,False,2026-08-11,-0.613434571827,0.68272650378,1.25640358421,2.62834128877,60.089062638,70.1033339892,74.6064014412,85.4260359335,60,70,75,85
388,涂鴻欽,1990,三商,Swingman,B_Role-v0.1,B_QuadraticTanh-v1,31,18,149,615,Regular,False,2026-08-11,0.157268229102,2.02736928418,0.743830436072,1.77812026165,66.1432151926,80.7514844475,70.5757568833,78.7695996335,66,81,71,79
388,涂鴻欽,1991,三商,Swingman,B_Role-v0.1,B_QuadraticTanh-v1,33,11,126,521,Regular,False,2026-08-11,0.16784783876,0.601931536492,0.160285307271,-0.106684229273,66.2208825562,69.4820417893,66.1653547161,64.2160705452,66,69,66,64
388,涂鴻欽,1992,三商,SP,B_Role-v0.1,B_QuadraticTanh-v1,21,17,132.666666667,536,Qualified,False,2026-08-11,0.975926596804,0.517688684297,-0.0287039413255,-1.41913762073,72.3877976242,68.838607832,64.7921805821,52.5339769982,72,69,65,53
388,涂鴻欽,1993,三商,Swingman,B_Role-v0.1,B_QuadraticTanh-v1,23,9,97,387,Regular,False,2026-08-11,1.21815232831,0.143278402095,0.454807699758,0.686710237334,74.302436222,66.0406568369,68.3614248712,70.1340689446,74,66,68,70
388,涂鴻欽,1994,三商,Swingman,B_Role-v0.1,B_QuadraticTanh-v1,14,8,47.3333333333,206,Regular,False,2026-08-11,0.225875813277,-2.34753759371,-0.472808281291,-0.210730920656,66.6485267431,43.772648815,61.2967269535,63.4216380968,67,44,61,63
388,涂鴻欽,1995,三商,Swingman,B_Role-v0.1,B_QuadraticTanh-v1,21,9,77,333,Regular,False,2026-08-11,-0.627424758563,-0.0997752242972,-0.208777109715,0.000268200479848,59.9665530293,64.2677880997,63.4368223855,65.0019310758,60,64,63,65
388,涂鴻欽,1996,三商,Swingman,B_Role-v0.1,B_QuadraticTanh-v1,7,2,20.6666666667,89,Provisional,False,2026-08-11,0.856333977341,0.521495341035,-0.918382494687,0.55418767148,71.4508521554,68.8675818842,57.3331351811,69.1168138323,71,69,57,69
389,翁豐堉,1990,三商,Swingman,B_Role-v0.1,B_QuadraticTanh-v1,30,12,105.333333333,487,Regular,False,2026-08-11,-0.79964994629,-0.42482416072,-0.356874301776,-0.183060674052,58.4262821862,61.6984454662,62.2578335994,63.6357390144,58,62,62,64
389,翁豐堉,1991,三商,Swingman,B_Role-v0.1,B_QuadraticTanh-v1,16,9,51,232,Regular,False,2026-08-11,0.124617746566,-0.160444775701,-0.901073087813,-0.485915772847,65.9041144047,63.8092178493,57.4939267643,61.1860513026,66,64,57,61
389,翁豐堉,1992,三商,Swingman,B_Role-v0.1,B_QuadraticTanh-v1,30,18,124,545,Regular,False,2026-08-11,-0.506013249532,-1.25066338586,0.638278597832,1.84056083595,61.0155827496,54.1721417448,69.7610505605,79.2673458419,61,54,70,79
389,翁豐堉,1993,三商,Swingman,B_Role-v0.1,B_QuadraticTanh-v1,17,13,75.6666666667,328,Regular,False,2026-08-11,-0.650938614209,0.962301978788,0.307405913201,1.04457816056,59.7597243147,72.2807384948,67.2539590954,72.9283782651,60,72,67,73
389,翁豐堉,1994,三商,Swingman,B_Role-v0.1,B_QuadraticTanh-v1,28,17,124.333333333,556,Regular,False,2026-08-11,-0.49812550284,1.64643793235,0.889423632813,1.04777523751,61.082598081,77.7183314871,71.7094418559,72.9535968959,61,78,72,73
389,翁豐堉,1995,三商,Swingman,B_Role-v0.1,B_QuadraticTanh-v1,20,9,74.3333333333,330,Regular,False,2026-08-11,0.56876450774,-0.876074466298,-0.223471509106,0.168759871606,69.2281674337,57.7253144142,63.3223763595,66.2275823791,69,58,63,66
389,翁豐堉,1996,三商,SP,B_Role-v0.1,B_QuadraticTanh-v1,18,17,87.6666666667,391,Regular,False,2026-08-11,-0.249277560629,-0.177444206071,-1.67646649044,-0.799665150364,63.1200176996,63.6789485666,50.0243135321,58.426143737,63,64,50,58
389,翁豐堉,1997,三商,SP,B_Role-v0.1,B_QuadraticTanh-v1,23,22,123,508,Qualified,False,2026-08-11,1.06712661448,-0.930225426537,0.016531786633,0.672037563687,73.1063204712,57.2228586752,65.1191515703,70.0209135451,73,57,65,70
389,翁豐堉,1998,三商,Swingman,B_Role-v0.1,B_QuadraticTanh-v1,23,13,73,319,Regular,False,2026-08-11,0.148904839594,-1.37255299149,-0.0893628677434,0.133472966623,66.0818840187,52.9881681895,64.3454836537,65.9688723719,66,53,64,66
389,翁豐堉,1999,三商,Swingman,B_Role-v0.1,B_QuadraticTanh-v1,18,13,83,339,Regular,False,2026-08-11,1.73833027625,-1.2146185511,0.931325534049,1.15430280806,78.4521192954,54.5204926608,72.0376258542,73.7959067958,78,55,72,74
389,翁豐堉,2000,興農,Swingman,B_Role-v0.1,B_QuadraticTanh-v1,48,8,108.666666667,463,Regular,False,2026-08-11,0.493421269679,0.349099489948,-0.042166594889,0.643211872222,68.6541286046,67.5655728414,64.6939190896,69.7989821334,69,68,65,70
389,翁豐堉,2001,興農,RP,B_Role-v0.1,B_QuadraticTanh-v1,17,0,25.3333333333,105,Provisional,False,2026-08-11,0.683751593597,-1.27549339524,-1.96299703697,0.0520503386,70.1112417881,53.9316376366,47.2740592749,65.3759728463,70,54,47,65
389,翁豐堉,2003,第一,RP,B_Role-v0.1,B_QuadraticTanh-v1,28,0,40.3333333333,184,Regular,False,2026-08-11,-0.809739918478,0.421898017716,-0.341596706254,-0.738690604806,58.3343122567,68.1127857011,62.3820389241,58.9780010483,58,68,62,59
390,張永昌,1990,兄弟,Swingman,B_Role-v0.1,B_QuadraticTanh-v1,29,8,105.666666667,458,Regular,False,2026-08-11,1.4054120358,0.228089800939,-0.28671534445,0.362711114471,75.7933689624,66.6648975183,62.8233741262,67.6675904076,76,67,63,68
390,張永昌,1991,兄弟,Swingman,B_Role-v0.1,B_QuadraticTanh-v1,26,12,79.6666666667,335,Regular,False,2026-08-11,0.597132349391,-2.85534633045,-0.661765398878,-0.332535127294,69.4452635657,39.7016290323,59.6641079085,62.4554330604,69,40,60,62
390,張永昌,1992,兄弟,Swingman,B_Role-v0.1,B_QuadraticTanh-v1,11,8,42.6666666667,183,Regular,False,2026-08-11,0.885723406869,-1.35293761673,-0.44648530152,0.167726500508,71.6804995581,53.1791971684,61.5177755934,66.2199912537,72,53,62,66
390,張永昌,1993,兄弟,Swingman,B_Role-v0.1,B_QuadraticTanh-v1,10,7,37.6666666667,165,Provisional,False,2026-08-11,1.22044805399,-0.666678567158,-0.499359781544,0.140860393652,74.320669103,59.6206385008,61.0721209065,66.0229473193,74,60,61,66
391,賈西,1990,味全龍,Swingman,B_Role-v0.1,B_QuadraticTanh-v1,24,19,160.666666667,688,Regular,False,2026-08-11,-1.46347335687,1.56706160148,1.8141096638,0.26898250277,52.1012522108,77.0841742903,79.0565673704,66.9679761694,52,77,79,67
391,賈西,1991,味全龍,Swingman,B_Role-v0.1,B_QuadraticTanh-v1,23,18,145.333333333,617,Regular,False,2026-08-11,-1.02994346708,0.404827385148,1.50116335214,0.150207901667,56.2863461312,67.9841197022,76.5577485602,66.0914358855,56,68,77,66
392,將生,1990,兄弟,SP,B_Role-v0.1,B_QuadraticTanh-v1,23,19,81.6666666667,370,Regular,False,2026-08-11,-1.75318709579,1.07054974688,-0.574824212871,0.52691774172,49.2806643973,73.1333502435,60.4250005524,68.9088708035,49,73,60,69
392,將生,1991,三商 / 兄弟,Swingman,B_Role-v0.1,B_QuadraticTanh-v1,17,6,41.6666666667,202,Regular,False,2026-08-11,-1.96779212841,-0.813603672822,-1.33353162971,0.537743450511,47.2288105478,58.2990466857,53.3680294794,68.991361891,47,58,53,69
393,林光宏,1990,味全龍,Swingman,B_Role-v0.1,B_QuadraticTanh-v1,22,9,80,358,Regular,False,2026-08-11,0.0103553951737,0.0776502752924,-0.55409593988,-1.20800322725,65.0746070323,65.5617661014,60.6040152106,54.5843166935,65,66,61,55
393,林光宏,1991,味全龍,Swingman,B_Role-v0.1,B_QuadraticTanh-v1,21,7,74.6666666667,309,Regular,False,2026-08-11,0.522751499807,-0.45497075678,-0.488992325491,-1.07152075141,68.8771451655,61.4466967198,61.160016061,55.8920055723,69,61,61,56
393,林光宏,1992,味全龍,Swingman,B_Role-v0.1,B_QuadraticTanh-v1,27,13,99.6666666667,438,Regular,False,2026-08-11,-0.577019759511,-0.44427759961,0.0996119306752,-1.30413924172,60.4059840862,61.5362405821,65.72160918,53.6536911111,60,62,66,54
393,林光宏,1993,味全龍,Swingman,B_Role-v0.1,B_QuadraticTanh-v1,14,8,45.6666666667,210,Regular,False,2026-08-11,0.365148466501,-2.15964080494,-0.650395931266,-1.68633674404,67.6858727478,45.4481568235,59.7645106764,49.9284354148,68,45,60,50
393,林光宏,1994,味全龍,Swingman,B_Role-v0.1,B_QuadraticTanh-v1,16,5,52,219,Regular,False,2026-08-11,-0.481644396216,0.0755487358239,-0.483192654793,-1.41946785332,61.222161358,65.5464924545,61.2090773278,52.5307551969,61,66,61,53
393,林光宏,1995,味全龍,Swingman,B_Role-v0.1,B_QuadraticTanh-v1,16,3,42.3333333333,190,Regular,False,2026-08-11,-0.923374311138,0.143630065593,-1.06389007246,-0.316550706618,57.2866793531,66.0432328352,55.964535392,62.5843953066,57,66,56,63
394,李偉,1990,三商,Swingman,B_Role-v0.1,B_QuadraticTanh-v1,21,10,72.3333333333,328,Regular,False,2026-08-11,-0.0456714427951,-0.121449398129,-0.729475204981,-0.700510574568,64.6682553141,64.1051094792,59.0608031406,59.3199901853,65,64,59,59
395,剛烈,1990,三商,Swingman,B_Role-v0.1,B_QuadraticTanh-v1,19,10,84.3333333333,377,Regular,False,2026-08-11,-1.44732918745,0.654479771075,-0.105731104122,-0.7198069094,52.2588576659,69.8856753825,64.2232129357,59.1474997573,52,70,64,59
395,剛烈,1991,三商,Swingman,B_Role-v0.1,B_QuadraticTanh-v1,13,2,30.3333333333,140,Provisional,False,2026-08-11,-1.00588840489,0.104093259071,-1.50411423337,-1.36251744424,56.5135059259,65.7542767471,51.7044166784,53.0859204214,57,66,52,53
396,謝佳訓,1990,統一7-ELEVEn獅,Swingman,B_Role-v0.1,B_QuadraticTanh-v1,18,14,63,290,Regular,False,2026-08-11,-0.000473427412577,-0.397223610108,-0.797398867207,-1.14480105135,64.9965910089,61.9270217507,58.4467761005,55.192174065,65,62,58,55
396,謝佳訓,1992,統一7-ELEVEn獅,Swingman,B_Role-v0.1,B_QuadraticTanh-v1,24,2,54,248,Regular,False,2026-08-11,-1.10904135805,-0.951583968457,-1.26947416023,-1.56680580006,55.534402815,57.0234469118,53.9899775401,51.0924134454,56,57,54,51
396,謝佳訓,1995,統一7-ELEVEn獅,Swingman,B_Role-v0.1,B_QuadraticTanh-v1,6,1,20,89,Provisional,False,2026-08-11,-0.140089367731,0.329597777266,-1.08013887881,0.46266017173,63.964184074,67.4196536371,55.8100083058,68.4208651503,64,67,56,68
396,謝佳訓,1996,統一7-ELEVEn獅,Swingman,B_Role-v0.1,B_QuadraticTanh-v1,16,3,43.6666666667,193,Regular,False,2026-08-11,-0.841851657767,0.122665310836,-0.745638820095,-0.841681543888,58.0404329638,65.8898452773,58.915463399,58.0419944658,58,66,59,58
396,謝佳訓,1997,時報 / 統一7-ELEVEn獅,Swingman,B_Role-v0.1,B_QuadraticTanh-v1,18,1,30.3333333333,162,Provisional,False,2026-08-11,0.373589891287,-2.82676684424,-1.56457065682,-1.09579518058,67.7492253082,39.910319717,51.1142234218,55.6608294856,68,40,51,56
397,廖照鎔,1990,統一7-ELEVEn獅,Swingman,B_Role-v0.1,B_QuadraticTanh-v1,16,5,40.6666666667,202,Regular,False,2026-08-11,-0.0193240120436,-1.1617405529,-1.50927612994,-0.387056001429,64.86034507,55.0296132826,51.6540122119,62.0107596502,65,55,52,62
397,廖照鎔,1992,統一7-ELEVEn獅,Swingman,B_Role-v0.1,B_QuadraticTanh-v1,15,2,26.3333333333,120,Provisional,False,2026-08-11,-0.424533370813,-0.870968636701,-1.87720396908,-0.147141504481,61.700863241,57.772450641,48.0887286043,63.9106222867,62,58,48,64
398,徐育鉉,1990,統一7-ELEVEn獅,Swingman,B_Role-v0.1,B_QuadraticTanh-v1,14,5,47,209,Regular,False,2026-08-11,0.9856710168,-2.24824462179,-1.03369666209,-0.156192756494,72.4644140929,44.6485629496,56.2508363903,63.8416806735,72,45,56,64
399,郭進興,1990,統一7-ELEVEn獅,Swingman,B_Role-v0.1,B_QuadraticTanh-v1,13,10,62.6666666667,274,Regular,False,2026-08-11,1.35588960141,-0.522155061309,-0.136076879462,1.24451356763,75.3984557165,60.8779970456,63.9945994622,74.5118790341,75,61,64,75
399,郭進興,1991,統一7-ELEVEn獅,Swingman,B_Role-v0.1,B_QuadraticTanh-v1,32,17,136.333333333,555,Regular,False,2026-08-11,1.48464913909,-0.693210465772,0.46872221327,0.843141582946,76.4258589382,59.3850556638,68.4667820724,71.3479028385,76,59,68,71
399,郭進興,1992,統一7-ELEVEn獅,Swingman,B_Role-v0.1,B_QuadraticTanh-v1,30,15,137.666666667,603,Regular,False,2026-08-11,0.892470495194,-0.540792009218,1.06217028429,-0.208380371543,71.7332784812,60.7184108375,73.0671916245,63.4399044556,72,61,73,63
399,郭進興,1993,統一7-ELEVEn獅,Swingman,B_Role-v0.1,B_QuadraticTanh-v1,39,8,120.333333333,490,Regular,False,2026-08-11,1.18446184204,-0.627680793376,0.182583395774,0.665835376753,74.0350225673,59.9643071399,66.3292151803,69.9731205133,74,60,66,70
399,郭進興,1994,統一7-ELEVEn獅,Swingman,B_Role-v0.1,B_QuadraticTanh-v1,32,18,167.333333333,683,Regular,False,2026-08-11,1.59214337035,0.432702898495,1.74397183726,-0.028571269742,77.2845662063,68.1943335923,78.4971443924,64.7931464219,77,68,78,65
399,郭進興,1995,統一7-ELEVEn獅,SP,B_Role-v0.1,B_QuadraticTanh-v1,32,26,210.333333333,834,Qualified,False,2026-08-11,0.860476000138,-0.608335307676,0.763912322179,0.882376051679,71.4831926823,60.1336130652,70.7314742157,71.6543228459,71,60,71,72
399,郭進興,1996,統一7-ELEVEn獅,Swingman,B_Role-v0.1,B_QuadraticTanh-v1,34,23,185.333333333,763,Regular,False,2026-08-11,1.46788747725,0.397821170915,2.54583807515,0.677778797354,76.2920133755,67.9313732388,84.7969590497,70.0651747944,76,68,85,70
400,牛復興,1990,兄弟,Swingman,B_Role-v0.1,B_QuadraticTanh-v1,13,2,25.6666666667,111,Provisional,False,2026-08-11,-0.874608775282,-0.849054547435,-1.94896852266,-0.244712757223,57.7388497807,57.9742716988,47.4066208299,63.1559392795,58,58,47,63
401,張見發,1990,味全龍,Swingman,B_Role-v0.1,B_QuadraticTanh-v1,13,7,39.6666666667,184,Provisional,False,2026-08-11,0.160760188585,-1.34480158287,-1.26300952253,-1.06654650433,66.1688401219,53.2583861074,54.0526081666,55.9392937171,66,53,54,56
401,張見發,1992,味全龍,Swingman,B_Role-v0.1,B_QuadraticTanh-v1,13,6,45.6666666667,199,Regular,False,2026-08-11,1.49623711734,0.92635093959,-0.626181913109,-1.11627429908,76.5184036401,71.9986225693,59.9774530832,55.4652888922,77,72,60,55
401,張見發,1994,味全龍,Swingman,B_Role-v0.1,B_QuadraticTanh-v1,23,8,77.3333333333,316,Regular,False,2026-08-11,2.10630845882,-1.98064996504,-0.147530888159,-1.79167093927,81.3755326978,47.1076377934,63.9076609668,48.9092616965,81,47,64,49
401,張見發,1995,味全龍,Swingman,B_Role-v0.1,B_QuadraticTanh-v1,18,1,47.6666666667,207,Regular,False,2026-08-11,1.67284371514,-2.43317171964,-0.993835450643,-1.71864504173,77.9292514896,43.0360254,56.6270392199,49.6149999351,78,43,57,50
401,張見發,1996,味全龍,Swingman,B_Role-v0.1,B_QuadraticTanh-v1,23,2,36,177,Provisional,False,2026-08-11,0.789695659492,-1.80126688377,-1.47654600306,-1.08583008227,70.9317192949,48.8168497197,51.9736130604,55.7558125022,71,49,52,56
401,張見發,1998,味全龍,RP,B_Role-v0.1,B_QuadraticTanh-v1,17,0,29.3333333333,131,Provisional,False,2026-08-11,0.841977717009,0.268387960585,-0.580840163227,-1.4482208357,71.3388244907,66.9635601385,60.3728690844,52.250153927,71,67,60,52
402,陳炫琦,1990,統一7-ELEVEn獅,Swingman,B_Role-v0.1,B_QuadraticTanh-v1,13,7,44.3333333333,205,Regular,False,2026-08-11,-1.25215644089,-0.551161169364,-1.03435652249,-0.720705435037,54.1576917722,60.6292840538,56.2445914781,59.1394501739,54,61,56,59
403,大羅曼,1990,兄弟,Swingman,B_Role-v0.1,B_QuadraticTanh-v1,12,6,67.6666666667,280,Regular,False,2026-08-11,-0.963519881828,-0.474652573152,0.327263766636,1.00912265018,56.9117183664,61.281178489,67.4022090732,72.6489619474,57,61,67,73
403,大羅曼,1991,兄弟,Swingman,B_Role-v0.1,B_QuadraticTanh-v1,31,23,171.333333333,741,Regular,False,2026-08-11,-0.979101831111,1.05594648216,1.40778645034,1.40463874175,56.7655552733,73.0180689082,75.8123121472,75.7871997437,57,73,76,76
403,大羅曼,1992,兄弟,Swingman,B_Role-v0.1,B_QuadraticTanh-v1,14,10,59.3333333333,280,Regular,False,2026-08-11,-0.717794767157,1.23749663045,-0.0444147364228,0.288891974371,59.1655201883,74.4561120367,64.6774612923,67.1160169085,59,74,65,67
404,童健勝,1992,統一7-ELEVEn獅,RP,B_Role-v0.1,B_QuadraticTanh-v1,10,0,22.3333333333,105,Provisional,False,2026-08-11,-1.02436947282,-1.05105455062,0.317847127758,-1.22638229869,56.3390497851,56.0863809453,67.3318707942,54.4069112788,56,56,67,54
405,林琨瑋,1990,味全龍,Swingman,B_Role-v0.1,B_QuadraticTanh-v1,10,4,34.6666666667,161,Provisional,False,2026-08-11,-0.696881605291,-0.97093982239,-1.10527458332,-0.978908791405,59.3523481502,56.8421598654,55.5703738093,56.7673681228,59,57,56,57
405,林琨瑋,1991,味全龍,Swingman,B_Role-v0.1,B_QuadraticTanh-v1,8,6,39.6666666667,170,Provisional,False,2026-08-11,-0.14215516093,-2.0166907986,-0.209605952847,-1.53538757146,63.9485080317,46.7692733147,63.4303821568,51.3990653749,64,47,63,51
405,林琨瑋,1992,味全龍,Swingman,B_Role-v0.1,B_QuadraticTanh-v1,12,3,35.3333333333,150,Provisional,False,2026-08-11,-0.785436940982,0.873774949114,-1.07775991893,-1.19679258858,58.5555258186,71.5870853889,55.8326515222,54.6923939241,59,72,56,55
405,林琨瑋,1993,味全龍,Swingman,B_Role-v0.1,B_QuadraticTanh-v1,10,1,28.3333333333,119,Provisional,False,2026-08-11,-0.512789852393,-0.0416391570821,-1.07597460994,0.205839786866,60.9578941827,64.6977782336,55.8496400183,66.5005564281,61,65,56,67
405,林琨瑋,1995,味全龍,RP,B_Role-v0.1,B_QuadraticTanh-v1,16,0,34,156,Regular,False,2026-08-11,1.39615352579,-1.46498395642,0.149729699699,-0.279322145936,75.7195111541,52.0865036881,66.0879303443,62.8822415085,76,52,66,63
405,林琨瑋,1996,味全龍,Swingman,B_Role-v0.1,B_QuadraticTanh-v1,16,1,29,129,Provisional,False,2026-08-11,1.19653649338,-1.49505322521,-1.43160399165,0.0176725871621,74.1308284358,51.7928960992,52.4123369474,65.1273828315,74,52,52,65
406,李仲弘,1990,味全龍,Swingman,B_Role-v0.1,B_QuadraticTanh-v1,8,2,23.6666666667,110,Provisional,False,2026-08-11,-0.0904259161408,-0.178088232845,-1.47418339783,-0.979090557345,64.3375649352,63.6739981017,51.9966820768,56.7656611474,64,64,52,57
408,陳憲章,1992,兄弟,Swingman,B_Role-v0.1,B_QuadraticTanh-v1,24,15,122.666666667,493,Regular,False,2026-08-11,2.01328707611,1.69233972718,1.19526355768,-1.4319612687,80.6399371677,78.0849516263,74.1207264948,52.4088503708,81,78,74,52
408,陳憲章,1993,兄弟,SP,B_Role-v0.1,B_QuadraticTanh-v1,27,23,149,651,Qualified,False,2026-08-11,1.28312066556,-1.48741306253,-0.820234558844,-1.42653146881,74.8189121589,51.8675010132,58.238463882,52.46183574,75,52,58,52
408,陳憲章,1994,兄弟,Swingman,B_Role-v0.1,B_QuadraticTanh-v1,20,14,97.3333333333,406,Regular,False,2026-08-11,1.62876735671,0.509959494671,0.79165221492,-0.75355544564,77.5771676254,68.7798077467,70.9469291381,58.8440987025,78,69,71,59
408,陳憲章,1995,兄弟,SP,B_Role-v0.1,B_QuadraticTanh-v1,21,18,125.666666667,503,Qualified,False,2026-08-11,1.21628006968,0.311775469117,-0.525024933967,-1.28742508779,74.2875675576,67.2865542196,60.8534735929,53.8159255328,74,67,61,54
408,陳憲章,1996,兄弟,Swingman,B_Role-v0.1,B_QuadraticTanh-v1,27,18,115.666666667,508,Regular,False,2026-08-11,0.999770903765,1.7852684684,1.02043443041,-0.560664486594,72.5753440077,78.8266125003,72.7380552099,60.5473899045,73,79,73,61
408,陳憲章,1997,兄弟,Swingman,B_Role-v0.1,B_QuadraticTanh-v1,26,17,109,464,Regular,False,2026-08-11,1.16839554137,1.08470216914,0.792867084025,0.0412176436696,73.9076082817,73.2451443279,70.9563742783,65.2975272012,74,73,71,65
408,陳憲章,1998,兄弟,Swingman,B_Role-v0.1,B_QuadraticTanh-v1,16,7,51.3333333333,227,Regular,False,2026-08-11,0.362901947688,-0.144030206026,-0.378155213899,-1.32656450663,67.6690216687,63.9342694902,62.0838567035,53.4357817085,68,64,62,53
423,陽介仁,1991,味全龍,Swingman,B_Role-v0.1,B_QuadraticTanh-v1,19,12,97.3333333333,406,Regular,False,2026-08-11,1.02291167522,-0.91008206015,0.460182096697,-0.978842315191,72.7575729582,57.4102979062,68.4021023758,56.7679923937,73,57,68,57
423,陽介仁,1992,味全龍,Swingman,B_Role-v0.1,B_QuadraticTanh-v1,26,11,112,491,Regular,False,2026-08-11,0.878864398589,-0.874883926165,0.602272194675,0.270276013451,71.6268669593,57.7363090824,69.4846529495,66.9775848352,72,58,69,67
423,陽介仁,1993,味全龍,Swingman,B_Role-v0.1,B_QuadraticTanh-v1,29,18,166,674,Regular,False,2026-08-11,1.28512217543,0.871646146309,2.05037457976,-0.233551069896,74.8348386635,71.5704492906,80.9335745166,63.2435445174,75,72,81,63
423,陽介仁,1994,味全龍,Swingman,B_Role-v0.1,B_QuadraticTanh-v1,31,16,138.666666667,580,Regular,False,2026-08-11,1.10561788924,-0.490939731851,1.06461881488,-1.73463417729,73.4104891657,61.1435248786,73.086520997,49.4601335518,73,61,73,49
423,陽介仁,1995,味全龍,Swingman,B_Role-v0.1,B_QuadraticTanh-v1,12,7,40,194,Regular,False,2026-08-11,-0.262838590198,-1.20533101123,-0.820884201681,-1.31061674272,63.0129832651,54.6100879003,58.2325243307,53.5907755394,63,55,58,54
423,陽介仁,2000,興農,Swingman,B_Role-v0.1,B_QuadraticTanh-v1,33,1,58.6666666667,261,Regular,False,2026-08-11,-0.484623520137,0.775953932329,-1.32130828304,0.840695681112,61.1969804206,70.8249508244,53.4868804736,71.3288251715,61,71,53,71
423,陽介仁,2001,興農,Swingman,B_Role-v0.1,B_QuadraticTanh-v1,34,8,75.3333333333,324,Regular,False,2026-08-11,1.39494734058,-0.930768154903,-0.768569340858,-0.135433140091,75.7098899051,57.2177999375,58.7084344463,63.999475073,76,57,59,64
426,陳義信,1991,兄弟,Swingman,B_Role-v0.1,B_QuadraticTanh-v1,36,27,225.666666667,919,Regular,False,2026-08-11,1.58659371063,-1.21981856838,2.30666049179,0.335733932579,77.2402267666,54.4702988031,82.9479424966,67.4655355302,77,54,83,67
426,陳義信,1992,兄弟,Swingman,B_Role-v0.1,B_QuadraticTanh-v1,30,23,197.666666667,811,Regular,False,2026-08-11,1.66720446504,-0.350886752162,2.92315817608,1.09438345922,77.8842103525,62.3065810883,87.6296099211,73.3216594035,78,62,88,73
426,陳義信,1993,兄弟,SP,B_Role-v0.1,B_QuadraticTanh-v1,32,28,258.333333333,997,Qualified,False,2026-08-11,1.24799192536,-0.0117924419285,1.72961203157,0.899154903262,74.5395275955,64.9148998995,78.382532469,71.785587894,75,65,78,72
426,陳義信,1994,兄弟,SP,B_Role-v0.1,B_QuadraticTanh-v1,33,28,241.333333333,956,Qualified,False,2026-08-11,1.57217378773,-0.713577515343,1.89699376427,0.565845320559,77.1250179814,59.2032637785,79.7165875481,69.2058564908,77,59,80,69
426,陳義信,1995,兄弟,SP,B_Role-v0.1,B_QuadraticTanh-v1,26,24,180.333333333,750,Qualified,False,2026-08-11,0.967476725732,-1.91453305873,0.738080251407,-0.0639778244951,72.3213913556,47.7331236465,70.5312099429,64.5336568366,72,48,71,65
426,陳義信,1996,兄弟,SP,B_Role-v0.1,B_QuadraticTanh-v1,30,26,172.333333333,756,Qualified,False,2026-08-11,0.431770478749,0.922642653959,0.152576676052,0.260973741733,68.1872930242,71.9695548993,66.1088034275,66.9085136871,68,72,66,67
427,陳明德,1991,三商,Swingman,B_Role-v0.1,B_QuadraticTanh-v1,33,7,94.6666666667,380,Regular,False,2026-08-11,0.844415486468,1.68869245251,-0.596275158318,1.52499385142,71.357840263,78.0558256023,60.2387576215,76.7480976956,71,78,60,77
427,陳明德,1992,三商,Swingman,B_Role-v0.1,B_QuadraticTanh-v1,33,16,114.333333333,491,Regular,False,2026-08-11,0.434578525543,-0.590892464011,0.135655631996,1.44778049463,68.2084980655,60.2855851482,65.9848443702,76.131486314,68,60,66,76
427,陳明德,1993,三商,Swingman,B_Role-v0.1,B_QuadraticTanh-v1,30,10,123.666666667,496,Regular,False,2026-08-11,0.583149071703,1.05027567028,0.736397038571,3.2195528869,69.3381867957,72.9733229956,70.5181734758,89.7626261619,69,73,71,90
427,陳明德,1994,三商,Swingman,B_Role-v0.1,B_QuadraticTanh-v1,29,11,91.3333333333,380,Regular,False,2026-08-11,0.437037959978,-0.540280581718,-0.0929799434105,0.732278984575,68.2270751749,60.7228005417,64.3185271661,70.4862858175,68,61,64,70
427,陳明德,1996,三商,Swingman,B_Role-v0.1,B_QuadraticTanh-v1,24,6,53.6666666667,248,Regular,False,2026-08-11,0.305851931469,-1.39767851885,-0.885851774702,0.0905192267017,67.2423705773,52.7432777463,57.6349341845,65.6553792676,67,53,58,66
427,陳明德,1997,中信 / 味全龍,Swingman,B_Role-v0.1,B_QuadraticTanh-v1,12,1,22,116,Provisional,False,2026-08-11,-0.617806033944,-0.937160554444,-1.58849561392,-0.302649612439,60.0508268647,57.1581836186,50.8808289264,62.6960239151,60,57,51,63
428,林文城,1991,兄弟,Swingman,B_Role-v0.1,B_QuadraticTanh-v1,30,14,119.333333333,499,Regular,False,2026-08-11,1.76115492353,-0.08855568133,0.164384815018,-0.786487342705,78.6342590986,64.3514943712,66.1954493936,58.5459865851,79,64,66,59
429,武侯,1991,三商,Swingman,B_Role-v0.1,B_QuadraticTanh-v1,28,19,133.333333333,566,Regular,False,2026-08-11,0.570638506211,0.768605342329,0.666701851347,-1.45194432101,69.2424930459,70.7678959534,69.979796054,52.2138062905,69,71,70,52
430,謝長亨,1991,統一7-ELEVEn獅,SP,B_Role-v0.1,B_QuadraticTanh-v1,27,26,196.333333333,765,Qualified,False,2026-08-11,1.17774459977,-0.319252132492,2.03802013875,1.4777732665,73.9817423683,62.5626454797,80.8358091537,76.3709509205,74,63,81,76
430,謝長亨,1992,統一7-ELEVEn獅,SP,B_Role-v0.1,B_QuadraticTanh-v1,23,21,134,561,Qualified,False,2026-08-11,0.610371280116,0.352823510142,-0.943407701802,0.130853141706,69.5467542247,67.5934701052,57.0998632742,65.9497067267,70,68,57,66
430,謝長亨,1993,統一7-ELEVEn獅,SP,B_Role-v0.1,B_QuadraticTanh-v1,26,25,194.666666667,820,Qualified,False,2026-08-11,0.656533965961,0.844926745292,0.881855421648,0.707536667532,69.9014882338,71.3618286985,71.6502519298,70.2948968699,70,71,72,70
430,謝長亨,1994,統一7-ELEVEn獅,SP,B_Role-v0.1,B_QuadraticTanh-v1,27,24,179.666666667,738,Qualified,False,2026-08-11,0.593823574809,0.709537425101,0.622434441858,0.0321511398744,69.4199154705,70.3103604333,69.6393265932,65.231951316,69,70,70,65
430,謝長亨,1995,統一7-ELEVEn獅,SP,B_Role-v0.1,B_QuadraticTanh-v1,27,25,179.666666667,759,Qualified,False,2026-08-11,0.592020292,0.959369780226,0.51917324456,0.635204997235,69.4061036686,72.2577081117,68.8499062822,69.7374253667,69,72,69,70
430,謝長亨,1996,統一7-ELEVEn獅,SP,B_Role-v0.1,B_QuadraticTanh-v1,25,25,149.333333333,633,Qualified,False,2026-08-11,0.469461735833,1.33696528258,0.168413131198,-0.47501713621,68.4723853396,75.247645815,66.225035131,61.2781040691,68,75,66,61
430,謝長亨,1997,統一7-ELEVEn獅,Swingman,B_Role-v0.1,B_QuadraticTanh-v1,15,11,71.6666666667,292,Regular,False,2026-08-11,1.74106120678,0.52272615412,0.642985625372,0.294605299264,78.4739151989,68.8769521954,69.7972422152,67.1585568352,78,69,70,67
430,謝長亨,1998,統一7-ELEVEn獅,Swingman,B_Role-v0.1,B_QuadraticTanh-v1,30,17,133,572,Regular,False,2026-08-11,1.47326755005,-0.146050752819,1.38972177334,-0.677027731762,76.3349720132,63.9189154378,75.6682099744,59.5289139631,76,64,76,60
430,謝長亨,1999,統一7-ELEVEn獅,SP,B_Role-v0.1,B_QuadraticTanh-v1,20,16,104,431,Regular,False,2026-08-11,1.06637535835,-0.305542151915,-1.23438502906,-1.51976944405,73.1003889506,62.672836663,54.3295823566,51.5515515222,73,63,54,52
430,謝長亨,2000,統一7-ELEVEn獅,SP,B_Role-v0.1,B_QuadraticTanh-v1,26,25,144,611,Qualified,False,2026-08-11,0.0979950978518,0.061328562807,-1.12339970925,-2.02125094091,65.709827191,65.4432438536,55.3971484669,46.726600785,66,65,55,47
431,凌森,1991,統一7-ELEVEn獅,SP,B_Role-v0.1,B_QuadraticTanh-v1,10,9,52.3333333333,237,Provisional,False,2026-08-11,-0.0813943066902,-0.142287243337,-0.001313284168,-0.20847437766,64.4047433479,63.9475053473,64.9905419396,63.4391742044,64,64,65,63
432,瓊茲,1991,兄弟,Swingman,B_Role-v0.1,B_QuadraticTanh-v1,7,3,28.3333333333,131,Provisional,False,2026-08-11,-1.4190549599,0.0371504687411,-0.742206292292,0.365909370866,52.5347834464,65.2681012735,58.9463693924,67.6915811266,53,65,59,68
432,瓊茲,1992,兄弟,RP,B_Role-v0.1,B_QuadraticTanh-v1,30,0,41,175,Regular,False,2026-08-11,0.0337514182,0.646639525554,-1.35522111026,0.0414936955186,65.243520455,69.8253457906,53.1569666501,65.2995249613,65,70,53,65
432,瓊茲,1993,兄弟,RP,B_Role-v0.1,B_QuadraticTanh-v1,32,0,56.3333333333,226,Qualified,False,2026-08-11,1.452530543,-1.29051559969,-0.487746291186,2.86259232694,76.1694056389,53.7859400056,61.1705632303,87.1830659843,76,54,61,87
432,瓊茲,1998,兄弟,RP,B_Role-v0.1,B_QuadraticTanh-v1,26,0,42.6666666667,193,Regular,False,2026-08-11,0.366579046633,1.11144584556,-0.459307748318,-0.538366837285,67.6966054572,73.4565868363,61.4103020352,60.7392214763,68,73,61,61
433,羅魁,1991,三商,Swingman,B_Role-v0.1,B_QuadraticTanh-v1,6,3,21.6666666667,96,Provisional,False,2026-08-11,-1.00006575986,0.286176027517,-1.01021509447,0.306354967595,56.5683768931,67.0958036225,56.4727032598,67.2461216673,57,67,56,67
433,羅魁,1995,三商,Swingman,B_Role-v0.1,B_QuadraticTanh-v1,29,17,142.666666667,573,Regular,False,2026-08-11,1.40906458458,0.231314140867,1.14040680599,1.51157434625,75.8225094554,66.6887461786,73.6858226672,76.6409039995,76,67,74,77
433,羅魁,1996,三商,SP,B_Role-v0.1,B_QuadraticTanh-v1,24,21,151,623,Qualified,False,2026-08-11,0.495229436947,-0.185552847624,0.535486589218,0.454244623063,68.6678603574,63.6165388862,68.9741583548,68.3571642557,69,64,69,68
433,羅魁,1997,三商,Swingman,B_Role-v0.1,B_QuadraticTanh-v1,11,2,33.6666666667,137,Provisional,False,2026-08-11,0.565987610847,-0.224408670777,-0.771993664721,-0.427785878606,69.206943868,63.315058091,58.6774342233,61.673808691,69,63,59,62
433,羅魁,1998,三商,Swingman,B_Role-v0.1,B_QuadraticTanh-v1,28,18,131,553,Regular,False,2026-08-11,0.505623649683,-0.275380256203,1.48444875097,-0.121091496739,68.7468403235,62.9135708984,76.4242586677,64.1078061384,69,63,76,64
443,牛沙勒,1992,三商,RP,B_Role-v0.1,B_QuadraticTanh-v1,49,0,92.6666666667,380,Qualified,False,2026-08-11,1.37373058247,0.570694389112,1.60607777881,0.11530704749,75.540685812,69.2429202725,77.395895446,65.8360975829,76,69,77,66
443,牛沙勒,1995,味全龍,RP,B_Role-v0.1,B_QuadraticTanh-v1,25,0,42,188,Regular,False,2026-08-11,0.150889363666,0.985092263065,0.0443673362469,0.521078202946,66.0964317917,72.4598625008,65.3203252177,68.8644063978,66,72,65,69
443,牛沙勒,1998,興農,RP,B_Role-v0.1,B_QuadraticTanh-v1,59,0,90.3333333333,379,Qualified,False,2026-08-11,1.74404020208,0.85547810427,0.640137907229,0.094475120626,78.4976899875,71.4441706145,69.775344913,65.6841846382,78,71,70,66
443,牛沙勒,1999,興農,RP,B_Role-v0.1,B_QuadraticTanh-v1,53,0,91.6666666667,404,Qualified,False,2026-08-11,0.148107289785,1.68516601468,1.51757614788,-0.617724724452,66.0760384258,78.0276636123,76.6888447131,60.0515384215,66,78,77,60
444,李豪,1992,統一7-ELEVEn獅,RP,B_Role-v0.1,B_QuadraticTanh-v1,20,0,34.3333333333,137,Regular,False,2026-08-11,1.22962259622,-0.223669903301,-0.800048940532,1.8755516073,74.3935475455,63.3208272973,58.4226487856,79.5459721195,74,63,58,80
445,尼洛,1992,兄弟,SP,B_Role-v0.1,B_QuadraticTanh-v1,17,17,116.333333333,514,Regular,False,2026-08-11,-1.02241934679,1.26239938711,0.784116956455,0.92237828218,56.357479374,74.6540788797,70.8883626821,71.967482835,56,75,71,72
445,尼洛,1996,時報,SP,B_Role-v0.1,B_QuadraticTanh-v1,20,19,142.666666667,601,Qualified,False,2026-08-11,-1.74216716511,0.146922202299,1.37540258518,1.23343526383,49.3872335277,66.0673533885,75.5540176989,74.4238398468,49,66,76,74
446,鄧肯,1992,兄弟,SP,B_Role-v0.1,B_QuadraticTanh-v1,10,8,59.3333333333,245,Provisional,False,2026-08-11,0.0774591854627,0.348562209516,-1.57069795036,0.241226692109,65.5603771326,67.5615488461,51.0544373184,66.7621163434,66,68,51,67
446,鄧肯,1993,兄弟,SP,B_Role-v0.1,B_QuadraticTanh-v1,25,24,152.333333333,684,Qualified,False,2026-08-11,-0.345790024582,0.748299647279,-0.391415750398,-0.169581091975,62.3480056259,70.6103926388,61.974884746,63.7393009436,62,71,62,64
446,鄧肯,1998,兄弟,Swingman,B_Role-v0.1,B_QuadraticTanh-v1,11,6,33,154,Provisional,False,2026-08-11,-0.817746153166,0.985870078672,-0.741594642064,0.269560655713,58.2612080779,72.4659796407,58.9518742678,66.9722707354,58,72,59,67
447,羅飛,1992,味全龍,Swingman,B_Role-v0.1,B_QuadraticTanh-v1,10,3,44,203,Regular,False,2026-08-11,0.123167369378,0.552285241041,-0.126062232159,-1.0122145113,65.8935141978,69.1022912254,64.0703223053,56.4538395035,66,69,64,56
447,羅飛,1997,時報,Swingman,B_Role-v0.1,B_QuadraticTanh-v1,37,27,170.666666667,761,Regular,False,2026-08-11,0.95732715577,0.905106858082,1.79762893793,-1.56967534958,72.2416668618,71.8321827122,78.9251799491,51.0644146267,72,72,79,51
447,羅飛,1998,三商,Swingman,B_Role-v0.1,B_QuadraticTanh-v1,19,15,102.333333333,448,Regular,False,2026-08-11,0.45528015213,0.661335501499,1.43424943798,-0.977253771981,68.3649999345,69.9384595077,76.0234812352,56.7829083996,68,70,76,57
448,秘力,1992,三商,Swingman,B_Role-v0.1,B_QuadraticTanh-v1,10,1,21,109,Provisional,False,2026-08-11,-1.14138037673,0.418948830871,-1.73695129351,0.94614067752,55.2249669346,68.0905418198,49.4377054338,72.1538481055,55,68,49,72
449,強龍,1992,統一7-ELEVEn獅,Swingman,B_Role-v0.1,B_QuadraticTanh-v1,7,4,27.3333333333,127,Provisional,False,2026-08-11,-0.302581328915,0.159781968525,-0.607697522277,0.911178129612,62.6965710341,66.1616606523,60.1391812765,71.8797282353,63,66,60,72
449,強龍,1993,統一7-ELEVEn獅,Swingman,B_Role-v0.1,B_QuadraticTanh-v1,24,13,123.333333333,505,Regular,False,2026-08-11,1.05902772894,0.763845033662,1.23508713206,0.393144264329,73.0423865773,70.7309520871,74.436965337,67.8961830023,73,71,74,68
449,強龍,1994,統一7-ELEVEn獅,Swingman,B_Role-v0.1,B_QuadraticTanh-v1,15,7,54.3333333333,256,Regular,False,2026-08-11,-0.95325025764,-0.758089290009,-0.279939714396,0.273265790412,57.0078616177,58.8031753869,62.8773295715,66.9997990398,57,59,63,67
449,強龍,1998,味全龍,Swingman,B_Role-v0.1,B_QuadraticTanh-v1,21,13,88.3333333333,393,Regular,False,2026-08-11,-0.469772728259,1.20127397376,0.644957694649,-0.00293689411929,61.322301157,74.1684286364,69.8124091675,64.9788422894,61,74,70,65
449,強龍,1999,味全龍,Swingman,B_Role-v0.1,B_QuadraticTanh-v1,18,14,106.666666667,449,Regular,False,2026-08-11,0.220483292108,0.403522644537,1.95164906187,0.600977166502,66.6086697158,67.9742942158,80.1509930589,69.4747268891,67,68,80,69
451,羅克,1992,統一7-ELEVEn獅,Swingman,B_Role-v0.1,B_QuadraticTanh-v1,5,3,20.3333333333,93,Provisional,False,2026-08-11,-1.67312886045,-0.274480818892,-0.593466935732,0.694880418775,50.0567467633,62.9207138524,60.2631959402,70.1971316968,50,63,60,70
487,卓琨原,1993,時報,Swingman,B_Role-v0.1,B_QuadraticTanh-v1,36,5,106,477,Regular,False,2026-08-11,-0.873074263689,0.296049362458,-0.0638141040439,-0.0138868556493,57.753016955,67.1693129842,64.5348647009,64.8997449309,58,67,65,65
487,卓琨原,1994,時報,Swingman,B_Role-v0.1,B_QuadraticTanh-v1,29,7,75.6666666667,320,Regular,False,2026-08-11,-0.88388372076,-0.296324105207,-0.524754841968,-0.155220012086,57.6531389848,62.7466563712,60.8557823595,63.8491004447,58,63,61,64
487,卓琨原,1995,時報,Swingman,B_Role-v0.1,B_QuadraticTanh-v1,34,6,79,329,Regular,False,2026-08-11,0.437791865956,-0.883640305849,-0.716692044409,-0.958179680667,68.232770597,57.6553901788,59.1753926755,56.9617317494,68,58,59,57
487,卓琨原,1996,時報,Swingman,B_Role-v0.1,B_QuadraticTanh-v1,26,1,57,264,Regular,False,2026-08-11,0.0751390560148,-0.841454089341,-0.867044043627,-1.11397977173,65.5435154165,58.0440822302,57.8086529873,55.4872201339,66,58,58,55
491,郭建成,1993,時報,Swingman,B_Role-v0.1,B_QuadraticTanh-v1,37,23,224,924,Regular,False,2026-08-11,1.76900448863,0.747732444728,2.92836273456,0.186468313369,78.6968835373,70.6059962919,87.6678232607,66.357806259,79,71,88,66
491,郭建成,1994,時報,Swingman,B_Role-v0.1,B_QuadraticTanh-v1,55,1,117,495,Regular,False,2026-08-11,1.30019322143,1.17838704631,-0.293874731587,-0.139414631135,74.9547894467,73.9868376127,62.7662349447,63.9693017416,75,74,63,64
491,郭建成,1995,時報,Swingman,B_Role-v0.1,B_QuadraticTanh-v1,55,1,121.666666667,510,Regular,False,2026-08-11,2.09037081188,0.225760774546,-0.207895459795,-0.510344084806,81.2497178627,66.6476762265,63.4436709398,60.9787268498,81,67,63,61
491,郭建成,1996,時報,Swingman,B_Role-v0.1,B_QuadraticTanh-v1,42,5,83.6666666667,380,Regular,False,2026-08-11,1.53290939018,0.792466483812,-0.634923630154,-0.876922715888,76.8113300792,70.9532596805,59.9007175207,57.7174794066,77,71,60,58
493,巧福,1993,三商,Swingman,B_Role-v0.1,B_QuadraticTanh-v1,24,11,102.333333333,460,Regular,False,2026-08-11,0.136276536086,1.57070794587,0.543534495099,-1.52359881485,65.9893886717,77.1133066405,69.0355211086,51.5141618156,66,77,69,52
494,王漢,1993,統一7-ELEVEn獅,SP,B_Role-v0.1,B_QuadraticTanh-v1,32,28,241.666666667,947,Qualified,False,2026-08-11,0.814582694697,0.0616434991913,1.24805282448,1.25732171787,71.1253338478,65.4455286005,74.5400116924,74.6137017247,71,65,75,75
494,王漢,1994,統一7-ELEVEn獅,Swingman,B_Role-v0.1,B_QuadraticTanh-v1,36,24,225.333333333,910,Regular,False,2026-08-11,1.62781479607,1.70873169675,2.88055860055,1.97837018558,77.5695576573,78.2158398564,87.3158810553,80.3630929768,78,78,87,80
494,王漢,1995,統一7-ELEVEn獅,Swingman,B_Role-v0.1,B_QuadraticTanh-v1,34,24,220,873,Regular,False,2026-08-11,1.64723399574,2.41398187186,2.75933437982,1.75353653593,77.7246906641,83.7819172696,86.4141908263,78.5734715565,78,84,86,79
495,林朝煌,1993,俊國,Swingman,B_Role-v0.1,B_QuadraticTanh-v1,31,20,169.666666667,742,Regular,False,2026-08-11,-0.686366018811,-2.00098729737,1.97142154714,1.63779861151,59.4459639428,46.9164654938,80.3079569794,77.6493164982,59,47,80,78
495,林朝煌,1994,俊國,Swingman,B_Role-v0.1,B_QuadraticTanh-v1,31,17,147.666666667,669,Regular,False,2026-08-11,0.457861343678,0.604383239055,1.30312451884,0.724554961743,68.3845346711,69.5008358239,74.9781250786,70.4265012726,68,70,75,70
495,林朝煌,1995,俊國,Swingman,B_Role-v0.1,B_QuadraticTanh-v1,26,18,145.333333333,633,Regular,False,2026-08-11,-0.368913213527,-1.13340718187,1.4413516612,-0.156559814354,62.1595498516,55.3013580934,76.0801689183,63.8388802173,62,55,76,64
495,林朝煌,1996,興農,Swingman,B_Role-v0.1,B_QuadraticTanh-v1,26,15,96.3333333333,437,Regular,False,2026-08-11,-1.23259165519,0.192850389962,0.4584894095,-0.60577929332,54.3469156,66.4048022622,68.3892886492,60.1559232306,54,66,68,60
495,林朝煌,1997,興農 / 統一7-ELEVEn獅,Swingman,B_Role-v0.1,B_QuadraticTanh-v1,25,6,63.6666666667,274,Regular,False,2026-08-11,-0.272003266613,-0.386351266801,-0.67527916678,-0.329746312979,62.940378758,62.0165543095,59.5444266488,62.4779795551,63,62,60,62
495,林朝煌,1998,統一7-ELEVEn獅,Swingman,B_Role-v0.1,B_QuadraticTanh-v1,23,7,56.3333333333,256,Regular,False,2026-08-11,-1.29387076855,0.136933299843,-0.688167675725,-0.150987702164,53.753380265,65.99419578,59.4299401521,63.8813534864,54,66,59,64
495,林朝煌,1999,統一7-ELEVEn獅,Swingman,B_Role-v0.1,B_QuadraticTanh-v1,20,10,68.6666666667,309,Regular,False,2026-08-11,-0.476608187037,-0.46393759413,0.132625482138,-0.432092684777,61.264682851,61.3714009702,65.9626718594,61.6379454433,61,61,66,62
495,林朝煌,2000,統一7-ELEVEn獅,Swingman,B_Role-v0.1,B_QuadraticTanh-v1,40,8,105,453,Regular,False,2026-08-11,1.00642194747,0.018334612103,0.14989627941,-0.296542235815,72.6276981887,65.1321600983,66.0891514635,62.7449120455,73,65,66,63
495,林朝煌,2001,統一7-ELEVEn獅,RP,B_Role-v0.1,B_QuadraticTanh-v1,49,0,66.3333333333,266,Qualified,False,2026-08-11,1.48121848637,-1.75139453132,0.427041492585,1.81162489584,76.3984626491,49.2979932847,68.151594707,79.0367611294,76,49,68,79
495,林朝煌,2002,統一7-ELEVEn獅,RP,B_Role-v0.1,B_QuadraticTanh-v1,42,0,55.3333333333,237,Qualified,False,2026-08-11,0.0405085801789,0.827793312829,-0.959394912764,1.06767963931,65.2923960875,71.2282377835,56.9503541467,73.1106869904,65,71,57,73
495,林朝煌,2003,中信,RP,B_Role-v0.1,B_QuadraticTanh-v1,46,0,51,223,Qualified,False,2026-08-11,-0.698274749816,0.702581760095,-0.25721124737,1.09212415988,59.3399291483,70.256610959,63.0574566329,73.303800414,59,70,63,73
495,林朝煌,2004,中信,Swingman,B_Role-v0.1,B_QuadraticTanh-v1,48,2,72.3333333333,332,Regular,False,2026-08-11,0.891757710709,0.164156871346,-0.898090152497,0.28809923889,71.7277017432,66.1937756795,57.5215889492,67.1101164215,72,66,58,67
496,野中尊制,1993,俊國,Swingman,B_Role-v0.1,B_QuadraticTanh-v1,29,15,151,625,Regular,False,2026-08-11,-0.141973241728,0.100085535436,1.6097010501,1.39575656856,63.9498889679,65.7250608022,77.424843281,75.7163447659,64,66,77,76
497,狄姆,1993,味全龍,Swingman,B_Role-v0.1,B_QuadraticTanh-v1,27,1,57,235,Regular,False,2026-08-11,0.755682260561,-0.521829484281,-1.07984879162,0.637844690004,70.6676307922,60.880777969,55.8127697373,69.7577149842,71,61,56,70
498,賴有亮,1993,俊國,Swingman,B_Role-v0.1,B_QuadraticTanh-v1,25,16,88.3333333333,390,Regular,False,2026-08-11,-0.364940926586,-0.579435875541,0.00968981529501,-1.32799897281,62.1920186305,60.3850450462,65.0698088658,53.4218340676,62,60,65,53
498,賴有亮,1994,俊國,Swingman,B_Role-v0.1,B_QuadraticTanh-v1,23,3,41.6666666667,210,Regular,False,2026-08-11,-0.965474541207,-2.68980222532,-1.283301227,-1.1262581819,56.893401919,40.9461276096,53.8559281322,55.3697979853,57,41,54,55
498,賴有亮,1995,俊國,Swingman,B_Role-v0.1,B_QuadraticTanh-v1,25,2,59.3333333333,254,Regular,False,2026-08-11,-0.573961179513,-2.35316353833,-0.951830852263,-0.782766503741,60.4324727337,43.723702407,57.0211379891,58.5797684373,60,44,57,59
498,賴有亮,1996,興農,Swingman,B_Role-v0.1,B_QuadraticTanh-v1,32,19,137,641,Regular,False,2026-08-11,-0.467415633442,-1.50499115188,1.29176483309,-1.14569043738,61.3421445636,51.6958537618,74.8877019488,55.1836459298,61,52,75,55
498,賴有亮,1997,興農,Swingman,B_Role-v0.1,B_QuadraticTanh-v1,17,10,63,282,Regular,False,2026-08-11,0.77846913861,-1.10938819488,-0.0509950981484,-0.890167915543,70.8444856404,55.5310899119,64.629208466,57.5949875573,71,56,65,58
498,賴有亮,1998,興農,RP,B_Role-v0.1,B_QuadraticTanh-v1,21,0,34.6666666667,164,Regular,False,2026-08-11,-0.0373813273516,-0.100717173774,-0.648447442055,-0.869627654538,64.7289035556,64.260744782,59.7816909905,57.7848233415,65,64,60,58
498,賴有亮,1999,興農,Swingman,B_Role-v0.1,B_QuadraticTanh-v1,19,8,55.6666666667,251,Regular,False,2026-08-11,-0.91278872005,-2.55681215054,-0.324200775371,-0.439610092634,57.3851478245,42.0060436838,62.5227549534,61.5752410266,57,42,63,62
498,賴有亮,2000,興農,Swingman,B_Role-v0.1,B_QuadraticTanh-v1,23,12,62,277,Regular,False,2026-08-11,-0.769692306908,-0.961206005597,-0.598049741888,-0.349952982631,58.698270668,56.9333938696,60.2233057222,62.3141753078,59,57,60,62
498,賴有亮,2001,興農,Swingman,B_Role-v0.1,B_QuadraticTanh-v1,25,9,61.3333333333,275,Regular,False,2026-08-11,0.404509342316,-0.793881598698,-0.857513981556,-0.911925409601,67.9817245329,58.4787793556,57.896457532,57.3931708683,68,58,58,57
498,賴有亮,2002,兄弟,Swingman,B_Role-v0.1,B_QuadraticTanh-v1,14,2,27,124,Provisional,False,2026-08-11,1.06465276168,0.222806627724,-1.16017241928,-0.226688696948,73.0867889974,66.6258389874,55.0446734609,63.2972438052,73,67,55,63
499,多情,1993,時報,SP,B_Role-v0.1,B_QuadraticTanh-v1,25,22,181.333333333,756,Qualified,False,2026-08-11,0.330042025999,1.66461021991,0.625768437185,-0.61202806883,67.4229744555,77.8634892831,69.6649274685,60.1013562605,67,78,70,60
499,多情,1994,時報,SP,B_Role-v0.1,B_QuadraticTanh-v1,14,14,87.3333333333,392,Regular,False,2026-08-11,0.0503265354185,0.957624165072,-0.711628499104,-0.165839701959,65.3634828917,72.2439992417,59.2206954219,63.7679594778,65,72,59,64
499,多情,1995,時報,Swingman,B_Role-v0.1,B_QuadraticTanh-v1,28,16,135,596,Regular,False,2026-08-11,-0.231344974238,1.45978075121,1.00203060075,-0.82877457,63.2608210616,76.2272876983,72.5931294159,58.1603259968,63,76,73,58
499,多情,1996,時報,Swingman,B_Role-v0.1,B_QuadraticTanh-v1,40,9,123.333333333,529,Regular,False,2026-08-11,1.00091260672,1.02725794746,0.465664015423,-0.0814763082837,72.5843297615,72.7918220977,68.4436145505,64.4041344149,73,73,68,64
500,成田幸洋,1993,俊國,SP,B_Role-v0.1,B_QuadraticTanh-v1,24,20,153,646,Qualified,False,2026-08-11,-0.384275468019,-0.704198131794,-0.187877929405,-1.61436314579,62.0336154362,59.2870832633,63.5986111576,50.6286619018,62,59,64,51
500,成田幸洋,1994,俊國,Swingman,B_Role-v0.1,B_QuadraticTanh-v1,10,4,30,151,Provisional,False,2026-08-11,-1.00996342205,1.23855261864,-0.847294407709,-0.694298015442,56.4750773231,74.4645037263,57.9904473125,59.3753690693,56,74,58,59
501,廖剛池,1993,俊國,RP,B_Role-v0.1,B_QuadraticTanh-v1,21,0,35.6666666667,157,Regular,False,2026-08-11,-1.47180714119,-1.06736152167,-1.38616234571,0.0991263078712,52.0198840204,55.9315476711,52.8555475203,65.7180701713,52,56,53,66
501,廖剛池,1995,俊國,Swingman,B_Role-v0.1,B_QuadraticTanh-v1,28,21,150,639,Regular,False,2026-08-11,-0.451335758568,-1.36943027332,1.40939543959,-1.44834933577,61.4771663217,53.0185893561,75.8251491416,52.2488995766,61,53,76,52
501,廖剛池,1996,興農,SP,B_Role-v0.1,B_QuadraticTanh-v1,25,20,125.333333333,591,Qualified,False,2026-08-11,0.128633092434,-2.53195370565,-1.13310495386,-1.2376123868,65.9334702514,42.2097903404,55.304252482,54.298383403,66,42,55,54
501,廖剛池,1997,興農,Swingman,B_Role-v0.1,B_QuadraticTanh-v1,22,7,66.6666666667,286,Regular,False,2026-08-11,-0.194785582501,0.0947685336564,-0.373603619829,-1.87340701471,63.5452643952,65.6863217033,62.1211611309,48.1249905792,64,66,62,48
502,捷猛士,1993,時報,Swingman,B_Role-v0.1,B_QuadraticTanh-v1,19,6,73,307,Regular,False,2026-08-11,0.524396961092,-0.801259763938,-0.0265823247015,1.24199185297,68.8896738501,58.4116208127,64.8076199316,74.4918363826,69,58,65,74
502,捷猛士,1994,時報,Swingman,B_Role-v0.1,B_QuadraticTanh-v1,40,1,116.333333333,488,Regular,False,2026-08-11,1.91618864324,0.341951243514,0.0706641991595,0.410138187267,79.8692333923,67.5120534592,65.5110073101,68.024126036,80,68,66,68
503,捷銳,1993,時報,SP,B_Role-v0.1,B_QuadraticTanh-v1,16,13,71.6666666667,318,Provisional,False,2026-08-11,-1.38038589574,-2.26949629384,-2.08161377421,-0.0557941047235,52.9118456574,44.4592264256,46.1648849829,64.5939424907,53,44,46,65
504,邁可,1993,味全龍,Swingman,B_Role-v0.1,B_QuadraticTanh-v1,16,12,83,364,Regular,False,2026-08-11,0.0601220612305,0.765761485118,0.76203621143,-0.227270212084,65.4344919361,70.7458238435,70.7169173545,63.2926981319,65,71,71,63
505,邱啟成,1993,時報,Swingman,B_Role-v0.1,B_QuadraticTanh-v1,15,6,40.6666666667,199,Regular,False,2026-08-11,-0.415699707637,-0.358354855388,-0.984417021483,-2.00452956525,61.7742139499,62.2457659676,56.7156196565,46.8832304916,62,62,57,47
505,邱啟成,1996,時報,Swingman,B_Role-v0.1,B_QuadraticTanh-v1,19,1,38,168,Provisional,False,2026-08-11,0.504024742878,1.23061488517,-1.21456827134,-0.448133195791,68.7346863164,74.401431106,54.5209778881,61.5039852465,69,74,55,62
505,邱啟成,1997,時報,RP,B_Role-v0.1,B_QuadraticTanh-v1,13,0,27.6666666667,126,Provisional,False,2026-08-11,0.833962227668,0.151633484014,0.511860913479,-0.671792570812,71.2763205481,66.1018875023,68.7942691205,59.5753401782,71,66,69,60
506,蔡明宏,1993,時報,Swingman,B_Role-v0.1,B_QuadraticTanh-v1,13,9,47,213,Regular,False,2026-08-11,-0.215726045063,-3.06879004936,-0.459147668982,-1.1679004258,63.3827720848,38.2274301864,61.4116461585,54.9704323154,63,38,61,55
506,蔡明宏,1994,時報,Swingman,B_Role-v0.1,B_QuadraticTanh-v1,9,2,24.3333333333,111,Provisional,False,2026-08-11,0.321908141082,-0.380987579872,-1.05151705837,-0.197655761922,67.3621964941,62.0606171928,56.0819938882,63.5230611896,67,62,56,64
507,全家福,1993,三商,Swingman,B_Role-v0.1,B_QuadraticTanh-v1,12,4,40,187,Regular,False,2026-08-11,-2.30918207356,-0.95433447977,-0.68490987141,0.958339333456,44.1083381137,56.9977184067,59.4589100708,72.2496155301,44,57,59,72
508,威爾,1993,俊國,SP,B_Role-v0.1,B_QuadraticTanh-v1,11,10,67,292,Provisional,False,2026-08-11,-2.19824086136,0.714947979704,-0.974745297629,0.937953099972,45.0978503822,70.3521892301,56.8064551511,72.0896061527,45,70,57,72
508,威爾,1994,俊國,Swingman,B_Role-v0.1,B_QuadraticTanh-v1,36,28,231.333333333,960,Regular,False,2026-08-11,-0.0938622986874,1.10102275502,3.02676052073,2.52388604989,64.3119459225,73.374150709,88.3853772099,84.6287652454,64,73,88,85
508,威爾,1997,兄弟,SP,B_Role-v0.1,B_QuadraticTanh-v1,29,24,169,721,Qualified,False,2026-08-11,-1.04570329746,-0.0537949473821,1.2902496359,0.80622593616,56.1371205477,64.6086412357,74.8756429682,71.0602848293,56,65,75,71
509,史考特,1993,味全龍,Swingman,B_Role-v0.1,B_QuadraticTanh-v1,11,8,57,246,Regular,False,2026-08-11,-0.72454716396,0.914303331899,0.438786879239,0.587683786705,59.1050158718,71.9042089187,68.2402880965,69.3728977124,59,72,68,69
509,史考特,1994,味全龍,RP,B_Role-v0.1,B_QuadraticTanh-v1,26,0,48.6666666667,187,Regular,False,2026-08-11,0.959462444294,1.01261531902,-0.992700404228,-0.589076967822,72.2584358681,72.6764654202,56.6377207554,60.3013652401,72,73,57,60
510,格雷,1993,味全龍,Swingman,B_Role-v0.1,B_QuadraticTanh-v1,10,4,41.6666666667,173,Regular,False,2026-08-11,-0.396660817492,1.41811546669,-0.252239140805,0.310496221263,61.9316633627,75.8947256887,63.0966832902,67.2770100199,62,76,63,67
511,王傳家,1993,俊國,Swingman,B_Role-v0.1,B_QuadraticTanh-v1,10,4,26.3333333333,129,Provisional,False,2026-08-11,-3.04089118837,0.0492167349924,-1.19953493031,-0.017306192837,38.4115317682,65.3554431288,54.6659657992,64.8749766373,38,65,55,65
513,福來,1993,統一7-ELEVEn獅,Swingman,B_Role-v0.1,B_QuadraticTanh-v1,9,5,25.6666666667,118,Provisional,False,2026-08-11,0.205624392503,1.05338746555,-1.09968174617,0.0290242966871,66.4989674734,72.9978753714,55.6237544728,65.2093525101,66,73,56,65
514,肯尼,1993,俊國,Swingman,B_Role-v0.1,B_QuadraticTanh-v1,8,4,20.6666666667,105,Provisional,False,2026-08-11,-1.64185661197,0.956344869664,-1.29410206204,-0.512122624955,50.3609038046,72.2339533484,53.7511354689,60.963578874,50,72,54,61
516,華力,1993,三商,SP,B_Role-v0.1,B_QuadraticTanh-v1,8,8,51.3333333333,215,Provisional,False,2026-08-11,-0.898092826537,0.799545796915,-0.851382907044,-0.779237350926,57.5215641578,71.0083124423,57.9528661848,58.6117867689,58,71,58,59
517,蔡旭峰,1993,時報,Swingman,B_Role-v0.1,B_QuadraticTanh-v1,8,1,20,93,Provisional,False,2026-08-11,-0.237192241573,-0.293937795689,-1.34353143042,-1.37924267199,63.2150016478,62.7657310467,53.2707460597,52.9229863666,63,63,53,53
518,曾政雄,1995,時報,RP,B_Role-v0.1,B_QuadraticTanh-v1,11,0,21.3333333333,91,Provisional,False,2026-08-11,-0.128755545566,-0.370174789661,-0.794718297367,-0.820042586088,64.0499842993,62.149229793,58.4711683271,58.2402189092,64,62,58,58
519,大偉,1993,兄弟,Swingman,B_Role-v0.1,B_QuadraticTanh-v1,5,3,26.3333333333,102,Provisional,False,2026-08-11,0.810970290232,-0.203844445446,0.102795067701,-0.447009563614,71.0972104999,63.475112354,65.7448115348,61.5133890219,71,63,66,62
519,大偉,1998,兄弟,Swingman,B_Role-v0.1,B_QuadraticTanh-v1,17,1,31.6666666667,141,Provisional,False,2026-08-11,0.863475781997,0.860270062714,-1.33072075997,-0.227261245236,71.5066198705,71.4815845462,53.3953667657,63.292768232,72,71,53,63
521,菲力普,1993,味全龍,Swingman,B_Role-v0.1,B_QuadraticTanh-v1,4,2,23,91,Provisional,False,2026-08-11,0.557602549008,0.846484026883,0.300748351698,-0.420182397082,69.1428879561,71.3739781653,67.2043247822,61.7370151971,69,71,67,62
521,菲力普,1994,味全龍,Swingman,B_Role-v0.1,B_QuadraticTanh-v1,25,17,126.666666667,543,Regular,False,2026-08-11,-0.00640147734412,-0.432309096695,1.2136238818,-0.583531780928,64.9538520194,61.6361421871,74.2664748171,60.3495192759,65,62,74,60
521,菲力普,1998,味全龍,Swingman,B_Role-v0.1,B_QuadraticTanh-v1,37,10,102,436,Regular,False,2026-08-11,1.64424302918,1.02343832286,0.111088380889,-0.462125013916,77.7007978465,72.7617226197,65.8053036415,61.3866366989,78,73,66,61
543,巴比諾,1994,兄弟,SP,B_Role-v0.1,B_QuadraticTanh-v1,27,22,201.333333333,822,Qualified,False,2026-08-11,0.975288857136,0.902382306117,1.64537561994,0.821279363962,72.3827846919,71.810851573,77.709845396,71.1774864336,72,72,78,71
543,巴比諾,1995,兄弟,SP,B_Role-v0.1,B_QuadraticTanh-v1,21,20,168.666666667,693,Qualified,False,2026-08-11,0.913891737432,0.0084399862319,1.44768032026,-0.929549559486,71.9009845192,65.0607999189,76.1306866523,57.229157772,72,65,76,57
544,戰玉飛,1994,三商,Swingman,B_Role-v0.1,B_QuadraticTanh-v1,27,3,71,310,Regular,False,2026-08-11,0.343568080905,-0.0290456379674,-0.567002531813,1.39725854859,67.5241554425,64.789692829,60.4926615002,75.7283256438,68,65,60,76
544,戰玉飛,1995,三商,Swingman,B_Role-v0.1,B_QuadraticTanh-v1,26,20,144.333333333,623,Regular,False,2026-08-11,0.403924368692,0.452596437189,1.4131020882,0.0186286251487,67.9773193097,68.3446942606,75.8547231178,65.1342818641,68,68,76,65
544,戰玉飛,2005,興農,SP,B_Role-v0.1,B_QuadraticTanh-v1,30,27,175.333333333,719,Qualified,False,2026-08-11,0.505597639195,0.30834692125,0.289876747382,0.310747906433,68.7466425922,67.2609773892,67.1233474531,67.2788876903,69,67,67,67
545,克力士,1994,兄弟,SP,B_Role-v0.1,B_QuadraticTanh-v1,27,22,164.333333333,670,Qualified,False,2026-08-11,1.20568793349,0.71352405965,-0.101493161091,0.290817771206,74.2034665371,70.341179345,64.2549406065,67.1303530417,74,70,64,67
545,克力士,1995,兄弟,Swingman,B_Role-v0.1,B_QuadraticTanh-v1,15,11,86,371,Regular,False,2026-08-11,0.214243232678,0.854652843831,0.729300318548,0.465385705694,66.5625778662,71.4377283939,70.4632267577,68.4415065261,67,71,70,68
545,克力士,1996,兄弟,SP,B_Role-v0.1,B_QuadraticTanh-v1,11,11,68,291,Provisional,False,2026-08-11,0.362798107684,-0.220308661586,-0.436255133125,0.0402242048573,67.6682428587,63.3470579121,61.6032421592,65.2903383401,68,63,62,65
546,戴瑞,1994,味全龍,SP,B_Role-v0.1,B_QuadraticTanh-v1,25,22,161.333333333,704,Qualified,False,2026-08-11,-1.04200647236,0.0950443477312,0.238349224727,-1.33311540243,56.1721525947,65.6883306547,66.7408099204,53.3720777596,56,66,67,53
547,奇戈,1994,時報,SP,B_Role-v0.1,B_QuadraticTanh-v1,24,23,144,584,Qualified,False,2026-08-11,-1.36248441502,-0.120041631133,-0.389998024633,2.34167841113,53.0862420826,64.1157144944,61.9865558304,83.2207690186,53,64,62,83
548,韓禧敏,1994,俊國,SP,B_Role-v0.1,B_QuadraticTanh-v1,22,20,122.333333333,530,Qualified,False,2026-08-11,0.25094590864,-2.61361558459,-1.04723928768,0.36069794219,66.8341321073,41.5470222678,56.1225601614,67.6524931494,67,42,56,68
549,金炯均,1994,俊國,Swingman,B_Role-v0.1,B_QuadraticTanh-v1,21,5,58,254,Regular,False,2026-08-11,0.129429561021,-1.135188917,-0.648808014573,-0.832323800971,65.9392947946,55.2842928291,59.7785123224,58.1278149062,66,55,60,58
550,黃裕登,1994,時報,SP,B_Role-v0.1,B_QuadraticTanh-v1,20,20,109.666666667,475,Regular,False,2026-08-11,-1.46401402114,-1.00526200843,-1.25057053273,-0.292192822466,52.0959735375,56.5194110776,54.1730403374,62.7796700707,52,57,54,63
550,黃裕登,1995,時報,SP,B_Role-v0.1,B_QuadraticTanh-v1,17,17,100,425,Regular,False,2026-08-11,-0.323910190783,-0.061431612633,-0.857936161536,0.259400273275,62.5250990351,64.552433407,57.8925709842,66.8968371698,63,65,58,67
550,黃裕登,1996,時報,Swingman,B_Role-v0.1,B_QuadraticTanh-v1,18,11,60,289,Regular,False,2026-08-11,-1.1333674841,-0.60764061802,-0.208275786578,-0.698008207688,55.3017382779,60.1396780394,63.4407168572,59.342305499,55,60,63,59
551,黃杉楹,1994,俊國,Swingman,B_Role-v0.1,B_QuadraticTanh-v1,19,2,38,187,Provisional,False,2026-08-11,-1.71087417835,0.638348540459,-1.23441743673,-1.35736888125,49.6903285486,69.7615882406,54.3292691092,53.1360554826,50,70,54,53
551,黃杉楹,1995,俊國,RP,B_Role-v0.1,B_QuadraticTanh-v1,20,0,48.3333333333,221,Regular,False,2026-08-11,-2.04618787806,-0.956685606293,1.2370799053,-1.3289496408,46.4938257216,56.9757170999,74.4528004946,53.4125899541,46,57,74,53
551,黃杉楹,1996,興農,Swingman,B_Role-v0.1,B_QuadraticTanh-v1,31,1,79.6666666667,396,Regular,False,2026-08-11,-2.0241193418,-0.747350001597,-0.371892451578,-1.08771422987,46.699775614,58.9000478659,62.1351725068,55.737862166,47,59,62,56
551,黃杉楹,1997,興農,RP,B_Role-v0.1,B_QuadraticTanh-v1,18,0,30,139,Regular,False,2026-08-11,0.127820736488,-1.41430532063,-1.1591848851,-0.833611785621,65.9275300802,52.5811188053,55.0541564388,58.1160115792,66,53,55,58
552,馬力,1994,時報,Swingman,B_Role-v0.1,B_QuadraticTanh-v1,16,12,67,302,Regular,False,2026-08-11,-1.87693035097,1.27104624641,0.130348618344,-0.639974637065,48.0913411872,74.7228512941,65.9460164944,59.8563066791,48,75,66,60
552,馬力,1995,時報,SP,B_Role-v0.1,B_QuadraticTanh-v1,16,13,58.6666666667,271,Provisional,False,2026-08-11,-1.16148151418,-0.244168649863,-2.94069470305,-1.81892208059,55.0321012207,63.1602173768,39.0941280973,48.6470460464,55,63,39,49
553,中井伸之,1994,三商,SP,B_Role-v0.1,B_QuadraticTanh-v1,16,14,84.3333333333,367,Regular,False,2026-08-11,-0.800840843545,1.12539371434,-1.71560652937,-1.92503836736,58.4154365628,73.5669557493,49.6444497345,47.6333544885,58,74,50,48
554,多力,1994,味全龍,Swingman,B_Role-v0.1,B_QuadraticTanh-v1,12,8,78.6666666667,314,Regular,False,2026-08-11,0.278339100555,0.328598905972,1.38803548708,0.783009966571,67.0375101386,67.4121874915,75.6547607017,70.8797613167,67,67,76,71
554,多力,1995,味全龍,SP,B_Role-v0.1,B_QuadraticTanh-v1,24,23,173.666666667,749,Qualified,False,2026-08-11,-1.57185103224,1.16753246306,0.897837777282,-0.108579928307,51.0431872098,73.9007657014,71.7752789813,64.2018574698,51,74,72,64
554,多力,1996,味全龍,SP,B_Role-v0.1,B_QuadraticTanh-v1,11,11,66.6666666667,301,Provisional,False,2026-08-11,-0.328659395947,-1.06885693397,-0.583189770128,0.279512641452,62.4867615663,55.9173330154,60.3524870947,67.0462362278,62,56,60,67
555,葉克多,1994,統一7-ELEVEn獅,Swingman,B_Role-v0.1,B_QuadraticTanh-v1,12,6,44.6666666667,192,Regular,False,2026-08-11,-0.819852229955,0.670666111508,-0.339987668225,-0.598278973357,58.241959094,70.0103433997,62.3950863291,60.2213092334,58,70,62,60
555,葉克多,1997,中信,Swingman,B_Role-v0.1,B_QuadraticTanh-v1,29,13,103.333333333,432,Regular,False,2026-08-11,0.252187643545,0.936688687386,0.378277940755,-0.242867184969,66.8433383434,72.0796878246,67.7844318194,63.1704471416,67,72,68,63
556,米克森,1994,統一7-ELEVEn獅,Swingman,B_Role-v0.1,B_QuadraticTanh-v1,11,6,40,179,Regular,False,2026-08-11,-0.756720181518,0.990813331073,-0.432855187426,0.531578913885,58.8155372515,72.5048616388,61.6315913789,68.9443790324,59,73,62,69
556,米克森,2003,第一,Swingman,B_Role-v0.1,B_QuadraticTanh-v1,9,7,54.3333333333,236,Regular,False,2026-08-11,0.287890670154,0.621416811835,1.06293181591,-0.367527841032,67.1085640848,69.6315138454,73.0732031345,62.1708780728,67,70,73,62
557,百力,1994,統一7-ELEVEn獅,Swingman,B_Role-v0.1,B_QuadraticTanh-v1,10,1,27.3333333333,110,Provisional,False,2026-08-11,-0.525533686533,0.52244443135,-1.00399141458,1.7762266133,60.8491242905,68.8748073203,56.5313875921,78.7544950203,61,69,57,79
557,百力,1995,統一7-ELEVEn獅,Swingman,B_Role-v0.1,B_QuadraticTanh-v1,41,2,80.6666666667,341,Regular,False,2026-08-11,-1.53992133013,0.324836402062,-0.836602239484,2.00155480931,51.3548052218,67.3840711935,58.0885955838,80.5469568367,51,67,58,81
557,百力,1996,統一7-ELEVEn獅,Swingman,B_Role-v0.1,B_QuadraticTanh-v1,55,1,122.666666667,506,Regular,False,2026-08-11,-0.392722628884,0.906271750022,-0.0066761637205,2.7402434028,61.9641218377,71.8413039504,64.9518692519,86.2710366939,62,72,65,86
558,福哥,1994,時報,Swingman,B_Role-v0.1,B_QuadraticTanh-v1,10,7,42.3333333333,182,Regular,False,2026-08-11,-1.7952366317,0.202208723115,-0.122570750934,0.600915634868,48.8749133082,66.4737753091,64.0966582341,69.474255291,49,66,64,69
559,安士堡,1994,味全龍,Swingman,B_Role-v0.1,B_QuadraticTanh-v1,9,6,44,188,Regular,False,2026-08-11,-0.712829825294,0.2454233267,0.208188447395,-1.25005474741,59.209951855,66.793202556,66.5178848558,54.1780317757,59,67,67,54
560,金鐘國,1994,俊國,Swingman,B_Role-v0.1,B_QuadraticTanh-v1,7,2,20.6666666667,96,Provisional,False,2026-08-11,0.320162178406,-0.0557243748035,-0.97393019305,1.16217357995,67.3491569303,64.5944553638,56.8141045467,73.8582847297,67,65,57,74
562,大地,1994,三商,Swingman,B_Role-v0.1,B_QuadraticTanh-v1,5,4,22.6666666667,100,Provisional,False,2026-08-11,-0.0536493244684,-0.0202750298844,-0.198756447442,0.538043858148,64.6097114921,64.8534451338,63.5145406861,68.993652084,65,65,64,69
593,奧古斯都,1995,俊國,Swingman,B_Role-v0.1,B_QuadraticTanh-v1,39,4,93,401,Regular,False,2026-08-11,0.247831948858,1.00026446332,-0.510934672951,-0.761035521969,66.8110505944,72.5792284963,60.9736975606,58.7765616418,67,73,61,59
593,奧古斯都,1996,興農,SP,B_Role-v0.1,B_QuadraticTanh-v1,32,30,228.333333333,980,Qualified,False,2026-08-11,1.15699751365,0.237373449363,2.25600433528,-0.943255817993,73.8172609799,66.73358623,82.5521448558,57.1012818714,74,67,83,57
594,黃文博,1995,味全龍,Swingman,B_Role-v0.1,B_QuadraticTanh-v1,29,13,122.666666667,564,Regular,False,2026-08-11,0.015545173656,1.05907470495,0.607043288971,-0.550100803172,65.1120337624,73.0427573457,69.5212312515,60.6384092773,65,73,70,61
594,黃文博,1996,味全龍,SP,B_Role-v0.1,B_QuadraticTanh-v1,35,28,201,860,Qualified,False,2026-08-11,-0.441319834175,0.699816727764,0.444741153839,0.735144326666,61.5609608915,70.2352520392,68.2852883907,70.5084722539,62,70,68,71
594,黃文博,1997,味全龍,SP,B_Role-v0.1,B_QuadraticTanh-v1,29,24,156.333333333,676,Qualified,False,2026-08-11,-0.141546628155,0.60074399195,0.518869144009,0.351215626555,63.9531270119,69.4729397776,68.8475917625,67.5814238959,64,69,69,68
594,黃文博,1998,中信,Swingman,B_Role-v0.1,B_QuadraticTanh-v1,27,17,114,530,Regular,False,2026-08-11,-1.21751363645,-0.0378238241181,1.01547237886,-0.386843565482,54.4925501052,64.7256711859,72.698967242,62.0125065264,54,65,73,62
595,李維,1995,時報,SP,B_Role-v0.1,B_QuadraticTanh-v1,28,26,175.666666667,723,Qualified,False,2026-08-11,-0.449613807863,-0.848273704964,0.192416991221,2.11582393147,61.4915893101,57.9814482519,66.40160976,81.4506038278,61,58,66,81
595,李維,1996,時報,Swingman,B_Role-v0.1,B_QuadraticTanh-v1,29,23,160,676,Regular,False,2026-08-11,0.0827387635684,-0.0392995553548,2.25791735757,0.745014268296,65.598764324,64.7148872712,82.5671154947,70.5849303476,66,65,83,71
595,李維,1998,統一7-ELEVEn獅,Swingman,B_Role-v0.1,B_QuadraticTanh-v1,33,23,162.333333333,679,Regular,False,2026-08-11,-0.0774673832708,1.54376281809,2.04771074177,0.0634557168999,64.4338825444,76.8980353029,80.912498887,65.4586772587,64,77,81,65
596,達瑞,1995,味全龍,SP,B_Role-v0.1,B_QuadraticTanh-v1,27,24,196.333333333,837,Qualified,False,2026-08-11,0.0651181386127,0.509055919938,1.15084217344,0.631062153712,65.470741593,68.7729364026,73.7684861907,69.7055905798,65,69,74,70
596,達瑞,1996,味全龍,SP,B_Role-v0.1,B_QuadraticTanh-v1,18,15,109.333333333,477,Regular,False,2026-08-11,0.860218466973,1.01637511388,-0.130935754921,-0.318809924833,71.4811816456,72.7060777211,64.0335064992,62.5662070623,71,73,64,63
597,馬力歐,1995,兄弟,RP,B_Role-v0.1,B_QuadraticTanh-v1,22,0,42.6666666667,177,Regular,False,2026-08-11,0.386850109337,1.84381268035,0.33684621425,2.36594465302,67.8488495192,79.2932498041,67.4738554668,83.4094341982,68,79,67,83
597,馬力歐,1997,兄弟,Swingman,B_Role-v0.1,B_QuadraticTanh-v1,28,3,62,270,Regular,False,2026-08-11,0.0512894181174,0.38007513006,-0.877639085382,1.05808431809,65.3704592131,67.7979327469,57.7108616258,73.0349406711,65,68,58,73
598,李斯特,1995,俊國,SP,B_Role-v0.1,B_QuadraticTanh-v1,22,18,112.666666667,501,Regular,False,2026-08-11,0.0288148138763,-1.79854895355,-1.30525158037,-0.620684445298,65.2078388141,48.8430158312,53.6428886645,60.025628275,65,49,54,60
599,阿坡里那,1995,統一7-ELEVEn獅,SP,B_Role-v0.1,B_QuadraticTanh-v1,19,19,132.666666667,548,Qualified,False,2026-08-11,-0.550105058269,1.07204363929,0.297387677511,1.64246962158,60.6383726641,73.1451476288,67.1792829148,77.6866311109,61,73,67,78
599,阿坡里那,1998,兄弟,Swingman,B_Role-v0.1,B_QuadraticTanh-v1,21,12,82.6666666667,363,Regular,False,2026-08-11,0.205793111591,-0.452091344009,0.429597484977,0.599420105845,66.5002121034,61.4708353562,68.1708874725,69.4627938131,67,61,68,69
600,富蘭克林,1995,俊國,Swingman,B_Role-v0.1,B_QuadraticTanh-v1,16,8,69.3333333333,312,Regular,False,2026-08-11,-1.69207596926,-0.240522815704,-0.0431861907134,-1.50663737372,49.8727107251,63.1888631915,64.6864567489,51.6797788219,50,63,65,52
601,羅一歐,1995,兄弟,SP,B_Role-v0.1,B_QuadraticTanh-v1,15,13,100.333333333,416,Regular,False,2026-08-11,0.608184309307,1.21151806683,-0.246641327742,-0.232159785138,69.5299811656,74.2497538771,63.1407694937,63.2544415362,70,74,63,63
601,羅一歐,1996,兄弟,Swingman,B_Role-v0.1,B_QuadraticTanh-v1,12,8,49,236,Regular,False,2026-08-11,0.303995832337,-1.12365857801,0.0588572384705,-0.713086421721,67.2285315277,55.3946719032,65.4253183301,59.2076567263,67,55,65,59
602,鈴木健,1995,時報,Swingman,B_Role-v0.1,B_QuadraticTanh-v1,14,6,56,242,Regular,False,2026-08-11,0.135604758082,-0.345173478245,-0.348508581414,0.31192727647,65.9844720464,62.353012319,62.3259181446,67.2876869063,66,62,62,67
603,川島堅,1995,時報,Swingman,B_Role-v0.1,B_QuadraticTanh-v1,11,3,26,129,Provisional,False,2026-08-11,-0.665345085463,-0.370974799657,-1.38777611722,-0.448118946638,59.6324413724,62.1426834441,52.8398175244,61.5041045176,60,62,53,62
604,康迪,1995,三商,Swingman,B_Role-v0.1,B_QuadraticTanh-v1,11,1,23,114,Provisional,False,2026-08-11,-0.751278912984,0.0114352915776,-1.53506190548,-0.0572072143452,58.8646326273,65.0823928519,51.4022447361,64.5835459805,59,65,51,65
605,包威,1995,統一7-ELEVEn獅,RP,B_Role-v0.1,B_QuadraticTanh-v1,11,0,26,115,Provisional,False,2026-08-11,0.398652308443,0.00941418519324,0.188368540998,0.320041358227,67.937628605,65.0678219641,66.371795542,67.3482546823,68,65,66,67
606,哈里士,1995,味全龍,SP,B_Role-v0.1,B_QuadraticTanh-v1,9,9,63,284,Provisional,False,2026-08-11,-2.36950383439,1.01154107215,-0.384771043212,-0.452135654415,43.5819717418,72.668005617,62.0295432302,61.4704640424,44,73,62,61
607,席古拉,1995,味全龍,Swingman,B_Role-v0.1,B_QuadraticTanh-v1,9,3,41.6666666667,191,Regular,False,2026-08-11,-0.835194013905,0.613172440461,-0.284056548041,-0.859783530213,58.1015078683,69.5682421926,62.8445605972,57.8755608131,58,70,63,58
607,席古拉,1996,味全龍,Swingman,B_Role-v0.1,B_QuadraticTanh-v1,24,15,105.333333333,471,Regular,False,2026-08-11,-0.652106571483,1.31269505663,0.945355235182,0.200779530962,59.7494210969,75.0543265422,72.1476840544,66.4632371836,60,75,72,66
610,費南德茲,1995,兄弟,Swingman,B_Role-v0.1,B_QuadraticTanh-v1,8,6,43.6666666667,180,Regular,False,2026-08-11,-0.376294616591,1.00655041308,0.0712436853899,1.46941712605,62.0991121403,72.6287095871,65.5152160688,76.3042270234,62,73,66,76
610,費南德茲,1996,兄弟,Swingman,B_Role-v0.1,B_QuadraticTanh-v1,25,16,115.333333333,517,Regular,False,2026-08-11,0.178798403798,0.678143586906,1.19526607426,0.176182755521,66.3013715244,70.0679877444,74.1207464657,66.2821368921,66,70,74,66
616,池田郁夫,1995,時報,Swingman,B_Role-v0.1,B_QuadraticTanh-v1,4,4,27.6666666667,116,Provisional,False,2026-08-11,-0.462453374514,0.553655215302,0.443465928054,0.923930528644,61.3838772206,69.1127489765,68.2756485688,71.9796493076,61,69,68,72
617,古登,1995,味全龍,Swingman,B_Role-v0.1,B_QuadraticTanh-v1,4,4,24,117,Provisional,False,2026-08-11,-1.86161383489,0.561534979723,0.0315995708851,1.47960917472,48.2377215588,69.1729232444,65.2279643001,76.385611413,48,69,65,76
623,馬力龍,1999,味全龍,SP,B_Role-v0.1,B_QuadraticTanh-v1,22,20,134.666666667,576,Qualified,False,2026-08-11,-0.440323054992,1.07402829562,0.100795202496,0.342002737572,61.5692870543,73.1608218292,65.7302332035,67.5124388602,62,73,66,68
638,陳文賓,2001,興農 / 中信,Swingman,B_Role-v0.1,B_QuadraticTanh-v1,15,11,75.3333333333,343,Regular,False,2026-08-11,0.520525965983,-1.32131117024,0.611350688238,-1.10281557132,68.8602026434,53.4868524093,69.5542668017,55.5938479754,69,53,70,56
649,賈西,1996,味全龍,Swingman,B_Role-v0.1,B_QuadraticTanh-v1,58,2,146.666666667,580,Regular,False,2026-08-11,1.91731918298,1.00707687521,0.462488212808,4.40301581434,79.8782212161,72.6328544448,68.4195630224,97.1971641548,80,73,68,97
649,賈西,1997,味全龍,Swingman,B_Role-v0.1,B_QuadraticTanh-v1,50,1,104.666666667,432,Regular,False,2026-08-11,1.40361185809,0.936688687386,-0.407178108788,2.87651587154,75.7790075461,72.0796878246,61.8447951489,87.2860209435,76,72,62,87
649,賈西,1998,味全龍,Swingman,B_Role-v0.1,B_QuadraticTanh-v1,48,1,95.6666666667,389,Regular,False,2026-08-11,1.60907556799,-0.230764927644,-0.361341687819,4.56283023939,77.4198460565,63.2653614511,62.2214044695,98.0487118226,77,63,62,98
649,賈西,2004,統一7-ELEVEn獅,RP,B_Role-v0.1,B_QuadraticTanh-v1,53,0,89,332,Qualified,False,2026-08-11,1.53088528237,2.07317253105,1.86857667838,2.38124726686,76.7951604801,81.1138464738,79.4904513518,83.5282375571,77,81,79,84
649,賈西,2005,統一7-ELEVEn獅,RP,B_Role-v0.1,B_QuadraticTanh-v1,53,0,60,241,Qualified,False,2026-08-11,0.84724898429,1.53925453322,-0.194584564812,1.48036180886,71.379946581,76.8620192915,63.5468186142,76.391621585,71,77,64,76
650,勞勃,1996,兄弟,RP,B_Role-v0.1,B_QuadraticTanh-v1,56,0,118.333333333,487,Qualified,False,2026-08-11,-0.821747733793,1.89680487276,0.222052860637,1.89608378926,58.2246280997,79.7150849799,66.6202682266,79.7093489302,58,80,67,80
651,吳俊良,1996,統一7-ELEVEn獅,Swingman,B_Role-v0.1,B_QuadraticTanh-v1,40,25,177,764,Regular,False,2026-08-11,0.345248104957,2.91281947779,1.88142327341,0.279074351457,67.5367324728,87.5536247203,79.5927029392,67.0429771115,68,88,80,67
651,吳俊良,1997,統一7-ELEVEn獅,Swingman,B_Role-v0.1,B_QuadraticTanh-v1,32,24,184.333333333,757,Regular,False,2026-08-11,0.667175030963,0.655136106882,2.59590636465,0.420351711879,69.9834417383,69.8907274716,85.1793122655,68.1011220967,70,70,85,68
651,吳俊良,1998,統一7-ELEVEn獅,Swingman,B_Role-v0.1,B_QuadraticTanh-v1,37,15,132.666666667,555,Regular,False,2026-08-11,0.219064888281,-1.04320579443,0.959898512584,-0.53744673905,66.598189975,56.160789368,72.261860669,60.7471134853,67,56,72,61
651,吳俊良,1999,統一7-ELEVEn獅,Swingman,B_Role-v0.1,B_QuadraticTanh-v1,14,4,37.3333333333,164,Provisional,False,2026-08-11,0.233765052228,0.698793322413,-0.756679194904,0.0206926521432,66.7068798308,70.2273477006,58.8159072714,65.1491792326,67,70,59,65
651,吳俊良,2000,統一7-ELEVEn獅,Swingman,B_Role-v0.1,B_QuadraticTanh-v1,31,13,109.333333333,473,Regular,False,2026-08-11,1.03459955944,0.105551400519,0.880209969792,-1.06316614875,72.8496911568,65.7649098962,71.6373866322,55.9714127355,73,66,72,56
651,吳俊良,2001,統一7-ELEVEn獅,Swingman,B_Role-v0.1,B_QuadraticTanh-v1,27,8,83.3333333333,374,Regular,False,2026-08-11,-0.115373656536,-1.04232911921,-0.222851404452,-0.399364414946,64.1508408323,56.1690957851,63.3272174709,61.9093584961,64,56,63,62
652,來加,1996,興農,Swingman,B_Role-v0.1,B_QuadraticTanh-v1,36,1,77,352,Regular,False,2026-08-11,0.857608078534,-0.0833590325411,-0.640340389895,-0.566363809963,71.4607993342,64.3901484758,59.8530887489,60.4981808026,71,64,60,60
653,帝傑,1996,三商,Swingman,B_Role-v0.1,B_QuadraticTanh-v1,28,5,77.6666666667,335,Regular,False,2026-08-11,-1.73566213112,-0.216505436767,-0.286592226307,1.07881034736,49.4501831792,63.3767018726,62.8243555864,73.1985946528,49,63,63,73
654,洪佩臻,1996,味全龍,Swingman,B_Role-v0.1,B_QuadraticTanh-v1,23,3,47.3333333333,222,Regular,False,2026-08-11,-0.750769286606,-1.27362482734,-1.06369841712,-0.755234884942,58.8692280385,53.9497507384,55.9663561964,58.8289442444,59,54,56,59
654,洪佩臻,1997,味全龍,RP,B_Role-v0.1,B_QuadraticTanh-v1,15,0,30.6666666667,138,Regular,False,2026-08-11,0.963493981631,-0.871792829944,0.25699870586,-0.345141328194,72.2901018846,57.7648446873,66.8790192268,62.3532733689,72,58,67,62
655,雷猛,1996,統一7-ELEVEn獅,Swingman,B_Role-v0.1,B_QuadraticTanh-v1,23,12,106.666666667,438,Regular,False,2026-08-11,0.387585301038,0.511775673975,1.09768012104,0.396406379697,67.8543768255,68.7936207732,73.3477214773,67.920726299,68,69,73,68
655,雷猛,1997,統一7-ELEVEn獅,Swingman,B_Role-v0.1,B_QuadraticTanh-v1,39,17,154.333333333,637,Regular,False,2026-08-11,1.21127348805,1.46964125899,1.23459041922,-0.726034272246,74.2478119071,76.3060166538,74.433018463,59.0916789477,74,76,74,59
655,雷猛,1998,統一7-ELEVEn獅,Swingman,B_Role-v0.1,B_QuadraticTanh-v1,32,23,175.333333333,734,Regular,False,2026-08-11,1.22071101175,-0.870105722323,2.51214949623,0.335384713668,74.3227576254,57.78041274,84.5387063732,67.4629235449,74,58,85,67
655,雷猛,1999,統一7-ELEVEn獅,Swingman,B_Role-v0.1,B_QuadraticTanh-v1,22,13,98.6666666667,405,Regular,False,2026-08-11,1.02110600255,1.49303006518,1.13451566733,0.288546154906,72.7433461684,76.4927903477,73.6391708907,67.1134428454,73,76,74,67
655,雷猛,2004,統一7-ELEVEn獅,SP,B_Role-v0.1,B_QuadraticTanh-v1,12,12,62.3333333333,266,Provisional,False,2026-08-11,0.120934511274,-1.24902930063,-1.40481983498,-0.0461240788934,65.8771986675,54.1879548336,52.6736384451,64.6649384653,66,54,53,65
656,班固,1996,三商,SP,B_Role-v0.1,B_QuadraticTanh-v1,21,19,143,587,Qualified,False,2026-08-11,1.26308958464,0.305747490947,1.02281375235,0.13422434542,74.6595677193,67.2415917993,72.7568013976,65.9743702489,75,67,73,66
656,班固,1997,三商,SP,B_Role-v0.1,B_QuadraticTanh-v1,29,27,166.333333333,703,Qualified,False,2026-08-11,1.28806173831,0.962147508626,1.12785374287,-1.52153145006,74.8582310172,72.2795251486,73.5864283091,51.5343472835,75,72,74,52
657,蓋瑞,1996,味全龍,SP,B_Role-v0.1,B_QuadraticTanh-v1,21,20,125.666666667,536,Qualified,False,2026-08-11,0.572631477819,1.23729100436,-0.0623662928176,0.868883813393,69.2577306224,74.4544780061,64.5455428581,71.548865518,69,74,65,72
657,蓋瑞,1997,味全龍,SP,B_Role-v0.1,B_QuadraticTanh-v1,16,15,94.6666666667,395,Regular,False,2026-08-11,0.478373335234,0.617531555385,0.42534989055,0.0286247326232,68.5399372768,69.6016910874,68.1388289825,65.206465345,69,70,68,65
657,蓋瑞,1998,味全龍,SP,B_Role-v0.1,B_QuadraticTanh-v1,32,27,162.333333333,682,Qualified,False,2026-08-11,1.13120688564,-0.479852602797,-0.408162074048,-0.455965612405,73.6129734641,61.2372965052,61.8366543008,61.4383521182,74,61,62,61
657,蓋瑞,1999,味全龍,SP,B_Role-v0.1,B_QuadraticTanh-v1,26,25,167.333333333,688,Qualified,False,2026-08-11,1.28933056077,-0.703127769859,0.818553536736,0.47993901971,74.8683285688,59.2966376815,71.1562553816,68.5518112057,75,59,71,69
657,蓋瑞,2003,第一,SP,B_Role-v0.1,B_QuadraticTanh-v1,21,18,111.666666667,475,Regular,False,2026-08-11,1.11255995906,-0.611692986054,-0.998767907029,-0.623711474994,73.4654004605,60.1042844523,56.580601314,59.9991097917,73,60,57,60
658,馬漢,1996,統一7-ELEVEn獅,Swingman,B_Role-v0.1,B_QuadraticTanh-v1,16,3,40.6666666667,177,Regular,False,2026-08-11,-0.277856370981,0.413923828155,-0.885949877913,-0.245299664696,62.8938958768,68.05265581,57.6340265525,63.1513237973,63,68,58,63
658,馬漢,1997,統一7-ELEVEn獅,Swingman,B_Role-v0.1,B_QuadraticTanh-v1,46,3,104.666666667,434,Regular,False,2026-08-11,0.20133256186,-0.0243784778263,-0.307831942284,0.325169419737,66.4673147494,64.8236444179,62.6544661,67.3865593186,66,65,63,67
659,馬丁尼,1996,時報,SP,B_Role-v0.1,B_QuadraticTanh-v1,15,14,100,399,Regular,False,2026-08-11,1.37529321173,0.138104875808,0.424887700593,-0.740296215319,75.5531455855,66.0027719052,68.1353414097,58.9635578114,76,66,68,59
659,馬丁尼,1997,時報,SP,B_Role-v0.1,B_QuadraticTanh-v1,24,20,103,477,Regular,False,2026-08-11,-1.72170512454,-2.01292901859,-1.70745003131,-1.48173251954,49.5853472774,46.8044990985,49.7235336726,51.9229696411,50,47,50,52
660,威利,1996,三商,RP,B_Role-v0.1,B_QuadraticTanh-v1,14,0,39.3333333333,175,Regular,False,2026-08-11,0.343497298499,0.385149874198,1.10889156788,0.106947034703,67.5236255967,67.8360683646,73.4363817692,65.7750889376,68,68,73,66
661,哈山,1996,統一7-ELEVEn獅,Swingman,B_Role-v0.1,B_QuadraticTanh-v1,13,7,49,224,Regular,False,2026-08-11,-0.981966981046,-0.0158590504654,-0.111928662453,0.386472356658,56.7386423672,64.8854631322,64.1767262813,67.84600966,57,65,64,68
662,柯特,1996,兄弟,Swingman,B_Role-v0.1,B_QuadraticTanh-v1,12,4,43.6666666667,194,Regular,False,2026-08-11,-0.213738958861,-0.73066139733,-0.250998702286,0.431876826903,63.3982410617,59.0501540682,63.1064595301,68.1880960125,63,59,63,68
664,里昂,1996,興農,Swingman,B_Role-v0.1,B_QuadraticTanh-v1,9,4,24,128,Provisional,False,2026-08-11,-2.46990734637,0.415117327628,-1.03110812268,-0.479909650915,42.7257270794,68.0616525472,56.2753289955,61.2368147389,43,68,56,61
665,狄福,1996,三商,Swingman,B_Role-v0.1,B_QuadraticTanh-v1,7,3,28.3333333333,141,Provisional,False,2026-08-11,0.0554755644189,-0.871023445623,-0.224835404068,-0.301324383826,65.4007983573,57.7719448788,63.311724979,62.706640136,65,58,63,63
669,鍾凱力,1998,中信,Swingman,B_Role-v0.1,B_QuadraticTanh-v1,35,1,49.6666666667,214,Regular,False,2026-08-11,0.992467452172,0.908220417506,-1.29895964641,2.80172671288,72.517874615,71.8565636216,53.7039835279,86.7309722164,73,72,54,87
669,鍾凱力,1999,中信,RP,B_Role-v0.1,B_QuadraticTanh-v1,24,0,31,128,Regular,False,2026-08-11,-1.49156216166,-1.13744692732,-1.55148176704,1.29498351206,51.8269858597,55.2626612606,51.2419608168,74.913319979,52,55,51,75
730,李維拉,1997,中信,RP,B_Role-v0.1,B_QuadraticTanh-v1,49,0,86,355,Qualified,False,2026-08-11,-1.46211142928,1.4659534336,0.576740147101,2.67602821234,52.1145490071,76.2765710761,69.289152163,85.7873362138,52,76,69,86
730,李維拉,2004,誠泰,RP,B_Role-v0.1,B_QuadraticTanh-v1,16,0,23.3333333333,89,Provisional,False,2026-08-11,0.157299874452,0.517073846648,-1.25597860449,0.57209113032,66.1434473687,68.8339289593,54.1206933376,69.2535990582,66,69,54,69
731,范迪拉,1997,中信,Swingman,B_Role-v0.1,B_QuadraticTanh-v1,27,20,124.333333333,545,Regular,False,2026-08-11,-0.5377751631,1.41618212333,1.21086403516,0.197712397823,60.7442966933,75.8792988638,74.2445608617,66.4406273852,61,76,74,66
732,丹尼,1997,時報,RP,B_Role-v0.1,B_QuadraticTanh-v1,52,0,76,306,Qualified,False,2026-08-11,0.231952244161,0.871773248491,-0.494121944753,0.932900295132,66.6934668713,71.5714425041,61.1165581704,72.049975033,67,72,61,72
732,丹尼,1998,三商,RP,B_Role-v0.1,B_QuadraticTanh-v1,25,0,36,161,Regular,False,2026-08-11,-1.32551228788,0.431541477511,-1.16152862423,-0.643524937523,53.4460120292,68.1855639637,55.0316487567,59.8250590602,53,68,55,60
733,法西斯,1997,興農,RP,B_Role-v0.1,B_QuadraticTanh-v1,51,0,86.6666666667,374,Qualified,False,2026-08-11,-0.32847641365,1.32985517113,0.436713031307,-0.510003287163,62.4882397241,75.1910005935,68.2246206091,60.9816286285,62,75,68,61
734,得力旺,1997,時報,Swingman,B_Role-v0.1,B_QuadraticTanh-v1,42,1,84.6666666667,351,Regular,False,2026-08-11,0.127657289605,0.508199492503,-0.70092557147,2.53966957838,65.9263349793,68.7664241058,59.3162881823,84.749730263,66,69,59,85
734,得力旺,1998,中信,RP,B_Role-v0.1,B_QuadraticTanh-v1,16,0,22.3333333333,89,Provisional,False,2026-08-11,0.256220467189,0.00916782489649,-1.70409756462,2.33521277178,66.8732462273,65.0660461139,49.7560508616,83.1704448076,67,65,50,83
735,勇壯,1997,興農,Swingman,B_Role-v0.1,B_QuadraticTanh-v1,41,18,164.666666667,709,Regular,False,2026-08-11,-0.929212261864,0.223032221496,1.39671542572,0.594401115947,57.232301137,66.6275063413,75.7239932684,69.4243394402,57,67,76,69
735,勇壯,1998,興農,SP,B_Role-v0.1,B_QuadraticTanh-v1,33,28,167.333333333,725,Qualified,False,2026-08-11,0.609825187059,1.1034001782,-0.349278907903,1.66971657923,69.5425656627,73.3929505672,62.3196561148,77.9042750434,70,73,62,78
735,勇壯,1999,興農,SP,B_Role-v0.1,B_QuadraticTanh-v1,30,26,178.666666667,753,Qualified,False,2026-08-11,0.0441333770828,-2.40069481128,0.444542317722,0.3064752821,65.3186314796,43.3132439049,68.2837852518,67.2470188695,65,43,68,67
735,勇壯,2000,興農,Swingman,B_Role-v0.1,B_QuadraticTanh-v1,43,24,192.333333333,814,Regular,False,2026-08-11,0.63960600023,-0.279690962352,3.10376551454,0.360076825743,69.7712554024,62.8793081815,88.940179349,67.647835862,70,63,89,68
735,勇壯,2001,興農,Swingman,B_Role-v0.1,B_QuadraticTanh-v1,37,28,209.333333333,878,Regular,False,2026-08-11,0.857434302363,-0.673066563629,2.89349745309,0.625398837304,71.4594425804,59.5640473004,87.4113483348,69.6620890704,71,60,87,70
735,勇壯,2002,興農,Swingman,B_Role-v0.1,B_QuadraticTanh-v1,41,19,176.333333333,732,Regular,False,2026-08-11,0.444270532919,0.369745435401,1.76597658542,1.63858463855,68.2817306889,67.7203662358,78.6727276365,77.6555957752,68,68,79,78
735,勇壯,2003,興農,SP,B_Role-v0.1,B_QuadraticTanh-v1,32,27,170.333333333,711,Qualified,False,2026-08-11,-0.248058992218,-0.921837419968,-0.390122152013,2.120930873,63.1296122262,57.3009863128,61.9855341779,81.4908799936,63,57,62,81
735,勇壯,2004,興農,Swingman,B_Role-v0.1,B_QuadraticTanh-v1,41,19,156.333333333,646,Regular,False,2026-08-11,1.0341457011,-0.434194449808,1.51383674074,1.68511244876,72.8461131027,61.6204277161,76.6589751557,78.0272358301,73,62,77,78
735,勇壯,2005,興農,Swingman,B_Role-v0.1,B_QuadraticTanh-v1,41,22,154.666666667,674,Regular,False,2026-08-11,-0.72132663068,-0.979978515299,1.66116361544,1.44849956277,59.1338841831,56.7573216185,77.8359595627,76.1372264467,59,57,78,76
736,馬力安,1997,時報,Swingman,B_Role-v0.1,B_QuadraticTanh-v1,39,28,182.666666667,782,Regular,False,2026-08-11,0.848488362082,0.746349726758,1.98734261592,0.233604455358,71.3896171687,70.5952796816,80.4342668778,66.7056914682,71,71,80,67
736,馬力安,1998,中信,SP,B_Role-v0.1,B_QuadraticTanh-v1,12,10,58,273,Provisional,False,2026-08-11,-1.69323197967,-1.49113450493,-2.07388810327,0.983551721199,49.8614888201,51.8311618602,46.2364405806,72.4477476179,50,52,46,72
737,利多,1997,三商,Swingman,B_Role-v0.1,B_QuadraticTanh-v1,37,14,138.333333333,594,Regular,False,2026-08-11,-0.150659822656,0.225080365337,0.91414763065,-0.293446195354,63.8838501372,66.6426459721,71.9029891581,62.7696587876,64,67,72,63
737,利多,1998,三商,Swingman,B_Role-v0.1,B_QuadraticTanh-v1,27,20,150.666666667,641,Regular,False,2026-08-11,-1.36846834577,1.00531965252,2.21440814965,-0.185750897724,53.027959624,72.6190201847,82.2261937457,63.6150123655,53,73,82,64
737,利多,1999,三商,SP,B_Role-v0.1,B_QuadraticTanh-v1,26,22,152.333333333,633,Qualified,False,2026-08-11,0.638263021479,0.142409070621,0.0319648559837,0.432775186854,69.7609308185,66.034289276,65.2306047328,68.1948794574,70,66,65,68
737,利多,2002,統一7-ELEVEn獅,Swingman,B_Role-v0.1,B_QuadraticTanh-v1,8,5,34.3333333333,165,Provisional,False,2026-08-11,-0.736413283536,-0.304172220773,-0.0085421834487,-0.622826192019,58.998478254,62.6838209945,64.9383941863,60.0068673641,59,63,65,60
738,楓康,1997,興農,Swingman,B_Role-v0.1,B_QuadraticTanh-v1,35,25,157.333333333,699,Regular,False,2026-08-11,0.00432159415832,-1.3077504483,1.56592140932,-0.183371774264,65.0311238773,53.6186184986,77.0750647987,63.6333431489,65,54,77,64
738,楓康,1998,興農,SP,B_Role-v0.1,B_QuadraticTanh-v1,32,30,195.333333333,790,Qualified,False,2026-08-11,0.0884533198195,-0.575002822961,1.5803156882,-0.102883431389,65.6403414725,60.4234539352,77.190068025,64.2445376486,66,60,77,64
738,楓康,1999,興農,SP,B_Role-v0.1,B_QuadraticTanh-v1,30,27,198,799,Qualified,False,2026-08-11,-0.678734894265,0.34488129252,1.35358654439,0.800604570829,59.5137626554,67.5339862518,75.3800992045,71.0165483083,60,68,75,71
738,楓康,2000,興農,SP,B_Role-v0.1,B_QuadraticTanh-v1,33,28,217.333333333,876,Qualified,False,2026-08-11,-0.225237420423,0.342779989131,1.07363555712,0.170586607838,63.3085844878,67.5182563499,73.1577199925,66.2410037283,63,68,73,66
739,漢銳,1997,味全龍,Swingman,B_Role-v0.1,B_QuadraticTanh-v1,35,15,113,505,Regular,False,2026-08-11,-2.19213722487,1.25962448156,0.317182018401,1.55279111814,45.1530453854,74.6320123588,67.3269052841,76.9701628489,45,75,67,77
739,漢銳,2000,中信,Swingman,B_Role-v0.1,B_QuadraticTanh-v1,30,1,48,205,Regular,False,2026-08-11,-0.941485183689,1.30101695087,-1.64756250327,1.07850360445,57.1178171165,74.9613468632,50.3053733538,73.1961714899,57,75,50,73
740,黑金光,1997,興農,Swingman,B_Role-v0.1,B_QuadraticTanh-v1,29,19,105.333333333,484,Regular,False,2026-08-11,-2.65394646172,1.17197892308,0.441064515267,-0.810813692671,41.2267834518,73.936020028,68.257498687,58.324514247,41,74,68,58
741,胡立安,1997,中信,Swingman,B_Role-v0.1,B_QuadraticTanh-v1,28,21,147.666666667,643,Regular,False,2026-08-11,-0.288351048333,-1.37947923681,1.86929849269,0.2862963844,62.8103311097,52.9206810802,79.4961974956,67.0966992497,63,53,79,67
742,黃清境,1997,中信,Swingman,B_Role-v0.1,B_QuadraticTanh-v1,28,13,79.6666666667,358,Regular,False,2026-08-11,0.910302569011,-0.869457129974,-0.311150012861,-1.14508371903,71.8728704874,57.7863964923,62.6278222112,55.1894637083,72,58,63,55
742,黃清境,1998,中信,Swingman,B_Role-v0.1,B_QuadraticTanh-v1,30,11,88,395,Regular,False,2026-08-11,1.25324297451,-1.57751151927,0.00187788986737,-1.33290692491,74.5812722245,50.9879647609,65.0135223935,53.3741054082,75,51,65,53
742,黃清境,1999,中信,SP,B_Role-v0.1,B_QuadraticTanh-v1,14,12,62,272,Provisional,False,2026-08-11,-0.768468850264,0.372576925258,-2.54490286179,-2.18192825529,58.7093438569,67.7416202371,42.1034406546,45.2455319788,59,68,42,45
742,黃清境,2000,興農,Swingman,B_Role-v0.1,B_QuadraticTanh-v1,20,10,60.6666666667,278,Regular,False,2026-08-11,0.594420896189,-2.03821569997,-0.379519725293,-1.42902124952,69.4244909607,46.5681348189,62.0726633725,52.4375405472,69,47,62,52
743,阿里,1997,統一7-ELEVEn獅,Swingman,B_Role-v0.1,B_QuadraticTanh-v1,27,16,131.333333333,561,Regular,False,2026-08-11,-0.76711063117,0.0637337437891,1.44037540601,-0.883066862723,58.721633519,65.4606947547,76.0723764462,57.660693224,59,65,76,58
744,李逸楠,1997,中信,Swingman,B_Role-v0.1,B_QuadraticTanh-v1,26,2,60.3333333333,264,Regular,False,2026-08-11,1.6511870305,-0.464745237581,-0.84061938486,-1.0165420779,77.7562681946,61.3646098015,58.0517430818,56.412992582,78,61,58,56
744,李逸楠,1998,中信,Swingman,B_Role-v0.1,B_QuadraticTanh-v1,16,1,24.3333333333,120,Provisional,False,2026-08-11,0.614373672275,-0.738464550945,-1.60576423817,-0.373990405243,69.5774584531,58.9800341185,50.7124639314,62.1179930576,70,59,51,62
744,李逸楠,1999,味全龍,Swingman,B_Role-v0.1,B_QuadraticTanh-v1,13,2,27.6666666667,132,Provisional,False,2026-08-11,0.637433728563,-0.201988962025,-1.17410603087,-0.757220790968,69.7545559092,63.489498956,54.9107765872,58.8110175863,70,63,55,59
744,李逸楠,2003,誠泰,RP,B_Role-v0.1,B_QuadraticTanh-v1,22,0,43.3333333333,196,Regular,False,2026-08-11,1.26750488114,-0.0408878425264,0.906120607864,-0.332300385899,74.6946831821,64.7032741012,71.840120455,62.4573316079,75,65,72,62
745,鐵砂掌,1997,興農,Swingman,B_Role-v0.1,B_QuadraticTanh-v1,25,9,71,308,Regular,False,2026-08-11,0.625776667237,-0.892341405301,-0.422979952135,-1.16198725596,69.6649906734,57.5748603124,61.7137757145,55.0272437639,70,58,62,55
746,艾伯格,1997,兄弟,SP,B_Role-v0.1,B_QuadraticTanh-v1,24,20,119,520,Regular,False,2026-08-11,-0.734976269892,1.29363433533,-0.574379731731,-0.285554440962,59.0113945118,74.9025813858,60.428849093,62.8326269501,59,75,60,63
747,孟雷迪,1997,兄弟,Swingman,B_Role-v0.1,B_QuadraticTanh-v1,23,2,47.3333333333,204,Regular,False,2026-08-11,-1.0080672035,-0.986596627816,-1.14736383212,0.564292340815,56.4929619493,56.6951312289,55.1675979996,69.1939895293,56,57,55,69
748,寶時捷,1997,興農,Swingman,B_Role-v0.1,B_QuadraticTanh-v1,23,2,51,216,Regular,False,2026-08-11,-0.250332662648,1.28451761361,-1.01425366537,0.799074668794,63.111707123,74.8300279275,56.4345954392,71.004647873,63,75,56,71
749,漢森,1997,中信,Swingman,B_Role-v0.1,B_QuadraticTanh-v1,22,15,97.3333333333,434,Regular,False,2026-08-11,-0.209096840196,0.299167252757,0.772758449889,-0.306023374898,63.4343382492,67.1925422221,70.8001373731,62.6689770062,63,67,71,63
750,力飛諾,1997,時報,Swingman,B_Role-v0.1,B_QuadraticTanh-v1,22,5,66,285,Regular,False,2026-08-11,0.459909220363,0.478282160239,-0.398524534388,-0.23566813935,68.4000365524,68.5392458708,61.9162894733,63.2269531882,68,69,62,63
751,強斯頓,1997,味全龍,Swingman,B_Role-v0.1,B_QuadraticTanh-v1,21,7,62,290,Regular,False,2026-08-11,-0.950539739111,1.28564687764,-0.4748080076,0.384729198848,57.0332118409,74.8390139876,61.2798677228,67.8329063564,57,75,61,68
752,費南度,1997,三商,Swingman,B_Role-v0.1,B_QuadraticTanh-v1,21,12,112.333333333,475,Regular,False,2026-08-11,-1.16889619794,-0.411701833832,1.46618095632,-0.443905197287,54.9608621341,61.8073486849,76.2783877062,61.5393541766,55,62,76,62
752,費南度,1998,三商,Swingman,B_Role-v0.1,B_QuadraticTanh-v1,11,7,47.6666666667,212,Regular,False,2026-08-11,-0.744037280113,-2.08385121043,0.134197928887,-1.18005703204,58.9298862053,46.1441808273,65.9741769496,54.8535356327,59,46,66,55
753,吳俊億,1997,兄弟,RP,B_Role-v0.1,B_QuadraticTanh-v1,21,0,47,203,Regular,False,2026-08-11,-1.99046523958,0.119668023144,1.31686543826,-0.679049794926,47.0152978587,65.867946309,75.087537033,59.5109672283,47,66,75,60
753,吳俊億,1998,兄弟,Swingman,B_Role-v0.1,B_QuadraticTanh-v1,26,11,79.3333333333,354,Regular,False,2026-08-11,0.0476705796655,0.935455107871,-0.0613962544185,-1.12658365525,65.3442440761,72.0700120305,64.5526940237,55.3666832514,65,72,65,55
753,吳俊億,1999,兄弟,Swingman,B_Role-v0.1,B_QuadraticTanh-v1,28,18,131.333333333,591,Regular,False,2026-08-11,-0.727975091006,-0.0481468886397,1.78036731227,-1.05674304517,59.0742665938,64.6501086863,78.7875224999,56.0324054359,59,65,79,56
753,吳俊億,2000,兄弟,Swingman,B_Role-v0.1,B_QuadraticTanh-v1,24,9,77.3333333333,340,Regular,False,2026-08-11,-0.850544103286,-1.22391461245,0.0662077017061,-1.78494452814,57.9605786797,54.4307462363,65.4786499567,48.9740878405,58,54,65,49
753,吳俊億,2001,兄弟,Swingman,B_Role-v0.1,B_QuadraticTanh-v1,29,3,58.6666666667,257,Regular,False,2026-08-11,-0.317830685325,-1.59812831602,-1.10830461446,-0.817517021451,62.5740921916,50.7869012925,55.541439586,58.2633018153,63,51,56,58
753,吳俊億,2002,兄弟,RP,B_Role-v0.1,B_QuadraticTanh-v1,41,0,73.3333333333,310,Qualified,False,2026-08-11,0.0082187709938,1.0751212121,1.59400542083,0.0278393646597,65.0592055137,73.1694539345,77.299443183,65.2007908566,65,73,77,65
753,吳俊億,2003,兄弟,Swingman,B_Role-v0.1,B_QuadraticTanh-v1,29,11,98.3333333333,400,Regular,False,2026-08-11,0.563585608919,0.161552377528,0.582153986892,-1.14285299697,69.1885896156,66.1746548367,69.3305716865,55.2108508302,69,66,69,55
753,吳俊億,2004,兄弟,Swingman,B_Role-v0.1,B_QuadraticTanh-v1,32,7,89.6666666667,373,Regular,False,2026-08-11,1.57980036551,0.0258845426365,0.0418574164922,-1.52643017013,77.1859508204,65.1866691406,65.3021572771,51.4865174132,77,65,65,51
753,吳俊億,2005,兄弟,Swingman,B_Role-v0.1,B_QuadraticTanh-v1,22,2,51.6666666667,239,Regular,False,2026-08-11,0.436071670121,-0.793099441728,-0.554274100612,-1.07439318532,68.2197758799,58.4858931122,60.6024806037,55.8646853287,68,58,61,56
753,吳俊億,2006,兄弟,Swingman,B_Role-v0.1,B_QuadraticTanh-v1,22,4,52,252,Regular,False,2026-08-11,0.0171941946073,0.854516580343,-0.598200895987,-1.57031068401,65.123930926,71.4366647137,60.22198926,51.0582157705,65,71,60,51
753,吳俊億,2007,兄弟,Swingman,B_Role-v0.1,B_QuadraticTanh-v1,30,4,55.3333333333,271,Regular,False,2026-08-11,-0.624892013053,1.63485413962,-0.678298698283,-1.19943847017,59.9887623892,77.6257940102,59.5176345131,54.6668954991,60,78,60,55
754,東鈮,1997,兄弟,Swingman,B_Role-v0.1,B_QuadraticTanh-v1,20,6,67,297,Regular,False,2026-08-11,-0.75344648035,-1.75040853131,-0.194931043359,0.106337387387,58.8450817713,49.3075260854,63.544139661,65.7706422762,59,49,64,66
754,東鈮,1998,兄弟,Swingman,B_Role-v0.1,B_QuadraticTanh-v1,29,20,126,559,Regular,False,2026-08-11,0.482379499633,-0.234010473758,1.24646072986,0.375180641109,68.5703228381,63.2399451966,74.5273561668,67.7611697602,69,63,75,68
755,派克,1997,味全龍,Swingman,B_Role-v0.1,B_QuadraticTanh-v1,20,1,33.3333333333,173,Provisional,False,2026-08-11,-2.24419821898,0.0904348624609,-1.53695675117,-0.928808401876,44.6847242364,65.6547651055,51.3837462054,57.2360645892,45,66,51,57
756,趙威,1997,三商,Swingman,B_Role-v0.1,B_QuadraticTanh-v1,19,1,42.6666666667,183,Regular,False,2026-08-11,-0.120672046572,-0.738314528974,-1.10363045396,-0.763257782645,64.1109661031,58.981383324,55.5860696889,58.756476981,64,59,56,59
758,凱瑞,1997,中信,Swingman,B_Role-v0.1,B_QuadraticTanh-v1,18,5,50.6666666667,229,Regular,False,2026-08-11,0.462477402904,-1.60443127676,-0.692388354024,-0.12063043979,68.419481167,50.7254567254,59.3923764987,64.1112795254,68,51,59,64
759,吉爾,1997,味全龍,Swingman,B_Role-v0.1,B_QuadraticTanh-v1,18,3,39,180,Provisional,False,2026-08-11,-0.604837664378,-1.68089336998,-1.19282082284,-0.631642278544,60.1641387264,49.9813048502,54.7306587908,59.929540243,60,50,55,60
760,馬克,1997,時報,Swingman,B_Role-v0.1,B_QuadraticTanh-v1,18,13,74.3333333333,355,Regular,False,2026-08-11,-0.737720161819,1.24318161432,0.322774654145,0.0764313562899,58.9867282771,74.501292446,67.3686688366,65.5529067279,59,75,67,66
761,奧斯汀,1997,味全龍,Swingman,B_Role-v0.1,B_QuadraticTanh-v1,17,9,77,321,Regular,False,2026-08-11,1.62355176888,0.698089017092,0.57449378576,-0.3239479981,77.5355001869,70.2219083023,69.2719715009,62.5247940639,78,70,69,63
762,松永幸男,1997,統一7-ELEVEn獅,Swingman,B_Role-v0.1,B_QuadraticTanh-v1,17,2,44.6666666667,184,Regular,False,2026-08-11,-0.120763856717,0.633454644835,-0.870087684219,0.531221368106,64.1102744841,69.7239738808,57.7805791644,68.9416547808,64,70,58,69
763,俠客,1997,統一7-ELEVEn獅,Swingman,B_Role-v0.1,B_QuadraticTanh-v1,16,1,23.3333333333,93,Provisional,False,2026-08-11,-1.47399438775,0.397153653019,-1.77639500006,-0.245837778635,51.998527599,67.9263496841,49.0565406613,63.1470912425,52,68,49,63
764,荷西,1997,中信,Swingman,B_Role-v0.1,B_QuadraticTanh-v1,15,4,40.6666666667,167,Regular,False,2026-08-11,0.249684851306,-0.426356181044,-0.874722770922,-0.456874913584,66.824783875,61.6857041226,57.7377971785,61.430723085,67,62,58,61
765,凱斯,1997,兄弟,Swingman,B_Role-v0.1,B_QuadraticTanh-v1,15,1,38.3333333333,160,Provisional,False,2026-08-11,-0.663761154526,-0.0188673320689,-0.988958886772,2.51184964757,59.6464563189,64.8636575321,56.6729184944,84.5364043085,60,65,57,85
766,吳世賢,1997,三商,RP,B_Role-v0.1,B_QuadraticTanh-v1,14,0,25.6666666667,114,Provisional,False,2026-08-11,1.15982281483,-1.08446651399,-0.652965182673,-0.397136012638,73.8396523815,55.7688007556,59.7418450101,61.9277442584,74,56,60,62
766,吳世賢,1998,三商,Swingman,B_Role-v0.1,B_QuadraticTanh-v1,13,2,28,118,Provisional,False,2026-08-11,0.107450139373,-0.0704310311486,-1.23653769939,-1.03381612865,65.7787587359,64.4859887922,54.3087732914,56.2497058006,66,64,54,56
766,吳世賢,1999,三商,Swingman,B_Role-v0.1,B_QuadraticTanh-v1,23,4,42.6666666667,194,Regular,False,2026-08-11,-0.20918617465,-1.46536852603,-1.05169965215,-0.612006225455,63.4336441196,52.0827489637,56.080261847,60.1015471508,63,52,56,60
767,郭源治,1997,統一7-ELEVEn獅,SP,B_Role-v0.1,B_QuadraticTanh-v1,13,12,64.3333333333,265,Provisional,False,2026-08-11,0.751485267485,-0.568964700944,-1.31417394206,1.52762554339,70.635087428,60.4757004698,53.5562150736,76.7691203793,71,60,54,77
767,郭源治,1998,中信,SP,B_Role-v0.1,B_QuadraticTanh-v1,24,20,140.666666667,584,Qualified,False,2026-08-11,0.611266124639,1.27487726138,0.527759837017,-1.87168350687,69.5536181307,74.7533264022,68.9152847086,48.1414559283,70,75,69,48
767,郭源治,1999,中信,SP,B_Role-v0.1,B_QuadraticTanh-v1,15,15,88.3333333333,357,Regular,False,2026-08-11,1.34260097955,-1.19417588247,-0.691067955451,-0.382162741937,75.2925509134,54.7176053582,59.4041317297,62.0509692281,75,55,59,62
768,陶德,1997,味全龍,Swingman,B_Role-v0.1,B_QuadraticTanh-v1,12,9,53.6666666667,223,Regular,False,2026-08-11,1.20491343331,-0.383833860053,0.249897550814,0.118533341931,74.1973181998,62.0372436794,66.8263605297,65.8596580322,74,62,67,66
768,陶德,1998,味全龍,Swingman,B_Role-v0.1,B_QuadraticTanh-v1,29,22,121,534,Regular,False,2026-08-11,1.33300039566,-2.4058306629,1.08937387841,0.051672899295,75.2160570276,43.2692273787,73.2820627138,65.3732378556,75,43,73,65
768,陶德,1999,味全龍,Swingman,B_Role-v0.1,B_QuadraticTanh-v1,23,3,64.3333333333,271,Regular,False,2026-08-11,1.31692107212,-0.230887283769,-0.24159016012,-0.7449719218,75.087980091,63.2644037661,63.1804805103,58.9214697968,75,63,63,59
769,馬修,1997,興農,Swingman,B_Role-v0.1,B_QuadraticTanh-v1,11,6,38.3333333333,177,Provisional,False,2026-08-11,-1.18571282467,0.123132838177,-0.481777627551,0.460982051316,54.7991049669,65.8932618454,61.2210356648,68.4081587714,55,66,61,68
770,蔡重光,1997,時報,Swingman,B_Role-v0.1,B_QuadraticTanh-v1,10,2,21,108,Provisional,False,2026-08-11,1.08611962524,-2.57884333339,-1.45553023674,-1.05687486435,73.2563450468,41.8269195289,52.1787998572,56.0311542006,73,42,52,56
770,蔡重光,2000,興農,Swingman,B_Role-v0.1,B_QuadraticTanh-v1,20,1,47,205,Regular,False,2026-08-11,1.282580009,0.495634319467,-1.1257625045,-0.481565278538,74.8146101679,68.6709354605,55.3745413383,61.2228298165,75,69,55,61
770,蔡重光,2001,興農,RP,B_Role-v0.1,B_QuadraticTanh-v1,36,0,44.6666666667,195,Regular,False,2026-08-11,0.817497852603,-2.93236267093,-0.634482191448,-0.860574229456,71.1480338311,39.1523871604,59.9045963356,57.8682784988,71,39,60,58
770,蔡重光,2002,興農,RP,B_Role-v0.1,B_QuadraticTanh-v1,18,0,29,126,Provisional,False,2026-08-11,-0.631939881741,-0.420759614601,-0.850040681999,-1.63375795817,59.926927084,61.7322217517,57.9652068894,50.4397450615,60,62,58,50
774,天寶,1997,三商,Swingman,B_Role-v0.1,B_QuadraticTanh-v1,7,3,23,109,Provisional,False,2026-08-11,0.00418688476086,0.535266890746,-0.783254416399,-0.814080591409,65.0301534543,68.972483824,58.5753400589,58.2946919015,65,69,59,58
775,劉文貿,1998,兄弟,Swingman,B_Role-v0.1,B_QuadraticTanh-v1,19,2,41.6666666667,206,Regular,False,2026-08-11,-0.490768738018,-0.963520592003,-1.0238635274,0.644446268113,61.1449732531,56.9117117126,56.3438316717,69.80847562,61,57,56,70
775,劉文貿,1999,兄弟,RP,B_Role-v0.1,B_QuadraticTanh-v1,15,0,33.3333333333,145,Regular,False,2026-08-11,-0.812406682638,-1.90387635854,0.75611989867,-0.664930244827,58.3099747507,47.8344711292,70.6710247776,59.6361124605,58,48,71,60
775,劉文貿,2000,兄弟,Swingman,B_Role-v0.1,B_QuadraticTanh-v1,11,4,40.3333333333,176,Regular,False,2026-08-11,-0.462768760562,-1.35734480754,-0.300951918943,-0.477632326372,61.3812265394,53.1362898799,62.709623095,61.2560406632,61,53,63,61
775,劉文貿,2001,兄弟,Swingman,B_Role-v0.1,B_QuadraticTanh-v1,11,1,23.3333333333,116,Provisional,False,2026-08-11,0.236776827899,-1.16487825863,-1.57938761313,1.2943020325,66.7291698032,54.9994721922,50.9696636869,74.9078957863,67,55,51,75
775,劉文貿,2002,兄弟,Swingman,B_Role-v0.1,B_QuadraticTanh-v1,19,9,69,322,Regular,False,2026-08-11,-0.807598326947,0.152317646366,0.127524171731,-1.38469910619,58.3538478641,66.1069040262,65.9253616566,52.8698095051,58,66,66,53
775,劉文貿,2003,兄弟,Swingman,B_Role-v0.1,B_QuadraticTanh-v1,22,7,61,269,Regular,False,2026-08-11,0.122843968216,-0.204284306477,-0.315481995896,-0.311237357939,65.8911508369,63.4717005299,62.5929946569,62.6271204586,66,63,63,63
782,林禮雄,1998,三商,Swingman,B_Role-v0.1,B_QuadraticTanh-v1,13,1,22.6666666667,108,Provisional,False,2026-08-11,-1.44175965778,0.514911666336,-1.5176025046,-1.01628132739,52.3132214212,68.8174769341,51.572709827,56.4154544392,52,69,52,56
834,風情,1998,興農,RP,B_Role-v0.1,B_QuadraticTanh-v1,61,0,98,392,Qualified,False,2026-08-11,-0.792807614367,-1.8917786073,0.975657346863,1.34354078314,58.4885470159,47.9496904335,72.3856811732,75.30003978,58,48,72,75
835,布萊恩,1998,統一7-ELEVEn獅,RP,B_Role-v0.1,B_QuadraticTanh-v1,48,0,69,291,Qualified,False,2026-08-11,0.117059940737,0.984816851359,-0.152594577624,1.25197248119,65.8488972176,72.4576965812,63.8691136903,74.5711715038,66,72,64,75
835,布萊恩,1999,統一7-ELEVEn獅,RP,B_Role-v0.1,B_QuadraticTanh-v1,36,0,59,236,Qualified,False,2026-08-11,1.34342231617,1.12346343598,0.225999438458,1.91709023504,75.2990957623,73.5516778152,66.6494407538,79.8764010982,75,74,67,80
836,歐力士,1998,中信,Swingman,B_Role-v0.1,B_QuadraticTanh-v1,38,8,87.3333333333,393,Regular,False,2026-08-11,-1.62705772887,0.268468734362,-0.326012583709,1.37476094286,50.5049928995,66.9641600787,62.5081346943,75.5489014478,51,67,63,76
837,安迪,1998,統一7-ELEVEn獅,Swingman,B_Role-v0.1,B_QuadraticTanh-v1,36,8,77,351,Regular,False,2026-08-11,-1.97398489631,-0.0681034263831,-0.551887880958,-0.252142119823,47.1704203843,64.5031953924,60.6230287299,63.0974480836,47,65,61,63
838,金砂掌,1998,興農,Swingman,B_Role-v0.1,B_QuadraticTanh-v1,28,15,112.333333333,487,Regular,False,2026-08-11,-0.135434959165,-3.28174000796,0.886463270183,0.253644969893,63.9994612971,36.9087896362,71.6862860841,66.8541445467,64,37,72,67
839,拉斐爾,1998,味全龍,SP,B_Role-v0.1,B_QuadraticTanh-v1,27,22,149.333333333,671,Qualified,False,2026-08-11,0.624762553581,0.939066632183,0.130492247156,-0.471106711758,69.6572028305,72.0983415193,65.9470670158,61.3110651431,70,72,66,61
840,力拔山,1998,興農,Swingman,B_Role-v0.1,B_QuadraticTanh-v1,27,21,127.333333333,540,Regular,False,2026-08-11,-2.32137974102,1.61719563644,1.45144902278,1.70879952194,44.001210741,77.4847199486,76.160771742,78.2163813866,44,77,76,78
841,勇豐年,1998,中信,RP,B_Role-v0.1,B_QuadraticTanh-v1,23,0,47,207,Regular,False,2026-08-11,-0.0556148786481,0.652543465218,0.725335260038,0.637284135987,64.5952606959,69.8707723397,70.4325393266,69.7534060113,65,70,70,70
842,卡洛索,1998,兄弟,SP,B_Role-v0.1,B_QuadraticTanh-v1,23,19,135,610,Qualified,False,2026-08-11,-1.34863817552,-0.819699636,0.4701273543,0.163942564516,53.2210476462,58.2433540215,68.4774289707,66.1922021357,53,58,68,66
843,金森隆浩,1998,統一7-ELEVEn獅,Swingman,B_Role-v0.1,B_QuadraticTanh-v1,22,10,70,312,Regular,False,2026-08-11,-1.22926444602,1.65118656976,-0.127775279217,-0.725721803609,54.3790672028,77.7562645142,64.057388856,59.094481632,54,78,64,59
844,凱文,1998,中信,Swingman,B_Role-v0.1,B_QuadraticTanh-v1,21,15,107.666666667,433,Regular,False,2026-08-11,1.34413695596,2.33967602612,1.37971605706,-0.661499839301,75.304790488,83.2051862462,75.5884135318,59.6664560558,75,83,76,60
844,凱文,1999,中信,SP,B_Role-v0.1,B_QuadraticTanh-v1,26,25,181.333333333,745,Qualified,False,2026-08-11,0.682584489355,0.506448715915,1.55270297211,-0.255080487543,70.1022385029,68.7531127002,76.9694586354,63.0742747861,70,69,77,63
845,哈特曼,1998,兄弟,Swingman,B_Role-v0.1,B_QuadraticTanh-v1,20,12,80,343,Regular,False,2026-08-11,-0.0481863085645,0.359720777596,0.423768406554,1.02519474168,64.6498195753,67.6451662537,68.1268961258,72.7755628932,65,68,68,73
846,卡瑞亞,1998,兄弟,Swingman,B_Role-v0.1,B_QuadraticTanh-v1,20,3,62.6666666667,275,Regular,False,2026-08-11,1.20373495233,-0.77697138333,-0.255675798985,-0.445128989516,74.187963183,58.6323328798,63.0695771601,61.5291210152,74,59,63,62
847,郝恩,1998,味全龍,RP,B_Role-v0.1,B_QuadraticTanh-v1,19,0,38,162,Regular,False,2026-08-11,-0.585859831407,0.436702120792,0.406132018698,-0.377536820213,60.3293107447,68.2245381906,67.9939456218,62.0889279906,60,68,68,62
848,高建三,1998,中信,RP,B_Role-v0.1,B_QuadraticTanh-v1,17,0,27.3333333333,127,Provisional,False,2026-08-11,-0.518122589418,-2.08716108652,-0.965923257505,-0.748759113245,60.9124235623,46.1135686766,56.8891963844,58.8873494558,61,46,57,59
848,高建三,1999,中信,Swingman,B_Role-v0.1,B_QuadraticTanh-v1,21,4,55.3333333333,232,Regular,False,2026-08-11,0.0525584072667,0.579936549312,-0.469531417889,-0.114050349377,65.3796545979,69.3136045256,61.3243332465,64.1607878915,65,69,61,64
848,高建三,2000,中信,Swingman,B_Role-v0.1,B_QuadraticTanh-v1,39,14,136,568,Regular,False,2026-08-11,0.766350409744,0.985378314469,1.34701594549,0.811305796294,70.7503943243,72.4621121268,75.3277330743,71.099822206,71,72,75,71
848,高建三,2001,中信,SP,B_Role-v0.1,B_QuadraticTanh-v1,31,27,192.333333333,811,Qualified,False,2026-08-11,0.381505318156,0.274623920387,-0.0549361547149,-0.42884420271,67.8086783791,67.009892349,64.600251896,61.6650000232,68,67,65,62
848,高建三,2002,中信,Swingman,B_Role-v0.1,B_QuadraticTanh-v1,36,10,102,452,Regular,False,2026-08-11,1.18336775199,0.307538214623,0.18082660224,0.43329104296,74.0263435402,67.254945794,66.3162901479,68.1987749067,74,67,66,68
848,高建三,2003,中信,Swingman,B_Role-v0.1,B_QuadraticTanh-v1,31,15,118,510,Regular,False,2026-08-11,0.300421786898,-2.35058605257,1.09607587357,-0.518162482821,67.2018910186,43.7461174497,73.3350384896,60.91208316,67,44,73,61
848,高建三,2004,中信,SP,B_Role-v0.1,B_QuadraticTanh-v1,32,28,167,719,Qualified,False,2026-08-11,0.0500060037152,0.551981773352,-0.461080349039,-0.344981881941,65.3611607421,69.0999748593,61.3954141737,62.3545679923,65,69,61,62
848,高建三,2005,中信,Swingman,B_Role-v0.1,B_QuadraticTanh-v1,30,17,101.666666667,450,Regular,False,2026-08-11,1.42779683584,-0.188811363363,0.696645009072,-0.613122934496,75.9719833447,63.5914097959,70.2107570231,60.0917868843,76,64,70,60
848,高建三,2006,中信,SP,B_Role-v0.1,B_QuadraticTanh-v1,19,16,78.3333333333,361,Provisional,False,2026-08-11,-0.476060292173,-2.22669903705,-2.33974574371,-1.21730115068,61.2693052526,44.841510013,43.8405635078,54.4946011847,61,45,44,54
848,高建三,2007,中信,Swingman,B_Role-v0.1,B_QuadraticTanh-v1,18,5,33.6666666667,169,Provisional,False,2026-08-11,-0.558363688309,0.16588393234,-0.994652765157,-0.29527333231,60.5672351851,66.2064579921,56.6193466696,62.7550573885,61,66,57,63
848,高建三,2008,統一7-ELEVEn獅,RP,B_Role-v0.1,B_QuadraticTanh-v1,45,0,49,216,Regular,False,2026-08-11,0.356951393683,0.987543535233,0.129645162859,-0.423902262965,67.6244049753,72.4791413922,65.940871575,61.7061098939,68,72,66,62
848,高建三,2009,統一7-ELEVEn獅,RP,B_Role-v0.1,B_QuadraticTanh-v1,66,0,64,264,Qualified,False,2026-08-11,0.368798627729,-0.769059720573,0.663388041594,0.674543364818,67.7132605487,58.7039963866,69.9542680298,70.0402292859,68,59,70,70
848,高建三,2010,統一7-ELEVEn獅,RP,B_Role-v0.1,B_QuadraticTanh-v1,42,0,45.6666666667,194,Regular,False,2026-08-11,0.73168340968,-1.73165506256,-0.579397743918,-0.516832206318,70.4816748354,49.4889749884,60.3853756089,60.9234321918,70,49,60,61
848,高建三,2011,統一7-ELEVEn獅,RP,B_Role-v0.1,B_QuadraticTanh-v1,53,0,55.3333333333,236,Qualified,False,2026-08-11,-0.138640905816,-0.446428135273,0.00883019918994,0.882970653792,63.9751686946,61.5182538717,65.0636124794,71.6589723209,64,62,65,72
848,高建三,2012,統一7-ELEVEn獅,Swingman,B_Role-v0.1,B_QuadraticTanh-v1,53,2,59.6666666667,258,Regular,False,2026-08-11,0.512734972649,-0.167141728463,-0.839461234388,0.525891641914,68.8009176579,63.7579903847,58.0623705388,68.901056049,69,64,58,69
848,高建三,2013,統一7-ELEVEn獅,RP,B_Role-v0.1,B_QuadraticTanh-v1,59,0,58.6666666667,235,Qualified,False,2026-08-11,0.123442551143,-0.21507297202,0.486668437387,0.0195581019601,65.8955252497,63.3878572452,68.6028654264,65.1409900065,66,63,69,65
848,高建三,2014,統一7-ELEVEn獅,RP,B_Role-v0.1,B_QuadraticTanh-v1,33,0,28.6666666667,123,Provisional,False,2026-08-11,-0.420942191693,-0.893336691071,-1.10240477728,-1.21857917386,61.7307053917,57.5656411312,55.5977688471,54.4822641634,62,58,56,54
849,阿沙力,1998,中信,Swingman,B_Role-v0.1,B_QuadraticTanh-v1,17,5,34,158,Provisional,False,2026-08-11,-1.59292291157,1.02342646952,-1.22893286348,-1.3235472814,50.8376554142,72.7616292215,54.3822709038,53.4651155699,51,73,54,53
850,溫克龍,1998,統一7-ELEVEn獅,Swingman,B_Role-v0.1,B_QuadraticTanh-v1,17,1,34.6666666667,157,Provisional,False,2026-08-11,-0.730751361319,-0.284486551236,-1.19985060733,1.38795113465,59.0493463044,62.8411353695,54.6629231932,75.6540879445,59,63,55,76
851,寶力多,1998,三商,Swingman,B_Role-v0.1,B_QuadraticTanh-v1,16,7,44.3333333333,203,Regular,False,2026-08-11,-0.0114757845715,0.207611020476,-0.696424220191,-0.590529695587,64.9171901345,66.5136241793,59.3564246133,60.2887388598,65,67,59,60
852,戴龍水,1998,三商,Swingman,B_Role-v0.1,B_QuadraticTanh-v1,15,7,71.3333333333,303,Regular,False,2026-08-11,-0.080425316746,-0.499047464546,0.680230970841,-1.67557650724,64.4119375413,61.07477234,70.084085394,50.0329613119,64,61,70,50
852,戴龍水,1999,三商,SP,B_Role-v0.1,B_QuadraticTanh-v1,20,16,106,464,Regular,False,2026-08-11,-1.15347065487,-0.578598259592,-1.10511781441,-0.728939132411,55.1090102052,60.3923056043,55.5718705492,59.0656148622,55,60,56,59
852,戴龍水,2000,統一7-ELEVEn獅,Swingman,B_Role-v0.1,B_QuadraticTanh-v1,27,10,98.6666666667,431,Regular,False,2026-08-11,1.53630430076,1.10690310076,0.773865824251,-1.46244536009,76.8384506962,73.4206539066,70.8087357025,52.1112887847,77,73,71,52
852,戴龍水,2001,統一7-ELEVEn獅,Swingman,B_Role-v0.1,B_QuadraticTanh-v1,26,17,112.666666667,463,Regular,False,2026-08-11,2.38423609075,0.619020481245,0.821413609049,-2.15835527643,83.5514258351,69.6131187975,71.1785321453,45.4598735979,84,70,71,45
852,戴龍水,2002,統一7-ELEVEn獅,Swingman,B_Role-v0.1,B_QuadraticTanh-v1,30,15,107.666666667,463,Regular,False,2026-08-11,2.25762137465,-1.37833935706,0.590456228954,-0.957304982322,82.5647993539,52.9317888504,69.3941257802,56.9699197927,83,53,69,57
852,戴龍水,2003,統一7-ELEVEn獅,Swingman,B_Role-v0.1,B_QuadraticTanh-v1,19,10,59,269,Regular,False,2026-08-11,1.71797719753,-0.204284306477,-0.196850613185,-0.733807147471,78.2896539981,63.4717005299,63.5292918835,59.0218999914,78,63,64,59
852,戴龍水,2004,Lamigo,RP,B_Role-v0.1,B_QuadraticTanh-v1,36,0,44.3333333333,196,Regular,False,2026-08-11,1.08964867879,-0.560151731648,-1.53917193263,-0.393528151545,73.2842345679,60.5518136268,51.3621209292,61.9574858116,73,61,51,62
852,戴龍水,2005,Lamigo,Swingman,B_Role-v0.1,B_QuadraticTanh-v1,21,2,54.3333333333,207,Regular,False,2026-08-11,2.25059082455,-0.0272864326793,-0.395441558975,-0.262569177092,82.5097709421,64.8024974119,61.941716508,63.0151143286,83,65,62,63
853,風神,1998,三商,Swingman,B_Role-v0.1,B_QuadraticTanh-v1,15,2,28.3333333333,123,Provisional,False,2026-08-11,0.0942434403359,-0.699451649182,-1.36469565432,0.796698034608,65.6824972542,59.3294348518,53.0647065816,70.9861634891,66,59,53,71
853,風神,1999,三商,Swingman,B_Role-v0.1,B_QuadraticTanh-v1,22,17,111.333333333,450,Regular,False,2026-08-11,1.39511598575,0.829832631874,1.61997951392,0.14192833519,75.7112351072,71.2441308708,77.506960946,66.0307683246,76,71,78,66
853,風神,2000,兄弟,SP,B_Role-v0.1,B_QuadraticTanh-v1,32,29,217.666666667,848,Qualified,False,2026-08-11,1.20202884352,0.753659452912,1.32198580371,0.510572683701,74.1744204058,70.6519448015,75.1283171433,68.7844711319,74,71,75,69
853,風神,2002,兄弟,SP,B_Role-v0.1,B_QuadraticTanh-v1,30,28,217.333333333,895,Qualified,False,2026-08-11,0.315161519537,1.4184616039,1.30363047359,-0.109524252874,67.3118229234,75.8974876862,74.9821530841,64.1947737058,67,76,75,64
853,風神,2003,兄弟,SP,B_Role-v0.1,B_QuadraticTanh-v1,23,20,149.666666667,591,Qualified,False,2026-08-11,0.405917990483,-0.395006394875,0.601892872747,0.352938684403,67.9923335715,61.945303687,69.4817454346,67.5943330616,68,62,69,68
853,風神,2004,兄弟,Swingman,B_Role-v0.1,B_QuadraticTanh-v1,32,25,176.333333333,730,Regular,False,2026-08-11,1.51168629843,0.791574758347,2.70798013546,0.6110832531,76.6417982251,70.9463269692,86.0284284105,69.5522153737,77,71,86,70
853,風神,2005,兄弟,SP,B_Role-v0.1,B_QuadraticTanh-v1,27,26,184.333333333,751,Qualified,False,2026-08-11,-0.0265774733172,-0.862357150142,1.86994913467,0.700606905538,64.8076552216,57.8518540662,79.5013769664,70.2413554414,65,58,80,70
854,霸龍,1998,味全龍,Swingman,B_Role-v0.1,B_QuadraticTanh-v1,14,2,30,132,Provisional,False,2026-08-11,-0.0832565544688,0.0925762266979,-1.21379725546,-0.193408844397,64.3909099911,65.6703558994,54.5284183611,63.5559068458,64,66,55,64
855,凱爾,1998,興農,Swingman,B_Role-v0.1,B_QuadraticTanh-v1,14,10,65.3333333333,280,Regular,False,2026-08-11,-1.0524049411,0.891564042076,0.550903312894,0.59851485027,56.0735712627,71.7261865444,69.0917434684,69.4558567737,56,72,69,69
855,凱爾,1999,興農,Swingman,B_Role-v0.1,B_QuadraticTanh-v1,18,13,69.6666666667,308,Regular,False,2026-08-11,-0.919454382033,0.0302710403869,0.356495377529,1.50583620752,57.3231629717,65.218362128,67.6209869046,76.5950711558,57,65,68,77
856,馬雅,1998,興農,RP,B_Role-v0.1,B_QuadraticTanh-v1,12,0,29.3333333333,126,Provisional,False,2026-08-11,0.702802691282,0.823675488149,1.55133300805,-1.05977982432,70.2583177654,71.1961525828,76.9585137859,56.0035748499,70,71,77,56
856,馬雅,1999,興農,RP,B_Role-v0.1,B_QuadraticTanh-v1,25,0,57,247,Qualified,False,2026-08-11,0.366317030119,0.359708172463,1.52944969725,-1.25560498402,67.6946396039,67.6450717436,76.7836923974,54.1243104178,68,68,77,54
857,蕭任汶,1998,兄弟,Swingman,B_Role-v0.1,B_QuadraticTanh-v1,12,5,29.3333333333,145,Provisional,False,2026-08-11,0.943236774469,-0.425482430434,-1.07197917117,-0.789874376351,72.1310599728,61.6929715283,55.887646103,58.5152136537,72,62,56,59
857,蕭任汶,1999,兄弟,Swingman,B_Role-v0.1,B_QuadraticTanh-v1,35,1,92.3333333333,393,Regular,False,2026-08-11,0.670521253086,-0.808439893512,0.153141183326,-0.723280109864,70.0092270024,58.3461720534,66.1129430167,59.1163759134,70,58,66,59
857,蕭任汶,2000,兄弟,RP,B_Role-v0.1,B_QuadraticTanh-v1,26,0,55.3333333333,239,Qualified,False,2026-08-11,1.46298058044,-0.243685320579,-1.07610250946,-0.275374843931,76.2528350694,63.1640169535,55.848423085,62.9136138866,76,63,56,63
857,蕭任汶,2001,兄弟,RP,B_Role-v0.1,B_QuadraticTanh-v1,52,0,90,361,Qualified,False,2026-08-11,1.5259839954,-1.02279823049,0.860720489732,0.741569643955,76.7560072046,56.3538991313,71.4851018933,70.5582402477,77,56,71,71
857,蕭任汶,2002,兄弟,RP,B_Role-v0.1,B_QuadraticTanh-v1,26,0,44.3333333333,187,Regular,False,2026-08-11,2.01463607232,0.319979502126,0.179320360724,-0.512383237439,80.6506254783,67.3477927643,66.3052105066,60.9613586101,81,67,66,61
857,蕭任汶,2003,兄弟,RP,B_Role-v0.1,B_QuadraticTanh-v1,39,0,55,233,Qualified,False,2026-08-11,1.50814765848,-0.798069169084,0.235805221311,-0.601841729121,76.6135334321,58.440674589,66.7219782023,60.1902649787,77,58,67,60
857,蕭任汶,2004,兄弟,RP,B_Role-v0.1,B_QuadraticTanh-v1,32,0,54.3333333333,230,Qualified,False,2026-08-11,0.96851778328,-0.183093232554,0.915637898345,-1.13322561767,72.3295712676,63.6354882848,71.9146643346,55.3030969154,72,64,72,55
857,蕭任汶,2005,兄弟,RP,B_Role-v0.1,B_QuadraticTanh-v1,34,0,44.6666666667,191,Regular,False,2026-08-11,1.25294548892,-0.470941861408,-0.668804623614,-0.931735943021,74.5789071104,61.3124538869,59.6018129563,57.2087781477,75,61,60,57
857,蕭任汶,2006,兄弟,Swingman,B_Role-v0.1,B_QuadraticTanh-v1,14,1,36.3333333333,148,Provisional,False,2026-08-11,1.05342546544,1.2855699374,-0.714271083739,-0.303590296735,72.9981752161,74.8384017312,59.1970588475,62.688485512,73,75,59,63
858,胡力安,1998,兄弟,Swingman,B_Role-v0.1,B_QuadraticTanh-v1,11,1,29,129,Provisional,False,2026-08-11,0.779618886727,-0.622649531095,-0.980447161415,1.319575191,70.8534164908,60.0084152141,56.7529197438,75.1091176952,71,60,57,75
859,大衛,1998,兄弟,RP,B_Role-v0.1,B_QuadraticTanh-v1,11,0,21,104,Provisional,False,2026-08-11,-2.55867532149,-1.10882154658,-0.245212038294,0.379072999497,41.9908421842,55.536502335,63.1520129546,67.790404201,42,56,63,68
860,豪野,1998,味全龍,Swingman,B_Role-v0.1,B_QuadraticTanh-v1,11,1,28.3333333333,116,Provisional,False,2026-08-11,1.00971075594,0.602366783702,-1.02025591464,1.25129740447,72.6535927285,69.4853779915,56.3779190738,74.5658046384,73,69,56,75
861,山力哥,1998,中信,Swingman,B_Role-v0.1,B_QuadraticTanh-v1,11,3,28,127,Provisional,False,2026-08-11,-0.507510777221,0.0352755623602,-1.04016029125,0.168230134151,61.0028434647,65.2545412986,56.1896411337,66.2236908261,61,65,56,66
865,葉多力,1998,中信,Swingman,B_Role-v0.1,B_QuadraticTanh-v1,7,4,23,93,Provisional,False,2026-08-11,0.180795054948,0.343921356278,-0.7395744605,-0.589739435221,66.3160580724,67.5267999624,58.970050947,60.2956079711,66,68,59,60
867,達利,1999,中信,Swingman,B_Role-v0.1,B_QuadraticTanh-v1,28,1,42,188,Regular,False,2026-08-11,-1.4458090627,0.266814917581,-1.23113610571,1.53987627134,52.2736959526,66.9518775285,54.3609819438,76.8669862245,52,67,54,77
867,達利,2003,誠泰,Swingman,B_Role-v0.1,B_QuadraticTanh-v1,8,3,24.3333333333,126,Provisional,False,2026-08-11,-0.770393807096,1.07109019413,-0.797680591191,-1.15021776525,58.6919203305,73.137618107,58.4442117682,55.1402223559,59,73,58,55
882,史密斯,2006,兄弟,SP,B_Role-v0.1,B_QuadraticTanh-v1,13,12,81.3333333333,338,Regular,False,2026-08-11,0.0799230902945,0.0489887000495,-0.412934893806,-1.16352554933,65.5782888783,65.3537913024,61.7971330883,55.0124675702,66,65,62,55
937,荷西,1999,兄弟,RP,B_Role-v0.1,B_QuadraticTanh-v1,45,0,65.3333333333,270,Qualified,False,2026-08-11,1.3836569393,-0.246648752053,0.19127800099,-1.25727267299,75.6198406961,63.1407110767,66.393220467,54.1081645109,76,63,66,54
938,馬來寶,1999,中信,Swingman,B_Role-v0.1,B_QuadraticTanh-v1,43,2,91.6666666667,356,Regular,False,2026-08-11,0.949481274325,1.74609406606,-0.0979573426019,0.88338153509,72.1800676478,78.5140808931,64.2813742451,71.6621852929,72,79,64,72
939,吉福,1999,三商,RP,B_Role-v0.1,B_QuadraticTanh-v1,35,0,52.6666666667,227,Qualified,False,2026-08-11,-0.764006777335,1.03754981792,-0.24368741848,-0.317238255975,58.749705551,72.8729518049,63.1640004627,62.5788614327,59,73,63,63
940,麥特,1999,味全龍,RP,B_Role-v0.1,B_QuadraticTanh-v1,33,0,46.6666666667,186,Regular,False,2026-08-11,1.20719593211,-0.336063050313,-0.640048942166,-0.140142263891,74.2154381759,62.4268831685,59.8556529578,63.9637828211,74,62,60,64
941,柏格,1999,三商,Swingman,B_Role-v0.1,B_QuadraticTanh-v1,30,16,125.666666667,528,Regular,False,2026-08-11,1.11392419001,0.781699791755,1.44756595944,0.480629715548,73.4761932856,70.8695820305,76.1297737457,68.5570498838,73,71,76,69
941,柏格,2000,統一7-ELEVEn獅,SP,B_Role-v0.1,B_QuadraticTanh-v1,28,26,182.333333333,742,Qualified,False,2026-08-11,1.14330246707,-0.911980310341,0.505173722754,0.643445987821,73.7087572542,57.3926606909,68.7434200519,69.8007825977,74,57,69,70
941,柏格,2001,統一7-ELEVEn獅,SP,B_Role-v0.1,B_QuadraticTanh-v1,28,27,199.666666667,809,Qualified,False,2026-08-11,1.52863808311,-0.306126232322,0.996620168331,0.595871277252,76.7772089053,62.6681519602,72.5505488888,69.4356018391,77,63,73,69
941,柏格,2002,統一7-ELEVEn獅,SP,B_Role-v0.1,B_QuadraticTanh-v1,30,30,213,908,Qualified,False,2026-08-11,0.812491108553,-1.4512775776,1.06130266159,-0.354544289968,71.1090495862,52.2203149932,73.0603428874,62.2768139307,71,52,73,62
941,柏格,2003,統一7-ELEVEn獅,SP,B_Role-v0.1,B_QuadraticTanh-v1,10,10,65.3333333333,276,Provisional,False,2026-08-11,0.893735465472,-1.55913123361,-0.238527946147,0.163075325343,71.7431760323,51.1673041342,63.2045224731,66.1858348409,72,51,63,66
942,巴雷納,1999,統一7-ELEVEn獅,Swingman,B_Role-v0.1,B_QuadraticTanh-v1,28,13,105.333333333,456,Regular,False,2026-08-11,0.884892107353,-2.06985212825,0.903884974202,0.148770604158,71.6739982081,46.2738623869,71.8226158852,66.0809001107,72,46,72,66
943,羽根川竜,1999,兄弟,Swingman,B_Role-v0.1,B_QuadraticTanh-v1,26,19,142,581,Regular,False,2026-08-11,-0.0297485734403,-1.56518787272,2.32479584841,2.06977047939,64.784574023,51.1082006787,83.0893184907,81.0869566992,65,51,83,81
943,羽根川竜,2000,兄弟,SP,B_Role-v0.1,B_QuadraticTanh-v1,28,27,172.333333333,740,Qualified,False,2026-08-11,-0.546127634862,-1.67045126518,-0.0360006673921,-0.586990226206,60.6725790612,50.0827704038,64.7389855664,60.3194941737,61,50,65,60
944,馬奇,1999,統一7-ELEVEn獅,Swingman,B_Role-v0.1,B_QuadraticTanh-v1,25,14,111,462,Regular,False,2026-08-11,-1.44685631329,0.885800813368,1.32032120441,1.97697711629,52.2634735353,71.6811049481,75.115059241,80.3520403612,52,72,75,80
945,郭李建夫,1999,中信,SP,B_Role-v0.1,B_QuadraticTanh-v1,23,23,152.666666667,635,Qualified,False,2026-08-11,-2.1381816326,1.59566635589,0.858867469491,1.34065864128,45.6441564166,77.3127133194,71.4706324397,75.2770737861,46,77,71,75
945,郭李建夫,2000,中信,SP,B_Role-v0.1,B_QuadraticTanh-v1,26,22,131.666666667,570,Qualified,False,2026-08-11,-1.78650802398,1.42603973738,-1.82904106517,1.19664487816,48.9590160466,75.9579608359,48.5498585212,74.1316885912,49,76,49,74
945,郭李建夫,2001,中信,Swingman,B_Role-v0.1,B_QuadraticTanh-v1,20,1,26.6666666667,105,Provisional,False,2026-08-11,1.27878689372,1.1089327997,-1.91777464544,1.8035454327,74.784430198,73.4367079078,47.7023233888,78.9723523068,75,73,48,79
945,郭李建夫,2002,中信,Swingman,B_Role-v0.1,B_QuadraticTanh-v1,34,1,54.3333333333,221,Regular,False,2026-08-11,0.0294436688294,1.35905802247,-0.967681209065,1.97476375189,65.212382957,75.4237110194,56.872717461,80.3344783853,65,75,57,80
945,郭李建夫,2003,中信,Swingman,B_Role-v0.1,B_QuadraticTanh-v1,31,12,94.3333333333,418,Regular,False,2026-08-11,0.167385715784,0.685222341328,0.357594588374,2.0834145714,66.2174880506,70.1225885752,67.6292263087,81.1947744637,66,70,68,81
946,曹竣崵,1999,統一7-ELEVEn獅,SP,B_Role-v0.1,B_QuadraticTanh-v1,23,19,141.333333333,556,Qualified,False,2026-08-11,-0.0817881616689,1.01542489569,0.204467861524,1.24338109112,64.4018184642,72.698593245,66.4904364449,74.5028778941,64,73,66,75
946,曹竣崵,2003,統一7-ELEVEn獅,Swingman,B_Role-v0.1,B_QuadraticTanh-v1,47,2,70.6666666667,305,Regular,False,2026-08-11,1.0983634136,1.01935913676,-0.73471940869,0.318704845773,73.3531237684,72.7295839064,59.0137028339,67.3382747658,73,73,59,67
946,曹竣崵,2004,統一7-ELEVEn獅,Swingman,B_Role-v0.1,B_QuadraticTanh-v1,38,6,93.3333333333,383,Regular,False,2026-08-11,0.915949149868,0.86651086751,-0.0939364065588,-0.39466032058,71.9171028926,71.5303271703,64.3113930754,61.9481561445,72,72,64,62
946,曹竣崵,2005,統一7-ELEVEn獅,Swingman,B_Role-v0.1,B_QuadraticTanh-v1,22,1,29.6666666667,132,Provisional,False,2026-08-11,-0.548378682786,-0.684198343508,-1.37712823651,-0.0054898221533,60.6532240557,59.4652344922,52.9435903506,64.9604311039,61,59,53,65
946,曹竣崵,2006,統一7-ELEVEn獅,Swingman,B_Role-v0.1,B_QuadraticTanh-v1,25,13,82,348,Regular,False,2026-08-11,1.35918766335,0.0268108806851,0.290787815253,0.0575936761976,75.4247444138,65.1933606214,67.1301300196,65.4161552685,75,65,67,65
946,曹竣崵,2007,統一7-ELEVEn獅,Swingman,B_Role-v0.1,B_QuadraticTanh-v1,44,4,68.6666666667,306,Regular,False,2026-08-11,1.21787403537,-0.0416780626921,-0.607175923402,-1.18964516404,74.3002260836,64.6974935963,60.1437344729,54.7612440727,74,65,60,55
946,曹竣崵,2009,兄弟,RP,B_Role-v0.1,B_QuadraticTanh-v1,43,0,46,206,Regular,False,2026-08-11,1.89554798702,-0.327079876827,-0.137113352402,-0.868326035451,79.7050866735,62.4995183767,63.9867469768,57.7968300449,80,62,64,58
947,李查,1999,兄弟,Swingman,B_Role-v0.1,B_QuadraticTanh-v1,19,2,53.6666666667,219,Regular,False,2026-08-11,0.226070207117,1.631485609,-0.407654359141,-0.52160669263,66.6499639806,77.5988834788,61.8408551787,60.8826808105,67,78,62,61
948,張士凱,1999,兄弟,Swingman,B_Role-v0.1,B_QuadraticTanh-v1,19,14,90.6666666667,377,Regular,False,2026-08-11,-1.42098900491,-0.00523975927099,1.1362369406,0.748537893651,52.5159142866,64.9622353108,73.652800498,70.6122393222,53,65,74,71
948,張士凱,2000,兄弟,Swingman,B_Role-v0.1,B_QuadraticTanh-v1,30,13,101,466,Regular,False,2026-08-11,-1.77099829048,-0.210245103228,0.609958275037,1.14779323983,49.1086189325,63.4254146294,69.5435864372,73.7443307137,49,63,70,74
948,張士凱,2001,兄弟,Swingman,B_Role-v0.1,B_QuadraticTanh-v1,27,21,153.666666667,661,Regular,False,2026-08-11,-1.04018053356,1.58162887215,2.0918024573,-0.354092529169,56.1894494049,77.2005597998,81.2610234145,62.2804924229,56,77,81,62
949,高龍偉,1999,興農,Swingman,B_Role-v0.1,B_QuadraticTanh-v1,17,3,37.6666666667,180,Provisional,False,2026-08-11,-1.67752657875,-1.00687927547,-0.964771433863,-0.334440201001,50.0140134333,56.5041637483,56.8999911248,62.4400200369,50,57,57,62
949,高龍偉,2000,統一7-ELEVEn獅,Swingman,B_Role-v0.1,B_QuadraticTanh-v1,21,5,59,260,Regular,False,2026-08-11,-0.355027819409,-0.711483578279,-0.571738586936,-0.0831412329326,62.2728761979,59.2219912717,60.4517085489,64.3917669119,62,59,60,64
949,高龍偉,2001,統一7-ELEVEn獅,Swingman,B_Role-v0.1,B_QuadraticTanh-v1,32,14,97.3333333333,443,Regular,False,2026-08-11,-1.02112686525,0.00262098327182,-0.0390644880902,-1.00352049166,56.3696912226,65.0188741697,64.7166054313,56.5358259275,56,65,65,57
949,高龍偉,2002,統一7-ELEVEn獅,Swingman,B_Role-v0.1,B_QuadraticTanh-v1,23,2,36.3333333333,172,Provisional,False,2026-08-11,-0.664754847523,-0.240576928282,-1.20032336579,-1.13837266904,59.6376645151,63.1884382751,54.6583664252,55.2537912473,60,63,55,55
949,高龍偉,2003,統一7-ELEVEn獅,Swingman,B_Role-v0.1,B_QuadraticTanh-v1,52,1,102.666666667,427,Regular,False,2026-08-11,-0.507262549807,1.56813815984,0.00779619002767,0.975219891547,61.0049554593,77.0927754004,65.0561598903,72.3822426001,61,77,65,72
949,高龍偉,2004,統一7-ELEVEn獅,RP,B_Role-v0.1,B_QuadraticTanh-v1,48,0,65,270,Qualified,False,2026-08-11,-0.736052705688,0.694457699303,-0.235115767414,0.464224833499,59.0017195922,70.1938679252,63.2312832196,68.4327142196,59,70,63,68
949,高龍偉,2005,統一7-ELEVEn獅,RP,B_Role-v0.1,B_QuadraticTanh-v1,25,0,34.6666666667,139,Regular,False,2026-08-11,-0.389443656864,-2.25333178818,-0.924119076511,0.222973887872,61.9911181935,44.603150736,57.2797450237,66.627075196,62,45,57,67
950,何利西,1999,味全龍,Swingman,B_Role-v0.1,B_QuadraticTanh-v1,16,10,58.3333333333,250,Regular,False,2026-08-11,-0.322881092499,1.24048797256,0.0598350472116,-1.13556463765,62.5333988313,74.4798842298,65.4324101351,55.280693809,63,74,65,55
951,金德七,1999,味全龍,Swingman,B_Role-v0.1,B_QuadraticTanh-v1,16,3,46,189,Regular,False,2026-08-11,1.3901255277,1.46889096527,-0.512465568717,0.933183389527,75.6714302472,76.300025813,60.9606571642,72.0521951572,76,76,61,72
952,肯尼,1999,三商,Swingman,B_Role-v0.1,B_QuadraticTanh-v1,15,1,32.3333333333,148,Provisional,False,2026-08-11,0.587417139223,-1.33732639583,-1.08280099797,-0.256674583968,69.3708563004,53.3311173551,55.7846622542,63.0616936433,69,53,56,63
953,雷米茲,1999,統一7-ELEVEn獅,Swingman,B_Role-v0.1,B_QuadraticTanh-v1,15,1,26.3333333333,110,Provisional,False,2026-08-11,0.404898788195,0.271285639268,-1.37306328108,-1.40056396585,67.9846574462,66.9850856203,52.9831966699,52.7151417142,68,67,53,53
955,艾巴勒,1999,興農,RP,B_Role-v0.1,B_QuadraticTanh-v1,13,0,23,105,Provisional,False,2026-08-11,-1.44436831834,0.683741622997,-0.747982421173,1.07576959109,52.2877590725,70.1111648694,58.8943491886,73.1745751782,52,70,59,73
956,葛文,1999,味全龍,RP,B_Role-v0.1,B_QuadraticTanh-v1,13,0,22.6666666667,94,Provisional,False,2026-08-11,-0.156360896226,-0.572865854495,-0.826365109377,0.439990499047,63.8403979017,60.4419537644,58.1823844093,68.2493825965,64,60,58,68
957,王勁力,1999,兄弟,Swingman,B_Role-v0.1,B_QuadraticTanh-v1,13,3,20,96,Provisional,False,2026-08-11,-0.362331586827,0.146256713034,-1.58225520758,1.78564412191,62.2133256776,66.0624768,50.9416923279,78.8296084466,62,66,51,79
957,王勁力,2000,兄弟,Swingman,B_Role-v0.1,B_QuadraticTanh-v1,21,8,63.6666666667,272,Regular,False,2026-08-11,0.831491242746,-2.08936179952,-0.324929578415,0.242889372089,71.2570585092,46.0932253849,62.5168749235,66.7744308136,71,46,63,67
957,王勁力,2001,兄弟,Swingman,B_Role-v0.1,B_QuadraticTanh-v1,30,18,122,543,Regular,False,2026-08-11,0.553581512298,-0.721739482826,0.827492812889,-0.251195735628,69.1121863305,59.1301845642,71.2258960645,63.1049069228,69,59,71,63
957,王勁力,2002,兄弟,SP,B_Role-v0.1,B_QuadraticTanh-v1,28,25,156.333333333,690,Qualified,False,2026-08-11,-0.489433923873,-0.735896715998,-1.67286009083,-1.59140242458,61.1562772504,59.0031217518,50.0593587744,50.8524820681,61,59,50,51
957,王勁力,2003,兄弟,Swingman,B_Role-v0.1,B_QuadraticTanh-v1,48,5,94.6666666667,394,Regular,False,2026-08-11,0.561609593818,-1.18085484364,-0.125139484717,0.900204204865,69.1734932324,54.8458593048,64.0772857212,71.7938011629,69,55,64,72
957,王勁力,2004,兄弟,RP,B_Role-v0.1,B_QuadraticTanh-v1,54,0,88.3333333333,373,Qualified,False,2026-08-11,0.0595772239655,-0.620674532068,1.67159046748,-0.418742680257,65.4305401254,60.0257150888,77.9192418676,61.7489676897,65,60,78,62
957,王勁力,2005,兄弟,Swingman,B_Role-v0.1,B_QuadraticTanh-v1,17,2,30,137,Provisional,False,2026-08-11,-1.27390366016,0.544661700632,-1.16313584586,-0.74996770202,53.9470479927,69.0441191106,55.0162111059,58.8764551145,54,69,55,59
957,王勁力,2006,兄弟,RP,B_Role-v0.1,B_QuadraticTanh-v1,24,0,34,141,Regular,False,2026-08-11,0.257543092414,-2.19930445149,-0.187226564019,0.0636391180181,66.8830577903,45.0882400774,63.6036350124,65.4600080973,67,45,64,65
957,王勁力,2007,兄弟,RP,B_Role-v0.1,B_QuadraticTanh-v1,45,0,71,303,Qualified,False,2026-08-11,0.688419370921,-1.20281731386,1.88443117491,0.868761069677,70.1472579391,54.634324966,79.6166390626,71.5479065318,70,55,80,72
957,王勁力,2009,兄弟,Swingman,B_Role-v0.1,B_QuadraticTanh-v1,41,1,52,227,Regular,False,2026-08-11,-0.0251518304254,-3.05960663835,-1.02363439828,-0.410272972751,64.8180228004,38.2877421141,56.3459971519,61.8191818503,65,38,56,62
958,胡立歐,1999,兄弟,Swingman,B_Role-v0.1,B_QuadraticTanh-v1,12,6,33,151,Provisional,False,2026-08-11,-0.758020230441,-1.30481386719,-0.789942753593,-1.67243206844,58.8037990186,53.6471395857,58.5145921988,50.0635185466,59,54,59,50
959,格梅斯,1999,味全龍,Swingman,B_Role-v0.1,B_QuadraticTanh-v1,11,6,32,163,Provisional,False,2026-08-11,-0.445357995512,1.31477952034,-0.731348932849,-0.435607546736,61.5272057078,75.0709255824,59.0439804682,61.6086439507,62,75,59,62
960,賀福來,1999,中信,Swingman,B_Role-v0.1,B_QuadraticTanh-v1,11,1,23.6666666667,94,Provisional,False,2026-08-11,1.15692010629,0.832343692746,-1.23021436447,0.102654715069,73.8166475354,71.2637032581,54.3698887708,65.7437882999,74,71,54,66
961,安曼多,1999,統一7-ELEVEn獅,Swingman,B_Role-v0.1,B_QuadraticTanh-v1,10,2,35.6666666667,144,Provisional,False,2026-08-11,0.456052163179,-0.0938968757947,-0.358212131277,1.05327671683,68.3708421066,64.311687978,62.2469295141,72.9970014924,68,64,62,73
962,白坂勝史,1999,兄弟,Swingman,B_Role-v0.1,B_QuadraticTanh-v1,10,6,26.3333333333,131,Provisional,False,2026-08-11,-2.70720602336,0.447231822565,-0.957145230832,0.183836921822,40.8112972472,68.304119441,56.971415106,66.3384391496,41,68,57,66
963,郝男多,2003,中信,Swingman,B_Role-v0.1,B_QuadraticTanh-v1,4,4,23.6666666667,98,Provisional,False,2026-08-11,1.0904441468,-0.480132278476,0.502196151424,0.949584182511,73.2905216055,61.2349345966,68.720788502,72.1808754256,73,61,69,72
963,郝男多,2004,中信,SP,B_Role-v0.1,B_QuadraticTanh-v1,10,10,54.3333333333,227,Provisional,False,2026-08-11,0.196787357174,-0.939987641768,-1.20229245818,0.629108020857,66.4338098362,57.1317984496,54.639384963,69.6905781157,66,57,55,70
964,麥克,1999,興農,Swingman,B_Role-v0.1,B_QuadraticTanh-v1,9,6,36,161,Provisional,False,2026-08-11,-1.90473188821,0.677075230755,-0.147289387374,0.57625784435,47.8263297168,70.0597497018,63.9094976638,69.285463133,48,70,64,69
967,李威,1999,味全龍,Swingman,B_Role-v0.1,B_QuadraticTanh-v1,8,6,40,189,Regular,False,2026-08-11,-0.763373006731,-0.322812915684,0.393694640814,-1.67554115844,58.7554353431,62.5339485908,67.9003233429,50.0333047976,59,63,68,50
972,艾比盈,1999,興農,Swingman,B_Role-v0.1,B_QuadraticTanh-v1,7,4,25,116,Provisional,False,2026-08-11,-0.585285350443,-0.353435587379,-0.535031362745,-1.33667083355,60.3342985905,62.2858407093,60.7678219973,53.3374945624,60,62,61,53
976,威倫,1999,味全龍,Swingman,B_Role-v0.1,B_QuadraticTanh-v1,6,3,25,104,Provisional,False,2026-08-11,1.09030906703,0.218497120983,-0.252989285271,-1.25904492285,73.2894539778,66.5939955388,63.0907692538,54.0910042047,73,67,63,54
978,范野速,1999,中信,Swingman,B_Role-v0.1,B_QuadraticTanh-v1,5,4,22,96,Provisional,False,2026-08-11,0.313228879343,-0.555578328847,-0.192793794426,-0.837335751461,67.2973993406,60.591244351,63.5606596749,58.0818685365,67,61,64,58
980,何紀賢,2000,中信,Swingman,B_Role-v0.1,B_QuadraticTanh-v1,25,10,72,318,Regular,False,2026-08-11,-1.24738128437,-0.00785478390431,-0.279447065909,0.497051214022,54.2039008252,64.9433592287,62.881248015,68.6816977277,54,65,63,69
980,何紀賢,2001,興農 / 中信,Swingman,B_Role-v0.1,B_QuadraticTanh-v1,29,4,59.6666666667,272,Regular,False,2026-08-11,0.762805866515,-0.822543635038,-1.07665073374,0.135789973709,70.722888927,58.2173491475,55.8432066482,65.9858275689,71,58,56,66
980,何紀賢,2002,興農,Swingman,B_Role-v0.1,B_QuadraticTanh-v1,33,25,162.333333333,711,Regular,False,2026-08-11,-0.932646816577,-1.08993589263,1.86886368714,0.647709624874,57.2002856378,55.7166911698,79.4927361539,69.8335778717,57,56,79,70
980,何紀賢,2003,興農,Swingman,B_Role-v0.1,B_QuadraticTanh-v1,35,12,95,405,Regular,False,2026-08-11,0.0662184361853,-3.2534421074,0.218707215851,1.76284868735,65.4787278758,37.0751667291,66.5955476045,78.6477727491,65,37,67,79
980,何紀賢,2004,興農,Swingman,B_Role-v0.1,B_QuadraticTanh-v1,53,3,86.6666666667,383,Regular,False,2026-08-11,-0.743788815488,-1.07710261145,-0.62969613277,0.96343962549,58.9321233413,55.8389067026,59.9466241658,72.2896748946,59,56,60,72
980,何紀賢,2005,興農,Swingman,B_Role-v0.1,B_QuadraticTanh-v1,37,1,64.3333333333,265,Regular,False,2026-08-11,0.413014884485,-1.54478739641,-0.67618816494,1.61659368024,68.045804779,51.3073039254,59.5363630879,77.4799107679,68,51,60,77
982,法蘭西,1999,兄弟,Swingman,B_Role-v0.1,B_QuadraticTanh-v1,3,3,22.6666666667,94,Provisional,False,2026-08-11,0.962462402808,-0.57663327224,1.31359749529,-0.339339130996,72.2819986186,60.409332362,75.0615127563,62.4003433705,72,60,75,62
984,謝承勳,2000,中信,Swingman,B_Role-v0.1,B_QuadraticTanh-v1,28,4,75.6666666667,319,Regular,False,2026-08-11,0.34322251813,1.36384330339,-0.33930319079,0.646473838735,67.5215687483,75.4618572663,62.400634671,69.8240712536,68,75,62,70
984,謝承勳,2001,中信,SP,B_Role-v0.1,B_QuadraticTanh-v1,30,28,196.333333333,828,Qualified,False,2026-08-11,-0.142260566303,1.17250627129,0.343992591665,-1.79721738299,63.9477078659,73.940201553,67.5273332219,48.8558375957,64,74,68,49
984,謝承勳,2002,中信,Swingman,B_Role-v0.1,B_QuadraticTanh-v1,38,6,74,373,Regular,False,2026-08-11,-1.27027751467,0.14950678749,-0.565756647662,-1.13756601024,53.9821925795,66.086296314,60.5034265632,55.2615203133,54,66,61,55
984,謝承勳,2003,中信,Swingman,B_Role-v0.1,B_QuadraticTanh-v1,37,18,128.333333333,539,Regular,False,2026-08-11,0.550398721089,-0.649154779054,1.1124205821,0.2199908345,69.0878924137,59.7754551281,73.4642978432,66.6050310547,69,60,73,67
984,謝承勳,2004,中信,Swingman,B_Role-v0.1,B_QuadraticTanh-v1,38,10,90,398,Regular,False,2026-08-11,0.562214433534,-4.01820777978,-0.187601326533,-1.20611993874,69.1781138247,33.49851732,63.6007446797,54.6024799879,69,33,64,55
984,謝承勳,2005,中信,Swingman,B_Role-v0.1,B_QuadraticTanh-v1,22,1,29.3333333333,126,Provisional,False,2026-08-11,0.469450497671,-0.744311423795,-1.38959572342,0.471805078412,68.4723001866,58.927417724,52.8220801972,68.4901430596,68,59,53,68
988,柳裕展,2000,中信,Swingman,B_Role-v0.1,B_QuadraticTanh-v1,43,3,80,349,Regular,False,2026-08-11,-1.00416583097,0.806797539338,-0.865402460213,1.60281686023,56.5297436845,71.0647330482,57.8237882648,77.3698424415,57,71,58,77
988,柳裕展,2001,中信,Swingman,B_Role-v0.1,B_QuadraticTanh-v1,41,2,79.6666666667,329,Regular,False,2026-08-11,0.492663354559,1.39062637673,-0.838902731818,1.96562352492,68.6483734403,75.6754249613,58.0674946742,80.2619404917,69,76,58,80
988,柳裕展,2002,中信,Swingman,B_Role-v0.1,B_QuadraticTanh-v1,26,1,31.3333333333,154,Provisional,False,2026-08-11,-0.977469781892,0.0349574515231,-1.43071774816,0.784573320737,56.7808803294,65.2522409197,52.4209854691,70.891908843,57,65,52,71
988,柳裕展,2003,中信,Swingman,B_Role-v0.1,B_QuadraticTanh-v1,37,3,71.3333333333,306,Regular,False,2026-08-11,-0.479422515552,0.537152215307,-0.530223179534,1.53220769991,61.2409283102,68.9868547144,60.8090065307,76.8057246036,61,69,61,77
988,柳裕展,2006,中信,RP,B_Role-v0.1,B_QuadraticTanh-v1,35,0,42.3333333333,184,Regular,False,2026-08-11,-1.47378078034,-1.34242054141,-0.497167559809,0.669891132812,52.0006132904,53.2815556216,61.090727167,70.0043709252,52,53,61,70
988,柳裕展,2007,中信,RP,B_Role-v0.1,B_QuadraticTanh-v1,23,0,27,146,Provisional,False,2026-08-11,-0.807892337798,-0.850709911518,-0.857862403755,0.0768120342607,58.3511663742,57.9590542268,57.8932500125,65.5556734408,58,58,58,66
988,柳裕展,2008,中信,RP,B_Role-v0.1,B_QuadraticTanh-v1,48,0,75.6666666667,328,Qualified,False,2026-08-11,-1.13146536278,1.05147650792,2.08773326024,1.25192311073,55.3199529659,72.9827973061,81.2288874225,74.5707790046,55,73,81,75
988,柳裕展,2009,兄弟,Swingman,B_Role-v0.1,B_QuadraticTanh-v1,24,15,80.6666666667,386,Regular,False,2026-08-11,-0.83021332325,-1.00277216726,0.585408365726,1.03201688549,58.1471495678,56.5428780973,69.3554788945,72.8293313293,58,57,69,73
1006,羅薩,2000,統一7-ELEVEn獅,RP,B_Role-v0.1,B_QuadraticTanh-v1,35,0,68.3333333333,279,Qualified,False,2026-08-11,0.396918023699,1.15611968349,-0.34498818064,1.23838155348,67.924576481,73.8103043809,62.3545168512,74.4631442934,68,74,62,74
1006,羅薩,2003,中信,Swingman,B_Role-v0.1,B_QuadraticTanh-v1,32,11,96.6666666667,417,Regular,False,2026-08-11,-0.0396532593001,0.680282280905,0.385971405264,0.183948809047,64.7123016796,70.0844811231,67.8422437829,66.3392625259,65,70,68,66
1007,宋肇基,2000,中信,Swingman,B_Role-v0.1,B_QuadraticTanh-v1,23,14,99,428,Regular,False,2026-08-11,-1.47199219714,1.09693165444,1.2484053486,1.77148551334,52.0180771347,73.3418040828,74.54281398,78.7166756672,52,73,75,79
1007,宋肇基,2001,中信,Swingman,B_Role-v0.1,B_QuadraticTanh-v1,34,14,121.666666667,522,Regular,False,2026-08-11,-1.27733235721,0.947645014514,0.582537070643,1.20479978751,53.913809364,72.1656546918,69.3335032458,74.1964160408,54,72,69,74
1007,宋肇基,2002,中信,SP,B_Role-v0.1,B_QuadraticTanh-v1,32,27,206.666666667,804,Qualified,False,2026-08-11,0.463794898312,1.10961857606,0.204261037401,2.03777303179,68.4294581812,73.4421323945,66.488910944,80.8338531846,68,73,66,81
1007,宋肇基,2003,中信,Swingman,B_Role-v0.1,B_QuadraticTanh-v1,15,8,49.6666666667,224,Regular,False,2026-08-11,-1.67785236178,-0.00376036833506,-0.256947979974,0.848516674634,50.010848161,64.9729055569,63.0595352482,71.389838094,50,65,63,71
1008,謝光勇,2000,興農,Swingman,B_Role-v0.1,B_QuadraticTanh-v1,18,6,41.3333333333,189,Regular,False,2026-08-11,-0.803236424832,-0.00679461252899,-1.26973119595,-1.10968103698,58.3936121309,64.9510141883,53.9874867636,55.5282926532,58,65,54,56
1009,有働克也,2000,中信,Swingman,B_Role-v0.1,B_QuadraticTanh-v1,18,14,83.6666666667,359,Regular,False,2026-08-11,1.5407769252,0.522387058684,1.21125316104,-1.14505806128,76.8741813787,68.8743705244,74.2476505101,55.1897097308,77,69,74,55
1011,郭耀文,2002,興農,RP,B_Role-v0.1,B_QuadraticTanh-v1,14,0,25.6666666667,116,Provisional,False,2026-08-11,0.10220428206,-2.06497530671,0.130580891326,-0.528860292843,65.7405045518,46.3191172167,65.9477153805,60.8206708885,66,46,66,61
1014,曾翊誠,2001,統一7-ELEVEn獅,Swingman,B_Role-v0.1,B_QuadraticTanh-v1,29,13,105.333333333,458,Regular,False,2026-08-11,-0.2944219221,-0.38404118767,0.368876485758,-0.796950927074,62.7618624169,62.0355403389,67.7138448394,58.4508530882,63,62,68,58
1014,曾翊誠,2002,統一7-ELEVEn獅,Swingman,B_Role-v0.1,B_QuadraticTanh-v1,32,10,86,398,Regular,False,2026-08-11,0.144858881107,-0.0116074349847,-0.0840847892982,-0.150582519645,66.052234949,64.9162380025,64.3847545469,63.8844387217,66,65,64,64
1014,曾翊誠,2004,統一7-ELEVEn獅,Swingman,B_Role-v0.1,B_QuadraticTanh-v1,28,5,57.6666666667,242,Regular,False,2026-08-11,-0.344722500844,0.434591353797,-0.803591194313,-0.263767318802,62.3566739007,68.2085949514,58.3903792144,63.0056355624,62,68,58,63
1014,曾翊誠,2005,統一7-ELEVEn獅,RP,B_Role-v0.1,B_QuadraticTanh-v1,54,0,69.6666666667,286,Qualified,False,2026-08-11,-1.46567395758,0.842687197833,0.222853912972,0.373477504428,52.0797668898,71.3443584796,66.6261884672,67.7483815009,52,71,67,68
1014,曾翊誠,2006,統一7-ELEVEn獅,RP,B_Role-v0.1,B_QuadraticTanh-v1,43,0,45.6666666667,191,Regular,False,2026-08-11,-0.12264082305,1.01946628829,-0.708618296615,1.61695429538,64.0961300117,72.7304280402,59.2476035747,77.4827918147,64,73,59,77
1014,曾翊誠,2007,統一7-ELEVEn獅,RP,B_Role-v0.1,B_QuadraticTanh-v1,19,0,20,81,Provisional,False,2026-08-11,0.0876724733955,0.274747085329,-1.4932140188,0.416913895181,65.6346586317,67.0108077545,51.8108557134,68.0751972235,66,67,52,68
1014,曾翊誠,2008,統一7-ELEVEn獅,RP,B_Role-v0.1,B_QuadraticTanh-v1,33,0,33.3333333333,146,Regular,False,2026-08-11,-0.590322516412,-1.68644416892,-1.22580328871,0.836033013824,60.2905398356,49.9273922053,54.4125042576,71.292465266,60,50,54,71
1014,曾翊誠,2009,統一7-ELEVEn獅,RP,B_Role-v0.1,B_QuadraticTanh-v1,44,0,45.3333333333,190,Regular,False,2026-08-11,-0.109716546477,-0.950069653702,-0.238539973679,0.30961757395,64.1933309352,57.0376072449,63.2044280908,67.2704553486,64,57,63,67
1023,陳揚凱,2001,統一7-ELEVEn獅,Swingman,B_Role-v0.1,B_QuadraticTanh-v1,33,6,84,363,Regular,False,2026-08-11,-0.530259670371,-0.0493483859384,-0.47903406826,-0.223911827593,60.8086941639,64.6412948126,61.2442081235,63.3189382123,61,65,61,63
1023,陳揚凱,2002,統一7-ELEVEn獅,Swingman,B_Role-v0.1,B_QuadraticTanh-v1,23,6,60.3333333333,272,Regular,False,2026-08-11,-0.279865912385,1.26957667918,-0.432942760705,0.58986076908,62.87791662,74.7111619803,61.6308615269,69.3895660445,63,75,62,69
1023,陳揚凱,2003,統一7-ELEVEn獅,Swingman,B_Role-v0.1,B_QuadraticTanh-v1,22,1,27,129,Provisional,False,2026-08-11,0.377503882008,-0.825029583024,-1.58097727452,1.30764644074,67.778617637,58.1946067317,50.9541574072,75.0141267852,68,58,51,75
1023,陳揚凱,2004,統一7-ELEVEn獅,RP,B_Role-v0.1,B_QuadraticTanh-v1,31,0,43,183,Regular,False,2026-08-11,-1.09391600776,0.380053099069,-0.905076200656,-0.638009504262,55.6787494389,67.7977672303,57.4567820991,59.8735913603,56,68,57,60
1024,威森,2001,興農,Swingman,B_Role-v0.1,B_QuadraticTanh-v1,32,8,98.6666666667,428,Regular,False,2026-08-11,-0.067678907591,-0.604384201272,0.00102137211812,-0.126790186461,64.5063319986,60.1680944128,65.0073543486,64.0648272461,65,60,65,64
1025,養父鉄,2001,兄弟,SP,B_Role-v0.1,B_QuadraticTanh-v1,31,26,212,847,Qualified,False,2026-08-11,-0.0448390087269,0.654620484094,0.809824096828,1.23150097009,64.6743537831,69.8867584873,71.0882885313,74.4084711004,65,70,71,74
1026,斉藤肇,2001,兄弟,Swingman,B_Role-v0.1,B_QuadraticTanh-v1,28,21,137.666666667,587,Regular,False,2026-08-11,-0.0427889031485,-0.434408930623,1.47571164962,0.74733481016,64.6893648077,61.6186394748,76.354488362,70.6029143595,65,62,76,71
1027,多明哥,2001,中信,Swingman,B_Role-v0.1,B_QuadraticTanh-v1,25,9,93,387,Regular,False,2026-08-11,0.776607753368,1.18350652172,0.230761772061,0.326681036624,70.8300285234,74.0274443326,66.6846600157,67.3978543566,71,74,67,67
1028,郭勇志,2001,興農,SP,B_Role-v0.1,B_QuadraticTanh-v1,15,14,77.6666666667,346,Provisional,False,2026-08-11,-1.75747472938,-1.87106788453,-2.2734547903,0.340999170065,49.2392254982,48.147338019,44.4240684389,67.5049281422,49,48,44,68
1028,郭勇志,2002,興農,Swingman,B_Role-v0.1,B_QuadraticTanh-v1,8,4,26,114,Provisional,False,2026-08-11,-0.0465476334143,-0.815898380051,-0.579782512071,-0.175598486278,64.6618342078,58.2780898714,60.3820399116,63.6931299987,65,58,60,64
1028,郭勇志,2003,興農,Swingman,B_Role-v0.1,B_QuadraticTanh-v1,24,1,40,176,Regular,False,2026-08-11,-1.45837592795,-0.387107233214,-1.16619567653,1.3327064974,52.1510185395,62.010338351,54.9868142196,75.2137156118,52,62,55,75
1028,郭勇志,2004,興農,Swingman,B_Role-v0.1,B_QuadraticTanh-v1,35,20,127,535,Regular,False,2026-08-11,-0.439944302485,-0.094465449527,1.00671323448,-0.0028371682777,61.5724501796,64.3074459615,72.629991475,64.9795611214,62,64,73,65
1028,郭勇志,2005,興農,Swingman,B_Role-v0.1,B_QuadraticTanh-v1,46,12,106.333333333,457,Regular,False,2026-08-11,-1.77378211178,0.230217481122,0.223298618346,0.103747838451,49.081752025,66.68063385,66.6294753221,65.7517581175,49,67,67,66
1028,郭勇志,2006,興農,RP,B_Role-v0.1,B_QuadraticTanh-v1,39,0,62.3333333333,251,Qualified,False,2026-08-11,0.0337288051004,0.389464208016,1.45285825969,-0.0824382374561,65.2433569588,67.8685046014,76.1720218599,64.3969898773,65,68,76,64
1028,郭勇志,2007,興農,RP,B_Role-v0.1,B_QuadraticTanh-v1,54,0,57,259,Qualified,False,2026-08-11,-0.0788461738892,-0.156704823414,1.041674413,0.545133443277,64.4236562437,63.8377737756,72.9054766951,69.0477176772,64,64,73,69
1028,郭勇志,2008,興農,RP,B_Role-v0.1,B_QuadraticTanh-v1,44,0,58.6666666667,262,Qualified,False,2026-08-11,-0.449444073213,0.659618148115,0.885522773588,0.0924110659462,61.4930106208,69.9252345008,71.6789304344,65.6691532597,61,70,72,66
1029,喬登,2001,中信,Swingman,B_Role-v0.1,B_QuadraticTanh-v1,14,9,53.6666666667,248,Regular,False,2026-08-11,-0.678221598634,1.48645106512,-0.291689539631,0.967950352514,59.518318842,76.4402489896,62.7836888991,72.325112732,60,76,63,72
1030,帝猛,2001,興農,Swingman,B_Role-v0.1,B_QuadraticTanh-v1,13,6,56.3333333333,251,Regular,False,2026-08-11,-3.06205920599,0.871928499157,-0.00665079114089,0.525929064134,38.2716071834,71.5726556884,64.9520524075,68.9013410435,38,72,65,69
1031,保樂,2003,統一7-ELEVEn獅,Swingman,B_Role-v0.1,B_QuadraticTanh-v1,14,9,71.6666666667,278,Regular,False,2026-08-11,1.41561823552,1.37915518399,0.930285412129,1.1562403188,75.8747994899,75.5839409479,72.0294698805,73.811260374,76,76,72,74
1032,賀南多,2001,統一7-ELEVEn獅,Swingman,B_Role-v0.1,B_QuadraticTanh-v1,7,4,27.6666666667,128,Provisional,False,2026-08-11,-1.45501957949,1.30703445059,-0.615339672357,-1.50625138104,52.1837850938,75.0092541325,60.0724043083,51.6835479359,52,75,60,52
1036,羅仁成,2002,興農,Swingman,B_Role-v0.1,B_QuadraticTanh-v1,35,7,71,315,Regular,False,2026-08-11,-1.9787576201,-0.243013319125,-0.566728138273,-0.996748269176,47.1254565603,63.1692987191,60.4950326904,56.5996196937,47,63,60,57
1046,中山裕章,2002,中信,Swingman,B_Role-v0.1,B_QuadraticTanh-v1,34,24,176.666666667,728,Regular,False,2026-08-11,1.85848251655,0.352989240144,2.17179243566,0.381431689754,79.4100837269,67.5947118595,81.8914303506,67.8081251396,79,68,82,68
1046,中山裕章,2003,中信,SP,B_Role-v0.1,B_QuadraticTanh-v1,25,25,180,729,Qualified,False,2026-08-11,1.18192408099,1.28659731022,1.61825530003,-0.887321144525,74.0148919237,74.8465772141,77.4931858504,57.6213382493,74,75,77,58
1047,中込伸,2002,兄弟,SP,B_Role-v0.1,B_QuadraticTanh-v1,28,25,190.666666667,791,Qualified,False,2026-08-11,0.879270086426,-0.531613432072,0.342597622263,-0.206060504476,71.6300385362,60.7971036521,67.5168913487,63.4579180769,72,61,68,63
1047,中込伸,2003,兄弟,SP,B_Role-v0.1,B_QuadraticTanh-v1,27,22,163.333333333,668,Qualified,False,2026-08-11,1.28271053869,1.08902708361,0.27673723147,0.409412162449,74.8156487837,73.2793218965,67.0256008817,68.0186556734,75,73,67,68
1047,中込伸,2004,兄弟,SP,B_Role-v0.1,B_QuadraticTanh-v1,26,25,175.333333333,724,Qualified,False,2026-08-11,1.22953301849,-1.02762407767,1.35149249202,-0.704453188392,74.3928358783,56.3082814136,75.3634093197,59.2848062088,74,56,75,59
1047,中込伸,2005,兄弟,SP,B_Role-v0.1,B_QuadraticTanh-v1,16,14,98.3333333333,440,Regular,False,2026-08-11,0.323948246344,-2.24429664074,-0.00510062567455,-1.8385666287,67.3774357972,44.6838442587,64.9632390857,48.4584635491,67,45,65,48
1048,蔡仲南,2002,興農,SP,B_Role-v0.1,B_QuadraticTanh-v1,25,23,149.666666667,660,Qualified,False,2026-08-11,-2.13560407593,0.160038996071,-1.31505036387,0.277241002421,45.6677572732,66.163546982,53.5476990494,67.0293459998,46,66,54,67
1048,蔡仲南,2003,興農,SP,B_Role-v0.1,B_QuadraticTanh-v1,22,18,113.333333333,478,Regular,False,2026-08-11,-1.81931313093,-1.04343902602,-1.1504015829,-0.541307226784,48.6432883581,56.1585793598,55.1384588598,60.713988011,49,56,55,61
1048,蔡仲南,2004,興農,Swingman,B_Role-v0.1,B_QuadraticTanh-v1,21,12,71.3333333333,308,Regular,False,2026-08-11,-0.818563925597,0.00172347836693,0.108170116609,-0.519525627223,58.2537347712,65.0124103806,65.7840108467,60.9004495556,58,65,66,61
1048,蔡仲南,2005,興農,Swingman,B_Role-v0.1,B_QuadraticTanh-v1,27,10,74.6666666667,327,Regular,False,2026-08-11,-0.655138488662,1.19870557054,-0.00982278523985,-0.174368901916,59.7226617521,74.148043111,64.9291409611,63.7025723585,60,74,65,64
1048,蔡仲南,2007,興農,Swingman,B_Role-v0.1,B_QuadraticTanh-v1,15,11,48.6666666667,229,Regular,False,2026-08-11,-1.27424046393,-0.30272283946,-0.133592993141,-1.58402285178,53.9437832646,62.6954371733,64.0134059624,50.9244512489,54,63,64,51
1049,前田克拓,2002,興農,Swingman,B_Role-v0.1,B_QuadraticTanh-v1,24,10,91,394,Regular,False,2026-08-11,-0.51924900539,1.53848681729,0.473637058511,0.0532012993804,60.9028106947,76.855886191,68.504028363,65.3843136818,61,77,69,65
1050,沈柏蒼,2002,統一7-ELEVEn獅,Swingman,B_Role-v0.1,B_QuadraticTanh-v1,20,3,49.6666666667,216,Regular,False,2026-08-11,0.529537161615,-0.672629475793,-0.628677541118,0.168380026621,68.9288234362,59.5679220867,59.9555625474,66.2247919412,69,60,60,66
1050,沈柏蒼,2003,統一7-ELEVEn獅,RP,B_Role-v0.1,B_QuadraticTanh-v1,21,0,25,129,Provisional,False,2026-08-11,-0.492799335121,-1.27480257385,-1.52956600525,-0.490962871945,61.127769065,53.9383344235,51.4559010077,61.1433288691,61,54,51,61
1050,沈柏蒼,2006,統一7-ELEVEn獅,RP,B_Role-v0.1,B_QuadraticTanh-v1,32,0,27.6666666667,111,Provisional,False,2026-08-11,-0.0160610121683,0.134370912916,-2.19687824476,0.295851956103,64.8839999986,65.9754427465,45.110165957,67.1678425011,65,66,45,67
1050,沈柏蒼,2007,統一7-ELEVEn獅,RP,B_Role-v0.1,B_QuadraticTanh-v1,32,0,29,120,Provisional,False,2026-08-11,1.37467818249,0.715639464947,-0.97312542611,1.48412991215,75.5482415475,70.3575362743,56.8216560144,76.421712473,76,70,57,76
1050,沈柏蒼,2008,統一7-ELEVEn獅,RP,B_Role-v0.1,B_QuadraticTanh-v1,37,0,39.6666666667,173,Regular,False,2026-08-11,1.01599758807,-0.000574591659245,-0.650388052204,0.941057028663,72.7031040644,64.9958624779,59.7645801638,72.1139569984,73,65,60,72
1050,沈柏蒼,2009,統一7-ELEVEn獅,RP,B_Role-v0.1,B_QuadraticTanh-v1,28,0,29.6666666667,134,Provisional,False,2026-08-11,1.08290527165,-3.12999055767,-0.952126290225,-0.64027105066,73.230946261,37.832749006,57.0183748587,59.8536988238,73,38,57,60
1051,小桧山雅仁,2002,中信,Swingman,B_Role-v0.1,B_QuadraticTanh-v1,20,15,105,442,Regular,False,2026-08-11,-0.247030664129,-0.642483274957,1.30246484934,1.97465822452,63.1377058693,59.8342298573,74.9728733962,80.333641042,63,60,75,80
1052,喬伊,2002,統一7-ELEVEn獅,Swingman,B_Role-v0.1,B_QuadraticTanh-v1,15,10,87.3333333333,370,Regular,False,2026-08-11,0.137404776711,2.07695070263,1.33892884997,-1.35960362354,65.997646927,81.1437042695,75.2632908458,53.1142955675,66,81,75,53
1052,喬伊,2003,統一7-ELEVEn獅,SP,B_Role-v0.1,B_QuadraticTanh-v1,16,16,109.666666667,466,Regular,False,2026-08-11,-0.43459268236,1.61191769691,0.543510383359,-1.92383284548,61.617107351,77.4425528978,69.0353372003,47.6447962616,62,77,69,48
1052,喬伊,2004,統一7-ELEVEn獅,SP,B_Role-v0.1,B_QuadraticTanh-v1,14,12,70,301,Provisional,False,2026-08-11,-0.756382066503,1.58291265896,-1.55955916068,-1.93072465381,58.8185895999,77.2108167103,51.1631279939,47.5794102765,59,77,51,48
1053,魔銳,2002,興農,RP,B_Role-v0.1,B_QuadraticTanh-v1,14,0,25,100,Provisional,False,2026-08-11,-1.57363515397,0.247352228823,-0.133894309094,1.37901412221,51.0257809146,66.807495469,64.0111254677,75.5828160827,51,67,64,76
1053,魔銳,2003,興農,RP,B_Role-v0.1,B_QuadraticTanh-v1,48,0,69.6666666667,268,Qualified,False,2026-08-11,0.359874883152,1.98141771495,0.908938944127,1.9675999427,67.6463217079,80.3872701453,71.862190712,80.2776275483,68,80,72,80
1053,魔銳,2006,Lamigo,Swingman,B_Role-v0.1,B_QuadraticTanh-v1,29,2,47,186,Regular,False,2026-08-11,0.615061743225,0.378038983605,-1.03574553912,1.01176705521,69.5827379725,67.7826368947,56.231444048,72.6697852192,70,68,56,73
1054,顏子堯,2002,中信,Swingman,B_Role-v0.1,B_QuadraticTanh-v1,13,2,23,105,Provisional,False,2026-08-11,1.42357383694,0.529083526767,-1.28153130107,-0.853403879679,75.9382823332,68.9253676834,53.8730937292,57.9342792471,76,69,54,58
1054,顏子堯,2003,中信,Swingman,B_Role-v0.1,B_QuadraticTanh-v1,20,2,50,210,Regular,False,2026-08-11,1.2373395163,-0.109730210363,-0.621280573229,-1.43914381969,74.4548635107,64.1932284118,60.0204073847,52.3387527321,74,64,60,52
1055,楊仁明,2002,興農,Swingman,B_Role-v0.1,B_QuadraticTanh-v1,10,2,24,114,Provisional,False,2026-08-11,-0.711541766557,-3.65946465766,-0.986069596955,0.370206458794,59.2214709699,34.9446013778,56.7000859485,67.7238264072,59,35,57,68
1055,楊仁明,2003,興農,Swingman,B_Role-v0.1,B_QuadraticTanh-v1,20,2,33.6666666667,161,Provisional,False,2026-08-11,-2.00577667291,-1.7291244184,-1.26306585911,-0.0222877026402,46.8715341067,49.5134795993,54.0520624866,64.8388342417,47,50,54,65
1055,楊仁明,2004,興農,RP,B_Role-v0.1,B_QuadraticTanh-v1,21,0,30,144,Regular,False,2026-08-11,-2.06078239763,-0.0533622290604,-1.17327740776,-0.602743880364,46.358057461,64.6118213296,54.9187443401,60.182399727,46,65,55,60
1055,楊仁明,2005,興農,RP,B_Role-v0.1,B_QuadraticTanh-v1,15,0,31.6666666667,144,Regular,False,2026-08-11,-1.60060195225,0.218402442155,0.298809116819,-0.974899579635,50.7627855124,66.5932961152,67.1898736153,56.8050071781,51,67,67,57
1102,莊景賀,2006,誠泰,RP,B_Role-v0.1,B_QuadraticTanh-v1,15,0,23.6666666667,105,Provisional,False,2026-08-11,-0.402208668628,-0.970563174181,0.0291622970971,-0.332877739919,61.8858740204,56.8456926442,65.2103497048,62.4526618206,62,57,65,62
1108,許文雄,2003,第一,Swingman,B_Role-v0.1,B_QuadraticTanh-v1,55,7,120.333333333,522,Regular,False,2026-08-11,-1.19055648777,-0.369434270952,0.396566612012,1.48468712572,54.7524678559,62.155287927,67.9219320456,76.4261622943,55,62,68,76
1108,許文雄,2004,Lamigo,Swingman,B_Role-v0.1,B_QuadraticTanh-v1,22,6,65.3333333333,296,Regular,False,2026-08-11,-2.6135970967,-0.518287548637,-0.205758627857,0.405001747697,41.5471701582,60.9110159753,63.4602610843,67.9854328517,42,61,63,68
1108,許文雄,2005,Lamigo,Swingman,B_Role-v0.1,B_QuadraticTanh-v1,48,5,102,433,Regular,False,2026-08-11,-1.27214759722,0.878206830052,0.0664346501876,0.891706343844,53.9640688021,71.6217264004,65.480297345,71.7272998643,54,72,65,72
1108,許文雄,2006,Lamigo,Swingman,B_Role-v0.1,B_QuadraticTanh-v1,33,4,70.3333333333,300,Regular,False,2026-08-11,0.73045268228,0.658601683345,-0.443399746144,1.44963250523,70.472147085,69.9174077315,61.5435796436,76.1462705326,70,70,62,76
1108,許文雄,2007,Lamigo,Swingman,B_Role-v0.1,B_QuadraticTanh-v1,27,18,107.333333333,468,Regular,False,2026-08-11,0.539620675178,0.00965186007732,1.0924726373,0.260655391274,69.0056741133,65.0695352585,73.3065548963,66.9061510884,69,65,73,67
1108,許文雄,2008,Lamigo,SP,B_Role-v0.1,B_QuadraticTanh-v1,23,23,134,564,Qualified,False,2026-08-11,-0.284130467027,1.03129887511,-0.423863131753,0.355624804897,62.8439718229,72.8236715308,61.7064351759,67.6144619581,63,73,62,68
1108,許文雄,2009,Lamigo,SP,B_Role-v0.1,B_QuadraticTanh-v1,25,24,126.333333333,571,Qualified,False,2026-08-11,-0.706321656413,0.597569149018,-0.408675608547,-0.504728387929,59.268121303,69.4486103479,61.8324046362,61.0265088223,59,69,62,61
1109,李風華,2003,第一,Swingman,B_Role-v0.1,B_QuadraticTanh-v1,47,4,83.3333333333,376,Regular,False,2026-08-11,-0.779657609632,0.467327374264,-0.402898748517,0.322702809873,58.6079751475,68.4562145944,61.8801731964,67.3681321803,59,68,62,67
1109,李風華,2004,Lamigo,Swingman,B_Role-v0.1,B_QuadraticTanh-v1,39,9,93.3333333333,402,Regular,False,2026-08-11,0.737248283985,0.584891992356,-0.127931801116,-0.91980273079,70.5247661671,69.3515264087,64.0562067242,57.3199217623,71,69,64,57
1109,李風華,2005,Lamigo,Swingman,B_Role-v0.1,B_QuadraticTanh-v1,42,4,81.6666666667,329,Regular,False,2026-08-11,1.52572634173,1.6505408678,-0.320402632445,-0.706220496541,76.7539490008,77.7511065829,62.5533769283,59.269024808,77,78,63,59
1109,李風華,2006,Lamigo,Swingman,B_Role-v0.1,B_QuadraticTanh-v1,33,1,55,238,Regular,False,2026-08-11,0.142751461222,0.227330740583,-0.895949254617,-0.748778436037,66.0367970959,66.6592843905,57.541433897,58.8871752998,66,67,58,59
1109,李風華,2007,Lamigo,RP,B_Role-v0.1,B_QuadraticTanh-v1,37,0,64.3333333333,267,Qualified,False,2026-08-11,1.19115013695,0.933784925418,1.76694153233,-0.382450005673,74.0880856491,72.0569127265,78.6804258867,62.0486103058,74,72,79,62
1109,李風華,2008,Lamigo,RP,B_Role-v0.1,B_QuadraticTanh-v1,47,0,63.6666666667,253,Qualified,False,2026-08-11,1.50819742768,0.600470234508,1.22985251148,-0.275931467758,76.6139309574,69.4708416719,74.3953741598,62.9091923781,77,69,74,63
1109,李風華,2009,Lamigo,RP,B_Role-v0.1,B_QuadraticTanh-v1,30,0,28.3333333333,132,Provisional,False,2026-08-11,0.563599686493,1.14254532285,-1.29523392343,-1.16789270416,69.1886971747,73.7027601752,53.7401498517,54.9705065231,69,74,54,55
1109,李風華,2010,Lamigo,RP,B_Role-v0.1,B_QuadraticTanh-v1,33,0,31.3333333333,134,Regular,False,2026-08-11,0.201991350391,-1.22400728933,-1.70824832419,-0.827279988204,66.4721724068,54.4298511711,49.7157916875,58.1740099468,66,54,50,58
1109,李風華,2011,兄弟,RP,B_Role-v0.1,B_QuadraticTanh-v1,55,0,63.6666666667,278,Qualified,False,2026-08-11,0.755381925197,1.30700600671,1.01136747003,0.89262143332,70.6653016817,75.0090276647,72.6666385249,71.7344594327,71,75,73,72
1109,李風華,2013,統一7-ELEVEn獅,RP,B_Role-v0.1,B_QuadraticTanh-v1,36,0,40.3333333333,169,Regular,False,2026-08-11,0.107768275603,-1.33351566033,-0.139100841891,0.315557265144,65.7810794304,53.3681848011,63.9716813168,67.314776787,66,53,64,67
1110,余文彬,2003,興農,Swingman,B_Role-v0.1,B_QuadraticTanh-v1,43,5,97.6666666667,408,Regular,False,2026-08-11,-1.19072017905,1.92191306348,0.0607204834224,-0.342527584434,54.7508914024,79.9147395184,65.4388327088,62.3744876398,55,80,65,62
1110,余文彬,2004,興農,Swingman,B_Role-v0.1,B_QuadraticTanh-v1,42,7,86.6666666667,380,Regular,False,2026-08-11,-1.19230913671,0.0702734356111,-0.398515668551,-1.02433984893,54.7355875086,65.5081693936,61.916362628,56.3393297811,55,66,62,56
1110,余文彬,2005,興農,Swingman,B_Role-v0.1,B_QuadraticTanh-v1,24,3,44.3333333333,194,Regular,False,2026-08-11,-0.197589039232,1.47978710709,-0.912938036161,0.843575586852,63.5235775926,76.3870322909,57.3837600615,71.3512883121,64,76,57,71
1110,余文彬,2006,興農,Swingman,B_Role-v0.1,B_QuadraticTanh-v1,39,2,63.6666666667,285,Regular,False,2026-08-11,-0.868700417037,1.55976669173,-0.785686072355,-0.13467587555,57.7933768694,77.0258924417,58.5532635099,64.0052090766,58,77,59,64
1110,余文彬,2007,興農,Swingman,B_Role-v0.1,B_QuadraticTanh-v1,36,4,59.6666666667,274,Regular,False,2026-08-11,-0.526412880254,1.15472966054,-0.698903773227,0.0842215211115,60.8416067259,73.7992892425,59.3343205478,65.6095496365,61,74,59,66
1110,余文彬,2008,興農,Swingman,B_Role-v0.1,B_QuadraticTanh-v1,24,16,100,421,Regular,False,2026-08-11,-0.255310721135,0.415326504986,1.38761843703,-0.466466025479,63.0724581128,68.0632294564,75.651434507,61.3501352447,63,68,76,61
1110,余文彬,2009,興農,Swingman,B_Role-v0.1,B_QuadraticTanh-v1,40,11,104,446,Regular,False,2026-08-11,1.3362330918,1.17102577424,0.667081835769,-0.57168181178,75.2418121434,73.9284623861,69.9827236913,60.452199778,75,74,70,60
1110,余文彬,2011,興農,Swingman,B_Role-v0.1,B_QuadraticTanh-v1,31,9,68.3333333333,309,Regular,False,2026-08-11,0.587986951841,-1.18288438587,-0.520776678642,-0.203650455455,69.3752187529,54.8263290514,60.8897688889,63.4766168934,69,55,61,63
1111,李明進,2003,誠泰,Swingman,B_Role-v0.1,B_QuadraticTanh-v1,43,10,115.666666667,490,Regular,False,2026-08-11,2.77452189898,-0.551371651869,0.548498961622,-0.647288161159,86.5278569059,60.6274724016,69.073394909,59.7919089472,87,61,69,60
1111,李明進,2004,誠泰,Swingman,B_Role-v0.1,B_QuadraticTanh-v1,57,2,125,506,Regular,False,2026-08-11,2.33785363078,2.44699308736,0.203996231527,-0.428735833266,83.1910022572,84.0370867799,66.4869578304,61.6659021296,83,84,66,62
1111,李明進,2005,誠泰,RP,B_Role-v0.1,B_QuadraticTanh-v1,50,0,84.6666666667,353,Qualified,False,2026-08-11,1.56238961631,1.26770174383,0.97764282436,-0.859759602388,77.0468478944,74.69624896,72.4012888088,57.8757811715,77,75,72,58
1111,李明進,2006,誠泰,RP,B_Role-v0.1,B_QuadraticTanh-v1,62,0,96.3333333333,392,Qualified,False,2026-08-11,2.33057680434,0.91311273951,2.53195142666,-0.248768321074,83.1343474691,71.894882118,84.6905996413,63.1240277207,83,72,85,63
1111,李明進,2007,誠泰,Swingman,B_Role-v0.1,B_QuadraticTanh-v1,59,1,78.3333333333,355,Regular,False,2026-08-11,1.9813494049,1.74172208053,-0.568129570465,-0.979525418637,80.3867282459,78.4791895916,60.4829203869,56.7615771513,80,78,60,57
1111,李明進,2008,米迪亞,RP,B_Role-v0.1,B_QuadraticTanh-v1,44,0,61.3333333333,237,Qualified,False,2026-08-11,1.67243205884,-0.135763661848,1.09530103879,0.257532436265,77.9259636234,63.9969718777,73.3289130488,66.8829787348,78,64,73,67
1112,蔡士勤,2003,誠泰,Swingman,B_Role-v0.1,B_QuadraticTanh-v1,36,19,129,571,Regular,False,2026-08-11,0.797853743898,-0.113141358328,1.17579069164,-0.504738044241,70.9951517059,64.1676178514,73.966246639,61.026426722,71,64,74,61
1112,蔡士勤,2004,誠泰,Swingman,B_Role-v0.1,B_QuadraticTanh-v1,31,9,84,365,Regular,False,2026-08-11,0.770616062219,-0.0257934911764,-0.0867572649788,-0.569973077431,70.7835044289,64.8133572069,64.3648798661,60.4669807595,71,65,64,60
1112,蔡士勤,2005,誠泰,RP,B_Role-v0.1,B_QuadraticTanh-v1,18,0,36.3333333333,167,Regular,False,2026-08-11,-1.0610076408,-0.722256659424,0.22402911055,-1.32370608199,55.9919150634,59.1255496171,66.6348747996,53.4635718022,56,59,67,53
1112,蔡士勤,2006,誠泰,Swingman,B_Role-v0.1,B_QuadraticTanh-v1,13,3,29,129,Provisional,False,2026-08-11,1.02064578325,0.513588676627,-1.00045019357,-0.548688699394,72.7397203274,68.8074118611,56.5647554944,60.6505575815,73,69,57,61
1112,蔡士勤,2007,統一7-ELEVEn獅 / 誠泰,Swingman,B_Role-v0.1,B_QuadraticTanh-v1,24,1,34.6666666667,157,Provisional,False,2026-08-11,0.19392131843,-0.567659140603,-1.17595056164,0.246479170994,66.4126915999,60.4869867004,54.8930379866,66.8010258553,66,60,55,67
1112,蔡士勤,2009,統一7-ELEVEn獅,Swingman,B_Role-v0.1,B_QuadraticTanh-v1,22,2,31,136,Provisional,False,2026-08-11,-1.03791697494,1.32537061245,-1.36829822074,0.308464544114,56.2108859511,75.1552774472,53.0296167994,67.2618547006,56,75,53,67
1112,蔡士勤,2010,統一7-ELEVEn獅,RP,B_Role-v0.1,B_QuadraticTanh-v1,24,0,30.6666666667,139,Regular,False,2026-08-11,0.0758672484349,-1.18067163939,-0.62712793402,-0.565598455187,65.548807105,54.8476220968,59.9691565465,60.5047931815,66,55,60,61
1113,楊騏嘉,2003,誠泰,Swingman,B_Role-v0.1,B_QuadraticTanh-v1,32,22,147.333333333,664,Regular,False,2026-08-11,-0.120350500851,-0.0187304965723,1.94365734853,-0.0147574285539,64.1133881724,64.8646499353,80.0875209556,64.8934419493,64,65,80,65
1113,楊騏嘉,2004,誠泰,Swingman,B_Role-v0.1,B_QuadraticTanh-v1,17,12,55.6666666667,252,Regular,False,2026-08-11,-0.503416865398,0.966390795728,-0.175532334243,-0.0876265057411,61.0376577145,72.3128593492,63.6936381035,64.3584112711,61,72,64,64
1113,楊騏嘉,2005,誠泰,Swingman,B_Role-v0.1,B_QuadraticTanh-v1,20,13,100,433,Regular,False,2026-08-11,0.643558472068,-0.289354858393,1.48190639189,0.0795215382845,69.8016476688,62.8023233885,76.4039560114,65.5753693723,70,63,76,66
1113,楊騏嘉,2006,誠泰,Swingman,B_Role-v0.1,B_QuadraticTanh-v1,22,12,82.6666666667,345,Regular,False,2026-08-11,1.63084246739,-0.916402473506,0.534710557794,-0.996641562007,77.5937455039,57.3515515153,68.9682436253,56.6006243732,78,57,69,57
1113,楊騏嘉,2007,誠泰,RP,B_Role-v0.1,B_QuadraticTanh-v1,36,0,61.3333333333,298,Qualified,False,2026-08-11,1.19292325961,-0.769858650028,1.59462977888,-1.17621116902,74.1021551787,58.696764927,77.3044315295,54.8905315134,74,59,77,55
1114,飛勇,2003,興農,SP,B_Role-v0.1,B_QuadraticTanh-v1,30,25,183.333333333,748,Qualified,False,2026-08-11,-0.429804332199,0.996439407707,0.545116452639,0.580454423048,61.6570063316,72.5491264898,69.047588066,69.3175668572,62,73,69,69
1114,飛勇,2004,興農,Swingman,B_Role-v0.1,B_QuadraticTanh-v1,21,11,85.3333333333,343,Regular,False,2026-08-11,0.819812178042,1.46117843475,0.662555256152,0.462426911963,71.1660582788,76.2384466628,69.9478536712,68.4190988378,71,76,70,68
1114,飛勇,2005,興農,Swingman,B_Role-v0.1,B_QuadraticTanh-v1,20,6,49.3333333333,222,Regular,False,2026-08-11,0.899822376539,-1.45520665508,-0.528871696119,-0.16242489408,71.7908123939,52.1819587921,60.8205733101,63.7940837112,72,52,61,64
1115,葉賢文,2003,第一,Swingman,B_Role-v0.1,B_QuadraticTanh-v1,28,1,43.3333333333,221,Regular,False,2026-08-11,0.0134477702491,-1.12613326708,-1.16549223309,-2.03023683836,65.0969051751,55.3709933735,54.9935732229,46.6426079913,65,55,55,47
1116,潘威倫,2003,統一7-ELEVEn獅,SP,B_Role-v0.1,B_QuadraticTanh-v1,28,26,166.333333333,670,Qualified,False,2026-08-11,0.685063298353,-0.0200216300979,0.196818892826,-0.613523163679,70.1213615012,64.8552838761,66.4340422423,60.0882881553,70,65,66,60
1116,潘威倫,2004,統一7-ELEVEn獅,SP,B_Role-v0.1,B_QuadraticTanh-v1,29,28,176.333333333,699,Qualified,False,2026-08-11,2.38822105469,-1.57795127119,0.603699875664,-0.0946402430714,83.582334414,50.983674956,69.4955969808,64.3061416836,84,51,69,64
1116,潘威倫,2005,統一7-ELEVEn獅,Swingman,B_Role-v0.1,B_QuadraticTanh-v1,34,24,171,732,Regular,False,2026-08-11,1.75003189383,0.762810617774,2.53065587072,0.931989751085,78.5455054444,70.7229257918,84.6806700662,72.0428344701,79,71,85,72
1116,潘威倫,2006,統一7-ELEVEn獅,SP,B_Role-v0.1,B_QuadraticTanh-v1,26,25,182,732,Qualified,False,2026-08-11,1.85293048405,0.375266765015,1.26430005759,-0.737206157815,79.3658709547,67.7618164918,74.6691943419,58.9913500092,79,68,75,59
1116,潘威倫,2007,統一7-ELEVEn獅,SP,B_Role-v0.1,B_QuadraticTanh-v1,21,21,123.333333333,506,Qualified,False,2026-08-11,1.01833838098,0.266788653555,0.263591226133,-0.36471210467,72.7215426715,66.9516824886,66.9279420754,62.1938877923,73,67,67,62
1116,潘威倫,2008,統一7-ELEVEn獅,SP,B_Role-v0.1,B_QuadraticTanh-v1,18,18,111,449,Regular,False,2026-08-11,1.87949165283,0.168785704694,-0.153052180341,1.17709102458,79.5773305632,66.2277721599,63.8656267954,73.9765589824,80,66,64,74
1116,潘威倫,2009,統一7-ELEVEn獅,SP,B_Role-v0.1,B_QuadraticTanh-v1,22,22,133.666666667,576,Qualified,False,2026-08-11,2.13736430698,0.926460877404,1.13439691339,-0.268274030479,81.6204134947,71.9994844181,73.6382305919,62.9699487282,82,72,74,63
1116,潘威倫,2010,統一7-ELEVEn獅,SP,B_Role-v0.1,B_QuadraticTanh-v1,29,29,191.666666667,788,Qualified,False,2026-08-11,1.45026374062,-0.575333124721,1.24263960811,-0.703610587903,76.1513096311,60.4205936089,74.4969846114,59.2923281602,76,60,74,59
1116,潘威倫,2011,統一7-ELEVEn獅,SP,B_Role-v0.1,B_QuadraticTanh-v1,12,12,74.3333333333,317,Provisional,False,2026-08-11,0.30213733718,-2.0896867392,-0.359636940062,-0.863427842444,67.2146772891,46.0902223705,62.2353116122,57.8419882277,67,46,62,58
1116,潘威倫,2013,統一7-ELEVEn獅,SP,B_Role-v0.1,B_QuadraticTanh-v1,20,20,105.333333333,472,Regular,False,2026-08-11,1.46304131406,-1.63198935755,-0.818198415769,-1.8241332269,76.2533199742,50.4569662089,58.2570751684,48.5969831909,76,50,58,49
1116,潘威倫,2014,統一7-ELEVEn獅,SP,B_Role-v0.1,B_QuadraticTanh-v1,10,10,62.6666666667,264,Provisional,False,2026-08-11,0.586200070075,0.912510535775,-0.462771301971,-1.45255382877,69.361539181,71.8901648491,61.381205179,52.2078562675,69,72,61,52
1116,潘威倫,2015,統一7-ELEVEn獅,SP,B_Role-v0.1,B_QuadraticTanh-v1,25,25,153.333333333,683,Qualified,False,2026-08-11,1.04222441066,-1.12671033433,0.943332908768,-1.93997220715,72.9098142326,55.3654709209,72.1318143202,47.4917708878,73,55,72,47
1116,潘威倫,2016,統一7-ELEVEn獅,Swingman,B_Role-v0.1,B_QuadraticTanh-v1,13,8,52.3333333333,233,Regular,False,2026-08-11,2.5706128075,1.22118571702,0.412733101044,-1.57806142089,84.9863776441,74.3265279812,68.0436809986,50.9826004467,85,74,68,51
1116,潘威倫,2017,統一7-ELEVEn獅,SP,B_Role-v0.1,B_QuadraticTanh-v1,17,17,93,395,Regular,False,2026-08-11,0.899592970818,0.485599007093,-0.23364127165,-1.39256482685,71.7890167481,68.5947498701,63.2428378515,52.7931354874,72,69,63,53
1116,潘威倫,2019,統一7-ELEVEn獅,SP,B_Role-v0.1,B_QuadraticTanh-v1,23,23,120,529,Qualified,False,2026-08-11,1.436449794,0.0830895193259,-0.0329902843509,-1.82610806624,76.0410432043,65.6013154861,64.7609499675,48.5780180821,76,66,65,49
1116,潘威倫,2020,統一7-ELEVEn獅,Swingman,B_Role-v0.1,B_QuadraticTanh-v1,19,13,62.6666666667,306,Regular,False,2026-08-11,1.50751980815,-0.910306487476,0.72014476453,-1.04115218595,76.6085185666,57.4082129743,70.3923810004,56.1802456215,77,57,70,56
1116,潘威倫,2021,統一7-ELEVEn獅,RP,B_Role-v0.1,B_QuadraticTanh-v1,22,0,31,148,Regular,False,2026-08-11,1.33691261091,0.716078858448,1.29264792433,-1.48345224854,75.2472261546,70.3609341107,74.8947304148,51.906177177,75,70,75,52
1116,潘威倫,2022,統一7-ELEVEn獅,SP,B_Role-v0.1,B_QuadraticTanh-v1,11,10,54.6666666667,235,Provisional,False,2026-08-11,1.29801940381,-1.3707891905,-1.68459570178,-1.49753115219,74.9374851146,53.0053513762,49.945343693,51.7686994432,75,53,50,52
1116,潘威倫,2024,統一7-ELEVEn獅,Swingman,B_Role-v0.1,B_QuadraticTanh-v1,11,4,29,136,Provisional,False,2026-08-11,0.878519120075,-2.22236783752,-0.608929094824,-1.84478454518,71.6241677102,44.8804155841,60.1284282043,48.398854407,72,45,60,48
1117,陳志誠,2003,誠泰,Swingman,B_Role-v0.1,B_QuadraticTanh-v1,26,3,43,199,Regular,False,2026-08-11,-0.360938116992,0.941612596403,-1.12255573773,-0.697658572019,62.2246974064,72.1183159629,55.4052221498,59.3454224559,62,72,55,59
1117,陳志誠,2004,誠泰,Swingman,B_Role-v0.1,B_QuadraticTanh-v1,33,3,77.3333333333,338,Regular,False,2026-08-11,0.365827487722,1.02573561313,-0.377083038692,-1.34129633919,67.6909668105,72.779825103,62.0926487377,53.292494168,68,73,62,53
1117,陳志誠,2005,誠泰,Swingman,B_Role-v0.1,B_QuadraticTanh-v1,13,3,38.3333333333,163,Provisional,False,2026-08-11,-1.20992325674,0.735844246183,-0.446848674132,-1.77893853093,54.5657960718,70.5138924467,61.5147352751,49.0320040135,55,71,62,49
1118,豐偌暉,2003,誠泰,Swingman,B_Role-v0.1,B_QuadraticTanh-v1,26,10,100.666666667,446,Regular,False,2026-08-11,0.0341240749653,-1.23346853432,0.8399531373,-1.7565558224,65.2462148864,54.3384407244,71.323034026,49.2481053011,65,54,71,49
1118,豐偌暉,2004,誠泰,RP,B_Role-v0.1,B_QuadraticTanh-v1,11,0,20,87,Provisional,False,2026-08-11,-0.278995934656,-2.74615954317,0.541325581753,-0.294264172451,62.8848356903,40.512869009,69.0186745771,62.7631230521,63,41,69,63
1119,横田久則,2003,兄弟,SP,B_Role-v0.1,B_QuadraticTanh-v1,25,24,164.666666667,681,Qualified,False,2026-08-11,-0.111441234054,0.0280031631689,0.83686456349,1.62140861751,64.1803861763,65.2019742983,71.2989489762,77.5183782915,64,65,71,78
1119,横田久則,2004,兄弟,SP,B_Role-v0.1,B_QuadraticTanh-v1,22,22,140.333333333,580,Qualified,False,2026-08-11,-0.146823030762,0.803014343301,0.628992333795,2.27820551071,63.9130440223,71.0352953259,69.6896894329,82.7257719534,64,71,70,83
1120,梁如豪,2003,第一,Swingman,B_Role-v0.1,B_QuadraticTanh-v1,22,15,88.3333333333,408,Regular,False,2026-08-11,-0.276685940617,0.20642637307,0.701876953587,-1.49846844434,62.9031979944,66.504883841,70.2511661552,51.7595469023,63,67,70,52
1120,梁如豪,2004,Lamigo,Swingman,B_Role-v0.1,B_QuadraticTanh-v1,24,13,100.333333333,441,Regular,False,2026-08-11,-0.056858523649,-1.02510991542,0.934159793527,-1.0878192912,64.5861118756,56.3320509827,72.0598527249,55.7368611253,65,56,72,56
1120,梁如豪,2005,Lamigo,Swingman,B_Role-v0.1,B_QuadraticTanh-v1,11,4,35.3333333333,155,Provisional,False,2026-08-11,0.184870779727,0.678807282844,-0.35818567789,-0.502268529357,66.3460476874,70.0731058091,62.2471451676,61.047416168,66,70,62,61
1120,梁如豪,2006,Lamigo,Swingman,B_Role-v0.1,B_QuadraticTanh-v1,18,2,41.3333333333,188,Regular,False,2026-08-11,-0.0753086718348,0.393940987812,-0.787556023623,-1.39895734687,64.4498829161,67.90217662,58.5362793052,52.7308081691,64,68,59,53
1120,梁如豪,2007,Lamigo,RP,B_Role-v0.1,B_QuadraticTanh-v1,17,0,20.6666666667,110,Provisional,False,2026-08-11,-1.45403768315,0.608424276374,-1.17160027442,-1.66386013217,52.1933706621,69.5318214566,54.9348691631,50.1468456232,52,70,55,50
1121,高力歐,2003,第一,SP,B_Role-v0.1,B_QuadraticTanh-v1,18,15,98.6666666667,407,Regular,False,2026-08-11,-1.47582635243,0.897325484078,-0.965598252645,-0.208934656303,51.9806399297,71.7712695683,56.8922424784,63.4355983658,52,72,57,63
1121,高力歐,2004,Lamigo,Swingman,B_Role-v0.1,B_QuadraticTanh-v1,20,1,32.6666666667,150,Provisional,False,2026-08-11,0.531036107281,0.229696270558,-1.38100452795,0.411376987161,68.9402432548,66.6767786361,52.9058169056,68.0334608762,69,67,53,68
1122,陽建福,2003,興農,Swingman,B_Role-v0.1,B_QuadraticTanh-v1,14,9,67,257,Regular,False,2026-08-11,1.4168792198,0.229205887907,0.701322586661,1.05286865319,75.8848611893,66.673151646,70.2468837346,72.9937816449,76,67,70,73
1122,陽建福,2004,興農,SP,B_Role-v0.1,B_QuadraticTanh-v1,27,25,172.666666667,697,Qualified,False,2026-08-11,-1.34502021791,1.27722712709,0.930529914307,1.32546800335,53.2562584812,74.7720207921,72.0313870681,75.1560532056,53,75,72,75
1122,陽建福,2005,興農,Swingman,B_Role-v0.1,B_QuadraticTanh-v1,11,3,27.3333333333,127,Provisional,False,2026-08-11,0.0322426462221,0.466436917964,-0.840121276394,1.75936192193,65.2326127956,68.4494690939,58.0563141193,78.6199532868,65,68,58,79
1122,陽建福,2006,興農,Swingman,B_Role-v0.1,B_QuadraticTanh-v1,35,26,173,767,Regular,False,2026-08-11,-0.219910605598,0.684208772509,2.43983900659,0.481777897846,63.3501623135,70.1147687784,83.9818442972,68.5657591606,63,70,84,69
1122,陽建福,2007,興農,SP,B_Role-v0.1,B_QuadraticTanh-v1,27,22,132,584,Qualified,False,2026-08-11,0.0207448009139,0.0701529657772,-0.546294656266,-0.240305691521,65.149555672,65.5072945094,60.6711433618,63.1905680717,65,66,61,63
1122,陽建福,2008,興農,Swingman,B_Role-v0.1,B_QuadraticTanh-v1,24,19,110,507,Regular,False,2026-08-11,0.871646461307,1.52940688907,1.83996731952,-0.854848510064,71.5704517521,76.7833504282,79.2626177206,57.9209887667,72,77,79,58
1122,陽建福,2009,興農,Swingman,B_Role-v0.1,B_QuadraticTanh-v1,24,17,89,422,Regular,False,2026-08-11,-1.15524603599,1.04256233584,0.923028364542,-1.17448674966,55.0919707641,72.9124793234,71.9725780354,54.9071155186,55,73,72,55
1122,陽建福,2010,興農,Swingman,B_Role-v0.1,B_QuadraticTanh-v1,30,22,143,586,Regular,False,2026-08-11,-0.636531470031,1.4223732857,1.51893309878,0.353190398075,59.8865863896,75.9287018878,76.6996839095,67.5962190899,60,76,77,68
1122,陽建福,2011,興農,Swingman,B_Role-v0.1,B_QuadraticTanh-v1,23,12,81,369,Regular,False,2026-08-11,0.386093230579,-0.000103377053886,0.453699133282,-0.871720608935,67.8431595816,64.9992556703,68.3530369275,57.7655112132,68,65,68,58
1122,陽建福,2012,興農,Swingman,B_Role-v0.1,B_QuadraticTanh-v1,22,16,100.333333333,460,Regular,False,2026-08-11,0.367238166036,0.872694163401,1.57861341455,0.0441026739089,67.7015509141,71.578639031,77.1764676028,65.3184092087,68,72,77,65
1122,陽建福,2013,義大,Swingman,B_Role-v0.1,B_QuadraticTanh-v1,27,19,110.666666667,489,Regular,False,2026-08-11,0.129246176924,0.742082833053,1.65689611079,-0.184101184152,65.9379536662,70.5622161939,77.8018720291,63.6277247587,66,71,78,64
1122,陽建福,2015,義大,Swingman,B_Role-v0.1,B_QuadraticTanh-v1,16,2,22,117,Provisional,False,2026-08-11,0.640460574121,-1.49251655471,-1.38828317416,-0.948727574973,69.777825787,51.8176663533,52.834874892,57.05015421,70,52,53,57
1122,陽建福,2017,統一7-ELEVEn獅,RP,B_Role-v0.1,B_QuadraticTanh-v1,24,0,31.6666666667,129,Regular,False,2026-08-11,0.863717344719,-1.15975006146,1.37774668481,-1.33077226564,71.5085065745,55.0487293419,75.5727093217,53.3948658779,72,55,76,53
1124,威森,2003,統一7-ELEVEn獅,SP,B_Role-v0.1,B_QuadraticTanh-v1,13,13,100,406,Regular,False,2026-08-11,1.01014283436,-0.0831621450033,1.29653031966,0.60542210499,72.6569950269,64.3916115231,74.9256320466,69.5088006037,73,64,75,70
1125,安智輝,2003,第一,RP,B_Role-v0.1,B_QuadraticTanh-v1,13,0,24.6666666667,120,Provisional,False,2026-08-11,-1.3279492138,-0.750985468453,0.138116606315,-0.958552192037,53.4223179025,58.8672787395,66.0028577803,56.9582443396,53,59,66,57
1126,雅哥,2003,第一,Swingman,B_Role-v0.1,B_QuadraticTanh-v1,13,4,21.6666666667,120,Provisional,False,2026-08-11,-0.587581338588,1.02988446591,-1.46860724058,-0.478524897321,60.3143597368,72.8125228593,52.0511274314,61.2485067226,60,73,52,61
1127,畢可,2003,第一,SP,B_Role-v0.1,B_QuadraticTanh-v1,13,13,76.6666666667,350,Provisional,False,2026-08-11,-1.74749274454,-1.47930399779,-0.768731666173,-1.06233025243,49.3357206777,51.946682961,58.7069654104,55.9793530545,49,52,59,56
1128,陸磊,2003,統一7-ELEVEn獅,Swingman,B_Role-v0.1,B_QuadraticTanh-v1,12,8,48.3333333333,209,Regular,False,2026-08-11,0.100315663266,1.00287722774,0.0478269250688,-1.12468082954,65.726738039,72.5997934884,65.3453764153,55.384891477,66,73,65,55
1129,馬丁尼,2003,兄弟,SP,B_Role-v0.1,B_QuadraticTanh-v1,9,8,58.6666666667,232,Provisional,False,2026-08-11,-0.0478691627918,1.09017052077,-0.322128397115,1.02867392752,64.6521454426,73.2883589586,62.5394677145,72.802981742,65,73,63,73
1129,馬丁尼,2004,兄弟,SP,B_Role-v0.1,B_QuadraticTanh-v1,9,8,50,224,Provisional,False,2026-08-11,-1.21461137408,-0.266322451047,-1.10077691916,-1.30773824923,54.5205619231,62.9854089421,55.6133043172,53.6187369899,55,63,56,54
1130,威廉斯,2003,誠泰,SP,B_Role-v0.1,B_QuadraticTanh-v1,9,8,52.3333333333,228,Provisional,False,2026-08-11,-0.239315766644,-0.785610597807,-1.10290576935,-1.11205748987,63.198339499,58.5539488899,55.5929870452,55.505589128,63,59,56,56
1132,薛伯特,2003,誠泰,Swingman,B_Role-v0.1,B_QuadraticTanh-v1,8,4,27.6666666667,137,Provisional,False,2026-08-11,-0.0285667804607,1.1444120887,-0.552714999909,-0.233227493203,64.7931791027,73.7175465022,60.6159077031,63.246079333,65,74,61,63
1133,麥克,2003,誠泰,Swingman,B_Role-v0.1,B_QuadraticTanh-v1,7,5,30.3333333333,137,Provisional,False,2026-08-11,-1.50211459444,0.514454741768,-0.109766355175,-0.367279660986,51.7239427757,68.814000599,64.1929572063,62.1729069456,52,69,64,62
1134,尹景熙,2003,第一,Swingman,B_Role-v0.1,B_QuadraticTanh-v1,7,2,24.3333333333,116,Provisional,False,2026-08-11,-2.49802727883,-0.305496584609,-0.599556849051,-0.698712404784,42.4906106077,62.6732021059,60.2101775253,59.3360269407,42,63,60,59
1144,羅培茲,2003,誠泰,Swingman,B_Role-v0.1,B_QuadraticTanh-v1,4,4,21.6666666667,94,Provisional,False,2026-08-11,0.35099758057,-1.20112708381,0.241227794328,-0.425664996834,67.5797904527,54.6506192144,66.7621245061,61.6914531867,68,55,67,62
1145,孟憲政,2004,中信,RP,B_Role-v0.1,B_QuadraticTanh-v1,14,0,22.3333333333,103,Provisional,False,2026-08-11,-0.810032702946,0.052250395376,-0.57712261848,-1.20738478938,58.3316408484,65.3774225432,60.4050929278,54.5902815108,58,65,60,55
1146,黃欽智,2003,誠泰,Swingman,B_Role-v0.1,B_QuadraticTanh-v1,4,3,20.3333333333,84,Provisional,False,2026-08-11,0.911983732222,0.762870729367,0.0672488895969,0.15182243259,71.8860383499,70.7233921972,65.4862081697,66.1032729017,72,71,65,66
1146,黃欽智,2004,誠泰,Swingman,B_Role-v0.1,B_QuadraticTanh-v1,14,2,28,122,Provisional,False,2026-08-11,-1.09109670457,1.12042210102,-1.24791835293,-0.761094198922,55.7056271849,73.5276084047,54.1987044307,58.7760314406,56,74,54,59
1146,黃欽智,2007,誠泰,RP,B_Role-v0.1,B_QuadraticTanh-v1,44,0,39.6666666667,144,Regular,False,2026-08-11,0.999140850277,-0.26469910886,-0.120417360554,-0.689975763674,72.5703854042,62.9982613969,64.1128845694,59.4138526677,73,63,64,59
1146,黃欽智,2008,Lamigo,RP,B_Role-v0.1,B_QuadraticTanh-v1,32,0,35.3333333333,164,Regular,False,2026-08-11,0.550890569771,-0.780017683686,-0.990437998499,-0.831176978022,69.0916462106,58.6047091276,56.6590062628,58.1383222112,69,59,57,58
1146,黃欽智,2009,Lamigo,RP,B_Role-v0.1,B_QuadraticTanh-v1,56,0,49.6666666667,222,Regular,False,2026-08-11,0.94229466985,-0.665448556539,-0.174670412695,0.311542162875,72.1236676697,59.6315256617,63.7002573373,67.2848134766,72,60,64,67
1146,黃欽智,2010,Lamigo,SP,B_Role-v0.1,B_QuadraticTanh-v1,15,14,74.6666666667,313,Provisional,False,2026-08-11,0.0485822271255,0.90074383153,-1.71937890788,-1.96035664645,65.3508470308,71.7980252157,49.607888092,47.2989888683,65,72,50,47
1146,黃欽智,2011,Lamigo,Swingman,B_Role-v0.1,B_QuadraticTanh-v1,26,13,86,390,Regular,False,2026-08-11,0.612850211562,1.24729410787,0.427318802296,-1.42183950854,69.5657700952,74.5339805957,68.1536876288,52.5076162394,70,75,68,53
1146,黃欽智,2012,Lamigo,Swingman,B_Role-v0.1,B_QuadraticTanh-v1,34,2,41.6666666667,190,Regular,False,2026-08-11,1.66166837802,0.373641777971,-1.16016627749,-1.66560817267,77.8399913896,67.7496148798,55.0447324413,50.1298500213,78,68,55,50
1146,黃欽智,2013,Lamigo,Swingman,B_Role-v0.1,B_QuadraticTanh-v1,20,4,34.3333333333,159,Provisional,False,2026-08-11,0.579870067495,1.11786674327,-1.06422905423,-1.45035304378,69.3130958754,73.5073873551,55.9613148193,52.2293401302,69,74,56,52
1149,張志強,2005,統一7-ELEVEn獅,Swingman,B_Role-v0.1,B_QuadraticTanh-v1,18,9,55.6666666667,238,Regular,False,2026-08-11,-0.670761481129,-0.300007906878,-0.122131318604,1.4279307753,59.5844775232,62.7171818202,64.0999704891,75.9730522617,60,63,64,76
1149,張志強,2006,統一7-ELEVEn獅,Swingman,B_Role-v0.1,B_QuadraticTanh-v1,24,4,52.3333333333,235,Regular,False,2026-08-11,-0.885413683483,1.27683767007,-0.683078360031,1.08991284311,57.6389871318,74.7689223784,59.4751874248,73.2863223854,58,75,59,73
1149,張志強,2007,統一7-ELEVEn獅,Swingman,B_Role-v0.1,B_QuadraticTanh-v1,22,12,78.6666666667,369,Regular,False,2026-08-11,-0.905789078747,0.498899754843,0.47380496905,-0.468365910075,57.4501647206,68.6957406989,68.5053011402,61.3341461418,57,69,69,61
1149,張志強,2008,統一7-ELEVEn獅,Swingman,B_Role-v0.1,B_QuadraticTanh-v1,30,13,111.333333333,487,Regular,False,2026-08-11,0.0177778601188,0.733738354273,1.32305109564,-0.359731795614,65.12814247,70.4975851937,75.1368020601,62.2345379805,65,70,75,62
1149,張志強,2009,統一7-ELEVEn獅,Swingman,B_Role-v0.1,B_QuadraticTanh-v1,32,2,48,226,Regular,False,2026-08-11,-1.68540867699,0.108062952052,-0.98719545078,-0.798733299875,49.9374482026,65.7832290714,56.6895011151,58.4346284611,50,66,57,58
1149,張志強,2011,統一7-ELEVEn獅,RP,B_Role-v0.1,B_QuadraticTanh-v1,37,0,43.6666666667,194,Regular,False,2026-08-11,0.707532383298,0.846351267297,0.131471965862,-0.968721697245,70.2948637601,71.3729423665,65.9542332838,56.8629619299,70,71,66,57
1149,張志強,2012,統一7-ELEVEn獅,RP,B_Role-v0.1,B_QuadraticTanh-v1,21,0,22.6666666667,90,Provisional,False,2026-08-11,0.341777870411,-0.368933007476,-1.29402384961,-0.869329398519,67.5107558838,62.1593879617,53.7518945554,57.7875748301,68,62,54,58
1188,王國進,2004,中信,Swingman,B_Role-v0.1,B_QuadraticTanh-v1,53,9,128.666666667,522,Regular,False,2026-08-11,1.11338613552,1.16337336503,0.381627375557,1.39326577581,73.4719365088,73.8677949453,67.8095955201,75.6964770761,73,74,68,76
1188,王國進,2005,中信,Swingman,B_Role-v0.1,B_QuadraticTanh-v1,14,9,53,223,Regular,False,2026-08-11,1.34380175647,-0.419474705401,0.18730608804,-1.08655016454,75.3021193845,61.7428910587,66.3639735035,55.7489527284,75,62,66,56
1188,王國進,2008,興農,RP,B_Role-v0.1,B_QuadraticTanh-v1,26,0,37,174,Regular,False,2026-08-11,0.682686620096,-2.7550055275,-0.427949086237,-0.857059616185,70.1030263289,40.4457503532,61.6724504523,57.9006400448,70,40,62,58
1189,達威,2004,中信,RP,B_Role-v0.1,B_QuadraticTanh-v1,42,0,67,251,Qualified,False,2026-08-11,0.817409814974,0.524779869921,0.835252702801,1.25809536408,71.1473482294,68.8925896109,71.2863813833,74.619853307,71,69,71,75
1189,達威,2005,中信,RP,B_Role-v0.1,B_QuadraticTanh-v1,53,0,76.3333333333,311,Qualified,False,2026-08-11,1.05143117165,-0.38912670207,0.527054262404,1.76871014405,72.9824396046,61.9937263461,68.9099105951,78.6945353782,73,62,69,79
1189,達威,2006,中信,RP,B_Role-v0.1,B_QuadraticTanh-v1,16,0,23.3333333333,96,Provisional,False,2026-08-11,0.225896366843,0.0410074906197,-0.446206580719,1.98858128682,66.648678703,65.2960063895,61.5201074227,80.4440908097,67,65,62,80
1190,林英傑,2004,誠泰,Swingman,B_Role-v0.1,B_QuadraticTanh-v1,34,24,187,730,Regular,False,2026-08-11,0.478320454266,0.24513899441,2.85056265039,2.33077242673,68.5395362646,66.7910959428,87.0939737091,83.1358708929,69,67,87,83
1190,林英傑,2005,誠泰,SP,B_Role-v0.1,B_QuadraticTanh-v1,31,29,212,858,Qualified,False,2026-08-11,1.34309550608,1.61049897606,2.15789642331,1.06162760217,75.2964915511,77.4312182184,81.7821008675,73.0629078332,75,77,82,73
1190,林英傑,2009,興農,Swingman,B_Role-v0.1,B_QuadraticTanh-v1,27,20,115.666666667,495,Regular,False,2026-08-11,1.74759588419,-0.539879855697,1.73659354243,2.15195964844,78.5260658769,60.7262396601,78.4382577751,81.7353674671,79,61,78,82
1190,林英傑,2010,興農,SP,B_Role-v0.1,B_QuadraticTanh-v1,28,23,147.333333333,605,Qualified,False,2026-08-11,0.703503379411,0.73260043218,-0.618161051128,1.24177210107,70.2637311249,70.4887745693,60.0477198692,74.4900898612,70,70,60,74
1190,林英傑,2011,興農,Swingman,B_Role-v0.1,B_QuadraticTanh-v1,31,20,124.333333333,580,Regular,False,2026-08-11,0.766897096209,0.885544353208,1.53760598457,-0.633896428663,70.7546371732,71.6790992046,76.8488494523,59.9097426641,71,72,77,60
1190,林英傑,2012,興農,SP,B_Role-v0.1,B_QuadraticTanh-v1,23,19,94.3333333333,400,Regular,False,2026-08-11,0.170143550906,-0.232249956357,-2.23022259332,-0.891404064977,66.2377482564,63.2537354379,44.809888236,57.5835413181,66,63,45,58
1190,林英傑,2013,義大,Swingman,B_Role-v0.1,B_QuadraticTanh-v1,26,17,91,378,Regular,False,2026-08-11,1.60084772615,0.680709496178,0.963406312257,-0.054441688641,77.3541100466,70.0877760828,72.289413206,64.6038872988,77,70,72,65
1190,林英傑,2015,中信兄弟,Swingman,B_Role-v0.1,B_QuadraticTanh-v1,20,8,57.3333333333,253,Regular,False,2026-08-11,1.5031115777,-0.136482626922,0.122345224017,-0.396301256257,76.5733090883,63.9915258002,65.8875062737,61.9346284274,77,64,66,62
1191,貝力,2004,Lamigo,SP,B_Role-v0.1,B_QuadraticTanh-v1,33,29,210.666666667,912,Qualified,False,2026-08-11,-1.58504207721,0.55674210624,1.25028970362,-0.962839111985,50.9145103947,69.136317372,74.5577936068,56.9180963505,51,69,75,57
1191,貝力,2005,Lamigo,SP,B_Role-v0.1,B_QuadraticTanh-v1,10,10,56.3333333333,270,Provisional,False,2026-08-11,-0.968938093433,-0.0518203117322,-1.19375946663,-0.875354588509,56.8609328247,64.623148837,54.721616903,57.7319627785,57,65,55,58
1191,貝力,2008,米迪亞,SP,B_Role-v0.1,B_QuadraticTanh-v1,24,21,138,571,Qualified,False,2026-08-11,-0.120036262428,1.0775173002,-0.504649519128,-1.09053299486,64.1157549277,73.1883802496,61.0271793756,55.7110002297,64,73,61,56
1192,阿波羅,2004,統一7-ELEVEn獅,SP,B_Role-v0.1,B_QuadraticTanh-v1,29,25,156.666666667,640,Qualified,False,2026-08-11,-0.195060179369,0.196453166847,-0.342109301864,-0.120337108388,63.543141107,66.4313470266,62.3778810163,64.1134890462,64,66,62,64
1192,阿波羅,2005,統一7-ELEVEn獅,Swingman,B_Role-v0.1,B_QuadraticTanh-v1,12,9,51.6666666667,209,Regular,False,2026-08-11,-0.138142564424,1.56051992913,0.429092790777,0.416815948986,63.9789466284,77.0319103031,68.167077643,68.0744587277,64,77,68,68
1193,克萊柏,2004,誠泰,SP,B_Role-v0.1,B_QuadraticTanh-v1,24,23,147.666666667,607,Qualified,False,2026-08-11,1.03502845868,0.476947947135,0.435323505592,0.490014424686,72.8530725135,68.529128811,68.2141247476,68.6282621077,73,69,68,69
1194,吉龍,2004,中信,Swingman,B_Role-v0.1,B_QuadraticTanh-v1,18,5,53,211,Regular,False,2026-08-11,0.646128854437,-0.285439473903,-0.390752407888,2.31739678042,69.8214175336,62.8335430915,61.9803461639,83.0316594718,70,63,62,83
1194,吉龍,2005,中信,SP,B_Role-v0.1,B_QuadraticTanh-v1,18,17,108.333333333,435,Regular,False,2026-08-11,-1.68082254892,1.19788890846,-0.100669982174,2.17709040692,49.9819928172,74.1415616008,64.2610977093,81.9330914802,50,74,64,82
1195,莊瑋全,2004,兄弟,Swingman,B_Role-v0.1,B_QuadraticTanh-v1,18,10,53.3333333333,244,Regular,False,2026-08-11,-1.05950011448,-0.0193673572195,-0.376124723876,-0.751957149584,56.0062308228,64.8600306419,62.1005047029,58.8585160668,56,65,62,59
1195,莊瑋全,2005,兄弟,Swingman,B_Role-v0.1,B_QuadraticTanh-v1,14,1,20.3333333333,105,Provisional,False,2026-08-11,-0.0304287997026,-0.34050206907,-1.46084475859,-1.46747050497,64.7796192781,62.3909158482,52.1269156217,52.0622261726,65,62,52,52
1195,莊瑋全,2006,兄弟,RP,B_Role-v0.1,B_QuadraticTanh-v1,45,0,73.3333333333,311,Qualified,False,2026-08-11,1.10578092478,1.41277001542,1.92528062321,-1.64820243464,73.411778584,75.8520735626,79.9415061114,50.2991463676,73,76,80,50
1195,莊瑋全,2007,兄弟,Swingman,B_Role-v0.1,B_QuadraticTanh-v1,41,1,67.3333333333,303,Regular,False,2026-08-11,0.561212047361,-1.03569257218,-0.589710752426,-0.313359096948,69.1704563587,56.2319454394,60.2958572627,62.6100679265,69,56,60,63
1195,莊瑋全,2008,兄弟,RP,B_Role-v0.1,B_QuadraticTanh-v1,26,0,38.6666666667,184,Regular,False,2026-08-11,0.117955262004,-0.588720142648,-0.206068228817,-2.09049170686,65.8554358714,60.3044658883,63.4578581215,46.0827838449,66,60,63,46
1196,徐余偉,2004,Lamigo,Swingman,B_Role-v0.1,B_QuadraticTanh-v1,18,2,28.6666666667,142,Provisional,False,2026-08-11,-1.77392277905,-0.939643262738,-1.45857334078,-0.196678824629,49.0803946029,57.1350131681,52.1490912446,63.5306210576,49,57,52,64
1196,徐余偉,2005,Lamigo,Swingman,B_Role-v0.1,B_QuadraticTanh-v1,14,6,45.3333333333,199,Regular,False,2026-08-11,-0.0141107402055,-0.622341787555,-0.199504824944,1.22926345628,64.8981242,60.0111114137,63.5087455968,74.3906943023,65,60,64,74
1196,徐余偉,2007,Lamigo,Swingman,B_Role-v0.1,B_QuadraticTanh-v1,27,14,113.333333333,467,Regular,False,2026-08-11,0.577702225468,-1.18838699328,1.2858857818,0.93318710993,69.2965113392,54.7733593098,74.8409150896,72.0522243341,69,55,75,72
1196,徐余偉,2008,Lamigo,Swingman,B_Role-v0.1,B_QuadraticTanh-v1,28,13,107,459,Regular,False,2026-08-11,1.40530942308,-1.25894825125,1.30800380097,-0.638447670878,75.7925503298,54.0919403096,75.0169721138,59.8697380814,76,54,75,60
1196,徐余偉,2009,Lamigo / 統一7-ELEVEn獅,Swingman,B_Role-v0.1,B_QuadraticTanh-v1,48,2,47.6666666667,231,Regular,False,2026-08-11,0.574177658037,-1.65425244062,-1.24637348547,0.455751922014,69.2695539473,50.2402848009,54.213651207,68.3685699901,69,50,54,68
1196,徐余偉,2010,統一7-ELEVEn獅,Swingman,B_Role-v0.1,B_QuadraticTanh-v1,25,7,70,303,Regular,False,2026-08-11,1.46694066342,-2.03848929002,-0.231418451088,0.518973791313,76.284453536,46.565582979,63.2602458492,68.8483882297,76,47,63,69
1196,徐余偉,2011,統一7-ELEVEn獅,Swingman,B_Role-v0.1,B_QuadraticTanh-v1,30,7,57,252,Regular,False,2026-08-11,0.939699295367,-0.266687746104,-0.903035510446,-1.13289854101,72.1033048355,62.9825158601,57.4757206789,55.3062292113,72,63,57,55
1197,吳偲佑,2004,Lamigo,Swingman,B_Role-v0.1,B_QuadraticTanh-v1,17,11,73,309,Regular,False,2026-08-11,-0.733390060038,0.435940878838,0.615684044454,1.66209476098,59.0256472177,68.2187879416,69.5875130989,77.843397143,59,68,70,78
1197,吳偲佑,2005,Lamigo,Swingman,B_Role-v0.1,B_QuadraticTanh-v1,22,16,104.333333333,423,Regular,False,2026-08-11,-0.125109546658,0.0433575696718,1.41558883078,0.94285739047,64.0775116069,65.3130153986,75.8745648647,72.1280830581,64,65,76,72
1197,吳偲佑,2006,Lamigo,SP,B_Role-v0.1,B_QuadraticTanh-v1,25,23,139,578,Qualified,False,2026-08-11,-0.0201578860695,0.195838786482,-0.449794360736,1.38774824491,64.8542951855,66.4268196012,61.4900773358,75.6524697909,65,66,61,76
1197,吳偲佑,2009,Lamigo,SP,B_Role-v0.1,B_QuadraticTanh-v1,14,13,62,298,Provisional,False,2026-08-11,-0.153882283249,-0.530973004449,-2.09225970969,-0.852437196102,63.8593000425,60.8025873201,46.066450094,57.9431707122,64,61,46,58
1198,萊特,2004,Lamigo,SP,B_Role-v0.1,B_QuadraticTanh-v1,16,13,99.3333333333,402,Regular,False,2026-08-11,-0.174390716948,0.935207129298,0.0757068413464,0.889466155666,63.7024048692,72.068067048,65.5476414059,71.7097744968,64,72,66,72
1198,萊特,2005,Lamigo,SP,B_Role-v0.1,B_QuadraticTanh-v1,19,18,115,502,Regular,False,2026-08-11,-1.18059179368,1.41596845692,0.0162850096678,-1.01980750588,54.8483903631,75.8775939722,65.1173711441,56.3821547992,55,76,65,56
1199,曾孟承,2004,中信,Swingman,B_Role-v0.1,B_QuadraticTanh-v1,14,4,33.3333333333,139,Provisional,False,2026-08-11,-0.456820066522,-0.971637416293,-0.968178198089,-0.25242256018,61.4311833069,56.8356162428,56.8680579241,63.095237372,61,57,57,63
1199,曾孟承,2005,中信,Swingman,B_Role-v0.1,B_QuadraticTanh-v1,36,12,90.3333333333,392,Regular,False,2026-08-11,0.404502123508,-2.99941018714,0.0896115879908,-0.420543465086,67.9816701692,38.6900765416,65.6487720844,61.7340168377,68,39,66,62
1199,曾孟承,2006,中信,SP,B_Role-v0.1,B_QuadraticTanh-v1,27,25,179.666666667,742,Qualified,False,2026-08-11,1.33866389884,-0.814242929086,0.933475763373,-1.24391790408,75.2611797668,58.2932094915,72.054488091,54.2374057439,75,58,72,54
1199,曾孟承,2007,中信,Swingman,B_Role-v0.1,B_QuadraticTanh-v1,18,12,68.3333333333,310,Regular,False,2026-08-11,0.568016649117,-2.3975662389,0.418944940926,-1.7841992546,69.222451129,43.3400895326,68.0905124845,48.9812728755,69,43,68,49
1199,曾孟承,2008,中信,Swingman,B_Role-v0.1,B_QuadraticTanh-v1,10,4,26.6666666667,123,Provisional,False,2026-08-11,1.94067829994,-1.34625214944,-0.961796915048,-1.58607000633,80.0638563612,53.2442696648,56.9278591844,50.904484928,80,53,57,51
1199,曾孟承,2009,Lamigo,Swingman,B_Role-v0.1,B_QuadraticTanh-v1,42,2,73.3333333333,304,Regular,False,2026-08-11,0.841696022731,0.700110791962,-0.364189526712,-1.94121589711,71.336627329,70.2375233748,62.1981560532,47.4799929584,71,70,62,47
1199,曾孟承,2010,Lamigo,RP,B_Role-v0.1,B_QuadraticTanh-v1,70,0,77.6666666667,310,Qualified,False,2026-08-11,0.978679808152,-0.878380449339,1.00511008185,-0.199682959135,72.4094410774,57.704012074,72.6173703582,63.5073659895,72,58,73,64
1199,曾孟承,2011,Lamigo,RP,B_Role-v0.1,B_QuadraticTanh-v1,22,0,23,88,Provisional,False,2026-08-11,1.25494544393,0.712894883211,-1.79888280473,-0.717050906419,74.5948078454,70.3363148595,48.8398014113,59.1721801043,75,70,49,59
1199,曾孟承,2012,Lamigo,Swingman,B_Role-v0.1,B_QuadraticTanh-v1,30,9,73,327,Regular,False,2026-08-11,1.77909871398,-2.74513839948,0.037273185494,-0.585979917507,78.777404026,40.5206325177,65.2689889124,60.3282680246,79,41,65,60
1199,曾孟承,2013,Lamigo,SP,B_Role-v0.1,B_QuadraticTanh-v1,25,22,141.666666667,608,Qualified,False,2026-08-11,0.146827721336,-1.61176036477,0.168134351263,-0.805722852817,66.0666610259,50.6540250635,66.2229872116,58.3709493079,66,51,66,58
1199,曾孟承,2014,Lamigo,SP,B_Role-v0.1,B_QuadraticTanh-v1,13,12,74,310,Provisional,False,2026-08-11,-0.899221512992,-1.90159483872,-1.0210405177,-0.796685617201,57.5110989464,47.8561869291,56.3705069898,58.4532676731,58,48,56,58
1199,曾孟承,2015,Lamigo,Swingman,B_Role-v0.1,B_QuadraticTanh-v1,25,3,50.3333333333,237,Regular,False,2026-08-11,1.25637901169,-0.837210684179,-0.471986050222,-0.50355885162,74.6062060623,58.0830155949,61.3036562863,61.0364509188,75,58,61,61
1200,馬奎茲,2004,Lamigo,Swingman,B_Role-v0.1,B_QuadraticTanh-v1,12,5,37.6666666667,173,Provisional,False,2026-08-11,-0.518369540238,0.417298972626,-0.498836909659,-0.807699624038,60.910316323,68.0781007016,61.0765597317,58.3529240136,61,68,61,58
1202,入来智,2004,Lamigo,SP,B_Role-v0.1,B_QuadraticTanh-v1,11,11,77,331,Provisional,False,2026-08-11,0.644116169129,-1.2913188281,0.783440279648,-0.0120862428836,69.8059368057,53.7781457964,70.8831047935,64.9127747236,70,54,71,65
1204,許竹見,2004,誠泰,Swingman,B_Role-v0.1,B_QuadraticTanh-v1,9,6,32.3333333333,160,Provisional,False,2026-08-11,-0.716028782745,-2.35560918543,-0.328031128315,-0.510139224786,59.1813296079,43.702448629,62.4918364522,60.9804711966,59,44,62,61
1204,許竹見,2005,誠泰,SP,B_Role-v0.1,B_QuadraticTanh-v1,23,22,130.333333333,545,Qualified,False,2026-08-11,0.165904992463,-0.777033165581,-0.41987825676,1.03741060377,66.2066126581,58.6317728083,61.7395405778,72.8718541291,66,59,62,73
1204,許竹見,2006,誠泰,Swingman,B_Role-v0.1,B_QuadraticTanh-v1,8,6,36,149,Provisional,False,2026-08-11,0.514659389198,0.678500271192,0.214732820367,-0.630033805176,68.815557563,70.0707382689,66.5661930328,59.9436605317,69,70,67,60
1204,許竹見,2007,誠泰,Swingman,B_Role-v0.1,B_QuadraticTanh-v1,21,11,71,312,Regular,False,2026-08-11,0.233412075093,0.96828839795,0.267782670118,1.04330570608,66.7042679466,72.3277688771,66.9590645608,72.9183421582,67,72,67,73
1205,羅健銘,2006,中信,Swingman,B_Role-v0.1,B_QuadraticTanh-v1,35,1,51.3333333333,219,Regular,False,2026-08-11,-0.755043979854,0.628144640658,-1.04774912499,1.05989511175,58.830667146,69.6831778894,56.1177265288,73.0492327121,59,70,56,73
1205,羅健銘,2007,中信,RP,B_Role-v0.1,B_QuadraticTanh-v1,32,0,27.6666666667,128,Provisional,False,2026-08-11,-1.06107507774,0.170391856057,-1.09220280253,-0.21347429808,55.9912746057,66.2395727206,55.6950832891,63.4003005956,56,66,56,63
1206,金勇,2004,興農,Swingman,B_Role-v0.1,B_QuadraticTanh-v1,9,3,24.3333333333,117,Provisional,False,2026-08-11,-1.26838146761,-0.641737763621,-0.919005900483,-0.0446936569321,54.0005656786,59.8407919595,57.3273355936,64.6754184434,54,60,57,65
1212,劉俊男,2005,兄弟,Swingman,B_Role-v0.1,B_QuadraticTanh-v1,12,7,48,207,Regular,False,2026-08-11,-0.436755496732,1.02421974021,0.222163107018,-1.10002850261,61.5990677304,72.7678799064,66.6210829803,55.6204458605,62,73,67,56
1212,劉俊男,2006,兄弟,Swingman,B_Role-v0.1,B_QuadraticTanh-v1,29,21,135.666666667,626,Regular,False,2026-08-11,-1.03644477643,-0.957881712453,1.76287465665,-1.25661684795,56.2248246547,56.9645211508,78.6479799416,54.1145141776,56,57,79,54
1212,劉俊男,2007,兄弟,Swingman,B_Role-v0.1,B_QuadraticTanh-v1,26,11,82,400,Regular,False,2026-08-11,-1.68130804697,-0.120483970775,0.329715459859,-1.37681561173,49.977276668,64.1123828334,67.4205333154,52.9466365721,50,64,67,53
1213,金猛,2004,統一7-ELEVEn獅,Swingman,B_Role-v0.1,B_QuadraticTanh-v1,4,4,21,83,Provisional,False,2026-08-11,0.0293895598785,-0.411238509083,0.409166321546,0.0956225681597,65.2119919487,61.8111862664,68.0168034283,65.6925424615,65,62,68,66
1235,吳保賢,2005,兄弟,RP,B_Role-v0.1,B_QuadraticTanh-v1,36,0,57,217,Qualified,False,2026-08-11,-0.401278807308,-0.752967459143,0.057213671554,1.06199927417,61.8935538756,58.8494031663,65.4133998369,73.0658417038,62,59,65,73
1235,吳保賢,2006,兄弟,Swingman,B_Role-v0.1,B_QuadraticTanh-v1,20,6,50,235,Regular,False,2026-08-11,-2.13481039514,-1.40409732276,-0.560656429303,1.31464727649,45.6750269407,52.6806847375,60.5474594222,75.0698724709,46,53,61,75
1235,吳保賢,2007,兄弟,Swingman,B_Role-v0.1,B_QuadraticTanh-v1,18,3,37.3333333333,170,Provisional,False,2026-08-11,-1.82042146248,1.3494798472,-0.845137623168,0.110942596647,48.6326389609,75.347368949,58.010260974,65.8042397694,49,75,58,66
1235,吳保賢,2008,兄弟,RP,B_Role-v0.1,B_QuadraticTanh-v1,31,0,32.6666666667,150,Regular,False,2026-08-11,-2.52372223145,0.515309296596,-1.25512882836,-0.169868818952,42.2776354824,68.8205022657,54.1289200188,63.7370954432,42,69,54,64
1235,吳保賢,2009,兄弟,RP,B_Role-v0.1,B_QuadraticTanh-v1,24,0,30,139,Regular,False,2026-08-11,-1.19170735153,0.126378459966,-0.41986861671,-0.503603126408,54.7413838005,65.9169851389,61.7396206188,61.0360746009,55,66,62,61
1263,沈鈺傑,2005,中信,Swingman,B_Role-v0.1,B_QuadraticTanh-v1,55,7,120.333333333,501,Regular,False,2026-08-11,-0.29546645872,0.812903808633,0.365017090022,1.32028372747,62.7535135381,71.1122625288,67.6848871924,75.1147607574,63,71,68,75
1263,沈鈺傑,2006,中信,RP,B_Role-v0.1,B_QuadraticTanh-v1,44,0,62.3333333333,262,Qualified,False,2026-08-11,0.776156383947,0.853088483031,0.923209538433,0.208423246416,70.8265230781,71.4255174518,71.9739980694,66.5196174519,71,71,72,67
1263,沈鈺傑,2007,中信,Swingman,B_Role-v0.1,B_QuadraticTanh-v1,35,18,130,571,Regular,False,2026-08-11,0.969499415753,1.42669459417,1.31554530878,0.565828062689,72.3372846723,75.9631868739,75.0770239317,69.2057246077,72,76,75,69
1263,沈鈺傑,2008,中信,Swingman,B_Role-v0.1,B_QuadraticTanh-v1,49,8,88.6666666667,402,Regular,False,2026-08-11,0.0406984285175,0.712127534801,-0.297772324855,0.753598641728,65.2937698749,70.3303823998,62.7350731158,70.6514732718,65,70,63,71
1263,沈鈺傑,2009,興農,Swingman,B_Role-v0.1,B_QuadraticTanh-v1,65,1,100,417,Regular,False,2026-08-11,1.73118912474,0.305562535048,0.059139292849,1.97968929497,78.3951210249,67.2402126659,65.4273639147,80.3735582828,78,67,65,80
1263,沈鈺傑,2010,興農,Swingman,B_Role-v0.1,B_QuadraticTanh-v1,65,1,91,390,Regular,False,2026-08-11,0.892822228103,0.180643591512,-0.610734333301,2.64507687112,71.7360304829,66.3149438536,60.1126605257,85.5530314299,72,66,60,86
1263,沈鈺傑,2011,興農,Swingman,B_Role-v0.1,B_QuadraticTanh-v1,60,2,81.6666666667,362,Regular,False,2026-08-11,1.36105433011,-0.823158969234,-0.743649714079,1.03401557748,75.4396243019,58.2117208276,58.9333757374,72.8450872697,75,58,59,73
1263,沈鈺傑,2012,興農,Swingman,B_Role-v0.1,B_QuadraticTanh-v1,54,2,65.3333333333,324,Regular,False,2026-08-11,0.716510736178,-1.05582320326,-0.685066512465,0.0308792414975,70.364273934,56.0411360462,59.4575176298,65.2227578067,70,56,59,65
1263,沈鈺傑,2013,義大,RP,B_Role-v0.1,B_QuadraticTanh-v1,56,0,45,205,Regular,False,2026-08-11,1.54042508381,-0.37869228848,-0.562527505719,-0.575369085231,76.8713705808,62.0794515307,60.5313120877,60.420282186,77,62,61,60
1263,沈鈺傑,2015,義大,RP,B_Role-v0.1,B_QuadraticTanh-v1,37,0,30,131,Regular,False,2026-08-11,1.31337501226,-0.760566843642,-1.12250026498,-0.863163303836,75.0597410859,58.78079636,55.4057527927,57.8444259807,75,59,55,58
1264,朱尉銘,2005,中信,RP,B_Role-v0.1,B_QuadraticTanh-v1,36,0,57.6666666667,223,Qualified,False,2026-08-11,0.800390244769,0.892957501548,0.100577455956,-0.342676918642,71.0148810871,71.7370888943,65.7286461139,62.3732760389,71,72,66,62
1264,朱尉銘,2006,中信,Swingman,B_Role-v0.1,B_QuadraticTanh-v1,45,5,92.6666666667,408,Regular,False,2026-08-11,0.232707064257,0.405363873819,-0.151392751574,0.0140310306846,66.69905146,67.9881601463,63.878268823,65.1011118422,67,68,64,65
1264,朱尉銘,2007,中信,Swingman,B_Role-v0.1,B_QuadraticTanh-v1,29,6,64,277,Regular,False,2026-08-11,1.09468224461,-0.321921448019,-0.379799424802,-0.763963192734,73.3240213291,62.541136067,62.0703683825,58.7500996144,73,63,62,59
1264,朱尉銘,2008,中信,Swingman,B_Role-v0.1,B_QuadraticTanh-v1,34,10,96.3333333333,401,Regular,False,2026-08-11,0.278339570262,-0.0890233895656,0.487258681631,-0.00954647900833,67.037513631,64.3480117971,68.6073449337,64.9311378506,67,64,69,65
1264,朱尉銘,2009,統一7-ELEVEn獅,Swingman,B_Role-v0.1,B_QuadraticTanh-v1,19,14,87.3333333333,397,Regular,False,2026-08-11,1.27193615862,-1.64006941028,1.33264585849,0.622372302684,74.7299301153,50.3783000101,75.2132325184,69.6388495079,75,50,75,70
1265,林岳平,2005,統一7-ELEVEn獅,Swingman,B_Role-v0.1,B_QuadraticTanh-v1,36,19,135,580,Regular,False,2026-08-11,-0.407104891807,-0.529885154109,1.36352444903,1.3352197528,61.8454008168,60.8118999342,75.4593153807,75.2337386017,62,61,75,75
1265,林岳平,2006,統一7-ELEVEn獅,Swingman,B_Role-v0.1,B_QuadraticTanh-v1,46,8,100.666666667,440,Regular,False,2026-08-11,-0.932137026309,-0.649091547941,0.0291808849751,1.35244797641,57.2050388094,59.7760126137,65.2104840226,75.3710245717,57,60,65,75
1265,林岳平,2008,統一7-ELEVEn獅,Swingman,B_Role-v0.1,B_QuadraticTanh-v1,43,13,102.333333333,459,Regular,False,2026-08-11,-0.820934565405,0.231658932483,0.320983269764,0.620718311009,58.2320638349,66.6912969086,67.3552888852,69.626151549,58,67,67,70
1265,林岳平,2009,統一7-ELEVEn獅,RP,B_Role-v0.1,B_QuadraticTanh-v1,63,0,66.6666666667,273,Qualified,False,2026-08-11,0.32563555596,-0.263673275483,0.851706048282,-0.549086344955,67.390042175,63.0063796944,71.4147275631,60.6471370919,67,63,71,61
1265,林岳平,2010,統一7-ELEVEn獅,Swingman,B_Role-v0.1,B_QuadraticTanh-v1,39,4,56.3333333333,240,Regular,False,2026-08-11,-0.788245119006,0.464488002181,-1.00254722906,0.0265961335789,58.5300188689,68.434707345,56.5449977571,65.1918093096,59,68,57,65
1265,林岳平,2011,統一7-ELEVEn獅,RP,B_Role-v0.1,B_QuadraticTanh-v1,50,0,58.6666666667,245,Qualified,False,2026-08-11,-0.856604484165,-0.883694447954,0.840842910366,1.9082401351,57.904829271,57.6548894602,71.329973454,79.806033914,58,58,71,80
1265,林岳平,2012,統一7-ELEVEn獅,RP,B_Role-v0.1,B_QuadraticTanh-v1,34,0,34,153,Regular,False,2026-08-11,-1.96016247436,0.815233635928,-0.892119974399,0.395041807714,47.3008225498,71.1304022736,57.5769111798,67.91045867,47,71,58,68
1265,林岳平,2013,統一7-ELEVEn獅,RP,B_Role-v0.1,B_QuadraticTanh-v1,44,0,40.6666666667,189,Regular,False,2026-08-11,-2.08224311965,0.956543877475,-0.632566369487,0.192094179192,46.1590604525,72.2355160468,59.9214254899,66.3992319623,46,72,60,66
1265,林岳平,2014,統一7-ELEVEn獅,RP,B_Role-v0.1,B_QuadraticTanh-v1,43,0,38,166,Regular,False,2026-08-11,-1.76723605414,-0.397050693455,-0.523654363186,-0.333231760008,49.1449387224,61.9284479567,60.86518763,62.4497980013,49,62,61,62
1265,林岳平,2017,統一7-ELEVEn獅,RP,B_Role-v0.1,B_QuadraticTanh-v1,38,0,33.6666666667,160,Regular,False,2026-08-11,-0.015875832084,0.637167146527,-0.682862978797,0.124756333117,64.8853415603,69.7525067387,59.477101161,65.9051273703,65,70,59,66
1266,林恩宇,2005,誠泰,Swingman,B_Role-v0.1,B_QuadraticTanh-v1,31,21,167.666666667,643,Regular,False,2026-08-11,1.96689154819,0.417197514845,2.67264395491,2.74510915822,80.2720050638,68.0773357011,85.7617532114,86.3075514209,80,68,86,86
1266,林恩宇,2006,誠泰,SP,B_Role-v0.1,B_QuadraticTanh-v1,31,28,202.666666667,791,Qualified,False,2026-08-11,0.723819469656,0.582511442191,1.06194920454,1.84219490869,70.420810248,69.3333071204,73.0654464658,79.2803629953,70,69,73,79
1266,林恩宇,2013,兄弟,SP,B_Role-v0.1,B_QuadraticTanh-v1,16,16,85.6666666667,376,Regular,False,2026-08-11,-1.74035499877,-0.856804676523,-0.960443255826,0.529941450486,49.4047668902,57.9029866589,56.9405373385,68.9319033908,49,58,57,69
1267,許志華,2005,Lamigo,Swingman,B_Role-v0.1,B_QuadraticTanh-v1,27,4,61.6666666667,282,Regular,False,2026-08-11,-0.464062819262,-0.449241251787,-0.441070819417,-1.08269481739,61.3703480996,61.4947089016,61.5630411497,55.7856733552,61,61,62,56
1267,許志華,2006,Lamigo,Swingman,B_Role-v0.1,B_QuadraticTanh-v1,35,7,94,386,Regular,False,2026-08-11,-0.290668627669,-0.604243858078,0.175295480054,1.55609320151,62.7918391247,60.1693185771,66.2756134457,76.9965438821,63,60,66,77
1267,許志華,2007,Lamigo,Swingman,B_Role-v0.1,B_QuadraticTanh-v1,28,4,46.3333333333,231,Regular,False,2026-08-11,0.490141282757,-0.81526282847,-0.902162076138,-0.573056537265,68.6292251359,58.2838950787,57.48382458,60.4403034207,69,58,57,60
1267,許志華,2008,Lamigo,Swingman,B_Role-v0.1,B_QuadraticTanh-v1,29,3,52.6666666667,232,Regular,False,2026-08-11,0.295635898784,0.155756421287,-0.988896691496,0.235155466011,67.1662331214,66.1321243148,56.6735034254,66.7171692923,67,66,57,67
1267,許志華,2009,Lamigo,Swingman,B_Role-v0.1,B_QuadraticTanh-v1,20,3,46,206,Regular,False,2026-08-11,0.662807285977,-0.0663098797909,-0.628088539803,0.956363155783,69.9497948355,64.5164438357,59.9607301812,72.2340969385,70,65,60,72
1268,米力威,2005,誠泰,Swingman,B_Role-v0.1,B_QuadraticTanh-v1,26,1,32,148,Provisional,False,2026-08-11,-0.248630675679,0.627620391022,-1.40229638983,0.685996439354,63.1251114974,69.6791510938,52.698247701,70.1285612317,63,70,53,70
1269,武藤潤一郎,2005,兄弟,SP,B_Role-v0.1,B_QuadraticTanh-v1,24,22,136,555,Qualified,False,2026-08-11,0.328156233011,-0.726315569361,-0.364492751875,-0.513236498575,67.4088789398,59.0891556955,62.1956794828,60.9540882486,67,59,62,61
1270,顏淳浩,2007,統一7-ELEVEn獅,RP,B_Role-v0.1,B_QuadraticTanh-v1,39,0,34.6666666667,155,Regular,False,2026-08-11,-0.175019366393,0.462665633568,-0.517434574683,-0.634158306799,63.697577743,68.4209065094,60.9182936844,59.9074419732,64,68,61,60
1270,顏淳浩,2008,統一7-ELEVEn獅,RP,B_Role-v0.1,B_QuadraticTanh-v1,31,0,24.3333333333,123,Provisional,False,2026-08-11,-0.380148211992,0.29068723258,-2.18559694012,-0.297574444386,62.0675062451,67.1293811866,45.2122721331,62.7366561334,62,67,45,63
1271,林登,2005,統一7-ELEVEn獅,SP,B_Role-v0.1,B_QuadraticTanh-v1,20,20,123.666666667,527,Qualified,False,2026-08-11,1.24950650782,0.309299849585,0.299443295795,-0.416260838984,74.5515675126,67.2680852853,67.1945991917,61.7695601575,75,67,67,62
1272,杜章偉,2005,中信,Swingman,B_Role-v0.1,B_QuadraticTanh-v1,18,10,69,292,Regular,False,2026-08-11,-0.749766389687,1.01828089611,0.444240717966,-0.820964481171,58.8782699545,72.7210898334,68.2815053054,58.2317903009,59,73,68,58
1272,杜章偉,2006,中信,Swingman,B_Role-v0.1,B_QuadraticTanh-v1,24,17,100,440,Regular,False,2026-08-11,0.900002683345,-1.88441849208,0.989335153815,-1.19306605206,71.7922237408,48.0198732087,72.4932337466,54.7282965883,72,48,72,55
1272,杜章偉,2007,中信,Swingman,B_Role-v0.1,B_QuadraticTanh-v1,48,6,96,404,Regular,False,2026-08-11,1.17521545772,0.338819503934,0.00966474057867,0.832270526932,73.9616848761,67.488618111,65.0696281098,71.2631329248,74,67,65,71
1272,杜章偉,2008,中信,Swingman,B_Role-v0.1,B_QuadraticTanh-v1,32,16,105,456,Regular,False,2026-08-11,1.91546706724,-0.157807256222,0.93330162233,-0.805658788421,79.8634966816,63.8293601947,72.0531223902,58.3715333672,80,64,72,58
1273,克林頓,2005,興農,Swingman,B_Role-v0.1,B_QuadraticTanh-v1,16,5,42.6666666667,196,Regular,False,2026-08-11,-1.72110601551,1.49077253249,-0.52546442167,-0.0693284860593,49.5911522387,76.4747608535,60.849716467,64.4941411136,50,76,61,64
1274,李國慶,2005,興農,Swingman,B_Role-v0.1,B_QuadraticTanh-v1,15,1,26,128,Provisional,False,2026-08-11,-0.62826491008,-2.52190569677,-1.2371514582,-1.54339163449,59.9591828636,42.2926327728,54.3028396839,51.320928664,60,42,54,51
1274,李國慶,2007,興農,Swingman,B_Role-v0.1,B_QuadraticTanh-v1,36,2,63.3333333333,295,Regular,False,2026-08-11,-0.602071968215,-0.14541564175,-0.596365961762,-1.55118432112,60.1882578438,63.9237428069,60.2379671294,51.2448640087,60,64,60,51
1275,韋德,2005,Lamigo,Swingman,B_Role-v0.1,B_QuadraticTanh-v1,13,8,51.6666666667,231,Regular,False,2026-08-11,-0.0856926339682,-0.355091458637,0.262676855311,-0.969699448186,64.3727996668,62.272357894,66.9211545014,56.8537932228,64,62,67,57
1276,武德曼,2005,兄弟,SP,B_Role-v0.1,B_QuadraticTanh-v1,13,13,74.3333333333,333,Provisional,False,2026-08-11,-1.28978932591,-0.192056614808,-0.889353247724,-0.0734716530337,53.7929871491,63.5663549437,57.602529721,64.463488809,54,64,58,64
1277,神龍,2005,中信,Swingman,B_Role-v0.1,B_QuadraticTanh-v1,13,9,63,262,Regular,False,2026-08-11,-0.473340594865,0.849251490156,0.865773555338,0.0625906322697,61.2922400519,71.3955720606,71.5245675586,65.4524002244,61,71,72,65
1278,派瑞克,2005,兄弟,SP,B_Role-v0.1,B_QuadraticTanh-v1,11,10,57.3333333333,242,Provisional,False,2026-08-11,1.1723098418,-0.22938316615,-1.82353308972,-0.483280555452,73.9386439868,63.2761738169,48.6027472878,61.2083343297,74,63,49,61
1279,田家安,2005,誠泰,Swingman,B_Role-v0.1,B_QuadraticTanh-v1,11,2,20.3333333333,109,Provisional,False,2026-08-11,-2.2451191475,-0.301696700591,-1.26181492508,-0.827006285263,44.6764911317,62.7036580102,54.0641786204,58.1765154736,45,63,54,58
1280,克提茲,2005,興農,Swingman,B_Role-v0.1,B_QuadraticTanh-v1,11,7,54.6666666667,225,Regular,False,2026-08-11,1.71493123676,-0.40323302297,0.806492018494,-0.887660440089,78.2653365538,61.8774113037,71.0623554625,57.6181982907,78,62,71,58
1280,克提茲,2006,興農,Swingman,B_Role-v0.1,B_QuadraticTanh-v1,21,12,94.3333333333,388,Regular,False,2026-08-11,0.461824466589,2.03535719601,1.06581960407,-0.532216952377,68.4145371182,80.8147296372,73.0960011383,60.7919351592,68,81,73,61
1282,莊宏亮,2005,兄弟,RP,B_Role-v0.1,B_QuadraticTanh-v1,10,0,25.3333333333,105,Provisional,False,2026-08-11,0.131155241454,-0.187097951595,1.05077187495,0.841034926386,65.9519164766,63.6046268416,72.9772378632,71.3314710573,66,64,73,71
1282,莊宏亮,2006,兄弟,Swingman,B_Role-v0.1,B_QuadraticTanh-v1,9,5,33,166,Provisional,False,2026-08-11,-0.891429786839,-2.17426759507,-0.237814129279,0.0677501201227,57.5833031184,45.315068579,63.2101232521,65.489847051,58,45,63,65
1283,林士欽,2005,Lamigo,RP,B_Role-v0.1,B_QuadraticTanh-v1,10,0,20.6666666667,96,Provisional,False,2026-08-11,-0.638584174098,-0.943665203967,-0.0419954919812,-0.907879948988,59.8685375776,57.0974581222,64.6951710957,57.4307514039,60,57,65,57
1289,班尼歐,2008,興農,Swingman,B_Role-v0.1,B_QuadraticTanh-v1,27,12,97.6666666667,420,Regular,False,2026-08-11,-0.669893196505,0.410129920053,1.00075263888,2.2529942849,59.5921704498,68.0240637431,72.5830707061,82.5285856386,60,68,73,83
1292,恩洛德,2005,Lamigo,Swingman,B_Role-v0.1,B_QuadraticTanh-v1,6,3,24.6666666667,114,Provisional,False,2026-08-11,0.379039189742,0.360500280511,-0.0618097021819,-0.586834799751,67.7901502169,67.651011001,64.5496463862,60.3208440916,68,68,65,60
1298,凱特,2005,興農,Swingman,B_Role-v0.1,B_QuadraticTanh-v1,5,4,20.3333333333,91,Provisional,False,2026-08-11,0.45134116477,-1.12219732711,-0.147247857477,-0.776487020127,68.3351982905,55.4086505886,63.9098134972,58.6367235115,68,55,64,59
1303,許志昌,2007,Lamigo,RP,B_Role-v0.1,B_QuadraticTanh-v1,17,0,27,123,Provisional,False,2026-08-11,-1.16556004163,-1.1543896868,-0.106908438204,-1.13681268511,54.9929217078,55.1001900588,64.2143900411,55.2687377701,55,55,64,55
1304,廖于誠,2006,兄弟,Swingman,B_Role-v0.1,B_QuadraticTanh-v1,12,7,37.3333333333,169,Provisional,False,2026-08-11,-3.50117853693,0.832642257088,-0.446685913947,-0.557607036937,35.7102102914,71.2660306183,61.5160971192,60.5737590443,36,71,62,61
1304,廖于誠,2007,兄弟,SP,B_Role-v0.1,B_QuadraticTanh-v1,22,19,119.333333333,522,Regular,False,2026-08-11,-0.700679990729,1.57311793647,-0.202185920874,-1.04496288011,59.3184789399,77.1325612679,63.4879722559,56.1441382809,59,77,63,56
1304,廖于誠,2008,兄弟,SP,B_Role-v0.1,B_QuadraticTanh-v1,21,21,132.666666667,573,Qualified,False,2026-08-11,-2.07935303788,1.09060622246,0.534463627479,0.683609946856,46.1858134867,73.2918026084,68.9663616641,70.1101490532,46,73,69,70
1304,廖于誠,2009,兄弟,SP,B_Role-v0.1,B_QuadraticTanh-v1,22,22,130.666666667,579,Qualified,False,2026-08-11,-2.91151484774,0.937907294303,0.903571388431,-1.503796249,39.2991565473,72.0892468309,71.8201607529,51.7075217302,39,72,72,52
1346,剛雷,2006,興農,Swingman,B_Role-v0.1,B_QuadraticTanh-v1,40,27,210.333333333,860,Regular,False,2026-08-11,1.37777992294,-0.933087535969,3.14170036735,0.6578893502,75.5729743652,57.1961761544,89.2112227401,69.911923141,76,57,89,70
1346,剛雷,2007,興農,Swingman,B_Role-v0.1,B_QuadraticTanh-v1,45,22,177,748,Regular,False,2026-08-11,1.2655411197,2.2491634723,2.12876142076,0.074350304209,74.6790645759,82.4985960585,81.5526161978,65.5377841714,75,82,82,66
1347,黃俊中,2006,Lamigo,Swingman,B_Role-v0.1,B_QuadraticTanh-v1,35,3,56.3333333333,240,Regular,False,2026-08-11,0.16443471676,0.774728611616,-0.90442358534,0.662978375896,66.1958158112,70.8154353626,57.4628393871,69.9511126124,66,71,57,70
1347,黃俊中,2007,Lamigo,Swingman,B_Role-v0.1,B_QuadraticTanh-v1,41,7,83.6666666667,354,Regular,False,2026-08-11,0.316498706714,0.377856383213,-0.15847124632,1.85565585074,67.3218042351,67.7812653219,63.8242911596,79.3875747547,67,68,64,79
1347,黃俊中,2008,Lamigo,Swingman,B_Role-v0.1,B_QuadraticTanh-v1,23,6,46,226,Regular,False,2026-08-11,-1.41873524182,0.113300618597,-1.00321857562,-0.873414525292,52.5379026369,65.8214498568,56.5386712583,57.7498758652,53,66,57,58
1348,張賢智,2006,誠泰,Swingman,B_Role-v0.1,B_QuadraticTanh-v1,34,24,165.666666667,704,Regular,False,2026-08-11,0.872198745889,-1.15985404831,2.29788455007,-0.171661570806,71.5747675206,55.047730777,82.8794664085,63.7233485565,72,55,83,64
1348,張賢智,2007,誠泰,Swingman,B_Role-v0.1,B_QuadraticTanh-v1,32,21,130.333333333,566,Regular,False,2026-08-11,0.381242846013,0.68287128613,1.48600832313,0.948146142116,67.8067061971,70.1044508392,76.4367132623,72.1695879404,68,70,76,72
1348,張賢智,2008,米迪亞,Swingman,B_Role-v0.1,B_QuadraticTanh-v1,28,15,111,502,Regular,False,2026-08-11,-0.0287992281805,-0.623237543909,1.47412993887,0.521028368381,64.7914868702,60.0032629679,76.3418582089,68.8640270373,65,60,76,69
1349,鄭博壬,2006,統一7-ELEVEn獅,Swingman,B_Role-v0.1,B_QuadraticTanh-v1,33,2,45.6666666667,202,Regular,False,2026-08-11,-0.704681177183,1.06609417207,-1.17141417282,-0.70388039107,59.2827706981,73.0981689043,54.9366582817,59.2899197607,59,73,55,59
1350,威格斯,2006,誠泰,Swingman,B_Role-v0.1,B_QuadraticTanh-v1,29,2,47,233,Regular,False,2026-08-11,0.220020600686,0.726878450067,-1.03574553912,0.902591997147,66.6052509849,70.4444817456,56.231444048,71.8124931714,67,70,56,72
1351,蔡英峰,2006,Lamigo,Swingman,B_Role-v0.1,B_QuadraticTanh-v1,26,17,109.666666667,448,Regular,False,2026-08-11,0.959119652668,-0.186736655217,1.15616039936,-1.11654530418,72.2557437014,63.6074128403,73.8106270396,55.4626982402,72,64,74,55
1351,蔡英峰,2007,Lamigo,Swingman,B_Role-v0.1,B_QuadraticTanh-v1,35,11,81.6666666667,367,Regular,False,2026-08-11,0.523365464345,1.37354454289,-0.0537822395592,-1.17385242632,68.8818197327,75.539202432,64.6087346342,54.9132152269,69,76,65,55
1351,蔡英峰,2008,Lamigo,Swingman,B_Role-v0.1,B_QuadraticTanh-v1,21,2,38,181,Provisional,False,2026-08-11,0.223037187538,0.84351321947,-1.27621719105,-0.0983967869525,66.6275430456,71.3508018058,53.9246208733,64.2780908355,67,71,54,64
1351,蔡英峰,2009,Lamigo,Swingman,B_Role-v0.1,B_QuadraticTanh-v1,30,7,72,331,Regular,False,2026-08-11,0.927503915,1.27117684303,-0.0646765384191,0.0594688311343,72.0076614947,74.7238901161,64.5285011723,65.4297539622,72,75,65,65
1352,雷鵬,2006,Lamigo,SP,B_Role-v0.1,B_QuadraticTanh-v1,24,24,162.666666667,692,Qualified,False,2026-08-11,-1.56642826485,1.07589609196,0.871592654125,-0.122485112598,51.0960972684,73.1755743667,71.5700312894,64.0973037808,51,73,72,64
1353,陳家鴻,2006,誠泰,Swingman,B_Role-v0.1,B_QuadraticTanh-v1,24,9,72.6666666667,305,Regular,False,2026-08-11,1.68286765549,-0.281817759836,0.0303288032181,-1.59064606049,78.0093085306,62.8623861934,65.2187795857,50.8598578101,78,63,65,51
1353,陳家鴻,2007,誠泰,Swingman,B_Role-v0.1,B_QuadraticTanh-v1,27,2,59.3333333333,255,Regular,False,2026-08-11,1.25334441252,-1.06566394569,-0.454832518711,-0.15369797415,74.5820786968,55.9476808016,61.4478560417,63.8607049418,75,56,61,64
1353,陳家鴻,2008,米迪亞,Swingman,B_Role-v0.1,B_QuadraticTanh-v1,25,8,50.3333333333,233,Regular,False,2026-08-11,0.968642532245,-2.31836485463,-0.911240278559,0.00555243801155,72.3305514892,44.0276572775,57.3995372112,65.0399914165,72,44,57,65
1354,葉詠捷,2006,兄弟,Swingman,B_Role-v0.1,B_QuadraticTanh-v1,24,8,69.6666666667,334,Regular,False,2026-08-11,-0.761868152493,-3.34532512089,-0.0749279913596,-0.974534755576,58.7690374482,36.5448293991,64.4527031912,56.8084310842,59,37,64,57
1354,葉詠捷,2007,兄弟,Swingman,B_Role-v0.1,B_QuadraticTanh-v1,29,14,79,372,Regular,False,2026-08-11,-1.77932395599,0.0800177492018,0.0860617133699,1.5767476087,49.0282864146,65.5789771216,65.6229375188,77.1615606492,49,66,66,77
1354,葉詠捷,2008,兄弟,Swingman,B_Role-v0.1,B_QuadraticTanh-v1,47,2,64.6666666667,273,Regular,False,2026-08-11,-0.092370958179,-0.041742179302,-1.031039471,1.38399445864,64.3230681754,64.6970245037,56.2759784583,75.6225323996,64,65,56,76
1354,葉詠捷,2009,兄弟,RP,B_Role-v0.1,B_QuadraticTanh-v1,34,0,46.3333333333,214,Regular,False,2026-08-11,-1.31031029087,-1.20554865259,0.534399004621,-0.385900713291,53.5937525999,54.6079891574,68.9658691525,62.0202583351,54,55,69,62
1354,葉詠捷,2010,兄弟,Swingman,B_Role-v0.1,B_QuadraticTanh-v1,34,3,49.3333333333,201,Regular,False,2026-08-11,-0.730507100921,0.216427432315,-1.0827584121,-0.30539045399,59.0515394205,66.5787077313,55.7850677782,62.6740532367,59,67,56,63
1354,葉詠捷,2011,兄弟,Swingman,B_Role-v0.1,B_QuadraticTanh-v1,24,11,53.3333333333,239,Regular,False,2026-08-11,-1.63147723205,-2.20628126402,-0.791158085804,-0.226289305408,50.4619530939,45.0252566056,58.5035451021,63.300365314,50,45,59,63
1355,威霸,2006,興農,Swingman,B_Role-v0.1,B_QuadraticTanh-v1,22,14,98,402,Regular,False,2026-08-11,0.816455232982,-0.920920499481,1.10116628468,1.11496352154,71.1399145812,57.3095202398,73.3752856398,73.4844161432,71,57,73,73
1356,愛力克,2006,統一7-ELEVEn獅,SP,B_Role-v0.1,B_QuadraticTanh-v1,19,19,128.666666667,530,Qualified,False,2026-08-11,0.396093988206,-0.524515013493,0.523150886952,0.0785680663152,67.9183756101,60.857832293,68.8801859672,65.5684376636,68,61,69,66
1357,盧銘銓,2006,興農,RP,B_Role-v0.1,B_QuadraticTanh-v1,18,0,24,115,Provisional,False,2026-08-11,-1.63885975031,-0.890654628019,-0.890746243316,-0.832638410389,50.3900753371,57.5904810881,57.5896327803,58.12493203,50,58,58,58
1357,盧銘銓,2007,興農,RP,B_Role-v0.1,B_QuadraticTanh-v1,12,0,20.3333333333,96,Provisional,False,2026-08-11,-0.8836603205,-1.54341375015,-0.164311031531,-0.716717663088,57.6552050793,51.3207127797,63.7796580967,59.1751633426,58,51,64,59
1358,捷猛士,2006,誠泰,Swingman,B_Role-v0.1,B_QuadraticTanh-v1,18,4,33.3333333333,144,Provisional,False,2026-08-11,0.552356097051,-0.600150837565,-1.12271769623,-0.0639254110519,69.1028320774,60.2050020383,55.4036728639,64.5340435302,69,60,55,65
1359,林正豐,2006,統一7-ELEVEn獅,RP,B_Role-v0.1,B_QuadraticTanh-v1,18,0,25.3333333333,118,Provisional,False,2026-08-11,-1.33838776154,0.17623344196,-0.561511711261,-1.46829896116,53.3207921362,66.2825095699,60.5400793211,52.0541373886,53,66,61,52
1359,林正豐,2007,統一7-ELEVEn獅,Swingman,B_Role-v0.1,B_QuadraticTanh-v1,29,3,50.6666666667,246,Regular,False,2026-08-11,-0.513963729672,0.397671087844,-0.793898214288,-0.784238753726,60.94789044,67.9302437268,58.4786282241,58.5664047333,61,68,58,59
1359,林正豐,2008,統一7-ELEVEn獅,Swingman,B_Role-v0.1,B_QuadraticTanh-v1,20,8,62,262,Regular,False,2026-08-11,0.183369620791,-0.594663536072,-0.00985620889012,0.103062155618,66.335000401,60.2527847008,64.928899391,65.7467587747,66,60,65,66
1359,林正豐,2009,統一7-ELEVEn獅,Swingman,B_Role-v0.1,B_QuadraticTanh-v1,50,3,75.6666666667,347,Regular,False,2026-08-11,0.733405569895,-1.33702465642,-0.434044440013,-0.0456621802103,70.4950084593,53.3340526535,61.6216783627,64.668323183,70,53,62,65
1359,林正豐,2010,統一7-ELEVEn獅,RP,B_Role-v0.1,B_QuadraticTanh-v1,47,0,59.6666666667,254,Qualified,False,2026-08-11,0.188386027207,0.538280843548,0.54864816367,-0.169816927347,66.3719242875,68.9954588122,69.0745334187,63.7374932219,66,69,69,64
1359,林正豐,2011,統一7-ELEVEn獅,RP,B_Role-v0.1,B_QuadraticTanh-v1,37,0,37.6666666667,180,Regular,False,2026-08-11,-0.942147101526,0.199484785251,-1.13267462821,-0.424367569028,57.1116362717,66.4536918436,55.3083734813,61.7022417104,57,66,55,62
1359,林正豐,2013,義大,RP,B_Role-v0.1,B_QuadraticTanh-v1,50,0,48.6666666667,218,Regular,False,2026-08-11,-0.150934686168,1.06069077154,-0.0865921844321,0.480964329002,63.8817571983,73.0555129847,64.3661081055,68.5595879244,64,73,64,69
1359,林正豐,2015,義大,RP,B_Role-v0.1,B_QuadraticTanh-v1,50,0,50,223,Qualified,False,2026-08-11,0.834002228582,-0.538276700981,0.547104076991,0.351304828555,71.2766323918,60.7399946911,69.0627517294,67.5820921432,71,61,69,68
1360,布拉克,2006,兄弟,RP,B_Role-v0.1,B_QuadraticTanh-v1,18,0,23,103,Provisional,False,2026-08-11,0.219579682667,0.621270218112,-1.13767214236,-0.446512715341,66.601993295,69.6303884402,55.260503437,61.5175462344,67,70,55,62
1361,杜寅傑,2006,興農,Swingman,B_Role-v0.1,B_QuadraticTanh-v1,16,2,20.6666666667,102,Provisional,False,2026-08-11,-0.276178416285,0.938691158833,-1.5830243654,-1.04123305905,62.9072305016,72.0953959695,50.9341900908,56.1794795143,63,72,51,56
1361,杜寅傑,2007,興農,Swingman,B_Role-v0.1,B_QuadraticTanh-v1,21,2,24.3333333333,122,Provisional,False,2026-08-11,-1.83550955788,-1.66463722369,-1.46431066239,-0.402901305307,48.4877852458,50.1392900375,52.0930773248,61.8801520723,48,50,52,62
1361,杜寅傑,2008,興農,RP,B_Role-v0.1,B_QuadraticTanh-v1,29,0,50.6666666667,228,Qualified,False,2026-08-11,-0.467123304793,0.427913402158,0.964381080046,0.299025621996,61.3446046511,68.1581754002,72.2970705844,67.1914868656,61,68,72,67
1361,杜寅傑,2009,興農,RP,B_Role-v0.1,B_QuadraticTanh-v1,13,0,22,93,Provisional,False,2026-08-11,0.903305998058,-0.864678573645,0.727634775435,-0.35493377672,71.8180829882,57.8304610392,70.4503352736,62.2736421016,72,58,70,62
1361,杜寅傑,2010,兄弟,Swingman,B_Role-v0.1,B_QuadraticTanh-v1,13,7,36,161,Provisional,False,2026-08-11,0.236644766507,-1.4833970581,-0.649091923772,-0.302675205114,66.7281922716,51.9067160914,59.7760093001,62.6958188517,67,52,60,63
1362,蘇哲毅,2006,中信,Swingman,B_Role-v0.1,B_QuadraticTanh-v1,15,6,49,219,Regular,False,2026-08-11,-0.739777346325,0.0790083626635,-0.199422674065,0.35063428248,58.9682258215,65.5716385047,63.5093818077,67.5770689652,59,66,64,68
1362,蘇哲毅,2007,中信,Swingman,B_Role-v0.1,B_QuadraticTanh-v1,20,9,58,275,Regular,False,2026-08-11,-1.18466646005,0.159542815457,-0.151035104887,-0.0316070634005,54.8091771794,66.1599055535,63.8809925127,64.7710338009,55,66,64,65
1363,喬伊,2006,兄弟,SP,B_Role-v0.1,B_QuadraticTanh-v1,15,15,102,426,Regular,False,2026-08-11,-0.90113801968,1.07810472299,0.278891320903,0.123042727224,57.4933244649,73.1930205134,67.0416161444,65.8926033235,57,73,67,66
1363,喬伊,2007,兄弟,SP,B_Role-v0.1,B_QuadraticTanh-v1,27,25,144,625,Qualified,False,2026-08-11,-1.24371029492,-1.36341642272,0.0124982010514,2.0160157349,54.2394138926,53.077165388,65.0900572196,80.6615561748,54,53,65,81
1364,史帝夫,2006,中信,SP,B_Role-v0.1,B_QuadraticTanh-v1,14,13,75.6666666667,336,Provisional,False,2026-08-11,-1.35614644476,-1.20609803706,-1.22715830464,0.268505162959,53.1479576214,54.6026912006,54.3994150035,66.9644306506,53,55,54,67
1365,威勇,2006,興農,Swingman,B_Role-v0.1,B_QuadraticTanh-v1,14,10,57,258,Regular,False,2026-08-11,-2.1407286134,0.374779643993,0.312399760899,2.45929094695,45.6208477315,67.7581586189,67.2912123882,84.1319735767,46,68,67,84
1366,羅伯森,2006,統一7-ELEVEn獅,SP,B_Role-v0.1,B_QuadraticTanh-v1,14,12,82.3333333333,333,Regular,False,2026-08-11,-0.00406873132901,1.26689203158,-0.736577792046,0.871987230018,64.9706819649,74.6898088437,58.9969993575,71.5731146354,65,75,59,72
1369,竹清剛治,2006,興農,Swingman,B_Role-v0.1,B_QuadraticTanh-v1,11,6,44.6666666667,185,Regular,False,2026-08-11,0.45170419549,-0.20879256018,0.126326795588,-0.959128134056,68.3379444557,63.4367023498,65.916607437,56.9528520424,68,63,66,57
1373,江柏青,2007,Lamigo,RP,B_Role-v0.1,B_QuadraticTanh-v1,33,0,39.3333333333,173,Regular,False,2026-08-11,-1.52467183541,-1.10584996113,-0.0845370844399,-0.224460029124,51.5036851234,55.5648802031,64.3813922932,63.3146569685,52,56,64,63
1373,江柏青,2008,米迪亞,Swingman,B_Role-v0.1,B_QuadraticTanh-v1,30,9,60,277,Regular,False,2026-08-11,-1.07677378138,-1.87886450324,-0.732858809963,-0.473007633768,55.8420357836,48.0728751837,59.0304196315,61.2950466776,56,48,59,61
1375,艾迪,2006,兄弟,Swingman,B_Role-v0.1,B_QuadraticTanh-v1,8,6,40,179,Regular,False,2026-08-11,-0.277349087832,0.321577298567,0.518505874345,-0.18576911468,62.8979279953,67.3597254472,68.8448269861,63.6148719485,63,67,69,64
1377,羅伯特,2006,誠泰,Swingman,B_Role-v0.1,B_QuadraticTanh-v1,7,3,24.3333333333,111,Provisional,False,2026-08-11,-0.223540239849,-0.957183268179,-0.458228379901,1.68769338011,63.3218397214,56.9710590704,61.4193639004,78.0478471421,63,57,61,78
1411,栗田雄介,2007,興農,Swingman,B_Role-v0.1,B_QuadraticTanh-v1,47,10,100.666666667,454,Regular,False,2026-08-11,-0.591540235741,-2.11093147964,0.145801054769,0.743070330817,60.279953067,45.8942868101,66.0591380316,70.5698672674,60,46,66,71
1412,米克,2007,誠泰,Swingman,B_Role-v0.1,B_QuadraticTanh-v1,47,3,70,292,Regular,False,2026-08-11,0.657576748936,-0.174240130027,-0.619832288137,1.76185007896,69.9095163716,63.7035610042,60.0330901695,78.6398054222,70,64,60,79
1413,倪福德,2007,中信,Swingman,B_Role-v0.1,B_QuadraticTanh-v1,44,14,122.333333333,508,Regular,False,2026-08-11,0.227395312987,-1.97813156471,0.768590718539,3.22092129872,66.6597618748,47.1313527754,70.7677824422,89.7722586817,67,47,71,90
1413,倪福德,2008,中信,SP,B_Role-v0.1,B_QuadraticTanh-v1,25,21,145.333333333,639,Qualified,False,2026-08-11,0.954588953779,-1.0194498,-0.247377363638,1.68388146602,72.22016584,56.3855335472,63.1349774153,78.0174050372,72,56,63,78
1413,倪福德,2015,義大,SP,B_Role-v0.1,B_QuadraticTanh-v1,11,10,57.3333333333,259,Provisional,False,2026-08-11,-0.349268892752,0.0173862141105,-1.12219324846,0.197290937277,62.319737538,65.1253164438,55.4086896029,66.437521134,62,65,55,66
1413,倪福德,2016,義大,Swingman,B_Role-v0.1,B_QuadraticTanh-v1,43,10,96.6666666667,420,Regular,False,2026-08-11,1.42571578576,-0.690421576249,0.311939485089,-0.091729823236,75.9553755812,59.409885046,67.2877779997,64.3278478178,76,59,67,64
1413,倪福德,2017,富邦悍將,Swingman,B_Role-v0.1,B_QuadraticTanh-v1,44,3,57.6666666667,263,Regular,False,2026-08-11,0.0617134587181,-1.01001828323,-0.86247799082,0.858308281882,65.4460361428,56.4745598166,57.8507406806,71.4662663054,65,56,58,71
1413,倪福德,2018,富邦悍將,RP,B_Role-v0.1,B_QuadraticTanh-v1,44,0,42,168,Regular,False,2026-08-11,1.29904358222,0.374661382564,-0.0513306228302,1.71211030368,74.9456378066,67.7572706007,64.6267449007,78.2428148514,75,68,65,78
1414,勞力士,2007,中信,Swingman,B_Role-v0.1,B_QuadraticTanh-v1,35,27,194.333333333,815,Regular,False,2026-08-11,1.74908492802,-0.953244531746,3.1381674938,1.06277334314,78.5379486583,57.0079151806,89.1860449547,73.0719521376,79,57,89,73
1414,勞力士,2008,中信,Swingman,B_Role-v0.1,B_QuadraticTanh-v1,19,3,40,176,Regular,False,2026-08-11,1.11896777709,-1.35525046999,-1.05359615883,-0.270553495892,73.5160997954,53.1566808101,56.0622696389,62.9518785857,74,53,56,63
1415,潘俊榮,2007,統一7-ELEVEn獅,RP,B_Role-v0.1,B_QuadraticTanh-v1,34,0,33,140,Regular,False,2026-08-11,0.257622196193,1.53482161267,-0.64488268355,0.489873198918,66.8836446459,76.8266060264,59.8131020943,68.6271900217,67,77,60,69
1415,潘俊榮,2008,統一7-ELEVEn獅,Swingman,B_Role-v0.1,B_QuadraticTanh-v1,11,3,27.3333333333,122,Provisional,False,2026-08-11,0.784006444009,0.421052521927,-1.06204326486,-0.591979124154,70.8875039659,68.1064080117,55.9820790056,60.2761366173,71,68,56,60
1415,潘俊榮,2009,統一7-ELEVEn獅,Swingman,B_Role-v0.1,B_QuadraticTanh-v1,28,16,100.333333333,471,Regular,False,2026-08-11,0.199624775117,0.295894563722,1.08461553212,-1.24645196361,66.4547238338,67.1681598833,73.2444597457,54.2128919627,66,67,73,54
1415,潘俊榮,2010,統一7-ELEVEn獅,Swingman,B_Role-v0.1,B_QuadraticTanh-v1,19,2,41.6666666667,204,Regular,False,2026-08-11,0.33861992598,-1.07971203747,-0.840582322285,-0.951194506171,67.487124887,55.8140715098,58.0520832118,57.027089086,67,56,58,57
1415,潘俊榮,2011,統一7-ELEVEn獅,Swingman,B_Role-v0.1,B_QuadraticTanh-v1,26,5,51.6666666667,241,Regular,False,2026-08-11,-0.593155087935,0.122047960166,-0.953924141036,-1.12700841174,60.2659087226,65.885334125,57.0015574442,55.3626182277,60,66,57,55
1416,泰德,2007,兄弟,RP,B_Role-v0.1,B_QuadraticTanh-v1,33,0,56,231,Qualified,False,2026-08-11,1.42000269574,2.22846310305,1.35882505397,-0.0388989228566,75.9097849821,82.3364209575,75.4218539856,64.7178154932,76,82,75,65
1417,凱文,2007,中信,RP,B_Role-v0.1,B_QuadraticTanh-v1,30,0,38.3333333333,167,Regular,False,2026-08-11,-0.457341529091,0.584379988251,-0.0557254173115,2.97246380971,61.4268074264,69.3476075344,64.5944476961,87.9905902834,61,69,65,88
1418,彼得,2007,統一7-ELEVEn獅,SP,B_Role-v0.1,B_QuadraticTanh-v1,26,26,190.333333333,754,Qualified,False,2026-08-11,1.34984753496,1.41328099778,2.4221485773,-0.767459263173,75.3502992954,75.8561506141,83.8451062273,58.7184792935,75,76,84,59
1419,銳斯,2007,Lamigo,SP,B_Role-v0.1,B_QuadraticTanh-v1,26,23,143.333333333,619,Qualified,False,2026-08-11,0.449783461503,-0.0320321603168,0.171293555176,0.513353395091,68.3234160167,64.7679353635,66.2461985398,68.8056220042,68,65,66,69
1420,井場友和,2007,興農,SP,B_Role-v0.1,B_QuadraticTanh-v1,24,23,138,591,Qualified,False,2026-08-11,0.483640847921,0.561514601914,0.327122505089,-0.155739248426,68.5798920826,69.172767576,67.4011534078,63.8451401988,69,69,67,64
1421,葉丁仁,2007,兄弟,Swingman,B_Role-v0.1,B_QuadraticTanh-v1,23,4,43.3333333333,226,Regular,False,2026-08-11,-3.93184085503,-0.335049616042,-0.841861974546,0.785719500851,33.8117250831,62.4350876333,58.0403382629,70.9008156749,34,62,58,71
1421,葉丁仁,2010,兄弟,SP,B_Role-v0.1,B_QuadraticTanh-v1,19,18,95.6666666667,443,Regular,False,2026-08-11,-3.32755839058,0.111828660759,-1.42625428534,-0.113267847521,36.64515009,65.8107061736,52.4645404089,64.1666675739,37,66,52,64
1421,葉丁仁,2011,兄弟,Swingman,B_Role-v0.1,B_QuadraticTanh-v1,39,14,110,501,Regular,False,2026-08-11,-0.261193794552,-2.75330178774,0.603195578015,0.229619689521,63.0259907068,40.4586585577,69.4917310906,66.6762122112,63,40,69,67
1421,葉丁仁,2012,兄弟,Swingman,B_Role-v0.1,B_QuadraticTanh-v1,48,2,54,257,Regular,False,2026-08-11,-0.761075623564,-0.643794192188,-0.955311070208,1.33384120081,58.7761992871,59.822688177,56.9885806651,75.2227556025,59,60,57,75
1422,傑樂米,2007,誠泰,Swingman,B_Role-v0.1,B_QuadraticTanh-v1,21,13,78,356,Regular,False,2026-08-11,-0.363549321874,-0.0570708894198,0.527596669994,-0.741037888214,62.2033841342,64.5845491888,68.9140418933,58.9568844584,62,65,69,59
1423,林敬民,2007,誠泰,Swingman,B_Role-v0.1,B_QuadraticTanh-v1,17,12,65.6666666667,320,Regular,False,2026-08-11,-0.376854847087,-1.33104641355,0.409185630317,-1.60013089374,62.094519586,53.3921997945,68.0169489053,50.767377774,62,53,68,51
1423,林敬民,2008,米迪亞,Swingman,B_Role-v0.1,B_QuadraticTanh-v1,29,3,47.3333333333,223,Regular,False,2026-08-11,0.682263560728,0.091788217801,-1.20631174936,-1.49888884836,70.0997629322,65.6646181216,54.6006302116,51.7554417111,70,66,55,52
1423,林敬民,2010,Lamigo,Swingman,B_Role-v0.1,B_QuadraticTanh-v1,12,1,21,90,Provisional,False,2026-08-11,-1.14545471555,0.911119830896,-1.28501094715,0.273410940439,55.1859062924,71.8792716052,53.839344621,67.0008776919,55,72,54,67
1423,林敬民,2011,Lamigo,RP,B_Role-v0.1,B_QuadraticTanh-v1,41,0,56,244,Qualified,False,2026-08-11,0.00321999934109,0.12103739553,1.8135937707,-1.19970528708,65.023188659,65.8779503509,79.0524552377,54.6643238512,65,66,79,55
1423,林敬民,2012,Lamigo,RP,B_Role-v0.1,B_QuadraticTanh-v1,24,0,34.3333333333,152,Regular,False,2026-08-11,0.570988583918,-1.45730616714,0.0947485643243,-0.614657320001,69.2451694345,52.1614622859,65.6861762549,60.0783717278,69,52,66,60
1424,芝草宇宙,2007,興農,Swingman,B_Role-v0.1,B_QuadraticTanh-v1,16,1,24.6666666667,117,Provisional,False,2026-08-11,0.26280309812,-0.458967846698,-1.2826371487,-0.818822171947,66.9220915898,61.4131559837,53.8623689099,58.2513745156,67,61,54,58
1425,尼克,2007,兄弟,SP,B_Role-v0.1,B_QuadraticTanh-v1,16,14,67,310,Provisional,False,2026-08-11,-2.24680923399,-0.0259051624553,-1.98688176385,1.47095119658,44.6613864843,64.8125451143,47.0489941894,76.3164761733,45,65,47,76
1428,布萊恩,2007,統一7-ELEVEn獅,SP,B_Role-v0.1,B_QuadraticTanh-v1,13,13,82,351,Regular,False,2026-08-11,0.514085907144,-1.64127493831,0.166364095479,0.0121073736302,68.811194565,50.3665655294,66.2099844127,65.0872389457,69,50,66,65
1430,派特,2007,誠泰,SP,B_Role-v0.1,B_QuadraticTanh-v1,9,9,53,232,Provisional,False,2026-08-11,0.239903642298,-0.826828299307,-0.574799942838,-1.40388409219,66.7523188955,58.1781447203,60.4252107056,52.6827642394,67,58,60,53
1432,羅銳,2008,Lamigo,SP,B_Role-v0.1,B_QuadraticTanh-v1,15,14,81.3333333333,369,Regular,False,2026-08-11,1.01797366824,-0.574338921273,-2.1696457563,-1.92442496917,72.7186696617,60.4292024288,45.3570773435,47.6391761031,73,60,45,48
1433,鈴木誠,2007,Lamigo,Swingman,B_Role-v0.1,B_QuadraticTanh-v1,8,1,21,87,Provisional,False,2026-08-11,-0.102274427399,0.478883554801,-0.838529659515,1.18965906097,64.2490952845,68.5438065233,58.0709172335,74.0762547955,64,69,58,74
1436,韋恩,2007,統一7-ELEVEn獅,Swingman,B_Role-v0.1,B_QuadraticTanh-v1,7,4,23.3333333333,113,Provisional,False,2026-08-11,-0.783932416877,0.133659285604,-0.476467009358,0.35890577772,58.5691856952,65.9702356327,61.2658739857,67.6390558356,59,66,61,68
1437,卡斯帝,2007,誠泰,Swingman,B_Role-v0.1,B_QuadraticTanh-v1,6,4,21.3333333333,105,Provisional,False,2026-08-11,1.30089715659,0.0349940877712,-0.404276732361,-0.732056380262,74.9603932152,65.2525058455,61.8687860658,59.0376271297,75,65,62,59
1437,卡斯帝,2010,兄弟,Swingman,B_Role-v0.1,B_QuadraticTanh-v1,36,17,165.666666667,665,Regular,False,2026-08-11,2.41898750817,0.498078489367,1.71414938357,-0.269322782366,83.8206526041,68.6895014321,78.2590944851,62.9616365601,84,69,78,63
1438,銳克,2007,Lamigo,Swingman,B_Role-v0.1,B_QuadraticTanh-v1,6,4,23.3333333333,111,Provisional,False,2026-08-11,-0.10854137561,0.109255888161,-0.220227024677,0.231820995112,64.2021466176,65.791932206,63.3476946246,66.6924958631,64,66,63,67
1439,費古洛,2007,統一7-ELEVEn獅,Swingman,B_Role-v0.1,B_QuadraticTanh-v1,4,4,30,125,Provisional,False,2026-08-11,0.671518364701,0.908558679133,1.546351932,0.557489689673,70.0169118102,71.8592126644,76.918719632,69.1420261028,70,72,77,69
1439,費古洛,2013,統一7-ELEVEn獅,SP,B_Role-v0.1,B_QuadraticTanh-v1,17,17,109.333333333,467,Regular,False,2026-08-11,0.572570035324,1.03387589445,0.734075919732,0.469598027052,69.257260816,72.843986082,70.5001990107,68.4734180422,69,73,71,68
1439,費古洛,2014,統一7-ELEVEn獅,SP,B_Role-v0.1,B_QuadraticTanh-v1,22,21,138,606,Qualified,False,2026-08-11,1.13562751011,-1.0084104158,0.590392683615,-0.169796933373,73.6479747219,56.4897252144,69.3936391708,63.7376464852,74,56,69,64
1441,昂斯,2007,兄弟,Swingman,B_Role-v0.1,B_QuadraticTanh-v1,4,3,22,85,Provisional,False,2026-08-11,0.280641530366,1.13370050952,0.502665119648,1.05320818911,67.0546313202,73.632716525,68.7243525769,72.9964607666,67,74,69,73
1444,艾銳達,2007,Lamigo,Swingman,B_Role-v0.1,B_QuadraticTanh-v1,4,3,23,96,Provisional,False,2026-08-11,-0.468190373545,-0.0794480225469,0.633125971192,0.083339643539,61.3356237815,64.4191907771,69.7214482275,65.6031347871,61,64,70,66
1476,威鯨,2008,中信,Swingman,B_Role-v0.1,B_QuadraticTanh-v1,36,19,135.333333333,590,Regular,False,2026-08-11,-0.191938051726,2.12672833713,1.81648099682,0.192039272729,63.5672707983,81.5365896459,79.0754684632,66.3988275359,64,82,79,66
1477,蔡明晋,2008,興農,Swingman,B_Role-v0.1,B_QuadraticTanh-v1,48,1,84,359,Regular,False,2026-08-11,0.158802537942,-1.18759542189,-0.424925784479,1.89865476921,66.1544731013,54.780980842,61.6976004668,79.7297999333,66,55,62,80
1477,蔡明晋,2009,興農,RP,B_Role-v0.1,B_QuadraticTanh-v1,35,0,47,221,Regular,False,2026-08-11,-0.527497149699,-0.673934045372,0.508923774688,0.807466758567,60.8323332547,59.556355928,68.7719315342,71.0699411291,61,60,69,71
1477,蔡明晋,2010,興農,RP,B_Role-v0.1,B_QuadraticTanh-v1,52,0,70.3333333333,295,Qualified,False,2026-08-11,1.0154765254,1.56409512161,1.20661345999,0.663445182105,72.6989999019,77.060473832,74.2108139985,69.9547081579,73,77,74,70
1477,蔡明晋,2011,興農,Swingman,B_Role-v0.1,B_QuadraticTanh-v1,46,12,102.666666667,476,Regular,False,2026-08-11,1.64968420881,0.155156325464,0.136509276018,0.0285820239444,77.7442634762,66.1277224421,65.9910921436,65.2061567496,78,66,66,65
1477,蔡明晋,2013,義大,RP,B_Role-v0.1,B_QuadraticTanh-v1,41,0,47,194,Regular,False,2026-08-11,-0.364218754191,0.266329626529,0.246126282832,-0.0666414474411,62.1979173497,66.9482737846,66.7984110241,64.5139953031,62,67,67,65
1477,蔡明晋,2014,義大,RP,B_Role-v0.1,B_QuadraticTanh-v1,26,0,23,107,Provisional,False,2026-08-11,1.66590914755,0.494516651723,-1.42540766791,-0.174049524028,77.8738642836,68.6624469902,52.4728013368,63.7050242997,78,69,52,64
1477,蔡明晋,2015,義大,Swingman,B_Role-v0.1,B_QuadraticTanh-v1,21,16,85,384,Regular,False,2026-08-11,1.11739142464,-0.517913203317,1.31204525786,-1.12875393169,73.5036262969,60.9142101523,75.0491522231,55.3459112288,74,61,75,55
1477,蔡明晋,2016,義大,Swingman,B_Role-v0.1,B_QuadraticTanh-v1,21,11,61.6666666667,285,Regular,False,2026-08-11,0.364982906104,-0.0872965862296,0.0406632425181,-0.65924678075,67.6846307549,64.3608666641,65.2935152583,59.6863724038,68,64,65,60
1477,蔡明晋,2017,富邦悍將,RP,B_Role-v0.1,B_QuadraticTanh-v1,36,0,39.6666666667,173,Regular,False,2026-08-11,0.244717390809,-2.31075803989,0.594056166963,-0.605319590169,66.7879724081,44.0944776912,69.4216971029,60.1599342711,67,44,69,60
1477,蔡明晋,2018,富邦悍將,Swingman,B_Role-v0.1,B_QuadraticTanh-v1,10,3,26,123,Provisional,False,2026-08-11,0.00248911206375,-0.796955760176,-0.635645017445,-0.657288239364,65.017924394,58.450809101,59.8943779915,59.7036768893,65,58,60,60
1478,買嘉瑞,2008,兄弟,Swingman,B_Role-v0.1,B_QuadraticTanh-v1,46,6,87.3333333333,382,Regular,False,2026-08-11,0.213839735108,1.83219042222,-0.268131582739,0.108885604704,66.5595985448,79.2006587982,62.9710775175,65.7892306508,67,79,63,66
1478,買嘉瑞,2009,兄弟,RP,B_Role-v0.1,B_QuadraticTanh-v1,51,0,54.6666666667,232,Qualified,False,2026-08-11,-0.15119691421,1.71364037968,0.284620194591,-1.07191418894,63.8797602822,78.2550307285,67.0842270229,55.8882640844,64,78,67,56
1479,黃宏任,2008,中信,Swingman,B_Role-v0.1,B_QuadraticTanh-v1,41,7,84.3333333333,368,Regular,False,2026-08-11,1.32836569348,1.36491554392,-0.227540113594,-0.572173816164,75.1791352904,75.470405213,63.2905880246,60.4479426319,75,75,63,60
1479,黃宏任,2009,Lamigo,Swingman,B_Role-v0.1,B_QuadraticTanh-v1,19,7,49.3333333333,228,Regular,False,2026-08-11,0.214715412864,0.578002447279,-0.414512520395,-0.828143618943,66.5660644906,69.2988079318,61.7840574898,58.1661032675,67,69,62,58
1480,飛鵬,2008,Lamigo,RP,B_Role-v0.1,B_QuadraticTanh-v1,39,0,50.3333333333,208,Qualified,False,2026-08-11,-1.09570010326,0.935359802643,0.286461907471,2.36670151147,55.6617362451,72.0692645152,67.0979309965,83.415313293,56,72,67,83
1480,飛鵬,2009,Lamigo,RP,B_Role-v0.1,B_QuadraticTanh-v1,32,0,28.3333333333,124,Provisional,False,2026-08-11,-0.407445813167,0.543297004332,-1.42087645667,1.97680619548,61.8425805257,69.0337097036,52.517012366,80.3506842369,62,69,53,80
1481,林其緯,2008,興農,Swingman,B_Role-v0.1,B_QuadraticTanh-v1,38,14,115.333333333,516,Regular,False,2026-08-11,0.348115635802,1.21049619898,0.97969970805,2.16682213845,67.5582043702,74.2416402892,72.4174594713,81.8523349961,68,74,72,82
1481,林其緯,2010,興農,Swingman,B_Role-v0.1,B_QuadraticTanh-v1,26,20,117,501,Regular,False,2026-08-11,-0.814951288837,1.14253023163,1.09034009884,1.43851923452,58.2867404628,73.7026406446,73.2896992429,76.0575607528,58,74,73,76
1481,林其緯,2011,興農,Swingman,B_Role-v0.1,B_QuadraticTanh-v1,38,16,126.333333333,566,Regular,False,2026-08-11,-0.433227704617,1.46588064724,1.19077210966,1.94754845028,61.6284866247,76.2759899225,74.0850861563,80.1184271197,62,76,74,80
1481,林其緯,2012,興農,Swingman,B_Role-v0.1,B_QuadraticTanh-v1,33,22,122,551,Regular,False,2026-08-11,-0.182582680794,-0.788157304953,1.6205730218,1.62587990423,63.6394196653,58.5308167078,77.5117025849,77.5540998034,64,59,78,78
1481,林其緯,2013,義大,Swingman,B_Role-v0.1,B_QuadraticTanh-v1,19,6,45,217,Regular,False,2026-08-11,-0.0336155294812,-0.249135898534,-0.522313352218,1.49225695261,64.7563901164,63.1211332895,60.8766449136,76.486615945,65,63,61,76
1481,林其緯,2016,統一7-ELEVEn獅,RP,B_Role-v0.1,B_QuadraticTanh-v1,28,0,27.6666666667,141,Provisional,False,2026-08-11,-0.719899893567,-1.09814484218,-1.02190374921,1.53584273274,59.1466668164,55.6384174107,56.3623511908,76.8347633842,59,56,56,77
1481,林其緯,2018,統一7-ELEVEn獅,RP,B_Role-v0.1,B_QuadraticTanh-v1,18,0,20.6666666667,99,Provisional,False,2026-08-11,-1.40505707633,-1.2733844907,-0.138848215242,-0.372701703373,52.6713247209,53.9520802981,63.973596881,62.1285470964,53,54,64,62
1481,林其緯,2019,統一7-ELEVEn獅,RP,B_Role-v0.1,B_QuadraticTanh-v1,44,0,43,187,Regular,False,2026-08-11,-0.497244353702,-0.948000452559,0.513875434185,0.657068586152,61.0900755733,57.0569509099,68.809593362,69.905604066,61,57,69,70
1481,林其緯,2020,統一7-ELEVEn獅,Swingman,B_Role-v0.1,B_QuadraticTanh-v1,26,1,33.3333333333,151,Provisional,False,2026-08-11,-0.6940532055,0.279335787638,-0.931962759037,0.290290111193,59.3775497484,67.0449211279,57.2066635496,67.1264247149,59,67,57,67
1482,賴俊男,2008,米迪亞,Swingman,B_Role-v0.1,B_QuadraticTanh-v1,28,10,68.3333333333,308,Regular,False,2026-08-11,0.335381000406,-1.59991388227,-0.297882198759,1.10317623009,67.462895772,50.7694934015,62.7341940961,73.3911795812,67,51,63,73
1483,強森,2008,Lamigo,SP,B_Role-v0.1,B_QuadraticTanh-v1,27,26,183.666666667,775,Qualified,False,2026-08-11,-0.448839930968,0.515597759546,2.41272340201,-0.705809631543,61.4980689866,68.8226970749,83.7721764191,59.2726942248,61,69,84,59
1484,沈福仁,2008,興農,Swingman,B_Role-v0.1,B_QuadraticTanh-v1,27,14,95.6666666667,437,Regular,False,2026-08-11,-0.451437612907,0.114965816842,0.91604363492,-1.44978000909,61.4763129743,65.8336062207,71.917843162,52.2349339365,61,66,72,52
1484,沈福仁,2009,興農,RP,B_Role-v0.1,B_QuadraticTanh-v1,40,0,59.6666666667,281,Qualified,False,2026-08-11,-1.26861410347,0.65124878711,1.34468821351,-1.10154625773,53.9983115136,69.8608089297,75.3091833348,55.6059624926,54,70,75,56
1484,沈福仁,2010,興農,RP,B_Role-v0.1,B_QuadraticTanh-v1,21,0,33.6666666667,138,Regular,False,2026-08-11,-0.252385133749,0.967451279207,0.757267165826,0.113303761819,63.0955324164,72.32119142,70.6799225954,65.8214728009,63,72,71,66
1485,曾嘉敏,2008,兄弟,Swingman,B_Role-v0.1,B_QuadraticTanh-v1,27,13,82.3333333333,367,Regular,False,2026-08-11,-2.70142775775,-0.712906661205,0.351316941839,1.10110991487,40.8559606331,59.2092646091,67.5821828891,73.3748399064,41,59,68,73
1485,曾嘉敏,2009,兄弟,Swingman,B_Role-v0.1,B_QuadraticTanh-v1,15,3,34,174,Provisional,False,2026-08-11,-1.83010370886,-0.860502458456,-0.881736811695,-0.684641519672,48.5396582466,57.8689395501,57.6729911396,59.4612954361,49,58,58,59
1486,小林亮寛,2008,兄弟,SP,B_Role-v0.1,B_QuadraticTanh-v1,27,23,169,692,Qualified,False,2026-08-11,0.398907370758,-2.40992326462,1.06565054059,0.0338100900318,67.9395483744,43.2341994239,73.0946663637,65.2439446636,68,43,73,65
1486,小林亮寛,2009,兄弟,SP,B_Role-v0.1,B_QuadraticTanh-v1,23,23,127.666666667,589,Qualified,False,2026-08-11,-0.326169050235,-1.76327132442,0.314353459759,-0.606019327181,62.5068717107,49.1832257557,67.3057919024,60.1538286879,63,49,67,60
1487,陳建輔,2008,米迪亞,Swingman,B_Role-v0.1,B_QuadraticTanh-v1,26,15,95.3333333333,434,Regular,False,2026-08-11,-1.44384169408,1.24822663684,0.986416798137,-0.24342496377,52.2928993784,74.5413933593,72.4702794694,63.1660634335,52,75,72,63
1488,顏志中,2008,米迪亞,Swingman,B_Role-v0.1,B_QuadraticTanh-v1,24,5,59.6666666667,260,Regular,False,2026-08-11,0.451749295523,-1.08756995166,-0.436855389043,-1.74598713963,68.3382856238,55.739236851,61.5982342783,49.3502818336,68,56,62,49
1489,高敏靜,2008,中信,Swingman,B_Role-v0.1,B_QuadraticTanh-v1,23,9,53.6666666667,247,Regular,False,2026-08-11,-0.409792474273,0.258691298195,-0.647776606901,-0.808520180875,61.8231600071,66.8915765954,59.7876041011,58.3454396984,62,67,60,58
1490,張誌家,2008,Lamigo,Swingman,B_Role-v0.1,B_QuadraticTanh-v1,22,13,75,333,Regular,False,2026-08-11,-0.622503346145,-0.0928793198652,0.433497206355,1.16456275416,60.0096959931,64.3192775539,68.2003317875,73.877223172,60,64,68,74
1490,張誌家,2009,Lamigo,Swingman,B_Role-v0.1,B_QuadraticTanh-v1,26,19,135.666666667,587,Regular,False,2026-08-11,0.087325122303,0.322477656526,2.59703945533,1.17820431046,65.6321308512,67.3664503744,85.1879444417,73.9853883226,66,67,85,74
1491,波特,2008,統一7-ELEVEn獅,SP,B_Role-v0.1,B_QuadraticTanh-v1,22,21,127.666666667,568,Qualified,False,2026-08-11,-0.78306070002,-0.287533851855,-0.582814463517,0.315495544019,58.5770983134,62.816848248,60.3557435479,67.3143160897,59,63,60,67
1492,丹尼,2008,兄弟,SP,B_Role-v0.1,B_QuadraticTanh-v1,21,20,128,540,Qualified,False,2026-08-11,-0.607769413461,0.176152814338,0.00715024055429,-0.585764935351,60.1385536709,66.2819167473,65.0515047162,60.3301347149,60,66,65,60
1493,黃榮義,2008,兄弟,Swingman,B_Role-v0.1,B_QuadraticTanh-v1,19,5,46.3333333333,199,Regular,False,2026-08-11,-0.16209147448,0.957073322345,-0.723902739217,-1.22712877676,63.7966327892,72.2396735667,59.1107939844,54.3997002534,64,72,59,54
1493,黃榮義,2009,兄弟,RP,B_Role-v0.1,B_QuadraticTanh-v1,20,0,32.3333333333,143,Regular,False,2026-08-11,-1.02540032952,1.2147422886,0.795960769251,-0.569547227916,56.3293057423,74.2753558434,70.9804299698,60.4706634697,56,74,71,60
1494,潘忠孝,2008,米迪亞,RP,B_Role-v0.1,B_QuadraticTanh-v1,19,0,33.6666666667,149,Regular,False,2026-08-11,0.046266202362,0.507351953105,0.147953483419,-1.30832681996,65.3340737721,68.7599798828,66.0749111729,53.613020026,65,69,66,54
1495,葛雷,2008,統一7-ELEVEn獅,Swingman,B_Role-v0.1,B_QuadraticTanh-v1,15,8,48,228,Regular,False,2026-08-11,-1.29931881457,-0.872248409472,-0.217999631147,-0.571728385793,53.7004965932,57.7606399594,63.3650600216,60.4517968116,54,58,63,60
1496,麥特,2009,兄弟,RP,B_Role-v0.1,B_QuadraticTanh-v1,60,0,53.6666666667,234,Qualified,False,2026-08-11,0.713418065813,0.807800788333,0.0613203023283,1.90884655865,70.3403598366,71.0725407431,65.443183928,79.8108561821,70,71,65,80
1497,海克曼,2008,統一7-ELEVEn獅,Swingman,B_Role-v0.1,B_QuadraticTanh-v1,13,7,52.6666666667,218,Regular,False,2026-08-11,0.271968855934,0.562896075638,0.401756855072,1.36093336569,66.9901618797,69.1833214233,67.9609987284,75.4386600331,67,69,68,75
1497,海克曼,2009,統一7-ELEVEn獅,SP,B_Role-v0.1,B_QuadraticTanh-v1,10,9,54.3333333333,220,Provisional,False,2026-08-11,0.11668052074,-0.213906333294,-0.75990195221,1.60010316295,65.8461264681,63.3969384941,58.7868032519,77.3481613491,66,63,59,77
1497,海克曼,2010,統一7-ELEVEn獅,SP,B_Role-v0.1,B_QuadraticTanh-v1,18,18,111.333333333,462,Regular,False,2026-08-11,-0.237757417779,-1.03905785501,-0.0860735383225,0.649313380902,63.2105681671,56.2000822902,64.3699664726,69.845916572,63,56,64,70
1498,安立奎,2008,米迪亞,Swingman,B_Role-v0.1,B_QuadraticTanh-v1,12,1,26.3333333333,128,Provisional,False,2026-08-11,-2.37796423734,-0.118634689679,-1.26203345172,-0.548390952529,43.5088436801,64.1263079122,54.0620621191,60.6531185268,44,64,54,61
1499,布萊德,2008,米迪亞,Swingman,B_Role-v0.1,B_QuadraticTanh-v1,12,5,37.6666666667,164,Provisional,False,2026-08-11,0.763384463537,-1.47835847673,-0.455571985497,-0.602484149877,70.7273783354,51.955915431,61.4416540419,60.1846643213,71,52,61,60
1501,雷霸龍,2008,米迪亞,Swingman,B_Role-v0.1,B_QuadraticTanh-v1,11,3,24.3333333333,138,Provisional,False,2026-08-11,-1.39443956614,1.12061483312,-1.2896584369,0.176566060119,52.7748579557,73.5291336168,53.7942571515,66.2849552351,53,74,54,66
1511,史帝夫,2008,兄弟,Swingman,B_Role-v0.1,B_QuadraticTanh-v1,4,4,21.3333333333,100,Provisional,False,2026-08-11,-0.455204382499,0.240263273576,0.594311379195,-0.289791249655,61.4447373351,66.7549818977,69.4236520421,62.7988413483,61,67,69,63
1512,愛倫,2008,統一7-ELEVEn獅,Swingman,B_Role-v0.1,B_QuadraticTanh-v1,4,3,20,81,Provisional,False,2026-08-11,1.09446974148,0.072038021525,0.361175018749,1.42285317809,73.3223414695,65.5209857403,67.6560705858,75.9325314276,73,66,68,76
1515,郭建宏,2010,Lamigo,Swingman,B_Role-v0.1,B_QuadraticTanh-v1,29,3,49,225,Regular,False,2026-08-11,0.683514695269,0.372559510911,-0.979526280005,-1.65095629593,70.1094142407,67.7414895016,56.7615690615,50.2723514718,70,68,57,50
1515,郭建宏,2011,Lamigo,RP,B_Role-v0.1,B_QuadraticTanh-v1,17,0,21.3333333333,114,Provisional,False,2026-08-11,-0.560608884849,0.279607764812,-0.459484533214,-0.875542246998,60.5478696289,67.0469435833,61.4088175717,57.7302297569,61,67,61,58
1516,王豐鑫,2010,Lamigo,Swingman,B_Role-v0.1,B_QuadraticTanh-v1,33,11,100.333333333,429,Regular,False,2026-08-11,-0.788467980213,0.862317651759,0.236851385646,0.330344812334,58.5279939902,71.4975747875,66.7297216933,67.42523791,59,71,67,67
1516,王豐鑫,2011,Lamigo,Swingman,B_Role-v0.1,B_QuadraticTanh-v1,24,9,64.6666666667,288,Regular,False,2026-08-11,0.579742546609,-0.907362870536,-0.314874285029,0.191173960946,69.3121202253,57.435553007,62.5978832958,66.3924542079,69,57,63,66
1516,王豐鑫,2012,Lamigo,Swingman,B_Role-v0.1,B_QuadraticTanh-v1,18,13,72.6666666667,331,Regular,False,2026-08-11,0.743594397276,-0.1548442477,0.772514077223,-0.909393670178,70.5739279212,63.8519659698,70.798240003,57.4166925694,71,64,71,57
1516,王豐鑫,2013,Lamigo,Swingman,B_Role-v0.1,B_QuadraticTanh-v1,21,14,86.6666666667,381,Regular,False,2026-08-11,0.206089621618,-1.97570268049,1.19536553852,-0.638097202315,66.5023994955,47.1542334047,74.1215357923,59.8728201672,67,47,74,60
1534,耿伯軒,2009,Lamigo,RP,B_Role-v0.1,B_QuadraticTanh-v1,55,0,61.3333333333,253,Qualified,False,2026-08-11,1.09960086229,0.922087689873,0.659180976245,-1.41796443485,73.3629077617,71.9652052983,69.9218682058,52.5454225845,73,72,70,53
1534,耿伯軒,2010,Lamigo,RP,B_Role-v0.1,B_QuadraticTanh-v1,51,0,47,214,Regular,False,2026-08-11,-0.866790733591,-0.611000300224,-0.889785224163,-0.661363506521,57.8109887756,60.1103368783,57.598530631,59.6676614901,58,60,58,60
1534,耿伯軒,2013,兄弟,RP,B_Role-v0.1,B_QuadraticTanh-v1,18,0,21.3333333333,98,Provisional,False,2026-08-11,-1.3780285202,0.558050605933,-0.786703594352,-1.10128227171,52.9348177807,69.1463096364,58.5440224464,55.6084817932,53,69,59,56
1534,耿伯軒,2014,中信兄弟,RP,B_Role-v0.1,B_QuadraticTanh-v1,34,0,27,113,Provisional,False,2026-08-11,0.208859228141,-1.01992936185,-1.2807002304,-0.288460743655,66.5228347069,56.3810037581,53.881153189,62.8094561598,67,56,54,63
1535,許銘倢,2009,Lamigo,RP,B_Role-v0.1,B_QuadraticTanh-v1,45,0,59.3333333333,258,Qualified,False,2026-08-11,-0.858828691671,0.0664750765094,0.931343381981,0.976062810214,57.8843534658,65.480590799,72.0377658104,72.3888683471,58,65,72,72
1535,許銘倢,2010,Lamigo,RP,B_Role-v0.1,B_QuadraticTanh-v1,52,0,55.3333333333,234,Qualified,False,2026-08-11,-2.19529998393,0.442458373855,-0.161131731583,1.92536634577,45.1244352588,68.268032974,63.8039686045,79.9421874291,45,68,64,80
1535,許銘倢,2011,Lamigo,RP,B_Role-v0.1,B_QuadraticTanh-v1,55,0,52,223,Qualified,False,2026-08-11,-2.02965614217,0.496078380246,-0.642238428281,1.00112388077,46.6480320355,68.6743082532,59.8363851613,72.5859926471,47,69,60,73
1535,許銘倢,2012,Lamigo,RP,B_Role-v0.1,B_QuadraticTanh-v1,51,0,42,179,Regular,False,2026-08-11,-1.21604306911,1.55308536562,-0.621494723688,-0.370465086152,54.5067444431,76.9725136431,60.0185316714,62.1468545276,55,77,60,62
1535,許銘倢,2013,Lamigo,RP,B_Role-v0.1,B_QuadraticTanh-v1,26,0,25.6666666667,120,Provisional,False,2026-08-11,-0.693709360922,-1.73698657079,-1.28893708093,-0.342999404521,59.3806123921,49.4373640034,53.8012562108,62.3706594075,59,49,54,62
1536,李濠任,2009,兄弟,Swingman,B_Role-v0.1,B_QuadraticTanh-v1,38,5,74,338,Regular,False,2026-08-11,-1.07752966985,1.31173691682,-0.250701283125,-0.329867270459,55.834842714,75.0466969453,63.1088029786,62.4770020659,56,75,63,62
1537,庫倫,2009,兄弟,RP,B_Role-v0.1,B_QuadraticTanh-v1,29,0,32.3333333333,125,Regular,False,2026-08-11,0.871059974735,0.551100922026,-0.685431855332,1.36823801468,71.5658688747,69.0932516707,59.4542697698,75.4968932285,72,69,59,75
1537,庫倫,2010,兄弟,RP,B_Role-v0.1,B_QuadraticTanh-v1,58,0,78.3333333333,305,Qualified,False,2026-08-11,1.27314406937,-0.075252460525,1.51413947499,1.87889506034,74.7395387398,64.4502993832,76.6613933033,79.5725825525,75,64,77,80
1537,庫倫,2011,兄弟,Swingman,B_Role-v0.1,B_QuadraticTanh-v1,25,1,28,110,Provisional,False,2026-08-11,1.43848532881,0.278355072277,-1.88192277556,1.72045379815,76.0572901257,67.0376288922,48.0436855564,78.3094253039,76,67,48,78
1538,林克謙,2009,興農,SP,B_Role-v0.1,B_QuadraticTanh-v1,28,24,145.666666667,624,Qualified,False,2026-08-11,0.0392102585923,1.69081422943,0.0422931666877,-1.64848961065,65.2830019808,78.0727695876,65.3053110357,50.2963520016,65,78,65,50
1538,林克謙,2011,興農,Swingman,B_Role-v0.1,B_QuadraticTanh-v1,27,18,99,436,Regular,False,2026-08-11,0.633192219875,1.4069157645,0.871348475964,-0.810640023715,69.7219573023,75.8053656934,71.5681232379,58.3260990845,70,76,72,58
1538,林克謙,2012,興農,Swingman,B_Role-v0.1,B_QuadraticTanh-v1,35,1,54,234,Regular,False,2026-08-11,0.903799642507,1.12598671335,-0.761968443391,0.196880195453,71.8219478001,73.5716495069,58.7681310674,66.4344940225,72,74,59,66
1538,林克謙,2013,義大,Swingman,B_Role-v0.1,B_QuadraticTanh-v1,18,4,25.3333333333,116,Provisional,False,2026-08-11,-0.334665554162,0.204624833427,-1.39945913234,-1.05340062771,62.4381962116,66.4915942673,52.7259152394,56.0641248495,62,66,53,56
1538,林克謙,2015,中信兄弟,RP,B_Role-v0.1,B_QuadraticTanh-v1,33,0,31.6666666667,150,Regular,False,2026-08-11,0.625204779633,0.359775782086,-0.817091765903,-0.776522334697,69.6605988089,67.6455786649,58.2671874315,58.6364034082,70,68,58,59
1538,林克謙,2016,中信兄弟,RP,B_Role-v0.1,B_QuadraticTanh-v1,37,0,42,181,Regular,False,2026-08-11,0.838787984576,-0.123188952282,0.430815498421,-0.599251922806,71.3139474773,64.0919976066,68.1800827488,60.2128340875,71,64,68,60
1538,林克謙,2017,中信兄弟,RP,B_Role-v0.1,B_QuadraticTanh-v1,32,0,31.6666666667,135,Regular,False,2026-08-11,1.08823386649,-0.130259342111,-0.324061755047,-0.0858007723349,73.2730530317,64.0386201357,62.5238764262,64.3719953662,73,64,63,64
1539,正田樹,2009,興農,SP,B_Role-v0.1,B_QuadraticTanh-v1,27,25,158,687,Qualified,False,2026-08-11,1.03303291716,0.197212311933,1.11747230558,0.851681681426,72.8373406468,66.4369416652,73.5042662791,71.4145373884,73,66,74,71
1539,正田樹,2010,興農,Swingman,B_Role-v0.1,B_QuadraticTanh-v1,32,24,166.333333333,693,Regular,False,2026-08-11,1.37102033763,-0.519529488999,1.98976742349,1.04967605501,75.5190762879,60.9004165917,80.4534976691,72.9685923775,76,61,80,73
1540,雷克斯,2009,Lamigo,SP,B_Role-v0.1,B_QuadraticTanh-v1,26,26,159.333333333,691,Qualified,False,2026-08-11,0.642941574422,-0.0636613269402,1.52652368315,0.507910010577,69.7969034514,64.5359917629,76.7603183785,68.7642229899,70,65,77,69
1540,雷克斯,2010,Lamigo,SP,B_Role-v0.1,B_QuadraticTanh-v1,20,18,121.333333333,514,Qualified,False,2026-08-11,0.797969144128,-1.34121285426,-0.0941636074509,-0.652121880132,70.9960492382,53.2933064581,64.3096980559,59.749286032,71,53,64,60
1541,郭健瑜,2009,興農,RP,B_Role-v0.1,B_QuadraticTanh-v1,25,0,22.6666666667,109,Provisional,False,2026-08-11,-2.53549725414,0.982459923313,-1.70022501733,-0.175046987262,42.1806414331,72.4391622613,49.7936212486,63.6973656301,42,72,50,64
1541,郭健瑜,2010,兄弟 / 興農,Swingman,B_Role-v0.1,B_QuadraticTanh-v1,15,2,26.6666666667,129,Provisional,False,2026-08-11,-2.33456805262,-0.331965991828,-1.20522652735,-0.299777660377,43.885772467,62.46003589,54.6110954376,62.7190250645,44,62,55,63
1541,郭健瑜,2011,兄弟,Swingman,B_Role-v0.1,B_QuadraticTanh-v1,28,1,40.3333333333,191,Regular,False,2026-08-11,-0.898338557049,0.790017858814,-1.47191252068,-0.34340905681,57.5192859083,70.9342238656,52.0188550957,62.3673351381,58,71,52,62
1542,沃樂,2009,興農,Swingman,B_Role-v0.1,B_QuadraticTanh-v1,25,8,61.3333333333,280,Regular,False,2026-08-11,-0.00407000596771,0.531357441006,-0.248803975407,-0.444739294623,64.970672773,68.9426915522,63.1237469816,61.5323799693,65,69,63,62
1543,曹錦輝,2009,兄弟,SP,B_Role-v0.1,B_QuadraticTanh-v1,19,19,93.6666666667,406,Regular,False,2026-08-11,0.498219069431,0.147240903582,-0.988368093175,0.399373678573,68.6905694055,66.0696889078,56.6784745465,67.9430582415,69,66,57,68
1544,麥克,2009,兄弟,SP,B_Role-v0.1,B_QuadraticTanh-v1,19,19,114,512,Regular,False,2026-08-11,-0.210653158267,-2.29201370402,0.783409359342,-0.266003381539,63.4222426296,44.2596995206,70.8828645434,62.9879356425,63,44,71,63
1545,李瑋華,2009,統一7-ELEVEn獅,Swingman,B_Role-v0.1,B_QuadraticTanh-v1,15,9,50.6666666667,242,Regular,False,2026-08-11,-1.20114137053,-0.203604160693,0.00111437022594,-1.02411386153,54.6504814968,63.4769759296,65.0080240244,56.3414657078,55,63,65,56
1545,李瑋華,2012,統一7-ELEVEn獅,RP,B_Role-v0.1,B_QuadraticTanh-v1,55,0,49.3333333333,207,Regular,False,2026-08-11,-0.909317197498,-0.351492041839,-0.154590970823,-0.669865145428,57.417402902,62.3016571901,63.8538972087,59.5924189545,57,62,64,60
1546,雷卡多,2009,興農,Swingman,B_Role-v0.1,B_QuadraticTanh-v1,14,6,40.3333333333,190,Regular,False,2026-08-11,-0.460696685694,0.26621398976,-0.450554492855,-0.501916130366,61.3986371428,66.9474151,61.4837110403,61.0504102159,61,67,61,61
1547,克里斯,2009,統一7-ELEVEn獅,SP,B_Role-v0.1,B_QuadraticTanh-v1,14,14,74.3333333333,328,Provisional,False,2026-08-11,0.466491683229,0.48818825228,-0.688268276996,1.43161855289,68.4498839429,68.6144001575,59.4290452219,76.0024837202,68,69,59,76
1548,米奇,2009,統一7-ELEVEn獅,SP,B_Role-v0.1,B_QuadraticTanh-v1,11,11,56.6666666667,243,Provisional,False,2026-08-11,-0.8478086951,-0.0461331583955,-1.13134082466,0.867187203896,57.98572157,64.6648719263,55.3211454131,71.5356106906,58,65,55,72
1550,姜建銘,2010,興農,RP,B_Role-v0.1,B_QuadraticTanh-v1,18,0,27,133,Provisional,False,2026-08-11,-0.118418626123,0.943012235739,0.109583695332,-1.37900158363,64.1279342636,72.1292980759,65.7943239562,52.9253357146,64,72,66,53
1551,吳政憲,2011,興農,Swingman,B_Role-v0.1,B_QuadraticTanh-v1,34,6,67.3333333333,337,Regular,False,2026-08-11,-1.77935953568,1.44558354087,-0.664845580211,-1.75134257555,49.0279432387,76.1139489247,59.636861648,49.2984955826,49,76,60,49
1551,吳政憲,2012,興農,Swingman,B_Role-v0.1,B_QuadraticTanh-v1,24,3,47.6666666667,222,Regular,False,2026-08-11,0.144875300008,0.0764436004409,-0.685947372854,-0.526910438198,66.05235524,65.5529957147,59.4496864197,60.8373515731,66,66,59,61
1552,馬提茲,2009,興農,Swingman,B_Role-v0.1,B_QuadraticTanh-v1,7,4,26.6666666667,122,Provisional,False,2026-08-11,-0.148571366439,0.142018529421,-0.25783965216,1.6936796758,63.8997459732,66.0314289007,63.0524943661,78.0956517944,64,66,63,78
1554,伊代野貴照,2009,兄弟,Swingman,B_Role-v0.1,B_QuadraticTanh-v1,6,4,21,109,Provisional,False,2026-08-11,-0.420408743734,-0.539043038064,-0.524000364777,-0.191154757473,61.7351356194,60.7334202539,60.8622308134,63.5733205096,62,61,61,64
1559,希爾法,2009,Lamigo,Swingman,B_Role-v0.1,B_QuadraticTanh-v1,4,4,20,86,Provisional,False,2026-08-11,-0.478121574664,0.905299571719,0.203646617233,-0.468683668862,61.2519112854,71.8336916395,66.4843792881,61.3314711135,61,72,66,61
1560,李金木,2010,兄弟,Swingman,B_Role-v0.1,B_QuadraticTanh-v1,12,9,45.3333333333,189,Regular,False,2026-08-11,0.24147612277,0.13384379307,-0.0852802074763,-1.00125809183,66.7639635847,65.9715856681,64.3758668763,56.5571443782,67,66,64,57
1560,李金木,2011,兄弟,Swingman,B_Role-v0.1,B_QuadraticTanh-v1,28,18,100.333333333,452,Regular,False,2026-08-11,-0.491820366776,-1.01655210506,0.849613079923,-0.555187149035,61.1360645399,56.4128979095,71.3983937415,60.5946148583,61,56,71,61
1560,李金木,2012,統一7-ELEVEn獅 / 兄弟,Swingman,B_Role-v0.1,B_QuadraticTanh-v1,9,6,29.6666666667,151,Provisional,False,2026-08-11,-0.0703471628505,-2.65952279071,-0.446562419263,-0.656435034875,64.4866090399,41.1828832997,61.5171303797,59.7112128349,64,41,62,60
1579,威廉,2010,統一7-ELEVEn獅,Swingman,B_Role-v0.1,B_QuadraticTanh-v1,48,16,139,591,Regular,False,2026-08-11,1.20901913224,1.02794949214,0.631208780184,-0.14763685662,74.2299129237,72.7972722153,69.7067171199,63.9068549904,74,73,70,64
1580,曾秉緯,2010,兄弟,RP,B_Role-v0.1,B_QuadraticTanh-v1,40,0,49,225,Regular,False,2026-08-11,-1.81598038671,0.397438107079,-0.0321513389694,-1.09585470148,48.6753181458,67.9284903666,64.7670666065,55.6602618251,49,68,65,56
1581,高津臣吾,2010,興農,RP,B_Role-v0.1,B_QuadraticTanh-v1,40,0,43,168,Regular,False,2026-08-11,0.457441138445,1.10554746018,-0.743378838588,0.515208405838,68.3813541934,73.4099321579,58.9358144534,68.8197346379,68,73,59,69
1582,張耿豪,2010,興農,Swingman,B_Role-v0.1,B_QuadraticTanh-v1,38,14,115,473,Regular,False,2026-08-11,0.337846906501,-0.349427583132,0.404736014208,1.43304684609,67.4813415112,62.3184473547,67.9834315834,76.0138830631,67,62,68,76
1582,張耿豪,2011,興農,Swingman,B_Role-v0.1,B_QuadraticTanh-v1,52,1,93.6666666667,420,Regular,False,2026-08-11,-1.71981621849,0.253422401017,-0.27284961856,-0.639892144414,49.6036503176,66.8524940692,62.9336628455,59.8570324194,50,67,63,60
1582,張耿豪,2012,興農,Swingman,B_Role-v0.1,B_QuadraticTanh-v1,46,4,62.6666666667,298,Regular,False,2026-08-11,-0.260004205199,-0.360945008365,-0.668877804722,-0.0168510715339,63.0353939026,62.2246411796,59.6011647982,64.8782752337,63,62,60,65
1582,張耿豪,2013,義大,RP,B_Role-v0.1,B_QuadraticTanh-v1,26,0,36.6666666667,171,Regular,False,2026-08-11,-1.00205864792,0.151866688816,0.686574780194,-1.40392163484,56.5496015702,66.1035973994,70.1330237255,52.6823981108,57,66,70,53
1582,張耿豪,2016,義大,RP,B_Role-v0.1,B_QuadraticTanh-v1,58,0,42,193,Regular,False,2026-08-11,-0.412699248319,-0.35912860316,-0.815196940414,-0.693663094807,61.7990856367,62.2394571732,58.2844968681,59.3810244692,62,62,58,59
1582,張耿豪,2017,富邦悍將,RP,B_Role-v0.1,B_QuadraticTanh-v1,66,0,54.6666666667,220,Qualified,False,2026-08-11,0.763114048069,-0.383833030367,0.360541356405,-0.824701464261,70.7252801247,62.0372504956,67.6513190025,58.1976091015,71,62,68,58
1582,張耿豪,2018,富邦悍將,RP,B_Role-v0.1,B_QuadraticTanh-v1,42,0,36.3333333333,175,Regular,False,2026-08-11,0.904289898878,-1.89978391326,-0.768479809418,-0.754674943748,71.8257861964,47.8734280327,58.7092446806,58.8339974716,72,48,59,59
1583,威力烈,2010,Lamigo,Swingman,B_Role-v0.1,B_QuadraticTanh-v1,35,14,109,453,Regular,False,2026-08-11,0.33939582527,0.0143731399107,0.372975812213,-0.99249325444,67.4929302645,65.1035793886,67.7446148799,56.6396699828,67,65,68,57
1584,黃佳明,2010,兄弟,Swingman,B_Role-v0.1,B_QuadraticTanh-v1,33,5,62.3333333333,276,Regular,False,2026-08-11,0.0498320513349,-1.10471943853,-0.73167382738,-0.922571386497,65.3599005507,55.5756738942,59.0410628225,57.2941542468,65,56,59,57
1585,羅曼,2010,兄弟,Swingman,B_Role-v0.1,B_QuadraticTanh-v1,32,24,193,807,Regular,False,2026-08-11,-1.1715261726,0.956060840743,2.68077542889,1.33366694796,54.935581557,72.2317230553,85.8232072695,75.2213673445,55,72,86,75
1585,羅曼,2011,兄弟,Swingman,B_Role-v0.1,B_QuadraticTanh-v1,33,26,203.666666667,840,Regular,False,2026-08-11,0.549119450516,0.09532387208,4.23069570486,1.75249020546,69.0781297432,65.6903666978,96.2362453549,78.5651222716,69,66,96,79
1585,羅曼,2016,Lamigo,Swingman,B_Role-v0.1,B_QuadraticTanh-v1,34,25,157,701,Regular,False,2026-08-11,0.259188063192,0.825670710274,2.52488936894,1.47612961616,66.8952625352,71.2116978574,84.636459753,76.3578259089,67,71,85,76
1585,羅曼,2017,中信兄弟,SP,B_Role-v0.1,B_QuadraticTanh-v1,23,22,137.333333333,588,Qualified,False,2026-08-11,0.30081250288,0.87310092779,0.730329848244,-0.194296753919,67.2048028863,71.5818178362,70.4711962043,63.5490437101,67,72,70,64
1586,麥格倫,2010,兄弟,SP,B_Role-v0.1,B_QuadraticTanh-v1,28,27,192,765,Qualified,False,2026-08-11,0.517982038779,-0.203434381028,1.49748868052,0.302319449235,68.8408403293,63.4782925971,76.5283994972,67.2160347335,69,63,77,67
1586,麥格倫,2012,兄弟,SP,B_Role-v0.1,B_QuadraticTanh-v1,29,28,165.333333333,718,Qualified,False,2026-08-11,-0.548022826469,-0.987560447139,0.47056887054,-1.23946110487,60.6562845369,56.6860691902,68.4807746686,54.2805083339,61,57,68,54
1587,銳,2010,Lamigo,SP,B_Role-v0.1,B_QuadraticTanh-v1,25,24,162.666666667,670,Qualified,False,2026-08-11,-0.24945541118,0.429224005856,0.814163017542,1.82176418847,63.1186170516,68.1680681403,71.1220662286,79.1175756048,63,68,71,79
1587,銳,2011,Lamigo,SP,B_Role-v0.1,B_QuadraticTanh-v1,29,27,183,753,Qualified,False,2026-08-11,0.355670442021,1.4707776304,0.987782886703,1.35194503689,67.6148039945,76.3150902832,72.4810239865,75.3670161032,68,76,72,75
1587,銳,2012,Lamigo,SP,B_Role-v0.1,B_QuadraticTanh-v1,18,18,108.333333333,468,Regular,False,2026-08-11,-0.0883618109975,1.47983345115,0.268083428051,1.05540523924,64.3529377617,76.3874023716,66.9612982962,73.0137976911,64,76,67,73
1587,銳,2014,Lamigo,SP,B_Role-v0.1,B_QuadraticTanh-v1,17,17,103.666666667,420,Regular,False,2026-08-11,-0.369034853334,0.561282671304,-0.10378565987,0.142490817326,62.1585549739,69.1709958504,64.2377837321,66.0348880159,62,69,64,66
1588,梅森,2010,Lamigo,SP,B_Role-v0.1,B_QuadraticTanh-v1,24,24,154,678,Qualified,False,2026-08-11,0.211074869691,2.44592820846,0.625994370119,-1.15621303583,66.5391870662,84.0288660054,69.6666625961,55.0826885951,67,84,70,55
1589,顏政財,2010,兄弟,Swingman,B_Role-v0.1,B_QuadraticTanh-v1,22,1,33.3333333333,158,Provisional,False,2026-08-11,-1.20036080722,-2.22312082952,-1.24398770525,-0.391626432571,54.6580055312,44.8736489158,54.2367305687,61.973149937,55,45,54,62
1590,陳逸宸,2010,統一7-ELEVEn獅,Swingman,B_Role-v0.1,B_QuadraticTanh-v1,19,7,50,224,Regular,False,2026-08-11,-0.0210314107226,1.00439926629,-0.544619784712,-1.64118616067,64.8479555509,72.6117746547,60.6855375784,50.36742966,65,73,61,50
1590,陳逸宸,2011,統一7-ELEVEn獅,Swingman,B_Role-v0.1,B_QuadraticTanh-v1,23,7,58.3333333333,249,Regular,False,2026-08-11,-0.653902850097,1.0833287755,-0.52186097843,-0.915231726663,59.7335696296,73.2342924486,60.8805089715,57.3624378997,60,73,61,57
1590,陳逸宸,2012,統一7-ELEVEn獅,Swingman,B_Role-v0.1,B_QuadraticTanh-v1,13,10,50.3333333333,227,Regular,False,2026-08-11,-0.00482291616593,-1.36328989225,0.240905465025,-1.25807949856,64.9652424503,53.0783976706,66.7597374635,54.1003524611,65,53,67,54
1591,陳子生,2012,Lamigo,RP,B_Role-v0.1,B_QuadraticTanh-v1,25,0,28.3333333333,128,Provisional,False,2026-08-11,-0.881822877874,0.0205299288362,-0.895417447616,0.657133045526,57.6721954407,65.148004619,57.5463623358,69.9061003251,58,65,58,70
1591,陳子生,2013,Lamigo,RP,B_Role-v0.1,B_QuadraticTanh-v1,52,0,39,176,Regular,False,2026-08-11,-1.1473672789,0.177466515616,-1.02383982346,-0.501206216994,55.167564942,66.2915765393,56.3440556988,61.0564409085,55,66,56,61
1592,威力,2010,統一7-ELEVEn獅,SP,B_Role-v0.1,B_QuadraticTanh-v1,10,10,68.6666666667,298,Provisional,False,2026-08-11,-0.149033377355,0.0790979302023,0.126494300023,-0.0214757514076,63.896230488,65.5722896583,65.9178320169,64.8447299174,64,66,66,65
1599,悍猛,2011,Lamigo,SP,B_Role-v0.1,B_QuadraticTanh-v1,21,20,126,552,Qualified,False,2026-08-11,-1.46645378246,-0.582657293436,-0.269450269061,0.388851328345,52.0721530493,60.3571071875,62.9606259361,67.8638959842,52,60,63,68
1621,林家瑋,2011,Lamigo,Swingman,B_Role-v0.1,B_QuadraticTanh-v1,60,2,66.6666666667,313,Regular,False,2026-08-11,-0.89777594724,0.936915117899,-1.16404961496,-0.16375288658,57.5245019111,72.0814639437,55.007433113,63.7839279115,58,72,55,64
1621,林家瑋,2012,Lamigo,Swingman,B_Role-v0.1,B_QuadraticTanh-v1,62,3,89.6666666667,392,Regular,False,2026-08-11,-0.571837099722,0.578328289101,-0.0797918570329,1.31034781469,60.4508561816,69.3013005741,64.4166392217,75.0356359421,60,69,64,75
1622,陳煥揚,2011,興農,Swingman,B_Role-v0.1,B_QuadraticTanh-v1,57,10,123,546,Regular,False,2026-08-11,0.410737765281,0.448089397181,0.475199634516,1.1797343841,68.0286439511,68.3106042703,68.515873588,73.9975237291,68,68,69,74
1622,陳煥揚,2012,興農,RP,B_Role-v0.1,B_QuadraticTanh-v1,63,0,86.3333333333,386,Qualified,False,2026-08-11,-0.279473445791,0.505703956956,1.92447240313,-0.0996082857369,62.8810382097,68.7474508208,79.9350823377,64.2690361105,63,69,80,64
1622,陳煥揚,2013,義大,RP,B_Role-v0.1,B_QuadraticTanh-v1,51,0,58,258,Qualified,False,2026-08-11,0.633016804302,0.545644244852,0.731613406767,0.0131237564497,69.7206093622,69.0516143599,70.481132881,65.0945684121,70,69,70,65
1623,官大元,2011,兄弟,Swingman,B_Role-v0.1,B_QuadraticTanh-v1,45,3,114.333333333,503,Regular,False,2026-08-11,-0.350379149102,-0.730643313793,0.52755042168,1.35544896602,62.3107096238,59.0503164338,68.913689631,75.3949435659,62,59,69,75
1623,官大元,2012,兄弟,RP,B_Role-v0.1,B_QuadraticTanh-v1,57,0,89.6666666667,398,Qualified,False,2026-08-11,-0.398265735796,-0.226839857575,2.3215637652,-0.523624529585,61.9184248206,63.2960622758,83.0641353154,60.8654425655,62,63,83,61
1623,官大元,2013,兄弟,Swingman,B_Role-v0.1,B_QuadraticTanh-v1,65,2,92.3333333333,370,Regular,False,2026-08-11,1.45937962874,-0.709952116094,-0.0644361180597,0.51708803447,76.2240852094,59.2356827644,64.5302753359,68.8340369248,76,59,65,69
1623,官大元,2014,中信兄弟,RP,B_Role-v0.1,B_QuadraticTanh-v1,33,0,33,156,Regular,False,2026-08-11,-0.1523200354,-1.96645026591,-0.694737945401,-0.400036945622,63.871205409,47.2414697592,59.371450033,61.9038073096,64,47,59,62
1623,官大元,2015,中信兄弟,RP,B_Role-v0.1,B_QuadraticTanh-v1,59,0,59,247,Qualified,False,2026-08-11,1.07779049856,-0.672777103571,1.18467904794,-0.269356805964,73.1905383267,59.5666134087,74.0367456241,62.9613668493,73,60,74,63
1623,官大元,2016,中信兄弟,RP,B_Role-v0.1,B_QuadraticTanh-v1,34,0,40.3333333333,193,Regular,False,2026-08-11,0.456471638687,-3.08235030527,0.56225376287,-0.137969339125,68.3740166515,38.1388917886,69.1784142842,63.980259695,68,38,69,64
1623,官大元,2018,中信兄弟,RP,B_Role-v0.1,B_QuadraticTanh-v1,27,0,31.3333333333,144,Regular,False,2026-08-11,0.0846681813235,-1.80228117496,0.431699979324,-0.747069450863,65.6127989369,48.8070866395,68.1867607184,58.9025756431,66,49,68,59
1623,官大元,2019,中信兄弟,RP,B_Role-v0.1,B_QuadraticTanh-v1,41,0,54.6666666667,242,Qualified,False,2026-08-11,1.05212207358,0.0210018248832,3.22609015871,-2.01957497683,72.9878908763,65.1514110523,89.808624508,46.7422802488,73,65,90,47
1623,官大元,2021,中信兄弟,RP,B_Role-v0.1,B_QuadraticTanh-v1,49,0,66,270,Qualified,False,2026-08-11,0.928037383453,-2.49410485931,2.60963978948,-1.28871434761,72.0118439004,42.5232795976,85.283873661,53.80341725,72,43,85,54
1623,官大元,2022,中信兄弟,Swingman,B_Role-v0.1,B_QuadraticTanh-v1,18,4,45.3333333333,194,Regular,False,2026-08-11,0.19028973537,-0.577269600384,-0.241624588626,-1.6940669652,66.3859422108,60.4038194533,63.1802100671,49.853383735,66,60,63,50
1624,鄭錡鴻,2011,兄弟,Swingman,B_Role-v0.1,B_QuadraticTanh-v1,36,12,89,376,Regular,False,2026-08-11,-0.413317473472,-0.349655521427,0.0155928710531,-0.714868541603,61.7939627642,62.3165940627,65.1123778499,59.1917130091,62,62,65,59
1624,鄭錡鴻,2012,兄弟,Swingman,B_Role-v0.1,B_QuadraticTanh-v1,32,18,111,500,Regular,False,2026-08-11,0.644574495773,1.02617474125,1.290796842,0.187420495463,69.8094618457,72.7832856305,74.8799979556,66.3648157541,70,73,75,66
1624,鄭錡鴻,2013,兄弟,Swingman,B_Role-v0.1,B_QuadraticTanh-v1,24,12,63,315,Regular,False,2026-08-11,-2.57111555266,-1.08696474543,-0.0353526993942,-0.556138515846,41.8895937573,55.7450030094,64.7437154063,60.5864170442,42,56,65,61
1624,鄭錡鴻,2014,中信兄弟,Swingman,B_Role-v0.1,B_QuadraticTanh-v1,19,4,44.6666666667,203,Regular,False,2026-08-11,-3.28123165424,-0.395430538508,-0.727268134593,0.668791626218,36.9117545626,61.9418073584,59.0806099991,69.9958980438,37,62,59,70
1624,鄭錡鴻,2016,中信兄弟,Swingman,B_Role-v0.1,B_QuadraticTanh-v1,25,17,80.6666666667,392,Regular,False,2026-08-11,-1.22506261387,1.56529751864,0.513739143028,-0.382273978082,54.4196584714,77.0700802726,68.8085565235,62.0500558147,54,77,69,62
1624,鄭錡鴻,2017,中信兄弟,Swingman,B_Role-v0.1,B_QuadraticTanh-v1,13,7,44,195,Regular,False,2026-08-11,-0.363658989873,0.379375105423,-0.0507892048545,-1.79157462759,62.2024886285,67.7926737056,64.6307200681,48.9101896255,62,68,65,49
1624,鄭錡鴻,2018,中信兄弟,Swingman,B_Role-v0.1,B_QuadraticTanh-v1,51,1,38.6666666667,190,Provisional,False,2026-08-11,-0.71174688874,1.2415771038,-1.10322176782,-0.806984811111,59.2196367777,74.4885400918,55.5899708048,58.3594428694,59,74,56,58
1625,鄭承浩,2011,Lamigo,Swingman,B_Role-v0.1,B_QuadraticTanh-v1,34,10,83.6666666667,364,Regular,False,2026-08-11,1.016210129,0.365242418027,-0.0905151153883,-0.479742667311,72.7047781782,67.6865775579,64.3369003433,61.2382248793,73,68,64,61
1625,鄭承浩,2012,Lamigo,Swingman,B_Role-v0.1,B_QuadraticTanh-v1,30,18,109,503,Regular,False,2026-08-11,0.437055181576,0.688410951403,1.32618980814,-0.402258515924,68.2272052718,70.1471929634,75.1618027313,61.8854622653,68,70,75,62
1625,鄭承浩,2013,Lamigo,Swingman,B_Role-v0.1,B_QuadraticTanh-v1,36,5,58.6666666667,265,Regular,False,2026-08-11,0.28755994932,-0.445396969505,-0.625909904979,-0.232913278524,67.1061026635,61.5268797337,59.9798382277,63.2485405468,67,62,60,63
1625,鄭承浩,2014,Lamigo,Swingman,B_Role-v0.1,B_QuadraticTanh-v1,17,2,32.3333333333,145,Provisional,False,2026-08-11,-0.682735818929,-1.46044733067,-1.27754790792,-1.36491183365,59.4782309765,52.1307957102,53.9117195148,53.0626010865,59,52,54,53
1625,鄭承浩,2016,Lamigo,Swingman,B_Role-v0.1,B_QuadraticTanh-v1,36,1,42,201,Regular,False,2026-08-11,0.508326378944,-0.348729160309,-1.17019037821,-1.26833565312,68.7673889223,62.3241251968,54.9484226451,54.0010096019,69,62,55,54
1625,鄭承浩,2017,Lamigo,RP,B_Role-v0.1,B_QuadraticTanh-v1,41,0,42.3333333333,186,Regular,False,2026-08-11,1.10735396051,0.489082191043,0.403654819159,-0.936280321602,73.4242198865,68.6211855037,67.9752895143,57.1663963982,73,69,68,57
1626,羅國華,2011,兄弟,RP,B_Role-v0.1,B_QuadraticTanh-v1,32,0,40,174,Regular,False,2026-08-11,1.41032641008,-2.66262787359,0.38239345001,-0.579717923326,75.8325768495,41.1584783442,67.8153520654,60.3825998778,76,41,68,60
1626,羅國華,2012,兄弟,RP,B_Role-v0.1,B_QuadraticTanh-v1,34,0,27.6666666667,121,Provisional,False,2026-08-11,0.6770028471,-0.644200827822,-1.54547017703,0.404335376,70.0591915792,59.819107321,51.3006390595,67.98041443,70,60,51,68
1626,羅國華,2013,兄弟,RP,B_Role-v0.1,B_QuadraticTanh-v1,31,0,44.6666666667,183,Regular,False,2026-08-11,0.783830081428,0.933803037339,1.09343385059,-0.796282604985,70.8861335871,72.0570547725,73.3141528615,58.4569352465,71,72,73,58
1626,羅國華,2014,中信兄弟,RP,B_Role-v0.1,B_QuadraticTanh-v1,33,0,41.3333333333,164,Regular,False,2026-08-11,1.66549327646,-0.418551858902,0.0892367312836,-1.03998201713,77.8705425826,61.7505515093,65.6460435119,56.1913296678,78,62,66,56
1626,羅國華,2015,中信兄弟,RP,B_Role-v0.1,B_QuadraticTanh-v1,39,0,43,196,Regular,False,2026-08-11,0.944135497618,-1.25130898916,0.173714211974,-0.352305322824,72.1381122373,54.1658937069,66.2639892336,62.2950398922,72,54,66,62
1627,李居冠,2011,Lamigo,Swingman,B_Role-v0.1,B_QuadraticTanh-v1,32,5,54.6666666667,249,Regular,False,2026-08-11,0.411734894554,-0.28640723114,-1.05397671339,-1.29556485673,68.0361580552,62.8258302383,56.0586587822,53.7369377401,68,63,56,54
1627,李居冠,2012,兄弟,Swingman,B_Role-v0.1,B_QuadraticTanh-v1,52,1,49.6666666667,218,Regular,False,2026-08-11,0.607915183772,0.547306775521,-1.12222368421,-0.382649737929,69.5279173032,69.0642982703,55.4083984697,62.046970046,70,69,55,62
1628,羅政龍,2011,興農,Swingman,B_Role-v0.1,B_QuadraticTanh-v1,27,14,91.6666666667,447,Regular,False,2026-08-11,-2.67266099909,0.731514789695,0.582174987459,-0.400885503041,41.079817844,70.4803694037,69.3307323915,61.8968015988,41,70,69,62
1628,羅政龍,2012,興農,Swingman,B_Role-v0.1,B_QuadraticTanh-v1,25,9,43,231,Regular,False,2026-08-11,-3.21937095915,0.623085775187,-0.90418324638,-0.43254662677,37.2790892568,69.6443274721,57.4650699403,61.6341628347,37,70,57,62
1629,羅伯特,2011,統一7-ELEVEn獅,SP,B_Role-v0.1,B_QuadraticTanh-v1,26,24,159.666666667,687,Qualified,False,2026-08-11,-1.34225739605,0.000859309848535,0.379870565923,-0.533961014837,53.2831430695,65.0061873632,67.7963958903,60.7769945659,53,65,68,61
1630,泰勒,2011,兄弟,SP,B_Role-v0.1,B_QuadraticTanh-v1,23,21,143,609,Qualified,False,2026-08-11,-1.02592296789,1.54893868469,0.380868804216,-0.136091843863,56.3243650491,76.9393852905,67.8038957831,63.9944861101,56,77,68,64
1631,蔡璟豪,2011,統一7-ELEVEn獅,Swingman,B_Role-v0.1,B_QuadraticTanh-v1,19,12,75,336,Regular,False,2026-08-11,0.608357369103,0.224186577819,0.57985753984,0.82648214031,69.5313083457,66.6360387851,69.3130000271,71.2180204849,70,67,69,71
1631,蔡璟豪,2012,統一7-ELEVEn獅,Swingman,B_Role-v0.1,B_QuadraticTanh-v1,13,6,40.3333333333,193,Regular,False,2026-08-11,-0.931307095186,0.9097500446,-0.318816806038,0.475966377206,57.212776071,71.8685430693,62.5661516442,68.5216865582,57,72,63,69
1632,廖文揚,2011,統一7-ELEVEn獅,Swingman,B_Role-v0.1,B_QuadraticTanh-v1,16,6,39,175,Provisional,False,2026-08-11,-1.26296390836,1.21030473337,-0.93856962176,0.50039144433,54.053049987,74.2401200907,57.145034293,68.7070744453,54,74,57,69
1632,廖文揚,2012,統一7-ELEVEn獅,Swingman,B_Role-v0.1,B_QuadraticTanh-v1,46,8,106,467,Regular,False,2026-08-11,-0.733009044716,0.175638208757,0.650128122397,0.984239575348,59.0290700723,66.2781331858,69.8521854832,72.453156811,59,66,70,72
1632,廖文揚,2013,統一7-ELEVEn獅,Swingman,B_Role-v0.1,B_QuadraticTanh-v1,32,10,82.6666666667,357,Regular,False,2026-08-11,-1.41379107078,1.49709848813,0.333444853657,0.347655101367,52.5861352776,76.5252831377,67.4484160383,67.5547554975,53,77,67,68
1632,廖文揚,2014,統一7-ELEVEn獅,SP,B_Role-v0.1,B_QuadraticTanh-v1,23,21,130.333333333,578,Qualified,False,2026-08-11,-2.02094217987,-1.13982795045,-0.271089117998,-0.636981481955,46.7294890684,55.2398457082,62.9476305715,59.8826303195,47,55,63,60
1632,廖文揚,2015,統一7-ELEVEn獅,SP,B_Role-v0.1,B_QuadraticTanh-v1,23,19,115,523,Regular,False,2026-08-11,-2.18046224569,-1.63770532454,-0.751891143201,-0.608143119628,45.2588301203,50.4013135722,58.8591113719,60.1352910619,45,50,59,60
1632,廖文揚,2016,統一7-ELEVEn獅,Swingman,B_Role-v0.1,B_QuadraticTanh-v1,22,17,94,455,Regular,False,2026-08-11,-1.03783198089,-1.09571823447,1.25916174003,-1.55293757531,56.2116907443,55.6615633272,74.6283327301,51.2277517516,56,56,75,51
1632,廖文揚,2017,統一7-ELEVEn獅,SP,B_Role-v0.1,B_QuadraticTanh-v1,17,15,75,340,Provisional,False,2026-08-11,-0.823208411477,-1.64485316756,-1.45867253919,-1.45276220168,58.2112685623,50.3317391511,52.1481227922,52.2058221173,58,50,52,52
1632,廖文揚,2021,味全龍,RP,B_Role-v0.1,B_QuadraticTanh-v1,25,0,28.6666666667,135,Provisional,False,2026-08-11,0.102200106582,-0.129745527685,-0.0515517794857,-1.75644010108,65.7404741125,64.042503711,64.6251209039,49.2492236138,66,64,65,49
1633,格林,2011,統一7-ELEVEn獅,SP,B_Role-v0.1,B_QuadraticTanh-v1,11,11,73.3333333333,295,Provisional,False,2026-08-11,0.269210681382,0.376503325213,0.671942637206,1.29676024729,66.9696710667,67.7711028193,70.0201818857,74.9274622347,67,68,70,75
1634,杜拉克,2011,Lamigo,SP,B_Role-v0.1,B_QuadraticTanh-v1,11,10,69.6666666667,293,Provisional,False,2026-08-11,-0.095118382608,-0.299959709571,-0.100161903269,-0.213121245108,64.3025734656,62.7175676761,64.2648970459,63.4030476913,64,63,64,63
1635,奔薩,2011,Lamigo,SP,B_Role-v0.1,B_QuadraticTanh-v1,10,10,65,283,Provisional,False,2026-08-11,-0.0228081511344,-0.363204090268,0.220585281378,-1.19288660035,64.8350542365,62.2062029651,66.6094233167,54.7300251854,65,62,67,55
1636,郭駿傑,2014,Lamigo,Swingman,B_Role-v0.1,B_QuadraticTanh-v1,11,6,45.6666666667,195,Regular,False,2026-08-11,0.487726878643,0.680904408326,0.3291418471,0.0131981563171,68.6108983653,70.0892794065,67.416245655,65.09510497,69,70,67,65
1636,郭駿傑,2016,Lamigo,Swingman,B_Role-v0.1,B_QuadraticTanh-v1,24,2,42,192,Regular,False,2026-08-11,0.861933519418,-1.10260603246,-0.883911332103,-0.347097256235,71.494574828,55.5958479665,57.6528836186,62.3373870517,71,56,58,62
1637,邁克爾,2011,統一7-ELEVEn獅,SP,B_Role-v0.1,B_QuadraticTanh-v1,10,10,54,212,Provisional,False,2026-08-11,1.51432663446,-0.867348046758,-2.31630807232,1.30456721263,76.6628882778,57.8058496158,44.0457114404,74.9896107822,77,58,44,75
1638,高米茲,2011,兄弟,Swingman,B_Role-v0.1,B_QuadraticTanh-v1,9,6,43,182,Regular,False,2026-08-11,1.20321389245,-1.2808780485,0.446612018583,1.20807309387,74.1838270235,53.8794288014,68.2994329155,74.2224020282,74,54,68,74
1639,將軍,2011,統一7-ELEVEn獅,SP,B_Role-v0.1,B_QuadraticTanh-v1,8,8,52.3333333333,210,Provisional,False,2026-08-11,1.49785614166,0.616467010446,0.185232310725,-1.43601104967,76.5313343174,69.5935214017,66.3487085347,52.3693279261,77,70,66,52
1641,增菘瑋,2012,兄弟,SP,B_Role-v0.1,B_QuadraticTanh-v1,15,14,84.3333333333,357,Regular,False,2026-08-11,0.941395757952,-0.436057611112,-0.467573677742,-1.43419879041,72.1166146403,61.6048898797,61.3408144607,52.3870144177,72,62,61,52
1641,增菘瑋,2013,兄弟,SP,B_Role-v0.1,B_QuadraticTanh-v1,28,27,152,658,Qualified,False,2026-08-11,-0.761787801527,-0.214792116072,-0.00462373370141,-1.7322760333,58.7697636081,63.3900437876,64.9666791969,49.4829627217,59,63,65,49
1641,增菘瑋,2017,富邦悍將,RP,B_Role-v0.1,B_QuadraticTanh-v1,45,0,40.3333333333,182,Regular,False,2026-08-11,0.727847509186,-1.2988581015,-0.264050804495,-0.424544588411,70.4519817694,53.7049693495,63.0033923007,61.700769976,70,54,63,62
1643,酷力,2011,Lamigo,Swingman,B_Role-v0.1,B_QuadraticTanh-v1,5,4,22.6666666667,110,Provisional,False,2026-08-11,0.81242589151,-0.862273358583,-0.0703806292385,0.107467853264,71.108541868,57.8526260794,64.4863615417,65.7788879504,71,58,64,66
1660,洪宸宇,2017,中信兄弟,Swingman,B_Role-v0.1,B_QuadraticTanh-v1,31,9,59.3333333333,276,Regular,False,2026-08-11,-1.45414736478,0.545857324895,-0.526657174144,-0.814316115937,52.1922999228,69.0532399054,60.8395175761,58.2925411602,52,69,61,58
1660,洪宸宇,2018,中信兄弟,Swingman,B_Role-v0.1,B_QuadraticTanh-v1,25,8,33.3333333333,173,Provisional,False,2026-08-11,-0.929319917442,0.77075494284,-0.984890103227,-1.13561424596,57.231297885,70.7845825877,56.7111732155,55.2802186014,57,71,57,55
1667,黃中辰,2012,Lamigo,RP,B_Role-v0.1,B_QuadraticTanh-v1,19,0,33,153,Regular,False,2026-08-11,2.09833239767,-0.880450211104,0.907392368283,-1.3078961313,81.3125800255,57.6848845972,71.8500791034,53.6172034525,81,58,72,54
1667,黃中辰,2013,Lamigo,RP,B_Role-v0.1,B_QuadraticTanh-v1,33,0,44,179,Regular,False,2026-08-11,0.607260458275,-0.533139566509,0.696931892263,-2.34533390026,69.5228965515,60.7840323932,70.2129723684,43.7918418246,70,61,70,44
1668,傅于剛,2012,統一7-ELEVEn獅,RP,B_Role-v0.1,B_QuadraticTanh-v1,48,0,67.6666666667,263,Qualified,False,2026-08-11,1.34456436679,1.54672450547,1.27756629123,1.04275271782,75.3081964238,76.921696123,74.7747191161,72.9139808142,75,77,75,73
1668,傅于剛,2013,統一7-ELEVEn獅,RP,B_Role-v0.1,B_QuadraticTanh-v1,58,0,64.6666666667,263,Qualified,False,2026-08-11,-0.310470243848,-0.074800695904,0.996969283871,1.66244497636,62.6332829871,64.4536461719,72.5532961035,77.8461944969,63,64,73,78
1668,傅于剛,2014,統一7-ELEVEn獅,RP,B_Role-v0.1,B_QuadraticTanh-v1,56,0,61.6666666667,248,Qualified,False,2026-08-11,2.45579247131,-2.15104890666,0.843188024796,-0.0461899095105,84.1049900387,45.5265267355,71.3482651065,64.6644560212,84,46,71,65
1668,傅于剛,2015,統一7-ELEVEn獅,RP,B_Role-v0.1,B_QuadraticTanh-v1,34,0,39,155,Regular,False,2026-08-11,0.0221669573608,-0.90639836321,-0.00441882922101,0.860428162628,65.1598225393,57.4445083361,64.9681571019,71.4828191241,65,57,65,71
1668,傅于剛,2016,統一7-ELEVEn獅,RP,B_Role-v0.1,B_QuadraticTanh-v1,31,0,30.6666666667,122,Regular,False,2026-08-11,0.460074423709,-0.0948242481773,-0.831885841803,0.185390484161,68.401287226,64.3047685804,58.1318277973,66.349872716,68,64,58,66
1668,傅于剛,2017,統一7-ELEVEn獅,RP,B_Role-v0.1,B_QuadraticTanh-v1,20,0,20,99,Provisional,False,2026-08-11,0.0634498181247,-1.63561203645,-0.862521397559,-0.864295308353,65.4586344551,50.4216929813,57.8503407396,57.8339936236,65,50,58,58
1668,傅于剛,2018,統一7-ELEVEn獅,RP,B_Role-v0.1,B_QuadraticTanh-v1,37,0,34,155,Regular,False,2026-08-11,-0.138212032228,0.20743628659,-0.672249998797,0.628877205323,63.9784200322,66.5123349191,59.5712858398,69.6888050492,64,67,60,70
1668,傅于剛,2019,統一7-ELEVEn獅,RP,B_Role-v0.1,B_QuadraticTanh-v1,29,0,28,121,Provisional,False,2026-08-11,0.499231131196,-2.70643576115,-0.563264411884,0.544727611046,68.6982583409,40.8172451613,60.524950493,69.0446218823,69,41,61,69
1668,傅于剛,2020,統一7-ELEVEn獅,RP,B_Role-v0.1,B_QuadraticTanh-v1,43,0,51,233,Qualified,False,2026-08-11,0.546121466267,0.0574081620767,1.47985529311,-0.0262688360206,69.0552550293,65.414810081,76.3875767907,64.8099001776,69,65,76,65
1669,林彥峰,2012,興農,Swingman,B_Role-v0.1,B_QuadraticTanh-v1,45,3,58.6666666667,279,Regular,False,2026-08-11,0.812529987407,0.423635287191,-0.777518630617,-0.394640153909,71.1093522612,68.1258917751,58.6273717047,61.9483223558,71,68,59,62
1669,林彥峰,2013,義大,RP,B_Role-v0.1,B_QuadraticTanh-v1,15,0,20.3333333333,95,Provisional,False,2026-08-11,0.73119065893,0.542643655719,-0.149552357327,-1.02552030571,70.4778600744,69.0287266325,63.8922808342,56.3281715941,70,69,64,56
1669,林彥峰,2014,義大,RP,B_Role-v0.1,B_QuadraticTanh-v1,33,0,32,137,Regular,False,2026-08-11,0.397187663605,0.0309521850244,-0.788814906603,-1.15598567184,67.9266056305,65.2232850167,58.5248416986,55.0848711275,68,65,59,55
1670,湯瑪仕,2012,兄弟,RP,B_Role-v0.1,B_QuadraticTanh-v1,41,0,48,178,Regular,False,2026-08-11,0.63594134184,1.54671010637,0.0730156745109,2.72965478872,69.7430847458,76.9215810884,65.5280876922,86.191507732,70,77,66,86
1670,湯瑪仕,2013,兄弟,RP,B_Role-v0.1,B_QuadraticTanh-v1,45,0,46,196,Regular,False,2026-08-11,1.61832145375,0.982540166673,-0.12226873297,2.48851080543,77.4937143672,72.4397932387,64.0989347741,84.3570385065,77,72,64,84
1671,迪薩猛,2012,Lamigo,Swingman,B_Role-v0.1,B_QuadraticTanh-v1,28,22,146.333333333,629,Regular,False,2026-08-11,-0.190541970232,0.827562144673,2.82405474478,2.38286852139,63.5780521872,71.2264363453,86.8971988309,83.5408164259,64,71,87,84
1672,強納森,2012,統一7-ELEVEn獅,SP,B_Role-v0.1,B_QuadraticTanh-v1,27,27,166.666666667,682,Qualified,False,2026-08-11,-0.318057969285,1.18425911855,1.06334236214,0.92270233065,62.5722622492,74.0334144088,73.0764440614,71.970022631,63,74,73,72
1672,強納森,2013,統一7-ELEVEn獅,SP,B_Role-v0.1,B_QuadraticTanh-v1,11,11,56.3333333333,261,Provisional,False,2026-08-11,-0.704658867088,0.583581931323,-1.64083147506,0.194147880678,59.2829698898,69.341499548,50.3708820803,66.4143607643,59,69,50,66
1673,林煜清,2012,兄弟,SP,B_Role-v0.1,B_QuadraticTanh-v1,26,26,147.333333333,654,Qualified,False,2026-08-11,-1.60765836215,-0.302600352278,0.241297414084,1.03010522956,50.6940023071,62.6964186113,66.7626400933,72.8142629151,51,63,67,73
1673,林煜清,2013,兄弟,SP,B_Role-v0.1,B_QuadraticTanh-v1,26,26,157.666666667,693,Qualified,False,2026-08-11,-1.32756257729,0.654212220408,0.887555490183,1.30808363747,53.4260773468,69.8836160082,71.6948288851,75.0176077813,53,70,72,75
1673,林煜清,2014,中信兄弟,SP,B_Role-v0.1,B_QuadraticTanh-v1,23,23,148,631,Qualified,False,2026-08-11,-0.0360581286087,0.495312524803,0.931090014281,-0.10291423689,64.7385660722,68.6684914047,72.0357790164,64.2443070809,65,69,72,64
1673,林煜清,2015,中信兄弟,SP,B_Role-v0.1,B_QuadraticTanh-v1,14,14,72.3333333333,336,Provisional,False,2026-08-11,-0.612119800623,-1.20707092314,-1.01481743869,-0.419126921424,60.1005546013,54.593308623,56.4292739935,61.7457782172,60,55,56,62
1673,林煜清,2017,中信兄弟,Swingman,B_Role-v0.1,B_QuadraticTanh-v1,37,3,57,279,Regular,False,2026-08-11,-1.23549243532,0.133501428516,-0.757500737114,0.685104524966,54.318877901,65.9690806203,58.8084899378,70.121679578,54,66,59,70
1673,林煜清,2018,富邦悍將,Swingman,B_Role-v0.1,B_QuadraticTanh-v1,24,5,41,191,Regular,False,2026-08-11,-0.617755832731,1.24790380587,-0.683839848246,-0.369003405012,60.0512661879,74.5388271213,59.468420597,62.1588121895,60,75,59,62
1674,鎌田祐哉,2012,統一7-ELEVEn獅,SP,B_Role-v0.1,B_QuadraticTanh-v1,26,25,171.333333333,701,Qualified,False,2026-08-11,1.55697115994,-0.827289783779,1.62349489718,1.25594554809,77.0035581164,58.173920274,77.5350458336,74.6027595675,77,58,78,75
1675,李金龍,2012,興農,RP,B_Role-v0.1,B_QuadraticTanh-v1,25,0,33,160,Regular,False,2026-08-11,-1.01976790967,0.31089072607,-0.240691770871,-0.873992409903,56.3825288174,67.2799532027,63.1875364539,57.7445407519,56,67,63,58
1676,盧劭禹,2012,兄弟,Swingman,B_Role-v0.1,B_QuadraticTanh-v1,25,7,63.3333333333,299,Regular,False,2026-08-11,0.818221107843,-0.798119661729,-0.11346244615,-1.05138001163,71.1536664014,58.4402149406,64.1652055246,56.0832938544,71,58,64,56
1677,林晨樺,2012,興農,SP,B_Role-v0.1,B_QuadraticTanh-v1,24,20,125,547,Qualified,False,2026-08-11,-1.26797698781,-2.5624984375,-0.553190278937,-0.106668549344,54.0044848709,41.9596801817,60.611815133,64.2161880653,54,42,61,64
1677,林晨樺,2013,義大,SP,B_Role-v0.1,B_QuadraticTanh-v1,28,25,136,573,Qualified,False,2026-08-11,0.890498491003,-1.01743182501,-0.948188631514,-0.274947844719,71.7178503394,56.4045914328,57.0551920011,62.9170051891,72,56,57,63
1677,林晨樺,2014,義大,Swingman,B_Role-v0.1,B_QuadraticTanh-v1,25,14,81.3333333333,359,Regular,False,2026-08-11,1.02797388225,-1.31092869672,0.660854524459,0.52915512578,72.797464439,53.5877449762,69.9347554189,68.9259131097,73,54,70,69
1677,林晨樺,2015,義大,Swingman,B_Role-v0.1,B_QuadraticTanh-v1,12,1,23,107,Provisional,False,2026-08-11,0.00846546000464,0.832209428137,-1.08134574066,-0.291589329002,65.0609835235,71.262656657,55.7985187713,62.7844890266,65,71,56,63
1677,林晨樺,2016,義大,Swingman,B_Role-v0.1,B_QuadraticTanh-v1,40,2,58,259,Regular,False,2026-08-11,0.324182964817,-0.938102446096,-0.752676203376,-0.30701629815,67.3791893162,57.1493942728,58.8520304628,62.6610113889,67,57,59,63
1677,林晨樺,2017,富邦悍將,RP,B_Role-v0.1,B_QuadraticTanh-v1,36,0,35.3333333333,160,Regular,False,2026-08-11,1.19453272979,-1.16738449208,-0.174120462523,-0.483616454512,74.1149268872,54.9753904991,63.7044797113,61.2054949097,74,55,64,61
1677,林晨樺,2018,富邦悍將,RP,B_Role-v0.1,B_QuadraticTanh-v1,41,0,43,183,Regular,False,2026-08-11,0.666307243448,-1.18992145014,0.42800214085,-1.45016570147,69.9767558391,54.7585834621,68.1588451815,52.231168919,70,55,68,52
1677,林晨樺,2019,富邦悍將,Swingman,B_Role-v0.1,B_QuadraticTanh-v1,18,1,24.6666666667,121,Provisional,False,2026-08-11,-0.46722109689,0.103487610339,-1.28739988594,-0.409683855036,61.3437817054,65.7498607356,53.816170029,61.8240592132,61,66,54,62
1677,林晨樺,2020,富邦悍將,RP,B_Role-v0.1,B_QuadraticTanh-v1,45,0,50.6666666667,226,Qualified,False,2026-08-11,1.57305439556,-1.86573707665,1.05499807862,-0.917785173021,77.1320536069,48.1982899924,73.010584654,57.338691549,77,48,73,57
1678,菲利浦,2012,Lamigo,Swingman,B_Role-v0.1,B_QuadraticTanh-v1,21,1,42.6666666667,183,Regular,False,2026-08-11,0.732451660798,1.37769968404,-0.766731561567,-0.371511088941,70.4876227258,75.5723345341,58.7250628724,62.138294194,70,76,59,62
1679,石孝榮,2012,兄弟,RP,B_Role-v0.1,B_QuadraticTanh-v1,20,0,27.3333333333,127,Provisional,False,2026-08-11,-0.168567592356,-0.579740016664,-0.338654057736,-1.1350474697,63.7470679117,60.3824083358,62.405895429,55.2856477129,64,60,62,55
1680,黃志龍,2012,統一7-ELEVEn獅,Swingman,B_Role-v0.1,B_QuadraticTanh-v1,18,7,40.3333333333,206,Regular,False,2026-08-11,-0.190378203069,0.981237345625,-0.717582737112,-1.16903959377,63.5793165574,72.429549095,59.1674186398,54.9594839082,64,72,59,55
1681,岡薩雷茲,2012,兄弟,Swingman,B_Role-v0.1,B_QuadraticTanh-v1,16,10,85,381,Regular,False,2026-08-11,0.476953465421,0.126256719736,1.61402322879,2.27978066811,68.5291706524,65.9160951384,77.4593746936,82.7380813025,69,66,77,83
1682,許文錚,2012,興農,Swingman,B_Role-v0.1,B_QuadraticTanh-v1,16,7,44,209,Regular,False,2026-08-11,-1.9494857251,-0.515385742668,-0.407222037712,-1.09466116697,47.4017288051,60.9357678938,61.8444317524,55.6716440057,47,61,62,56
1683,林旺億,2012,Lamigo,Swingman,B_Role-v0.1,B_QuadraticTanh-v1,15,3,20.6666666667,114,Provisional,False,2026-08-11,-2.01924957313,-0.18458575345,-1.51768058466,0.0951395962483,46.7453250638,63.6239915071,51.5719474369,65.6890244331,47,64,52,66
1684,摩爾,2012,Lamigo,SP,B_Role-v0.1,B_QuadraticTanh-v1,13,13,80.3333333333,353,Regular,False,2026-08-11,0.0167517795788,0.523814528413,0.174837133891,-0.175403419975,65.1207388032,68.8852389501,66.2722438391,63.6946282428,65,69,66,64
1685,狄納多,2012,Lamigo,SP,B_Role-v0.1,B_QuadraticTanh-v1,10,10,58,266,Provisional,False,2026-08-11,0.499970814272,0.517206651819,-0.522879304712,-1.494191144,68.7038783758,68.8349395761,60.8718100442,51.8013142142,69,69,61,52
1687,安東尼,2012,統一7-ELEVEn獅,SP,B_Role-v0.1,B_QuadraticTanh-v1,9,9,53.6666666667,238,Provisional,False,2026-08-11,-1.05249259167,0.773246682424,-0.367874206689,0.654774463042,56.0727397406,70.8039282274,62.1680462777,69.8879437169,56,71,62,70
1689,羅力,2012,Lamigo,SP,B_Role-v0.1,B_QuadraticTanh-v1,8,7,50.3333333333,200,Provisional,False,2026-08-11,1.65039921678,0.608406618583,0.000937657868998,0.455545158811,77.7499750579,69.531686039,65.0067515322,68.3670053179,78,70,65,68
1689,羅力,2013,Lamigo,SP,B_Role-v0.1,B_QuadraticTanh-v1,34,34,218,931,Qualified,False,2026-08-11,0.761967733562,0.13771490908,2.11760911241,0.800179058369,70.7163860663,65.9999171567,81.4646839046,71.0132383122,71,66,81,71
1689,羅力,2015,義大,SP,B_Role-v0.1,B_QuadraticTanh-v1,30,29,190.666666667,793,Qualified,False,2026-08-11,0.940275813722,-0.319376473059,1.5919148383,0.439143989089,72.1078278406,62.5616439399,77.2827403331,68.2429862958,72,63,77,68
1689,羅力,2016,義大,SP,B_Role-v0.1,B_QuadraticTanh-v1,31,29,190,807,Qualified,False,2026-08-11,0.574503053426,-0.027489785907,1.97630123478,0.519393786522,69.2720423754,64.8010177217,80.346677716,68.8515848734,69,65,80,69
1689,羅力,2017,富邦悍將,SP,B_Role-v0.1,B_QuadraticTanh-v1,25,25,160.666666667,640,Qualified,False,2026-08-11,1.32412426262,1.43902207606,1.42500977239,1.71360265646,75.1453499133,76.0615743259,75.9497413727,78.2547295551,75,76,76,78
1689,羅力,2018,富邦悍將,SP,B_Role-v0.1,B_QuadraticTanh-v1,26,26,161,664,Qualified,False,2026-08-11,2.39761942129,-0.535238959947,1.36880782304,1.82751553367,83.6551941531,60.7660426523,75.5014361317,79.1634085143,84,61,76,79
1689,羅力,2019,富邦悍將,SP,B_Role-v0.1,B_QuadraticTanh-v1,26,26,171.666666667,679,Qualified,False,2026-08-11,1.15070513292,0.998771725275,1.95267249822,1.42467548966,73.7674004135,72.5674804154,80.159120215,75.9470737114,74,73,80,76
1689,羅力,2020,富邦悍將,SP,B_Role-v0.1,B_QuadraticTanh-v1,23,23,136.666666667,608,Qualified,False,2026-08-11,1.29586770898,0.202297200241,0.725339163719,0.427121516548,74.9203578291,66.4744277488,70.4325695347,68.1521986611,75,66,70,68
1689,羅力,2021,富邦悍將,SP,B_Role-v0.1,B_QuadraticTanh-v1,25,25,157.333333333,659,Qualified,False,2026-08-11,1.25304560373,-0.194043726774,1.29860357809,-0.000824691935339,74.5797030557,63.5509997077,74.9421352482,64.994061266,75,64,75,65
1689,羅力,2022,富邦悍將,SP,B_Role-v0.1,B_QuadraticTanh-v1,12,11,63.6666666667,257,Provisional,False,2026-08-11,0.545933631797,0.505170582714,-1.12186652838,1.03833795526,69.053822043,68.7433961823,55.4118147825,72.8791662475,69,69,55,73
1696,邱品睿,2013,兄弟,RP,B_Role-v0.1,B_QuadraticTanh-v1,35,0,42.3333333333,182,Regular,False,2026-08-11,-1.5522893715,-4.12626936432,0.224399900568,0.0245731803223,51.234078345,33.1358789357,66.637615682,65.177197711,51,33,67,65
1696,邱品睿,2015,中信兄弟,Swingman,B_Role-v0.1,B_QuadraticTanh-v1,15,3,37,159,Provisional,False,2026-08-11,-1.50116533957,1.45401454968,-0.504501767123,0.346859848949,51.7332120958,76.1812528116,61.0284355449,67.5488003496,52,76,61,68
1711,真田裕貴,2013,兄弟,RP,B_Role-v0.1,B_QuadraticTanh-v1,67,0,72.3333333333,295,Qualified,False,2026-08-11,1.20764474036,0.685203324056,1.30707472134,0.931127456544,74.2190012726,70.1224418493,75.0095747651,72.0360726198,74,70,75,72
1712,謝長融,2013,Lamigo,RP,B_Role-v0.1,B_QuadraticTanh-v1,51,0,40.3333333333,197,Regular,False,2026-08-11,-0.37858764867,0.986207935096,-0.885888283444,-1.34322488333,62.080309859,72.4686367931,57.6345964145,53.2737289864,62,72,58,53
1713,邱子愷,2013,統一7-ELEVEn獅,RP,B_Role-v0.1,B_QuadraticTanh-v1,45,0,42.6666666667,190,Regular,False,2026-08-11,-1.05218181604,-0.466262733776,-0.468149597543,0.326715379816,56.0756879599,61.351845612,61.3359670173,67.3981109946,56,61,61,67
1713,邱子愷,2014,統一7-ELEVEn獅,RP,B_Role-v0.1,B_QuadraticTanh-v1,38,0,39.6666666667,170,Regular,False,2026-08-11,-0.751252369504,0.358824977975,-0.292535636171,0.123238956299,58.8648719877,67.6384500709,62.7769322541,65.8940373549,59,68,63,66
1713,邱子愷,2015,統一7-ELEVEn獅,RP,B_Role-v0.1,B_QuadraticTanh-v1,35,0,23.3333333333,117,Provisional,False,2026-08-11,-0.452543477019,0.929297521933,-1.83459328121,-1.30781868677,61.4670463393,72.021723916,48.4965755044,53.617955687,61,72,48,54
1713,邱子愷,2016,統一7-ELEVEn獅,RP,B_Role-v0.1,B_QuadraticTanh-v1,29,0,33.3333333333,163,Regular,False,2026-08-11,0.856286335724,0.858180483141,0.0308342896131,-1.449002932,71.4504802225,71.4652684746,65.2224329127,52.2425194764,71,71,65,52
1714,柴克,2013,義大,RP,B_Role-v0.1,B_QuadraticTanh-v1,31,0,36.3333333333,150,Regular,False,2026-08-11,1.08139988444,0.800585682173,-0.16177896439,1.34338478918,73.2190524003,71.0164013744,63.799021738,75.2987967248,73,71,64,75
1715,德本,2013,Lamigo,RP,B_Role-v0.1,B_QuadraticTanh-v1,27,0,37.3333333333,151,Regular,False,2026-08-11,1.0977390997,0.0452011038401,0.610769632325,0.40797320371,73.348187772,65.3263616383,69.5498097241,68.0078147149,73,65,70,68
1716,陳鴻文,2013,兄弟,Swingman,B_Role-v0.1,B_QuadraticTanh-v1,26,15,112.666666667,458,Regular,False,2026-08-11,1.63043389797,-0.609103670946,1.81547263145,2.32785164869,77.590481489,60.1269036889,79.0674312384,83.1131229596,78,60,79,83
1716,陳鴻文,2014,中信兄弟,Swingman,B_Role-v0.1,B_QuadraticTanh-v1,27,16,118,486,Regular,False,2026-08-11,1.3982401894,1.37233115596,2.1720395037,0.67974350103,75.7361560836,75.5295276625,81.8933734629,70.0803258577,76,76,82,70
1716,陳鴻文,2015,中信兄弟,RP,B_Role-v0.1,B_QuadraticTanh-v1,50,0,55,247,Qualified,False,2026-08-11,-0.15680593491,-1.05553399451,0.942825798978,2.16337208129,63.8370022457,56.0438808384,72.1278351718,81.8251913741,64,56,72,82
1716,陳鴻文,2016,中信兄弟,RP,B_Role-v0.1,B_QuadraticTanh-v1,53,0,61,262,Qualified,False,2026-08-11,1.15559269782,-0.597164790614,1.50365194777,1.94145826502,73.8061282526,60.2310121372,76.5776250784,80.0700523728,74,60,77,80
1716,陳鴻文,2017,中信兄弟,Swingman,B_Role-v0.1,B_QuadraticTanh-v1,38,7,69.6666666667,307,Regular,False,2026-08-11,1.09099916166,-2.11061690028,-0.385054778363,0.880499198764,73.2949083321,45.8971822495,62.0272114706,71.6396479351,73,46,62,72
1716,陳鴻文,2018,富邦悍將,Swingman,B_Role-v0.1,B_QuadraticTanh-v1,24,7,50.6666666667,236,Regular,False,2026-08-11,-1.26145954655,-1.4334071811,-0.331716446886,1.03217279792,54.0676205083,52.3947398314,62.4620538046,72.8305603525,54,52,62,73
1716,陳鴻文,2019,富邦悍將,RP,B_Role-v0.1,B_QuadraticTanh-v1,50,0,53,205,Qualified,False,2026-08-11,0.843583916973,0.808419030713,1.5820697981,1.01785851723,71.3513532926,71.0773524163,77.20408261,72.717762575,71,71,77,73
1716,陳鴻文,2020,富邦悍將,RP,B_Role-v0.1,B_QuadraticTanh-v1,53,0,54.6666666667,243,Qualified,False,2026-08-11,0.864506128907,0.217497369345,0.654174806566,-0.169220179606,71.5146674983,66.5866104132,69.8833280321,63.7420671156,72,67,70,64
1716,陳鴻文,2021,富邦悍將,Swingman,B_Role-v0.1,B_QuadraticTanh-v1,41,11,100,419,Regular,False,2026-08-11,0.933238836073,0.344916820912,0.295850941947,0.501168236832,72.0526299923,67.5342522384,67.1678349467,68.7129770574,72,68,67,69
1716,陳鴻文,2022,富邦悍將,Swingman,B_Role-v0.1,B_QuadraticTanh-v1,21,9,63,275,Regular,False,2026-08-11,1.32467724184,0.871576841081,0.381021223554,-0.431711806094,75.1497545161,71.5699077226,67.8050409941,61.64111885,75,72,68,62
1716,陳鴻文,2023,樂天桃猿,Swingman,B_Role-v0.1,B_QuadraticTanh-v1,33,4,50,231,Regular,False,2026-08-11,-0.128194489461,1.05155831094,-1.24054288835,-1.13644149855,64.054222621,72.9834427308,54.2700475175,55.2722938247,64,73,54,55
1716,陳鴻文,2024,樂天桃猿,Swingman,B_Role-v0.1,B_QuadraticTanh-v1,26,5,43.3333333333,186,Regular,False,2026-08-11,0.100557235103,1.12732980111,-0.781384925366,0.231141704756,65.7284987322,73.5822808442,58.5923055368,66.6874705515,66,74,59,67
1717,米吉亞,2013,兄弟,SP,B_Role-v0.1,B_QuadraticTanh-v1,21,18,107.666666667,464,Regular,False,2026-08-11,-0.785569202546,-0.783584984801,-0.967892447551,0.81490901409,58.5543247936,58.5723395187,56.8707370304,71.1278746426,59,59,57,71
1717,米吉亞,2014,Lamigo,RP,B_Role-v0.1,B_QuadraticTanh-v1,55,0,58,235,Qualified,False,2026-08-11,-0.103804904891,1.55409429443,0.645169045087,0.932237472132,64.2376396432,76.9805741661,69.8140347785,72.0447770833,64,77,70,72
1718,吳明旭,2013,兄弟,Swingman,B_Role-v0.1,B_QuadraticTanh-v1,21,1,29,135,Provisional,False,2026-08-11,-0.909325930477,0.345252277082,-1.34017420637,-0.403107985441,57.4173217844,67.5367637089,53.3034120128,61.8784444393,57,68,53,62
1719,波拉斯,2013,Lamigo,SP,B_Role-v0.1,B_QuadraticTanh-v1,21,20,121.333333333,518,Qualified,False,2026-08-11,-0.0316097191822,0.368778795042,0.0476633122949,1.23468920095,64.771014445,67.7131117137,65.3441914424,74.4338033766,65,68,65,74
1720,希克,2013,義大,SP,B_Role-v0.1,B_QuadraticTanh-v1,21,21,133.333333333,556,Qualified,False,2026-08-11,-0.721845583487,1.34850691454,0.939370808745,0.768243415165,59.12923373,75.3396151154,72.100727798,70.7650866767,59,75,72,71
1720,希克,2014,義大,SP,B_Role-v0.1,B_QuadraticTanh-v1,14,14,93,364,Regular,False,2026-08-11,-0.96551153245,1.26704615503,0.426932607552,2.54057648717,56.8930552343,74.6910346666,68.1507729411,84.7566756158,57,75,68,85
1720,希克,2015,義大,SP,B_Role-v0.1,B_QuadraticTanh-v1,19,17,101.666666667,443,Regular,False,2026-08-11,-1.13615924289,1.44770892885,-0.494292689343,2.63505114328,55.2749978079,76.130915026,61.1151105866,85.4769781118,55,76,61,85
1720,希克,2016,中信兄弟,SP,B_Role-v0.1,B_QuadraticTanh-v1,11,11,53.6666666667,267,Provisional,False,2026-08-11,-1.65982541205,0.787787803825,-1.55984640184,1.67256490265,50.1860796425,70.9168899653,51.1603248265,77.9270246375,50,71,51,78
1722,羅錦龍,2013,統一7-ELEVEn獅,SP,B_Role-v0.1,B_QuadraticTanh-v1,19,19,111,476,Regular,False,2026-08-11,0.407821444551,0.622853678212,-0.00343260977529,-0.854160094891,68.0066714656,69.6425454223,64.9752687178,57.9273225634,68,70,65,58
1722,羅錦龍,2014,統一7-ELEVEn獅,SP,B_Role-v0.1,B_QuadraticTanh-v1,12,12,63.3333333333,273,Provisional,False,2026-08-11,0.595005736941,1.47275611687,-1.68554035949,-1.31929082304,69.4289710678,76.3308882352,49.9361693576,53.5064896728,69,76,50,54
1723,路易士,2013,Lamigo,RP,B_Role-v0.1,B_QuadraticTanh-v1,15,0,20,84,Provisional,False,2026-08-11,-0.144331987657,-0.370448928183,-0.253316616699,0.780739064474,63.9319769632,62.1469867409,63.0881881596,70.8621183224,64,62,63,71
1726,馬克,2013,義大,SP,B_Role-v0.1,B_QuadraticTanh-v1,12,12,78,313,Provisional,False,2026-08-11,1.82620127458,1.39765746555,0.416268014268,-0.630749878519,79.1529355886,75.7315077446,68.0703275316,59.937375014,79,76,68,60
1727,郭文凱,2013,Lamigo,Swingman,B_Role-v0.1,B_QuadraticTanh-v1,11,1,23,110,Provisional,False,2026-08-11,-0.729490741991,0.819022179481,-1.09919301174,0.367257852411,59.0606636741,71.1599053004,55.6284175588,67.7016986285,59,71,56,68
1727,郭文凱,2014,Lamigo,RP,B_Role-v0.1,B_QuadraticTanh-v1,14,0,26.3333333333,115,Provisional,False,2026-08-11,-1.14985196376,-0.209516912846,1.02926822394,-0.847655304261,55.1437316578,63.4310740972,72.807665747,57.9871311117,55,63,73,58
1728,邦勝,2014,統一7-ELEVEn獅,RP,B_Role-v0.1,B_QuadraticTanh-v1,40,0,39,170,Regular,False,2026-08-11,0.393689421425,1.0721253031,-0.399897837381,0.328574740428,67.9002840778,73.145792557,61.9049556237,67.4120068736,68,73,62,67
1729,林柏佑,2013,Lamigo,Swingman,B_Role-v0.1,B_QuadraticTanh-v1,9,6,37,157,Provisional,False,2026-08-11,-0.359043143651,-0.722025003225,0.20259954281,0.984357145201,62.2401540449,59.1276257884,66.4766573034,72.4540813839,62,59,66,72
1729,林柏佑,2014,Lamigo,Swingman,B_Role-v0.1,B_QuadraticTanh-v1,19,12,73.6666666667,332,Regular,False,2026-08-11,1.26631014686,1.29093786691,0.83661166821,2.46265325526,74.6851808639,74.8811203247,71.2969770796,84.157899547,75,75,71,84
1729,林柏佑,2015,Lamigo,Swingman,B_Role-v0.1,B_QuadraticTanh-v1,44,1,50,215,Regular,False,2026-08-11,0.944254828539,-0.607560780557,-0.942666632579,2.81391584512,72.1390486512,60.1403749929,57.1067845511,86.8217711791,72,60,57,87
1729,林柏佑,2016,Lamigo,RP,B_Role-v0.1,B_QuadraticTanh-v1,48,0,48,227,Regular,False,2026-08-11,1.32902040317,0.0650843606367,0.270850557292,0.216198473213,75.1843507129,65.4704964393,66.9818531791,66.5770167332,75,65,67,67
1729,林柏佑,2017,Lamigo,RP,B_Role-v0.1,B_QuadraticTanh-v1,55,0,48.3333333333,215,Regular,False,2026-08-11,-0.138214423945,-0.858313952055,0.128328134883,1.0468817425,63.9784019017,57.8890928309,65.9312402517,72.9465486039,64,58,66,73
1729,林柏佑,2018,Lamigo,RP,B_Role-v0.1,B_QuadraticTanh-v1,42,0,36.3333333333,162,Regular,False,2026-08-11,1.78216999498,-0.304453714815,-0.768479809418,0.931966704557,78.801900498,62.6815643189,58.7092446806,72.042653742,79,63,59,72
1729,林柏佑,2019,Lamigo,RP,B_Role-v0.1,B_QuadraticTanh-v1,42,0,36,163,Regular,False,2026-08-11,0.596487617045,-0.00469060050511,-0.598206439572,0.366037788424,69.4403238119,64.9661968844,60.2219409777,67.6925445703,69,65,60,68
1730,王溢正,2014,Lamigo,SP,B_Role-v0.1,B_QuadraticTanh-v1,19,18,108.666666667,468,Regular,False,2026-08-11,-1.06122846245,-0.913207130461,-0.50624674963,-0.314232706941,55.9898178705,57.3812589781,61.0135967301,62.6030433598,56,57,61,63
1730,王溢正,2015,Lamigo,SP,B_Role-v0.1,B_QuadraticTanh-v1,23,22,123.333333333,575,Qualified,False,2026-08-11,-1.32038889603,-1.27853608685,-0.251524777798,-0.240545247778,53.4958169386,53.9021383576,63.1023138714,63.1886870456,53,54,63,63
1730,王溢正,2016,Lamigo,SP,B_Role-v0.1,B_QuadraticTanh-v1,26,23,134,647,Qualified,False,2026-08-11,-0.623308424064,-1.31045576685,-0.27180150461,-0.85664981109,60.0026418575,53.5923393637,62.9419794931,57.9044120784,60,54,63,58
1730,王溢正,2017,Lamigo,SP,B_Role-v0.1,B_QuadraticTanh-v1,22,21,125.333333333,559,Qualified,False,2026-08-11,-0.94559331594,-0.474115523853,0.33437741747,0.624695616939,57.0794458476,61.2857069492,67.4553899859,69.6566888157,57,61,67,70
1730,王溢正,2018,Lamigo,SP,B_Role-v0.1,B_QuadraticTanh-v1,22,22,139.666666667,607,Qualified,False,2026-08-11,0.504296641701,1.32084037061,1.34411411669,-0.227133656429,68.7367530187,75.1191941474,75.3046084882,63.29376566,69,75,75,63
1730,王溢正,2019,Lamigo,SP,B_Role-v0.1,B_QuadraticTanh-v1,25,24,138.666666667,620,Qualified,False,2026-08-11,0.41207337073,-0.998690367159,0.518279663949,-0.00448894678404,68.0387088865,56.5813315872,68.8431053866,64.9676513815,68,57,69,65
1730,王溢正,2020,樂天桃猿,SP,B_Role-v0.1,B_QuadraticTanh-v1,21,20,116.333333333,535,Regular,False,2026-08-11,-0.0956429476886,0.036999315539,0.00902363701894,-0.795229449569,64.2986580676,65.2670079655,65.065006783,58.4665180154,64,65,65,58
1730,王溢正,2021,樂天桃猿,Swingman,B_Role-v0.1,B_QuadraticTanh-v1,34,8,64.6666666667,303,Regular,False,2026-08-11,-0.397137141507,-1.55043229932,-0.665277380823,-0.0797777788991,61.9277349475,51.2522041086,59.6330405413,64.4167437003,62,51,60,64
1730,王溢正,2022,樂天桃猿,Swingman,B_Role-v0.1,B_QuadraticTanh-v1,20,11,63.3333333333,267,Regular,False,2026-08-11,-0.0792400835071,0.813212108371,0.473165005955,-0.249905817563,64.4207337107,71.1146627531,68.5004502665,63.1150695435,64,71,69,63
1737,黃緯晟,2014,Lamigo,RP,B_Role-v0.1,B_QuadraticTanh-v1,52,0,53.6666666667,220,Qualified,False,2026-08-11,0.183798029644,0.792581339059,0.415712021255,-0.803985609906,66.3381529452,70.9541526517,68.0661358011,58.3867847521,66,71,68,58
1737,黃緯晟,2015,Lamigo,RP,B_Role-v0.1,B_QuadraticTanh-v1,54,0,44.6666666667,214,Regular,False,2026-08-11,0.36330010499,0.568088509144,0.146507260644,-1.57097800843,67.6720079611,69.22300038,66.0643127251,51.0517048888,68,69,66,51
1737,黃緯晟,2016,Lamigo,RP,B_Role-v0.1,B_QuadraticTanh-v1,39,0,32.6666666667,156,Regular,False,2026-08-11,0.649015763266,1.18626041342,-1.27625127214,-0.997793334917,69.8436266958,74.0492907184,53.9242904696,56.5897792797,70,74,54,57
1737,黃緯晟,2017,Lamigo,RP,B_Role-v0.1,B_QuadraticTanh-v1,20,0,25,114,Provisional,False,2026-08-11,1.57419157022,-0.417157930445,0.732922371372,-1.33766989232,77.141139087,61.7621184738,70.4912671847,53.3277757959,77,62,70,53
1737,黃緯晟,2019,Lamigo,RP,B_Role-v0.1,B_QuadraticTanh-v1,30,0,23.6666666667,133,Provisional,False,2026-08-11,-1.26655842121,0.522068721681,-1.94062399654,-1.45718476393,54.0182291738,68.8719469659,47.48559809,52.1626475,54,69,47,52
1737,黃緯晟,2020,樂天桃猿,RP,B_Role-v0.1,B_QuadraticTanh-v1,21,0,22.3333333333,117,Provisional,False,2026-08-11,-0.680008065769,-0.0547613412392,-0.818848783336,-1.10098217307,59.5024592696,64.6015372331,58.2511312928,55.6113456354,60,65,58,56
1737,黃緯晟,2021,樂天桃猿,RP,B_Role-v0.1,B_QuadraticTanh-v1,26,0,26.3333333333,113,Provisional,False,2026-08-11,0.831628757026,0.382645868829,-0.770119641226,-1.47656726752,71.2581303925,67.8172489217,58.6944023274,51.9734054279,71,68,59,52
1737,黃緯晟,2022,樂天桃猿,RP,B_Role-v0.1,B_QuadraticTanh-v1,17,0,21.3333333333,88,Provisional,False,2026-08-11,1.2766631931,-0.263981917971,0.247778758481,-1.34880930142,74.7675342979,63.0039374284,66.8106564003,53.2193820678,75,63,67,53
1737,黃緯晟,2023,樂天桃猿,RP,B_Role-v0.1,B_QuadraticTanh-v1,38,0,31.3333333333,133,Regular,False,2026-08-11,-0.297527154889,1.06820662118,-0.936787835629,-1.33144039324,62.7370344283,73.114847983,57.1616613134,53.3883682861,63,73,57,53
1737,黃緯晟,2024,樂天桃猿,RP,B_Role-v0.1,B_QuadraticTanh-v1,40,0,37,152,Regular,False,2026-08-11,0.872289053569,-0.729385907514,-0.0628565612569,0.252664299559,71.5754732341,59.0616047019,64.5419275898,66.8468726032,72,59,65,67
1738,馬卡龍,2013,統一7-ELEVEn獅,Swingman,B_Role-v0.1,B_QuadraticTanh-v1,4,4,22,94,Provisional,False,2026-08-11,-0.851860811991,-0.650761587436,0.609353181923,1.24479463338,57.9484714967,59.7612857242,69.5389455088,74.5141130458,58,60,70,75
1759,郭泓志,2014,統一7-ELEVEn獅,RP,B_Role-v0.1,B_QuadraticTanh-v1,50,0,48.6666666667,213,Regular,False,2026-08-11,-0.864823982514,1.4018033859,0.127004502628,3.13985338423,57.8291207318,75.7645803813,65.921562118,89.1980614792,58,76,66,89
1759,郭泓志,2018,富邦悍將,RP,B_Role-v0.1,B_QuadraticTanh-v1,37,0,34,146,Regular,False,2026-08-11,-2.19080523154,0.0874422411171,-0.672249998797,2.0159448523,45.1651005419,65.6329831491,59.5712858398,80.6609946055,45,66,60,81
1763,林羿豪,2014,義大,RP,B_Role-v0.1,B_QuadraticTanh-v1,59,0,65,282,Qualified,False,2026-08-11,-0.179805826157,0.0428073833139,1.00437704777,1.59256099792,63.6607900021,65.309032914,72.6115997487,77.287902871,64,65,73,77
1763,林羿豪,2015,義大,RP,B_Role-v0.1,B_QuadraticTanh-v1,60,0,54,255,Qualified,False,2026-08-11,-2.95652907819,1.30310511183,0.859798989389,0.83543588632,38.9840410123,74.9779705766,71.4779060785,71.2878095905,39,75,71,71
1763,林羿豪,2016,義大,RP,B_Role-v0.1,B_QuadraticTanh-v1,35,0,29.6666666667,148,Provisional,False,2026-08-11,-0.696083320782,0.259561196505,-1.45861647284,-0.332787733921,59.3594626242,66.8980312711,52.1486701559,62.4533898673,59,67,52,62
1763,林羿豪,2017,富邦悍將,RP,B_Role-v0.1,B_QuadraticTanh-v1,33,0,29.6666666667,129,Provisional,False,2026-08-11,-2.22952097869,-0.684950045129,-0.851797304179,0.749886177683,44.8161827183,59.4585529562,57.9490555198,70.6226906597,45,59,58,71
1763,林羿豪,2018,富邦悍將,RP,B_Role-v0.1,B_QuadraticTanh-v1,22,0,20,81,Provisional,False,2026-08-11,-0.463489322769,-0.204810836803,-1.54999624273,0.182846174702,61.3751696542,63.4676157743,51.2564602754,66.3311487098,61,63,51,66
1763,林羿豪,2019,富邦悍將,RP,B_Role-v0.1,B_QuadraticTanh-v1,52,0,49.6666666667,212,Regular,False,2026-08-11,-0.472518418868,0.870239058742,0.856252756536,1.56062386618,61.2991699424,71.5594544125,71.450218074,77.0327406912,61,72,71,77
1763,林羿豪,2020,富邦悍將,RP,B_Role-v0.1,B_QuadraticTanh-v1,46,0,44.3333333333,209,Regular,False,2026-08-11,-1.83839807983,0.271784844797,-0.332355860685,0.112445604281,48.4600799263,66.9887946516,62.45688295,65.8152089609,48,67,62,66
1764,林國裕,2014,Lamigo,Swingman,B_Role-v0.1,B_QuadraticTanh-v1,37,1,48.3333333333,213,Regular,False,2026-08-11,-0.762771356484,-0.326087278772,-1.23927406232,0.731368489996,58.7608740539,62.5075317702,54.2823169435,70.4792367853,59,63,54,70
1764,林國裕,2015,Lamigo,RP,B_Role-v0.1,B_QuadraticTanh-v1,40,0,36.3333333333,159,Regular,False,2026-08-11,0.115461573942,0.453047891185,-0.524057469216,-0.467342179114,65.8372258301,68.3481097221,60.8617427915,61.3427627362,66,68,61,61
1764,林國裕,2017,Lamigo,RP,B_Role-v0.1,B_QuadraticTanh-v1,21,0,22.3333333333,101,Provisional,False,2026-08-11,0.381349645645,0.391336921603,-0.406917957074,-0.434106363343,67.8075086697,67.882588392,61.8469471253,61.6211621082,68,68,62,62
1764,林國裕,2018,Lamigo,RP,B_Role-v0.1,B_QuadraticTanh-v1,43,0,38,157,Regular,False,2026-08-11,0.224037637343,-0.981805167739,-0.587521929522,0.212447157904,66.6349378284,56.7401626139,60.3148758016,66.5493171351,67,57,60,67
1765,王梓安,2014,中信兄弟,Swingman,B_Role-v0.1,B_QuadraticTanh-v1,36,6,60,272,Regular,False,2026-08-11,-1.43271531082,0.547982707426,-0.755609679352,0.405962388529,52.4014917849,69.0694556629,58.8255615599,67.9926679727,52,69,59,68
1765,王梓安,2015,中信兄弟,SP,B_Role-v0.1,B_QuadraticTanh-v1,12,11,52.6666666667,252,Provisional,False,2026-08-11,-1.13662053877,0.747925357982,-2.10778912932,-1.20212405573,55.2705785945,70.6074915291,45.9232174884,54.6410084387,55,71,46,55
1765,王梓安,2016,中信兄弟,Swingman,B_Role-v0.1,B_QuadraticTanh-v1,17,1,21,108,Provisional,False,2026-08-11,0.416732121581,-0.805573497814,-1.50199495302,-1.26513789277,68.0738266905,58.3723109292,51.725111054,54.0319911585,68,58,52,54
1766,蕭一傑,2014,義大,Swingman,B_Role-v0.1,B_QuadraticTanh-v1,33,9,85.6666666667,370,Regular,False,2026-08-11,-0.0567260655334,-1.68041096005,0.386734903381,0.391892596911,64.5870865013,49.9859911111,67.8479834157,67.8867678582,65,50,68,68
1766,蕭一傑,2016,義大,RP,B_Role-v0.1,B_QuadraticTanh-v1,21,0,31.6666666667,146,Regular,False,2026-08-11,-0.216858358751,0.233350181053,1.74691584614,0.379722712511,63.3739526499,66.7038099668,78.5206389906,67.7952851113,63,67,79,68
1766,蕭一傑,2017,富邦悍將,RP,B_Role-v0.1,B_QuadraticTanh-v1,18,0,21,89,Provisional,False,2026-08-11,-0.475625370932,0.231315820569,0.100285037359,-1.29526883121,61.2729740364,66.6887586046,65.7265148261,53.7398110321,61,67,66,54
1767,馬帝斯,2014,統一7-ELEVEn獅,SP,B_Role-v0.1,B_QuadraticTanh-v1,28,23,151.666666667,630,Qualified,False,2026-08-11,-0.688775795053,0.492261278872,-0.286452545015,-1.14604310428,59.4245301288,68.6453204723,62.825469036,55.1802640664,59,69,63,55
1768,黃柏揚,2014,義大,RP,B_Role-v0.1,B_QuadraticTanh-v1,28,0,39.6666666667,162,Regular,False,2026-08-11,0.124245609253,-0.440197262127,0.332781984692,-0.698408412111,65.9013944361,61.5703376425,67.4434593396,59.3387374321,66,62,67,59
1769,許銘傑,2014,Lamigo,Swingman,B_Role-v0.1,B_QuadraticTanh-v1,28,14,107,461,Regular,False,2026-08-11,1.2500566708,1.29635911569,1.59605193513,-0.0392324682484,74.5559410738,74.9242692967,77.3157939246,64.7153776417,75,75,77,65
1769,許銘傑,2015,Lamigo,Swingman,B_Role-v0.1,B_QuadraticTanh-v1,19,13,85,403,Regular,False,2026-08-11,-0.450676169483,0.497933225311,1.5374123306,-1.14534767649,61.4826918414,68.6883978889,76.8473024059,55.1869326836,61,69,77,55
1770,黃勝雄,2014,義大,SP,B_Role-v0.1,B_QuadraticTanh-v1,27,25,138.333333333,611,Qualified,False,2026-08-11,-0.787104293928,-0.630968325634,-0.836816830799,0.620494847827,58.5403828081,59.9354573249,58.0866276591,69.624436116,59,60,58,70
1770,黃勝雄,2015,義大,Swingman,B_Role-v0.1,B_QuadraticTanh-v1,37,7,65,303,Regular,False,2026-08-11,-1.70177290745,2.73718243022,-0.30816526256,0.570168107557,49.7786029382,86.2480558167,62.6517908227,69.2388969128,50,86,63,69
1770,黃勝雄,2016,義大,RP,B_Role-v0.1,B_QuadraticTanh-v1,47,0,44,197,Regular,False,2026-08-11,-0.825861428437,0.0797231389833,-0.182514889177,0.053054903274,58.1869943024,65.5768351038,63.6399416261,65.383252707,58,66,64,65
1770,黃勝雄,2017,富邦悍將,RP,B_Role-v0.1,B_QuadraticTanh-v1,25,0,20.6666666667,104,Provisional,False,2026-08-11,-0.63982410826,-0.0654881662688,-1.71663888309,0.429299652857,59.857630966,64.5225106496,49.6344432961,68.1686391789,60,65,50,68
1771,偉克,2014,義大,Swingman,B_Role-v0.1,B_QuadraticTanh-v1,26,5,50.6666666667,218,Regular,False,2026-08-11,-0.104190038282,0.801218179947,-0.815450974496,0.761117409616,64.2347559086,71.0213216445,58.282176603,70.7097890066,64,71,58,71
1772,賈西亞,2014,義大,SP,B_Role-v0.1,B_QuadraticTanh-v1,25,25,161,667,Qualified,False,2026-08-11,2.38321727734,-0.745245689561,1.11802787181,-0.0337267547514,83.5435221282,58.9190042178,73.508662335,64.7555788477,84,59,74,65
1773,*鄭凱文,2014,中信兄弟,SP,B_Role-v0.1,B_QuadraticTanh-v1,22,22,152.666666667,625,Qualified,False,2026-08-11,1.1394213947,0.126891226564,1.624540225,0.183407442161,73.6780184733,65.9207339354,77.5433970417,66.335278712,74,66,78,66
1773,*鄭凱文,2015,中信兄弟,SP,B_Role-v0.1,B_QuadraticTanh-v1,16,16,103,446,Regular,False,2026-08-11,0.517420040394,1.15238218495,0.755461110729,0.194169165424,68.8365634389,73.7806881475,70.6659157633,66.4145175788,69,74,71,66
1773,*鄭凱文,2016,中信兄弟,Swingman,B_Role-v0.1,B_QuadraticTanh-v1,38,20,145,635,Regular,False,2026-08-11,1.69270436965,2.40835016067,1.9225182053,0.326405538565,78.0878634946,83.7383191116,79.9195496115,67.3957956617,78,84,80,67
1773,*鄭凱文,2017,中信兄弟,Swingman,B_Role-v0.1,B_QuadraticTanh-v1,35,15,125.666666667,546,Regular,False,2026-08-11,1.55649221978,1.79217149037,1.49649071304,-1.20457031671,76.999731739,78.8816628292,76.5204290243,54.6174230665,77,79,77,55
1773,*鄭凱文,2018,中信兄弟,RP,B_Role-v0.1,B_QuadraticTanh-v1,56,0,64.6666666667,284,Qualified,False,2026-08-11,1.44244268642,0.599947768408,1.96030889386,0.0686120628929,76.0888776015,69.4668375677,80.2197523062,65.4961051792,76,69,80,65
1773,*鄭凱文,2019,中信兄弟,RP,B_Role-v0.1,B_QuadraticTanh-v1,65,0,65,274,Qualified,False,2026-08-11,1.94708857412,2.06806747593,2.07308362732,-0.929077753852,80.1147746316,81.0734946434,81.1131438321,57.2335546048,80,81,81,57
1773,*鄭凱文,2020,中信兄弟,RP,B_Role-v0.1,B_QuadraticTanh-v1,54,0,55,232,Qualified,False,2026-08-11,1.65736103724,2.43146262847,0.594127099662,-0.312567666627,77.8055857664,83.9171231059,69.422240447,62.6164300294,78,84,69,63
1773,*鄭凱文,2021,中信兄弟,SP,B_Role-v0.1,B_QuadraticTanh-v1,22,21,130,552,Qualified,False,2026-08-11,1.81087828217,-1.35908952246,0.659017861332,-0.486014404147,79.0308096274,53.1193015994,69.9206122235,61.1852169778,79,53,70,61
1773,*鄭凱文,2022,中信兄弟,SP,B_Role-v0.1,B_QuadraticTanh-v1,18,17,108.666666667,424,Regular,False,2026-08-11,1.01142064251,-0.583919152955,0.384909627031,-0.966989021663,72.6670572494,60.3461575261,67.8342625297,56.8792065037,73,60,68,57
1773,*鄭凱文,2023,中信兄弟,SP,B_Role-v0.1,B_QuadraticTanh-v1,17,16,95,416,Regular,False,2026-08-11,1.48267563922,-0.613681938667,-0.0487932770837,-1.14958008498,76.4100989816,60.0869000798,64.6453674444,55.1463398318,76,60,65,55
1773,*鄭凱文,2024,中信兄弟,Swingman,B_Role-v0.1,B_QuadraticTanh-v1,9,6,37.3333333333,158,Provisional,False,2026-08-11,1.27274229152,-0.510348650493,0.393310673595,0.406918682411,74.7363426631,60.9786879726,67.897434833,67.9998710214,75,61,68,68
1773,*鄭凱文,2025,中信兄弟,Swingman,B_Role-v0.1,B_QuadraticTanh-v1,22,6,53.6666666667,243,Regular,False,2026-08-11,1.75884057372,-1.74311533095,0.260676183326,-0.815773699521,78.615793533,49.3780606431,66.9063053916,58.2792287746,79,49,67,58
1774,王則鈞,2014,中信兄弟,Swingman,B_Role-v0.1,B_QuadraticTanh-v1,21,11,73.6666666667,322,Regular,False,2026-08-11,-0.0184640762203,-1.57530985044,0.624842777307,-0.747999675366,64.8665820065,51.009442862,69.6578188821,58.894193702,65,51,70,59
1775,科龍,2014,中信兄弟,Swingman,B_Role-v0.1,B_QuadraticTanh-v1,15,2,25,109,Provisional,False,2026-08-11,-0.411903617813,0.797182120959,-1.58660194184,-0.0741776787563,61.8056772059,70.9899282555,50.8992970333,64.4582607226,62,71,51,64
1776,寇迪,2014,中信兄弟,SP,B_Role-v0.1,B_QuadraticTanh-v1,14,14,98.3333333333,399,Regular,False,2026-08-11,1.0950715663,1.81599197785,0.975573648656,0.918410128036,73.3270989975,79.0715707351,72.3850232658,71.9363854158,73,79,72,72
1777,猛雷特,2014,Lamigo,SP,B_Role-v0.1,B_QuadraticTanh-v1,14,14,83,351,Regular,False,2026-08-11,0.00897448821048,-0.662579483144,-0.601769344517,0.0741869856904,65.0646525143,59.6569086669,60.1908959761,65.5365975307,65,60,60,66
1778,克拉帝,2014,義大,SP,B_Role-v0.1,B_QuadraticTanh-v1,13,13,83.3333333333,341,Regular,False,2026-08-11,-0.0207666875689,-0.241150671501,0.00297182830399,1.70602047512,64.8498770127,63.1839325143,65.0214011365,78.1941925747,65,63,65,78
1779,簡嘉佑,2014,義大,RP,B_Role-v0.1,B_QuadraticTanh-v1,12,0,23.6666666667,109,Provisional,False,2026-08-11,-0.244087442886,0.514912343698,1.2062037568,-1.02083232404,63.1608558084,68.8174820876,74.2075614669,56.3724738566,63,69,74,56
1780,羅嘉仁,2015,義大,RP,B_Role-v0.1,B_QuadraticTanh-v1,49,0,43.3333333333,208,Regular,False,2026-08-11,-0.0458412006411,1.32207496585,0.0186250479891,0.988284137092,64.6670114209,75.1290273004,65.1342560488,72.4849665951,65,75,65,72
1781,桑契斯,2014,中信兄弟,Swingman,B_Role-v0.1,B_QuadraticTanh-v1,11,3,27,116,Provisional,False,2026-08-11,-0.618792279564,0.191050967705,-1.08726753884,1.0813680835,60.042194905,66.3915483691,55.7421181688,73.2188011538,60,66,56,73
1783,賈羅拉加,2014,中信兄弟,Swingman,B_Role-v0.1,B_QuadraticTanh-v1,10,6,50.3333333333,210,Regular,False,2026-08-11,0.502984966153,-0.346664232135,0.945664265737,-2.06847062711,68.7267834392,62.3409049562,72.150109255,46.2866780711,69,62,72,46
1784,洪聖欽,2015,Lamigo,RP,B_Role-v0.1,B_QuadraticTanh-v1,28,0,20.3333333333,98,Provisional,False,2026-08-11,-0.772708543374,-0.237393281746,-2.09493628124,0.587957606568,58.6709597493,63.2134246995,46.0417329039,69.3749940821,59,63,46,69
1784,洪聖欽,2016,Lamigo,Swingman,B_Role-v0.1,B_QuadraticTanh-v1,40,7,59.3333333333,278,Regular,False,2026-08-11,0.0868646743113,-1.59969542539,-0.713112038037,-0.829840012329,65.6287801911,50.7716231348,59.207427594,58.1505687756,66,51,59,58
1784,洪聖欽,2018,Lamigo,RP,B_Role-v0.1,B_QuadraticTanh-v1,31,0,42.6666666667,195,Regular,False,2026-08-11,0.332459349069,0.128368718982,2.11731671878,-1.09960021975,67.4410469061,65.931537018,81.4623778227,55.6245323464,67,66,81,56
1784,洪聖欽,2019,Lamigo,Swingman,B_Role-v0.1,B_QuadraticTanh-v1,29,6,54,250,Regular,False,2026-08-11,0.941329839838,-0.77209128139,0.300739205178,-0.813668350228,72.1160974483,58.6765501892,67.2042566155,58.2984561341,72,59,67,58
1784,洪聖欽,2020,樂天桃猿,Swingman,B_Role-v0.1,B_QuadraticTanh-v1,15,2,27.6666666667,142,Provisional,False,2026-08-11,-0.954811627016,-2.03115413581,-0.785435124228,-1.42947023618,56.9932540173,46.634040977,58.5555423157,52.4331592195,57,47,59,52
1785,泰霸,2016,Lamigo,SP,B_Role-v0.1,B_QuadraticTanh-v1,14,14,76.3333333333,333,Provisional,False,2026-08-11,0.815231404545,-0.325601849838,-0.341621427066,-0.446761936466,71.130384899,62.5114498073,62.3818384169,61.5154610327,71,63,62,62
1789,賴泊凱,2018,統一7-ELEVEn獅,RP,B_Role-v0.1,B_QuadraticTanh-v1,19,0,21,91,Provisional,False,2026-08-11,-0.099752366416,-0.0505854788085,-0.376729923366,-0.968932792965,64.2679589867,64.6322156435,62.0955437295,56.860982527,64,65,62,57
1792,林樺慶,2015,Lamigo,RP,B_Role-v0.1,B_QuadraticTanh-v1,19,0,27.6666666667,124,Provisional,False,2026-08-11,-0.260171097226,-0.850701087514,0.156058961566,-0.276199796812,63.0340749134,57.9591353565,66.134343648,62.9070606372,63,58,66,63
1792,林樺慶,2017,Lamigo,SP,B_Role-v0.1,B_QuadraticTanh-v1,20,18,106.333333333,474,Regular,False,2026-08-11,0.700466782799,-0.501142052043,-0.240324114154,-1.05847311942,70.2402730949,61.0569859308,63.1904234202,56.0159818071,70,61,63,56
1792,林樺慶,2018,Lamigo,SP,B_Role-v0.1,B_QuadraticTanh-v1,14,13,70.6666666667,330,Provisional,False,2026-08-11,-0.949333571737,-3.12518117422,-1.23955715384,-1.86331152335,57.0444891297,37.8633070868,54.2795795776,48.2214838909,57,38,54,48
1808,華納,2015,統一7-ELEVEn獅,RP,B_Role-v0.1,B_QuadraticTanh-v1,48,0,55.6666666667,242,Qualified,False,2026-08-11,0.489979846234,1.97240213723,1.03747627829,1.38492278953,68.6279996113,80.3157385849,72.8723719587,75.6299358859,69,80,73,76
1809,藍斯佛,2015,Lamigo,SP,B_Role-v0.1,B_QuadraticTanh-v1,28,28,178,781,Qualified,False,2026-08-11,0.509774548196,0.979391334404,1.45940004555,-0.575402396267,68.7784012538,72.4150350105,76.2242482131,60.4199937054,69,72,76,60
1809,藍斯佛,2016,義大,Swingman,B_Role-v0.1,B_QuadraticTanh-v1,24,19,108,467,Regular,False,2026-08-11,1.09740354936,-0.29669975973,1.61435533911,2.34352704274,73.3455348732,62.743652298,77.4620280258,83.2351533049,73,63,77,83
1810,何南德,2015,義大,Swingman,B_Role-v0.1,B_QuadraticTanh-v1,25,13,88.6666666667,396,Regular,False,2026-08-11,0.879483203119,-0.809869039608,1.1219508355,0.434523110271,71.6317046659,58.3331341552,73.5397065834,68.2080795411,72,58,74,68
1811,賈斯汀,2015,統一7-ELEVEn獅,SP,B_Role-v0.1,B_QuadraticTanh-v1,22,22,134,592,Qualified,False,2026-08-11,-1.23516893379,1.22723074388,0.6900773394,-0.22609114887,54.3220050389,74.3745457081,70.1600537271,63.301913883,54,74,70,63
1812,克蘭頓,2015,中信兄弟,SP,B_Role-v0.1,B_QuadraticTanh-v1,19,18,131,553,Qualified,False,2026-08-11,1.88043880429,-0.596791320783,1.57230920602,-0.354616370608,79.5848683588,60.2342639176,77.1260999067,62.2762269623,80,60,77,62
1813,艾肯,2015,Lamigo,SP,B_Role-v0.1,B_QuadraticTanh-v1,17,16,105.333333333,459,Regular,False,2026-08-11,-0.232720970557,0.909737403133,0.505680180426,0.651014051413,63.2500467494,71.8684440618,68.7472700708,69.8590025903,63,72,69,70
1814,賽格威,2015,統一7-ELEVEn獅,Swingman,B_Role-v0.1,B_QuadraticTanh-v1,14,2,30.6666666667,136,Provisional,False,2026-08-11,-0.790798488499,-1.18329591552,-0.779938141894,0.255330943865,58.5068140372,54.8223684637,58.6054306247,66.8666483056,59,55,59,67
1814,賽格威,2017,Lamigo,SP,B_Role-v0.1,B_QuadraticTanh-v1,27,26,165,713,Qualified,False,2026-08-11,0.586342632416,0.0346650225133,1.1641335646,-0.235276498046,69.3626305003,65.2501263348,73.8738209606,63.2300233381,69,65,74,63
1814,賽格威,2018,中信兄弟,Swingman,B_Role-v0.1,B_QuadraticTanh-v1,14,10,77,362,Regular,False,2026-08-11,-0.322772526114,-1.77663188206,1.52594007684,-0.179769323907,62.5342742759,49.0542553049,76.7556563716,63.6610707821,63,49,77,64
1815,馬力斯,2015,統一7-ELEVEn獅,SP,B_Role-v0.1,B_QuadraticTanh-v1,11,11,60.3333333333,277,Provisional,False,2026-08-11,-0.366047611247,0.909592800586,-0.780258459878,-0.663793161029,62.1829767034,71.8673115461,58.6025250569,59.6461731693,62,72,59,60
1816,明星,2015,Lamigo,SP,B_Role-v0.1,B_QuadraticTanh-v1,10,9,54.6666666667,240,Provisional,False,2026-08-11,0.681582994952,1.06517536955,-0.861023683107,0.909880844041,70.0945134013,73.0909148909,57.8641385845,71.8695674891,70,73,58,72
1817,賈希亞,2015,Lamigo,Swingman,B_Role-v0.1,B_QuadraticTanh-v1,10,5,31.3333333333,153,Provisional,False,2026-08-11,0.684061415986,1.38759768834,-0.267598752697,-0.50258740001,70.1136319562,75.6512690259,62.9752993231,61.0447067377,70,76,63,61
1818,神盾,2015,Lamigo,SP,B_Role-v0.1,B_QuadraticTanh-v1,10,10,55.6666666667,238,Provisional,False,2026-08-11,0.370094316745,-0.147720135226,-0.736708012937,1.464867666,67.7229847201,63.9062215676,58.9958286629,76.2679019458,68,64,59,76
1818,神盾,2017,富邦悍將,SP,B_Role-v0.1,B_QuadraticTanh-v1,12,12,65.3333333333,304,Provisional,False,2026-08-11,-0.737876225142,-0.847853955318,-0.556421869916,-0.382841493696,58.9853249147,57.9853056565,60.5839750291,62.0453951995,59,58,61,62
1819,布萊文斯,2015,中信兄弟,SP,B_Role-v0.1,B_QuadraticTanh-v1,9,9,55.6666666667,255,Provisional,False,2026-08-11,0.313984186335,-0.0133213247302,-0.0333814488811,-1.56286544096,67.3030359671,64.9038382631,64.7580973704,51.1308631799,67,65,65,51
1821,義凡,2015,義大,SP,B_Role-v0.1,B_QuadraticTanh-v1,9,9,54,233,Provisional,False,2026-08-11,1.28838960766,-1.39722186883,-0.261631914057,0.590205093485,74.8608402371,52.7477303285,63.022526636,69.3922026822,75,53,63,69
1828,銳爾登,2015,Lamigo,Swingman,B_Role-v0.1,B_QuadraticTanh-v1,4,4,22,113,Provisional,False,2026-08-11,0.24694278466,0.292190437654,0.793634654324,-0.852930060451,66.8044612921,67.1405732967,70.9623422397,57.9386375869,67,67,71,58
1828,銳爾登,2017,富邦悍將,SP,B_Role-v0.1,B_QuadraticTanh-v1,10,9,52.3333333333,235,Provisional,False,2026-08-11,0.698610191386,-0.498817714659,-0.901804738228,-0.692153164864,70.2259333397,61.0767226721,57.4871396901,59.3944705916,70,61,57,59
1829,范玉禹,2019,富邦悍將,RP,B_Role-v0.1,B_QuadraticTanh-v1,29,0,31.6666666667,129,Regular,False,2026-08-11,0.190128441486,0.0429684346777,0.469519162292,0.350234302323,66.38475441,65.3101986451,68.4728204684,67.5740728051,66,65,68,68
1829,范玉禹,2021,富邦悍將,Swingman,B_Role-v0.1,B_QuadraticTanh-v1,8,1,27.3333333333,116,Provisional,False,2026-08-11,-0.255623813084,1.05704502735,-0.736869594922,-0.667108233839,63.0699874196,73.0267384009,58.9943759851,59.6168346798,63,73,59,60
1831,郭恆孝,2016,統一7-ELEVEn獅,RP,B_Role-v0.1,B_QuadraticTanh-v1,39,0,44.3333333333,220,Regular,False,2026-08-11,-0.588347456712,0.35509875822,0.56271294921,-0.530484749245,60.3077040656,67.6105195115,69.1819223473,60.8067673902,60,68,69,61
1833,周磊,2016,中信兄弟,RP,B_Role-v0.1,B_QuadraticTanh-v1,20,0,22,116,Provisional,False,2026-08-11,-0.857276764876,0.698001644237,-0.821809425489,0.935304398991,57.8986411958,70.2212335357,58.2240639346,72.068829965,58,70,58,72
1833,周磊,2018,中信兄弟,Swingman,B_Role-v0.1,B_QuadraticTanh-v1,9,7,38,183,Provisional,False,2026-08-11,0.904040625829,-1.63981644921,0.241429104793,-1.86334866667,71.8238345329,50.3807623853,66.7636153737,48.2211286661,72,50,67,48
1837,葉家淇,2019,Lamigo,RP,B_Role-v0.1,B_QuadraticTanh-v1,28,0,23,112,Provisional,False,2026-08-11,-2.08097183744,0.293822287594,-1.80564307523,0.907836265496,46.1708267461,67.1527252283,48.7747333537,71.8535552585,46,67,49,72
1847,彭識穎,2016,中信兄弟,RP,B_Role-v0.1,B_QuadraticTanh-v1,52,0,42,212,Regular,False,2026-08-11,1.77245435646,-0.873532125815,-0.667426520565,-1.16478676899,78.7244042941,57.7487902044,59.6140166593,55.0003511802,79,58,60,55
1847,彭識穎,2017,中信兄弟,RP,B_Role-v0.1,B_QuadraticTanh-v1,35,0,23,106,Provisional,False,2026-08-11,0.878251636666,0.950041641723,-2.29438798361,-0.557504445218,71.6220766708,72.1844663062,44.2387272531,60.5746434942,72,72,44,61
1847,彭識穎,2020,中信兄弟,RP,B_Role-v0.1,B_QuadraticTanh-v1,38,0,37.6666666667,184,Regular,False,2026-08-11,-0.693469135738,-0.156600268391,-0.527628781128,-1.29621256829,59.3827519528,63.8385715524,60.8312072653,53.7306507258,59,64,61,54
1848,*羅華韋,2016,義大,RP,B_Role-v0.1,B_QuadraticTanh-v1,46,0,42.6666666667,204,Regular,False,2026-08-11,-1.8884035551,0.165500914642,-0.296569929165,-1.29769223358,47.9818655592,66.2036451664,62.7446905813,53.716287445,48,66,63,54
1848,*羅華韋,2021,味全龍,RP,B_Role-v0.1,B_QuadraticTanh-v1,39,0,29,120,Provisional,False,2026-08-11,1.0939707911,-0.293684815426,-1.53196952131,-0.0455882426202,73.3183972742,62.7677523611,51.4324351743,64.6688649307,73,63,51,65
1848,*羅華韋,2022,味全龍,RP,B_Role-v0.1,B_QuadraticTanh-v1,39,0,28,110,Provisional,False,2026-08-11,1.15729689731,0.768729277968,-2.33404711079,-0.430695076226,73.8196335777,70.7688579573,43.8903245687,61.649588346,74,71,44,62
1848,*羅華韋,2023,味全龍,RP,B_Role-v0.1,B_QuadraticTanh-v1,34,0,22.6666666667,85,Provisional,False,2026-08-11,-0.0805930274082,-0.575971401767,-2.20138568754,-0.608107077608,64.4106925705,60.4150656234,45.0694412517,60.1356057366,64,60,45,60
1848,*羅華韋,2024,味全龍,RP,B_Role-v0.1,B_QuadraticTanh-v1,30,0,21,106,Provisional,False,2026-08-11,0.155796380786,-0.470601241845,-2.35875870591,-0.640957191368,66.1324174398,61.3153231567,43.6750990612,59.847661439,66,61,44,60
1849,郭勝安,2016,義大,RP,B_Role-v0.1,B_QuadraticTanh-v1,40,0,40.6666666667,187,Regular,False,2026-08-11,-1.99196758312,1.1316821904,-0.11452127925,-0.00902655327235,47.0011765311,73.6167365001,64.1572485434,64.9348948214,47,74,64,65
1850,布魯斯,2016,統一7-ELEVEn獅,SP,B_Role-v0.1,B_QuadraticTanh-v1,30,30,170.333333333,786,Qualified,False,2026-08-11,-0.903168622096,-1.36592466708,0.999316822065,1.4749506136,57.4744855372,53.0527362809,72.5717703093,76.3484113718,57,53,73,76
1850,布魯斯,2017,統一7-ELEVEn獅,SP,B_Role-v0.1,B_QuadraticTanh-v1,26,26,144.666666667,620,Qualified,False,2026-08-11,-0.792709233591,0.40511520696,0.412684346439,1.64478919319,58.4894416649,67.9862873416,68.0433135447,77.7051608111,58,68,68,78
1850,布魯斯,2018,富邦悍將,SP,B_Role-v0.1,B_QuadraticTanh-v1,20,20,102.333333333,466,Regular,False,2026-08-11,-1.08008249365,-0.309716709967,-0.78577825626,0.470969579106,55.8105450614,62.6393349671,58.5524263791,68.4838112538,56,63,59,68
1851,力猛,2016,義大,SP,B_Role-v0.1,B_QuadraticTanh-v1,29,27,152.666666667,672,Qualified,False,2026-08-11,-0.827307073397,0.248874606086,0.10782042674,-0.483500799057,58.173761997,66.8187781887,65.7814598633,61.2064725973,58,67,66,61
1851,力猛,2017,富邦悍將,Swingman,B_Role-v0.1,B_QuadraticTanh-v1,30,23,137,601,Regular,False,2026-08-11,0.794504319061,0.337362949982,2.19239329881,0.486791494377,70.9691043704,67.4777210024,82.0533588592,68.6037993161,71,67,82,69
1852,魔力,2016,中信兄弟,Swingman,B_Role-v0.1,B_QuadraticTanh-v1,26,9,68.6666666667,337,Regular,False,2026-08-11,-0.402161261446,1.71935597911,0.017479300094,0.638753971615,61.8862656137,78.3006612198,65.1259881182,69.7647050293,62,78,65,70
1853,游宗儒,2016,Lamigo,RP,B_Role-v0.1,B_QuadraticTanh-v1,26,0,29,142,Provisional,False,2026-08-11,0.409895142032,0.180420389366,-0.361362811735,-1.19687470484,68.0222947261,66.3133019339,62.2212320978,54.6916026565,68,66,62,55
1854,耐森,2016,中信兄弟,SP,B_Role-v0.1,B_QuadraticTanh-v1,21,19,111,503,Regular,False,2026-08-11,-0.674689323632,1.37406828,-0.277589971493,-0.930160678141,59.5496581523,75.5433784445,62.8960134243,57.2234621615,60,76,63,57
1855,吉爾,2016,統一7-ELEVEn獅,SP,B_Role-v0.1,B_QuadraticTanh-v1,17,16,90.3333333333,412,Regular,False,2026-08-11,0.782848813652,-1.74631315008,-0.438725568215,-0.920622335733,70.8785092046,49.3471287449,61.5826260382,57.3122950222,71,49,62,57
1856,索爾,2016,Lamigo,Swingman,B_Role-v0.1,B_QuadraticTanh-v1,15,10,66.3333333333,318,Regular,False,2026-08-11,-0.0476763352152,0.764719346981,0.851017215139,0.13443409615,64.6535594553,70.7377365556,71.4093515755,65.9759050912,65,71,71,66
1858,達斯汀,2016,統一7-ELEVEn獅,SP,B_Role-v0.1,B_QuadraticTanh-v1,14,13,74.6666666667,350,Provisional,False,2026-08-11,0.62410136944,0.838367226928,-0.563679833756,-1.88259676469,69.6521256361,71.310666326,60.5213636947,48.0372541238,70,71,61,48
1859,拿威,2016,Lamigo,Swingman,B_Role-v0.1,B_QuadraticTanh-v1,13,10,57.3333333333,279,Regular,False,2026-08-11,-1.20578570842,-0.145266761472,0.6885086262,0.543948626864,54.6057031539,63.9248742628,70.1479467485,69.0386798902,55,64,70,69
1860,林政賢,2016,義大,Swingman,B_Role-v0.1,B_QuadraticTanh-v1,11,5,29.3333333333,135,Provisional,False,2026-08-11,-0.960673412952,0.261090125524,-0.654495205325,0.0731624058463,56.938381909,66.9093774351,59.7283408711,65.5291536627,57,67,60,66
1860,林政賢,2017,富邦悍將,SP,B_Role-v0.1,B_QuadraticTanh-v1,17,15,78.3333333333,345,Provisional,False,2026-08-11,-1.90447239769,0.21989890009,-1.23181489706,-0.0673835935534,47.8287989926,66.6043517934,54.3544223428,64.5085136676,48,67,54,65
1861,黃亦志,2017,富邦悍將,SP,B_Role-v0.1,B_QuadraticTanh-v1,14,13,68.6666666667,312,Provisional,False,2026-08-11,-0.356527832158,-1.60522840264,-1.04640889903,-1.98920975543,62.2606568029,50.7176868195,56.1304321729,47.02710136,62,51,56,47
1861,黃亦志,2018,富邦悍將,Swingman,B_Role-v0.1,B_QuadraticTanh-v1,22,11,76.3333333333,353,Regular,False,2026-08-11,0.60545221001,0.945949335137,0.716586744473,-1.44802264335,69.509031423,72.1523464505,70.3648617369,52.2520885724,70,72,70,52
1862,王定穎,2018,統一7-ELEVEn獅,Swingman,B_Role-v0.1,B_QuadraticTanh-v1,25,5,37.6666666667,188,Provisional,False,2026-08-11,-1.69988791205,1.22886485963,-0.829873078177,0.139935853644,49.7968921863,74.3875276268,58.1502659305,66.016177285,50,74,58,66
1862,王定穎,2019,統一7-ELEVEn獅,Swingman,B_Role-v0.1,B_QuadraticTanh-v1,14,3,24.3333333333,128,Provisional,False,2026-08-11,-2.37332428505,1.67894087969,-1.0562934083,-0.58653287106,43.5489277572,77.977947797,56.0366732579,60.3234662689,44,78,56,60
1862,王定穎,2021,味全龍,RP,B_Role-v0.1,B_QuadraticTanh-v1,43,0,36,180,Regular,False,2026-08-11,-3.50848453209,1.6613648883,-0.737030646227,-1.0927761032,35.6730703561,77.8375672456,58.9929280289,55.689617754,36,78,59,56
1862,王定穎,2022,味全龍,RP,B_Role-v0.1,B_QuadraticTanh-v1,47,0,46.6666666667,207,Regular,False,2026-08-11,-1.58441733711,-0.0700636412624,0.684897254985,-1.09501825123,50.9206036663,64.4887056792,70.1200804324,55.6682388256,51,64,70,56
1863,道恩斯,2016,統一7-ELEVEn獅,SP,B_Role-v0.1,B_QuadraticTanh-v1,10,10,52,248,Provisional,False,2026-08-11,-0.904434348198,0.355698369922,-1.0231472784,0.691298558608,57.4627394964,67.6150133063,56.3506006569,70.1694798137,57,68,56,70
1863,道恩斯,2017,Lamigo,SP,B_Role-v0.1,B_QuadraticTanh-v1,25,25,149.666666667,634,Qualified,False,2026-08-11,0.0241170755333,1.03682776038,0.878114926815,1.22116374539,65.1739038131,72.8672586037,71.6210079607,74.3263534698,65,73,72,74
1863,道恩斯,2018,Lamigo,SP,B_Role-v0.1,B_QuadraticTanh-v1,10,10,54.6666666667,244,Provisional,False,2026-08-11,-0.314070301439,-1.20820979476,-0.839509111417,0.822060326995,62.6043493843,54.5823242856,58.0619312532,71.1835699285,63,55,58,71
1864,歐文,2016,中信兄弟,SP,B_Role-v0.1,B_QuadraticTanh-v1,10,10,57.3333333333,260,Provisional,False,2026-08-11,0.665225692793,-0.268853426044,-0.0499422348061,0.499268032072,69.9684236201,62.9653569222,64.636937015,68.6985387011,70,63,65,69
1867,艾迪頓,2018,中信兄弟,SP,B_Role-v0.1,B_QuadraticTanh-v1,27,22,160.333333333,688,Qualified,False,2026-08-11,-0.298821301352,0.904028102609,1.00907953197,0.814810079823,62.7266797751,71.8237364841,72.6486224373,71.1271043128,63,72,73,71
1867,艾迪頓,2019,中信兄弟,SP,B_Role-v0.1,B_QuadraticTanh-v1,14,13,69,318,Provisional,False,2026-08-11,-0.320606975307,1.26469392513,-0.946327521677,-0.865342137465,62.5517303705,74.6723267541,57.0725855193,57.8243443518,63,75,57,58
1871,陳明軒,2017,富邦悍將,SP,B_Role-v0.1,B_QuadraticTanh-v1,13,12,52.3333333333,257,Provisional,False,2026-08-11,-2.45323929732,-0.922720576417,-2.07844746507,0.189855515018,42.8660822205,57.2927654248,46.1941991792,66.3827445732,43,57,46,66
1871,陳明軒,2022,味全龍,Swingman,B_Role-v0.1,B_QuadraticTanh-v1,16,3,24,112,Provisional,False,2026-08-11,-0.114614089535,-1.56372111822,-1.21650339113,-0.197036062236,64.1565509418,51.1225132771,54.5023014673,63.5278569267,64,51,55,64
1872,蘇俊羽,2018,Lamigo,SP,B_Role-v0.1,B_QuadraticTanh-v1,12,10,63.3333333333,286,Provisional,False,2026-08-11,-0.495511109149,1.51799583678,-1.00338735661,-0.890787309839,61.1047787948,76.692197139,56.5370806398,57.5892525223,61,77,57,58
1875,*肯恩,2017,中信兄弟,SP,B_Role-v0.1,B_QuadraticTanh-v1,17,16,96,437,Regular,False,2026-08-11,0.443302055678,0.217882236123,-0.029469393726,0.344123939091,68.2744098909,66.5894533125,64.7866071861,67.528316483,68,67,65,68
1875,*肯恩,2018,Lamigo,SP,B_Role-v0.1,B_QuadraticTanh-v1,25,25,156.333333333,667,Qualified,False,2026-08-11,-0.282512061604,0.605720408427,1.40064683683,-0.377586268013,62.8568594258,69.5110877621,75.7553541853,62.0885225165,63,70,76,62
1877,洪心騏,2018,統一7-ELEVEn獅,Swingman,B_Role-v0.1,B_QuadraticTanh-v1,5,3,21,96,Provisional,False,2026-08-11,1.09903760117,0.134391257741,-0.108839750526,-0.187025857878,73.3584542262,65.9755916198,64.1999086796,63.6051827924,73,66,64,64
1877,洪心騏,2019,統一7-ELEVEn獅,Swingman,B_Role-v0.1,B_QuadraticTanh-v1,10,1,20.3333333333,97,Provisional,False,2026-08-11,-0.310244757497,-1.82211102375,-1.03106217691,1.38953171302,62.6350941236,48.6164071146,56.2757636552,75.666694095,63,49,56,76
1886,羅國華,2017,富邦悍將,RP,B_Role-v0.1,B_QuadraticTanh-v1,29,0,26,126,Provisional,False,2026-08-11,-2.52729598335,0.703737855159,-1.06900267642,-0.150902803421,42.2481571073,70.2655426948,55.9159475186,63.8819999788,42,70,56,64
1886,羅國華,2020,富邦悍將,RP,B_Role-v0.1,B_QuadraticTanh-v1,23,0,23.3333333333,100,Provisional,False,2026-08-11,0.167480342653,-0.399275550978,-1.14478915983,-0.265320926464,66.2181831139,61.9100919126,55.1922880851,62.9933390976,66,62,55,63
1887,吳哲源,2017,中信兄弟,RP,B_Role-v0.1,B_QuadraticTanh-v1,29,0,33,142,Regular,False,2026-08-11,0.175601705039,-0.503640994261,0.471425790136,-0.111409735327,66.2778648059,61.0357527357,68.4872685749,64.1806226647,66,61,68,64
1887,吳哲源,2018,中信兄弟,RP,B_Role-v0.1,B_QuadraticTanh-v1,24,0,30.6666666667,141,Regular,False,2026-08-11,1.36553039541,-1.85269332846,1.06793733463,-0.813440405218,75.4753069163,48.3230937679,73.1127217129,58.3005374046,75,48,73,58
1887,吳哲源,2020,中信兄弟,RP,B_Role-v0.1,B_QuadraticTanh-v1,20,0,21.6666666667,94,Provisional,False,2026-08-11,0.748754878304,-0.525879210003,-0.697312035861,-0.249690223598,70.6139212299,60.8461700929,59.348511543,63.1167676788,71,61,59,63
1887,吳哲源,2022,中信兄弟,Swingman,B_Role-v0.1,B_QuadraticTanh-v1,34,15,120,480,Regular,False,2026-08-11,1.50613322436,-1.23303263174,1.86748329542,-0.32275081983,76.5974435044,54.3426537146,79.4817470596,62.5344493048,77,54,79,63
1888,福瑞多,2017,統一7-ELEVEn獅,SP,B_Role-v0.1,B_QuadraticTanh-v1,27,22,128.666666667,596,Qualified,False,2026-08-11,0.255295052504,-1.08603159953,-0.537390137737,-0.165303405912,66.8663820994,55.7538928323,60.7475989129,63.7720643605,67,56,61,64
1889,史博威,2017,Lamigo,SP,B_Role-v0.1,B_QuadraticTanh-v1,26,26,172.333333333,702,Qualified,False,2026-08-11,0.601104838512,1.61666363768,1.7467379598,0.844243176239,69.4757054156,77.480469676,78.5192194009,71.3564960643,69,77,79,71
1889,史博威,2018,Lamigo,SP,B_Role-v0.1,B_QuadraticTanh-v1,13,13,77.3333333333,344,Provisional,False,2026-08-11,-1.17511801367,-0.45699489432,0.0850871091758,-0.553675549322,54.9010448674,61.4297163016,65.6158466512,60.607636012,55,61,66,61
1890,林威志,2017,統一7-ELEVEn獅,RP,B_Role-v0.1,B_QuadraticTanh-v1,21,0,26,119,Provisional,False,2026-08-11,-1.14209152191,1.58491850054,0.707360230751,-0.996294323701,55.218150374,77.2268425395,70.2935333253,56.6038936182,55,77,70,57
1890,林威志,2020,統一7-ELEVEn獅,RP,B_Role-v0.1,B_QuadraticTanh-v1,25,0,28,128,Provisional,False,2026-08-11,-0.664522876199,0.157619032792,-0.0964897258994,-1.61873413846,59.6397170855,66.1457890218,64.2923360557,50.5860735428,60,66,64,51
1891,狄馬克,2017,統一7-ELEVEn獅,RP,B_Role-v0.1,B_QuadraticTanh-v1,21,0,21,89,Provisional,False,2026-08-11,-0.133739349739,1.24984720551,-0.812110025374,0.0590979966995,64.0122983005,74.5542759056,58.3126827305,65.4270644121,64,75,58,65
1892,尼克斯,2017,統一7-ELEVEn獅,SP,B_Role-v0.1,B_QuadraticTanh-v1,10,9,56.6666666667,247,Provisional,False,2026-08-11,0.558652429667,-0.409575467922,-0.433045873656,1.06136936671,69.1509057948,61.8249564692,61.6300021409,73.0608694268,69,62,62,73
1892,尼克斯,2018,Lamigo,SP,B_Role-v0.1,B_QuadraticTanh-v1,26,25,142.666666667,622,Qualified,False,2026-08-11,-0.400018211827,0.195663569503,0.183939091304,-0.402299243276,61.9039619566,66.4255284681,66.3391910128,61.8851258394,62,66,66,62
1892,尼克斯,2019,Lamigo,SP,B_Role-v0.1,B_QuadraticTanh-v1,29,29,177,758,Qualified,False,2026-08-11,-0.253497575516,0.784491467977,1.5344611985,0.0794873624686,63.0867611323,70.8912728012,76.8237268175,65.5751209016,63,71,77,66
1893,楊志龍,2018,中信兄弟,Swingman,B_Role-v0.1,B_QuadraticTanh-v1,23,14,64,270,Regular,False,2026-08-11,1.6199704276,-0.804445488316,0.199424856088,2.3139261282,77.5068883537,58.3825933541,66.4532500571,83.0046034977,78,58,66,83
1893,楊志龍,2019,中信兄弟,SP,B_Role-v0.1,B_QuadraticTanh-v1,10,10,54.6666666667,248,Provisional,False,2026-08-11,-0.646636700581,-0.644093974931,-0.601995915863,-0.384333785157,59.7976497353,59.8200483066,60.1889208512,62.0331362679,60,60,60,62
1893,楊志龍,2022,中信兄弟,RP,B_Role-v0.1,B_QuadraticTanh-v1,40,0,37,158,Regular,False,2026-08-11,-1.12932417993,1.07932997075,-0.503222652279,1.01940115656,55.3404525012,73.2026995722,61.0393083319,72.7299149355,55,73,61,73
1898,吳丞哲,2018,Lamigo,RP,B_Role-v0.1,B_QuadraticTanh-v1,66,0,60,274,Qualified,False,2026-08-11,0.13239397881,1.00579682074,0.828474962864,-0.684819994823,65.9609782008,72.6227767137,71.2335498755,59.4597089954,66,73,71,59
1898,吳丞哲,2019,Lamigo,RP,B_Role-v0.1,B_QuadraticTanh-v1,38,0,41.6666666667,193,Regular,False,2026-08-11,0.885949420199,-1.66576201299,1.09525072173,-0.813181873753,71.682267198,50.128354358,73.3285152753,58.3028978371,72,50,73,58
1899,楊達翔,2024,台鋼雄鷹,Swingman,B_Role-v0.1,B_QuadraticTanh-v1,14,3,26.3333333333,144,Provisional,False,2026-08-11,-1.60647371728,0.779229561835,-1.07393669686,-1.16527798961,50.7055486511,70.8503922697,55.8690277155,54.9956316801,51,71,56,55
1909,萊福力,2018,中信兄弟,Swingman,B_Role-v0.1,B_QuadraticTanh-v1,28,20,151,650,Regular,False,2026-08-11,1.6222703881,0.690207548552,2.97071279665,0.668530147815,77.5252630951,70.1610587165,87.9778106376,69.9938831767,78,70,88,70
1909,萊福力,2019,中信兄弟,SP,B_Role-v0.1,B_QuadraticTanh-v1,31,27,167,724,Qualified,False,2026-08-11,-0.217210204697,1.70557470987,0.715092883782,0.245704645828,63.3712114831,78.1906333778,70.3533097067,66.7952869084,63,78,70,67
1910,瑞安,2018,統一7-ELEVEn獅,SP,B_Role-v0.1,B_QuadraticTanh-v1,28,26,148.333333333,654,Qualified,False,2026-08-11,0.85869239716,-0.355370344011,-0.0147909614714,1.22978654469,71.4692654595,62.2700864187,64.8931991273,74.3948500703,71,62,65,74
1910,瑞安,2019,統一7-ELEVEn獅,SP,B_Role-v0.1,B_QuadraticTanh-v1,20,19,111,511,Regular,False,2026-08-11,0.75597104297,-0.23536990671,0.17810800106,-0.811622968995,70.6698703553,63.2292911264,66.2962939741,58.3171283978,71,63,66,58
1911,羅里奇,2018,統一7-ELEVEn獅,SP,B_Role-v0.1,B_QuadraticTanh-v1,26,26,156,659,Qualified,False,2026-08-11,1.51420086896,0.121677420263,1.04566180529,0.993216431753,76.6618837,65.8826266434,72.9369256627,72.5237672019,77,66,73,73
1911,羅里奇,2019,統一7-ELEVEn獅,SP,B_Role-v0.1,B_QuadraticTanh-v1,19,18,105.333333333,434,Regular,False,2026-08-11,-0.0602029568762,1.13060312289,0.101812236081,0.381428598097,64.5614875033,73.6081935153,65.7376465991,67.8081019091,65,74,66,68
1911,羅里奇,2020,統一7-ELEVEn獅,SP,B_Role-v0.1,B_QuadraticTanh-v1,14,12,74.6666666667,334,Provisional,False,2026-08-11,1.58543360109,0.329777815371,-0.703131297584,-0.800409037184,77.2309579769,67.4209994277,59.2966061955,58.4193693589,77,67,59,58
1912,馬丁尼茲,2018,統一7-ELEVEn獅,SP,B_Role-v0.1,B_QuadraticTanh-v1,17,16,75.6666666667,359,Provisional,False,2026-08-11,-0.520981042651,-0.980947020219,-2.0101899163,-0.820243910236,60.8880238244,56.7482243605,46.8301620169,58.2383783893,61,57,47,58
1913,威拉諾,2018,中信兄弟,SP,B_Role-v0.1,B_QuadraticTanh-v1,12,11,61.6666666667,280,Provisional,False,2026-08-11,-0.348775860106,-0.227009088719,-1.2147848985,0.422740020074,62.3237455878,63.2947394292,54.5188873027,68.1191375505,62,63,55,68
1913,威拉諾,2019,中信兄弟,SP,B_Role-v0.1,B_QuadraticTanh-v1,18,18,117,485,Regular,False,2026-08-11,0.214973795936,0.70990517176,1.17459157084,0.819397759585,66.5679724933,70.3132029419,73.9567373884,71.1628305021,67,70,74,71
1913,威拉諾,2020,樂天桃猿,SP,B_Role-v0.1,B_QuadraticTanh-v1,12,12,70.6666666667,332,Provisional,False,2026-08-11,-0.789566428929,-0.321779982481,-0.0680777431913,-1.09177608329,58.5180123671,62.5422764514,64.5033851697,55.6991511588,59,63,65,56
1914,張竣龍,2019,富邦悍將,RP,B_Role-v0.1,B_QuadraticTanh-v1,29,0,26.3333333333,125,Provisional,False,2026-08-11,-1.45980857356,-0.882513672521,-1.03271149105,0.327126887149,52.1370318605,57.6658084755,56.2601590176,67.4011861553,52,58,56,67
1917,*歐書誠,2021,富邦悍將,RP,B_Role-v0.1,B_QuadraticTanh-v1,28,0,23,98,Provisional,False,2026-08-11,1.30274398069,-0.550805219673,-1.76216755269,-0.327955564434,74.9750955729,60.6323475385,49.1938870215,62.492446759,75,61,49,62
1917,*歐書誠,2022,富邦悍將,RP,B_Role-v0.1,B_QuadraticTanh-v1,40,0,41.3333333333,178,Regular,False,2026-08-11,0.203089528759,0.451473703519,0.408617193453,-1.02071632972,66.4802707494,68.3362008761,68.0126662776,56.3735696648,66,68,68,56
1917,*歐書誠,2023,富邦悍將,RP,B_Role-v0.1,B_QuadraticTanh-v1,30,0,22,102,Provisional,False,2026-08-11,-0.918037028629,-2.84886893179,-2.07331610893,-1.30152274644,57.3363488202,39.7486982889,46.2417424691,53.6790984266,57,40,46,54
1917,*歐書誠,2024,富邦悍將,RP,B_Role-v0.1,B_QuadraticTanh-v1,37,0,33.6666666667,136,Regular,False,2026-08-11,0.778681197981,-0.918478541631,-0.3669467991,-0.734253740948,70.8461327924,57.3322416883,62.1756278539,59.0178873071,71,57,62,59
1918,吳世豪,2018,富邦悍將,Swingman,B_Role-v0.1,B_QuadraticTanh-v1,5,4,22,85,Provisional,False,2026-08-11,-0.104165374484,0.0287259005053,-0.0103402740055,0.663843692447,64.234940594,65.2071963492,64.9254004504,69.9577777615,64,65,65,70
1918,吳世豪,2021,富邦悍將,RP,B_Role-v0.1,B_QuadraticTanh-v1,29,0,32.3333333333,138,Regular,False,2026-08-11,-0.282720937848,0.624965265042,0.0122116844682,0.478302118829,62.855196491,69.6587594939,65.0879911224,68.539397222,63,70,65,69
1918,吳世豪,2024,富邦悍將,RP,B_Role-v0.1,B_QuadraticTanh-v1,40,0,38,166,Regular,False,2026-08-11,-0.340618758848,-1.32212690188,0.120639463738,0.0701969316797,62.389969699,53.4789231181,65.8750430685,65.5076138001,62,53,66,66
1918,吳世豪,2025,富邦悍將,RP,B_Role-v0.1,B_QuadraticTanh-v1,30,0,25.6666666667,103,Provisional,False,2026-08-11,-0.449268870236,0.543159941162,-1.22898944487,0.171603393829,61.4944776503,69.0326643034,54.3817242287,66.2484754366,61,69,54,66
1920,林逸翔,2021,富邦悍將,RP,B_Role-v0.1,B_QuadraticTanh-v1,29,0,27,120,Provisional,False,2026-08-11,-1.04721237333,-1.04006353587,-1.06059089518,-0.0455882426202,56.1228153203,56.190557563,55.9958728316,64.6688649307,56,56,56,65
1932,鄭佳彥,2019,中信兄弟,RP,B_Role-v0.1,B_QuadraticTanh-v1,61,0,33.3333333333,154,Regular,False,2026-08-11,-0.991581031612,1.57304291889,-1.89333145922,-0.594597993346,56.6482530765,77.1319619139,47.9348912586,60.2533550469,57,77,48,60
1933,李茲,2019,Lamigo,SP,B_Role-v0.1,B_QuadraticTanh-v1,30,27,161.666666667,686,Qualified,False,2026-08-11,-1.53072275858,-0.0685574653817,0.650633298441,1.76312335704,51.4446074042,64.4998401232,69.8560726884,78.6499641596,51,64,70,79
1934,霸林爵,2019,富邦悍將,SP,B_Role-v0.1,B_QuadraticTanh-v1,19,19,108.666666667,470,Regular,False,2026-08-11,-1.04897493748,1.08026261038,0.313456133711,1.87257504485,56.1061036213,73.2100674713,67.2990952246,79.5222797773,56,73,67,80
1934,霸林爵,2021,樂天桃猿,SP,B_Role-v0.1,B_QuadraticTanh-v1,19,19,106,461,Regular,False,2026-08-11,0.118064849925,1.06246960998,0.103519750572,1.01783489477,65.856236254,73.0695544686,65.7500950741,72.7175764928,66,73,66,73
1934,霸林爵,2022,樂天桃猿,SP,B_Role-v0.1,B_QuadraticTanh-v1,23,23,130.333333333,560,Qualified,False,2026-08-11,-0.240254067263,-1.09901456514,0.114100800541,0.460503974994,63.1909734123,55.6301200782,65.8272910889,68.404539238,63,56,66,68
1935,黃恩賜,2019,中信兄弟,SP,B_Role-v0.1,B_QuadraticTanh-v1,17,14,68.6666666667,330,Provisional,False,2026-08-11,-1.1158529525,-1.05115702406,-1.81361728781,-0.792056969203,55.4693165677,56.0854089693,48.6980354692,58.4953727475,55,56,49,58
1935,黃恩賜,2020,中信兄弟,SP,B_Role-v0.1,B_QuadraticTanh-v1,18,18,102.333333333,430,Regular,False,2026-08-11,0.0317540131435,-0.71150972284,0.0323902361612,1.00830714602,65.2290806585,59.2217574959,65.2336797072,72.6425408414,65,59,65,73
1935,黃恩賜,2021,中信兄弟,Swingman,B_Role-v0.1,B_QuadraticTanh-v1,9,7,37.6666666667,161,Provisional,False,2026-08-11,-0.206645832652,0.36152737158,-0.178586276835,-1.07248089568,63.4533743816,67.6587128703,63.6701690094,55.8828745342,63,68,64,56
1935,黃恩賜,2024,中信兄弟,RP,B_Role-v0.1,B_QuadraticTanh-v1,19,0,20,82,Provisional,False,2026-08-11,-0.0804196498249,0.969083087477,-0.479380696594,-0.183052003192,64.4119796073,72.3340132273,61.241281421,63.6358057873,64,72,61,64
1935,黃恩賜,2025,中信兄弟,RP,B_Role-v0.1,B_QuadraticTanh-v1,28,0,27,107,Provisional,False,2026-08-11,0.189606949095,0.586333346131,-0.630197131026,0.796572012438,66.3809141815,69.3625594131,59.9422269915,70.9851834278,66,69,60,71
1936,*翁瑋均,2019,Lamigo,SP,B_Role-v0.1,B_QuadraticTanh-v1,16,14,70.3333333333,318,Provisional,False,2026-08-11,-0.947740932159,-0.885490386002,-1.44681963871,-1.11392339349,57.0593765624,57.63827755,52.2638315258,55.4877589305,57,58,52,55
1936,*翁瑋均,2020,樂天桃猿,SP,B_Role-v0.1,B_QuadraticTanh-v1,21,20,109,518,Regular,False,2026-08-11,0.400389695165,-0.73742216636,-0.498842211669,-1.71699646664,67.9507062792,58.9894078022,61.0765147244,49.6309774599,68,59,61,50
1937,奧斯丁,2019,統一7-ELEVEn獅,Swingman,B_Role-v0.1,B_QuadraticTanh-v1,15,6,46,204,Regular,False,2026-08-11,-0.00721137187984,-0.994421902634,0.761074341413,1.10593169245,64.9480053553,56.6215196354,70.7094548814,73.4129709858,65,57,71,73
1938,亞力克,2019,統一7-ELEVEn獅,Swingman,B_Role-v0.1,B_QuadraticTanh-v1,15,9,56.6666666667,252,Regular,False,2026-08-11,1.96156344394,0.471697228762,1.69385115651,0.840359848949,80.2297117754,68.489325697,78.0970211446,71.3262059618,80,68,78,71
1939,*廖乙忠,2019,中信兄弟,SP,B_Role-v0.1,B_QuadraticTanh-v1,13,13,74.3333333333,319,Provisional,False,2026-08-11,0.0696903104849,-0.0718346108146,-0.114009040261,0.241326293099,65.5039347009,64.4756057504,64.1610983279,66.7628539655,66,64,64,67
1939,*廖乙忠,2020,中信兄弟,SP,B_Role-v0.1,B_QuadraticTanh-v1,18,15,86.6666666667,400,Regular,False,2026-08-11,-0.311734754605,-0.902592019849,-1.2046077768,-0.289105983029,62.6231238785,57.4798356238,54.6170618605,62.8043089892,63,57,55,63
1939,*廖乙忠,2021,中信兄弟,Swingman,B_Role-v0.1,B_QuadraticTanh-v1,16,6,46,195,Regular,False,2026-08-11,-0.150399247304,-0.789160261534,-0.603293343903,-0.899950642633,63.8858340917,58.5217034705,60.1776084704,57.5043373731,64,59,60,58
1939,*廖乙忠,2022,中信兄弟,Swingman,B_Role-v0.1,B_QuadraticTanh-v1,20,2,27,130,Provisional,False,2026-08-11,-1.02061535,1.31386196057,-1.22901165943,0.451838789614,56.3745236146,75.0636187508,54.3815095967,68.3389626238,56,75,54,68
1940,赫猛,2019,中信兄弟,SP,B_Role-v0.1,B_QuadraticTanh-v1,13,11,63.3333333333,279,Provisional,False,2026-08-11,0.956483645017,-1.22950351318,-1.07176757985,0.494713050019,72.2350430728,54.3767573198,55.8896583195,68.6639385354,72,54,56,69
1941,索沙,2019,富邦悍將,SP,B_Role-v0.1,B_QuadraticTanh-v1,12,12,86.6666666667,325,Regular,False,2026-08-11,1.73439144242,1.03732351268,1.49902846643,1.57621658927,78.4206815236,72.8711674368,76.5406974388,77.1573180459,78,73,77,77
1941,索沙,2020,富邦悍將,SP,B_Role-v0.1,B_QuadraticTanh-v1,29,29,194.333333333,828,Qualified,False,2026-08-11,1.66885389029,1.50991288349,2.28988599224,0.45276322728,77.8973846395,76.6276330343,82.8170211565,68.3459560893,78,77,83,68
1942,冠猛,2019,Lamigo,Swingman,B_Role-v0.1,B_QuadraticTanh-v1,11,7,37,175,Provisional,False,2026-08-11,-0.291911310152,1.29073446169,0.572693130772,-1.84400484397,62.7819180907,74.8795014933,69.2582020406,48.4063269546,63,75,69,48
1946,*游朝惟,2021,樂天桃猿,RP,B_Role-v0.1,B_QuadraticTanh-v1,51,0,39.6666666667,157,Regular,False,2026-08-11,0.0143843727822,-0.604084881685,-0.586072545698,0.604329576314,65.1036604103,60.1707052213,60.3274637031,69.5004244206,65,60,60,70
1947,王奕凱,2021,中信兄弟,RP,B_Role-v0.1,B_QuadraticTanh-v1,34,0,32,145,Regular,False,2026-08-11,-2.42248684722,1.40330844039,-0.690401602034,1.6961865779,43.126934186,75.7765869887,59.41006282,78.1156703027,43,76,59,78
1950,*楊彬,2022,樂天桃猿,Swingman,B_Role-v0.1,B_QuadraticTanh-v1,7,5,32.3333333333,132,Provisional,False,2026-08-11,1.13838279167,-0.421019250209,0.552613511812,-0.739047185585,73.6697933391,61.7300653724,69.1047969811,58.9747938554,74,62,69,59
1950,*楊彬,2024,樂天桃猿,Swingman,B_Role-v0.1,B_QuadraticTanh-v1,8,1,20,91,Provisional,False,2026-08-11,0.554159837034,-2.12120762793,-0.896503942626,0.466908005497,69.1166013351,45.7998018182,57.5362929367,68.4530376686,69,46,58,68
1951,古林睿煬,2021,統一7-ELEVEn獅,SP,B_Role-v0.1,B_QuadraticTanh-v1,20,20,100,424,Regular,False,2026-08-11,-0.616920155213,-1.02844256492,-0.452868694939,1.05081382057,60.0585786271,56.3005414732,61.4643206123,72.9775688025,60,56,61,73
1951,古林睿煬,2022,統一7-ELEVEn獅,SP,B_Role-v0.1,B_QuadraticTanh-v1,12,12,62,262,Provisional,False,2026-08-11,-0.895772731555,-0.0291957829602,-1.33182195028,1.63154370118,57.5430698465,64.7885995823,53.3846575191,77.599347569,58,65,53,78
1951,古林睿煬,2023,統一7-ELEVEn獅,SP,B_Role-v0.1,B_QuadraticTanh-v1,13,13,80,311,Regular,False,2026-08-11,0.899178188675,0.154281356866,0.409495901536,-0.0541650032589,71.785770152,66.1213048415,68.0192866009,64.6059212442,72,66,68,65
1951,古林睿煬,2024,統一7-ELEVEn獅,SP,B_Role-v0.1,B_QuadraticTanh-v1,21,21,125,501,Qualified,False,2026-08-11,0.726231895153,1.36395819235,0.547171673421,2.33314207295,70.4394780324,75.4627731573,69.0632674709,83.1543230356,70,75,69,83
1954,霸能,2020,樂天桃猿,SP,B_Role-v0.1,B_QuadraticTanh-v1,28,26,173.333333333,756,Qualified,False,2026-08-11,-0.786504158943,0.0627083655466,1.43377599329,-0.1130009237,58.5458338521,65.4532544558,76.0197025417,64.1686728459,59,65,76,64
1954,霸能,2021,統一7-ELEVEn獅,Swingman,B_Role-v0.1,B_QuadraticTanh-v1,4,4,23,100,Provisional,False,2026-08-11,0.420719289821,0.943913146354,0.232919660457,-0.59096718807,68.1038945381,72.1363674184,66.7006244507,60.2849355026,68,72,67,60
1955,卡本特,2020,樂天桃猿,SP,B_Role-v0.1,B_QuadraticTanh-v1,26,25,157.333333333,692,Qualified,False,2026-08-11,0.821585566407,0.976769046643,1.08700841882,0.655386465763,71.1798716327,72.3944199315,73.2633686331,69.8926546559,71,72,73,70
1956,米蘭達,2020,中信兄弟,SP,B_Role-v0.1,B_QuadraticTanh-v1,25,25,156.333333333,672,Qualified,False,2026-08-11,-1.06528613025,0.760022672225,1.32299185297,1.49429452585,55.9512709558,70.701296292,75.1363301942,76.5028889493,56,71,75,77
1957,羅傑斯,2020,中信兄弟,SP,B_Role-v0.1,B_QuadraticTanh-v1,17,17,109,461,Regular,False,2026-08-11,0.335588428261,0.942417677721,0.99426072622,1.24515510295,67.4644472183,72.1246328394,72.5319835507,74.5169782154,67,72,73,75
1957,羅傑斯,2021,中信兄弟,Swingman,B_Role-v0.1,B_QuadraticTanh-v1,17,12,78.3333333333,346,Regular,False,2026-08-11,0.558089115465,0.673604581941,0.839001965554,0.772933151446,69.1466037286,70.0329923294,71.3156161769,70.801493819,69,70,71,71
1958,費爾本,2020,統一7-ELEVEn獅,SP,B_Role-v0.1,B_QuadraticTanh-v1,11,10,57,246,Provisional,False,2026-08-11,-0.242394010244,0.49464558378,-1.08335728966,0.678408211523,63.1741652915,68.6634261607,55.7793647759,70.0700283556,63,69,56,70
1959,霸威斯,2020,富邦悍將,SP,B_Role-v0.1,B_QuadraticTanh-v1,10,9,52,226,Provisional,False,2026-08-11,-1.96033410323,1.10878875859,-1.1163144474,1.6144831909,47.2992017546,73.4355685631,55.4649051024,77.4630494727,47,73,55,77
1959,霸威斯,2024,樂天桃猿,SP,B_Role-v0.1,B_QuadraticTanh-v1,15,15,84.6666666667,389,Regular,False,2026-08-11,-1.428103865,0.329043558931,-0.375523517561,0.0703711955871,52.4464924979,67.4155109925,62.1054320509,65.508879362,52,67,62,66
1960,猛威爾,2020,統一7-ELEVEn獅,SP,B_Role-v0.1,B_QuadraticTanh-v1,10,10,61.3333333333,267,Provisional,False,2026-08-11,-2.20447922653,0.85051588984,0.127758050675,-0.313688607179,45.0415150646,71.4054391356,65.9270717276,62.6074186113,45,71,66,63
1960,猛威爾,2021,統一7-ELEVEn獅,SP,B_Role-v0.1,B_QuadraticTanh-v1,26,21,122.666666667,532,Qualified,False,2026-08-11,-0.852503042319,0.258461240276,-0.427700510744,-0.576871844934,57.9425651144,66.8898696583,61.6745191098,60.4072655609,58,67,62,60
1961,泰迪,2020,統一7-ELEVEn獅,SP,B_Role-v0.1,B_QuadraticTanh-v1,10,8,54.3333333333,236,Provisional,False,2026-08-11,0.499258303571,0.190544190957,-0.805296322877,0.207782723419,68.6984647872,66.3878161168,58.3748377392,66.5148911002,69,66,58,67
1961,泰迪,2021,統一7-ELEVEn獅,SP,B_Role-v0.1,B_QuadraticTanh-v1,8,8,53.3333333333,201,Provisional,False,2026-08-11,1.46967915152,0.273053559354,0.408687321971,1.59093717738,76.3063192141,66.9982219189,68.0131946162,77.2749292394,76,67,68,77
1961,泰迪,2022,中信兄弟,SP,B_Role-v0.1,B_QuadraticTanh-v1,15,15,88,383,Regular,False,2026-08-11,0.230875090384,1.08515665178,-0.0787995936741,-0.187691382465,66.6854982709,73.2487355684,64.424001808,63.6000500732,67,73,64,64
1962,達尼爾,2020,統一7-ELEVEn獅,Swingman,B_Role-v0.1,B_QuadraticTanh-v1,10,7,39.3333333333,191,Provisional,False,2026-08-11,1.37304835537,1.16128646615,0.501280703763,0.63446208961,75.535246124,73.8512532055,68.7138316938,69.7317158812,76,74,69,70
1963,曼恩,2020,樂天桃猿,Swingman,B_Role-v0.1,B_QuadraticTanh-v1,10,3,20.3333333333,98,Provisional,False,2026-08-11,-0.612211610464,0.608735176009,-0.859460610254,1.39482515762,60.0997522421,69.5342057781,57.8785345979,75.7089153123,60,70,58,76
1969,張喜凱,2021,樂天桃猿,SP,B_Role-v0.1,B_QuadraticTanh-v1,16,15,75,363,Provisional,False,2026-08-11,-1.88902207597,1.92765921551,-1.00510354744,-1.16643555118,47.9759680607,79.9604103446,56.5209048352,54.9845092904,48,80,57,55
1970,*陳韋霖,2021,富邦悍將,RP,B_Role-v0.1,B_QuadraticTanh-v1,31,0,24.3333333333,119,Provisional,False,2026-08-11,-1.19141877266,-1.05265427184,-1.78836586083,-0.732883284326,54.7441632324,56.0712058911,48.9411096241,59.0301997811,55,56,49,59
1985,田澤純一,2021,味全龍,RP,B_Role-v0.1,B_QuadraticTanh-v1,58,0,60.6666666667,256,Qualified,False,2026-08-11,1.69035551426,0.932601859027,1.41386955694,-0.669621206948,78.0691064302,72.0476346319,75.8608466788,59.5945799401,78,72,76,60
1986,*藍愷青,2021,富邦悍將,RP,B_Role-v0.1,B_QuadraticTanh-v1,36,0,35,153,Regular,False,2026-08-11,0.023616799511,0.05594988655,-0.384889476795,-1.1370175189,65.1702911325,65.4042369847,62.028569957,55.266775355,65,65,62,55
1986,*藍愷青,2022,富邦悍將,RP,B_Role-v0.1,B_QuadraticTanh-v1,28,0,25.3333333333,111,Provisional,False,2026-08-11,0.713285085335,0.775759303689,-1.73049393257,-1.83571964097,70.3393316857,70.8234393452,49.5002178291,48.4857699431,70,71,50,48
1987,優瑪,2021,富邦悍將,Swingman,B_Role-v0.1,B_QuadraticTanh-v1,26,5,58.3333333333,254,Regular,False,2026-08-11,-1.64035015361,0.541636800608,-0.639037860065,2.11102500311,50.3755672286,69.0210479286,59.8645472711,81.4127476237,50,69,60,81
1988,劉家愷,2021,味全龍,RP,B_Role-v0.1,B_QuadraticTanh-v1,25,0,20.6666666667,90,Provisional,False,2026-08-11,-0.809722293327,0.139348269823,-1.91822826807,-0.972312639293,58.3344730664,66.0118750209,47.6980142989,56.8292818132,58,66,48,57
1989,加百利,2021,中信兄弟,Swingman,B_Role-v0.1,B_QuadraticTanh-v1,24,12,83,363,Regular,False,2026-08-11,1.23164291909,-0.703516844486,0.412662680953,0.0127760045966,74.4095989113,59.2931649279,68.0431502567,65.0920605565,74,59,68,65
1990,徐若熙,2021,味全龍,SP,B_Role-v0.1,B_QuadraticTanh-v1,20,19,81,332,Regular,False,2026-08-11,-0.183383830458,1.83241691873,-1.47182541212,1.75553076023,63.6332502958,79.2024634613,52.0197056233,78.5893842753,64,79,52,79
1990,徐若熙,2024,味全龍,SP,B_Role-v0.1,B_QuadraticTanh-v1,20,18,94.6666666667,383,Regular,False,2026-08-11,-0.0784400495923,0.820650085,-1.39861360145,2.15437152902,64.4266689546,71.1725847419,52.7341600028,81.7543551951,64,71,53,82
1990,徐若熙,2025,味全龍,SP,B_Role-v0.1,B_QuadraticTanh-v1,19,19,114,429,Regular,False,2026-08-11,1.43683927314,-0.467439074333,0.616554595175,2.82611491975,76.0441518555,61.3419472884,69.5941935306,86.9125143313,76,61,70,87
1991,#歐飛登,2021,樂天桃猿,Swingman,B_Role-v0.1,B_QuadraticTanh-v1,17,9,57.6666666667,243,Regular,False,2026-08-11,0.41747494129,0.471895356342,-0.131882132888,1.59878527427,68.0794275383,68.4908272571,64.0263498647,77.337632047,68,68,64,77
1992,飛利士,2021,統一7-ELEVEn獅,SP,B_Role-v0.1,B_QuadraticTanh-v1,14,14,84.3333333333,353,Regular,False,2026-08-11,0.122630386636,-1.50695427822,0.226862052122,-0.00183730364727,65.8895900679,51.6766843386,66.6558187484,64.9867666884,66,52,67,65
1996,狂威,2021,樂天桃猿,SP,B_Role-v0.1,B_QuadraticTanh-v1,10,10,58.3333333333,246,Provisional,False,2026-08-11,0.067803499511,1.03042351264,-0.234319036738,-0.553789426017,65.4902345927,72.81677165,63.2375273685,60.6066552368,65,73,63,61
1996,狂威,2022,樂天桃猿,SP,B_Role-v0.1,B_QuadraticTanh-v1,23,23,140,608,Qualified,False,2026-08-11,-1.27958872138,1.39682024744,0.800626808026,-0.429800507009,53.8919315827,75.7248294058,71.0167212906,61.6570381831,54,76,71,62
1997,傑斯,2021,富邦悍將,SP,B_Role-v0.1,B_QuadraticTanh-v1,9,9,57.6666666667,240,Provisional,False,2026-08-11,0.359782446739,-0.488843466151,0.240796709906,0.346104381463,67.6456286351,61.1612762831,66.7589320851,67.5431435687,68,61,67,68
1998,布里悍,2022,味全龍,SP,B_Role-v0.1,B_QuadraticTanh-v1,29,29,182.333333333,779,Qualified,False,2026-08-11,-0.773583152572,1.47903090266,1.54560997407,-0.986199633599,58.663037363,76.3809936416,76.912792139,56.6988634841,59,76,77,57
1998,布里悍,2023,味全龍,SP,B_Role-v0.1,B_QuadraticTanh-v1,22,22,129,536,Qualified,False,2026-08-11,-0.557424849737,1.43135187556,0.698049731025,-0.19532977032,60.5753296761,76.0003553681,70.2216049018,63.5410563318,61,76,70,64
1999,吳俊杰,2024,味全龍,Swingman,B_Role-v0.1,B_QuadraticTanh-v1,9,4,26.6666666667,120,Provisional,False,2026-08-11,-0.188501023792,-0.196317036423,-0.491222045161,-0.334267589942,63.5938042957,63.5334200539,61.1411334435,62.4414169243,64,64,61,62
1999,吳俊杰,2025,味全龍,RP,B_Role-v0.1,B_QuadraticTanh-v1,23,0,21,89,Provisional,False,2026-08-11,-0.397748957838,-2.60516084234,-1.3238683021,-0.166585437097,61.9226882682,41.6147577741,53.4619947791,63.7622502394,62,42,53,64
2002,猛悍,2021,富邦悍將,Swingman,B_Role-v0.1,B_QuadraticTanh-v1,4,4,22.3333333333,99,Provisional,False,2026-08-11,-0.614301740489,-0.158358751888,0.14382164259,0.439633811648,60.0814810091,63.8251500482,66.044636215,68.2466873743,60,64,66,68
2007,*岳少華,2023,富邦悍將,RP,B_Role-v0.1,B_QuadraticTanh-v1,46,0,42.3333333333,192,Regular,False,2026-08-11,-0.160063380428,0.927677158686,0.227650552615,0.254757250688,63.8121316632,72.0090197156,66.6616492916,66.8623933467,64,72,67,67
2007,*岳少華,2024,富邦悍將,RP,B_Role-v0.1,B_QuadraticTanh-v1,33,0,31.3333333333,134,Regular,False,2026-08-11,-0.515423500355,0.640597753539,-0.334174070454,-0.695424370838,60.9354459499,69.7788805312,62.4421737171,59.3653343714,61,70,62,59
2013,陳冠勳,2023,富邦悍將,RP,B_Role-v0.1,B_QuadraticTanh-v1,54,0,46.6666666667,204,Regular,False,2026-08-11,-1.18842496708,1.52386967969,0.450538672682,-0.250373514838,54.7729936708,76.7391175931,68.3291281262,63.11138529,55,77,68,63
2032,富藍戈,2022,富邦悍將,Swingman,B_Role-v0.1,B_QuadraticTanh-v1,40,1,51.3333333333,200,Regular,False,2026-08-11,1.09672320452,0.266481926894,-0.743756912537,2.39445351561,73.3401561063,66.9494047384,58.932410582,83.630656639,73,67,59,84
2032,富藍戈,2023,富邦悍將,RP,B_Role-v0.1,B_QuadraticTanh-v1,52,0,66.3333333333,246,Qualified,False,2026-08-11,2.0864273803,1.26410782663,2.85950762596,2.13324327897,81.2185731051,74.6676655497,87.1602329892,81.5879403457,81,75,87,82
2032,富藍戈,2024,富邦悍將,RP,B_Role-v0.1,B_QuadraticTanh-v1,61,0,57.6666666667,247,Qualified,False,2026-08-11,1.25612568513,1.53596344444,1.43986693745,0.908832738644,74.6041918425,76.8357277087,76.0683178876,71.8613589565,75,77,76,72
2032,富藍戈,2025,富邦悍將,RP,B_Role-v0.1,B_QuadraticTanh-v1,37,0,42.6666666667,173,Regular,False,2026-08-11,0.987512548069,0.572032601795,1.27364775888,0.754838439038,72.4788976675,69.2531515531,74.743545557,70.6610870538,72,69,75,71
2033,*楊孟沅,2022,統一7-ELEVEn獅,Swingman,B_Role-v0.1,B_QuadraticTanh-v1,36,1,30,144,Provisional,False,2026-08-11,-0.000394788960408,1.42704402192,-1.4285871077,-0.259293299966,64.9971573013,75.9659754771,52.4417769771,63.0410115552,65,76,52,63
2034,柯瑞,2022,統一7-ELEVEn獅,Swingman,B_Role-v0.1,B_QuadraticTanh-v1,28,11,76,336,Regular,False,2026-08-11,0.668354819793,1.27667081249,0.512671185637,0.157452068405,69.9925321789,74.7675949151,68.8004324441,66.1445639995,70,75,69,66
2035,范米特,2022,富邦悍將,SP,B_Role-v0.1,B_QuadraticTanh-v1,23,22,136.333333333,579,Qualified,False,2026-08-11,0.12064942099,-0.612855789442,0.540220391394,0.153439838618,65.8751158143,60.0941220277,69.0102469244,66.1151331946,66,60,69,66
2036,羅昂,2022,統一7-ELEVEn獅,SP,B_Role-v0.1,B_QuadraticTanh-v1,14,14,82,332,Regular,False,2026-08-11,1.21607852293,0.36340629422,-0.158356420367,1.43606209037,74.2859670146,67.6728044304,63.8251678488,76.0379487405,74,68,64,76
2036,羅昂,2023,統一7-ELEVEn獅,SP,B_Role-v0.1,B_QuadraticTanh-v1,14,13,84.3333333333,337,Regular,False,2026-08-11,0.22635313103,0.339563978811,0.315351126777,0.90538972034,66.6520558138,67.494188471,67.3132381456,71.8343974995,67,67,67,72
2036,羅昂,2024,統一7-ELEVEn獅,SP,B_Role-v0.1,B_QuadraticTanh-v1,18,17,104,425,Regular,False,2026-08-11,1.73255876577,-1.97640475527,0.0486659524844,0.266634150329,78.4060534607,47.1476188397,65.3514534804,66.9505351393,78,47,65,67
2037,戈威士,2022,統一7-ELEVEn獅,SP,B_Role-v0.1,B_QuadraticTanh-v1,11,10,61,260,Provisional,False,2026-08-11,-2.74819110662,-0.041578598158,-0.820609171748,0.836750799265,40.4974331223,64.6982212802,58.2350389624,71.2980619202,40,65,58,71
2037,戈威士,2023,統一7-ELEVEn獅,SP,B_Role-v0.1,B_QuadraticTanh-v1,21,19,110,458,Regular,False,2026-08-11,-1.26626906654,0.601048891479,-0.260043423352,1.66982946742,54.0210325304,69.4752766151,63.0350839583,77.9051766921,54,69,63,78
2040,安得勝,2023,富邦悍將,Swingman,B_Role-v0.1,B_QuadraticTanh-v1,16,9,61.3333333333,254,Regular,False,2026-08-11,0.0253125060865,-0.111530198856,0.359081848046,0.239606525507,65.182537368,64.1797182252,67.6403758713,66.7501188797,65,64,68,67
2042,#泰樂,2023,中信兄弟,Swingman,B_Role-v0.1,B_QuadraticTanh-v1,18,8,59,258,Regular,False,2026-08-11,0.719252910227,0.566113358073,-0.011192853172,-0.195742661278,70.3854823428,69.2079048345,64.9192362086,63.537863029,70,69,65,64
2047,曹祐齊,2025,味全龍,SP,B_Role-v0.1,B_QuadraticTanh-v1,14,12,56.6666666667,236,Provisional,False,2026-08-11,-0.450990751192,-0.172427188151,-2.62728801216,-1.53844142507,61.480056651,63.7174751561,41.437924779,51.3692522993,61,64,41,51
2055,肯特,2023,富邦悍將,SP,B_Role-v0.1,B_QuadraticTanh-v1,25,24,150.333333333,629,Qualified,False,2026-08-11,0.695274065614,1.02950824485,1.14016852676,-1.28861884959,70.2001710945,72.8095575331,73.683935532,53.8043437973,70,73,74,54
2055,肯特,2024,樂天桃猿,SP,B_Role-v0.1,B_QuadraticTanh-v1,8,8,50.6666666667,206,Provisional,False,2026-08-11,0.564674195595,0.975919261329,0.0490984314536,-1.14599839918,69.196907295,72.387739963,65.3545861627,55.1806927681,69,72,65,55
2056,道鉑戈,2023,樂天桃猿,SP,B_Role-v0.1,B_QuadraticTanh-v1,16,13,73.3333333333,321,Provisional,False,2026-08-11,-1.65314339251,1.31208162405,-1.47563797054,-0.33378607905,50.2510736518,75.0494418033,51.9824793377,62.4453132463,50,75,52,62
2057,霍爾,2023,樂天桃猿,SP,B_Role-v0.1,B_QuadraticTanh-v1,15,15,76.6666666667,347,Provisional,False,2026-08-11,0.923492754692,-2.21561681875,-0.828272384871,0.451561598145,71.9762179368,44.9411355251,58.1649242845,68.3368657594,72,45,58,68
2058,錡龍,2023,味全龍,SP,B_Role-v0.1,B_QuadraticTanh-v1,13,13,73.3333333333,304,Provisional,False,2026-08-11,0.310892492006,0.102190199522,-0.262985120485,-0.480770275111,67.2799663777,65.74040189,63.0118241285,61.2295459264,67,66,63,61
2059,威達爾,2023,樂天桃猿,SP,B_Role-v0.1,B_QuadraticTanh-v1,12,12,71,309,Provisional,False,2026-08-11,0.948859969733,-0.411695740437,0.0234547178925,0.459817915794,72.1751908144,61.8073991581,65.1691207283,68.3993453385,72,62,65,68
2060,雷法,2023,樂天桃猿,SP,B_Role-v0.1,B_QuadraticTanh-v1,12,12,67.3333333333,298,Provisional,False,2026-08-11,-0.889499571852,-0.502633138723,-0.373357685332,0.337325210649,57.6011751356,61.0443180787,62.1231753341,67.4774386796,58,61,62,67
2063,艾里歐,2023,中信兄弟,SP,B_Role-v0.1,B_QuadraticTanh-v1,10,10,67,274,Provisional,False,2026-08-11,0.570282677896,1.02369386384,0.870835893042,0.16106663382,69.2397727742,72.7637361647,71.5641179163,66.1710893861,69,73,72,66
2067,蘭道爾,2023,統一7-ELEVEn獅,Swingman,B_Role-v0.1,B_QuadraticTanh-v1,7,5,34,138,Provisional,False,2026-08-11,-0.0925484703501,0.379690786197,-0.0394843478507,-0.204630227395,64.3217446284,67.7950452604,64.7135364731,63.4690170018,64,68,65,63
2074,黃保羅,2024,富邦悍將,Swingman,B_Role-v0.1,B_QuadraticTanh-v1,16,11,64.3333333333,279,Regular,False,2026-08-11,0.324529727504,-1.18150874419,0.971105193567,0.448955424547,67.3817799648,54.8395672284,72.3499033084,68.3171535457,67,55,72,68
2074,黃保羅,2025,富邦悍將,SP,B_Role-v0.1,B_QuadraticTanh-v1,18,16,84.3333333333,377,Regular,False,2026-08-11,-1.08610723967,-1.22635373831,-1.44926813952,-1.12254111692,55.7531722663,54.4071871654,52.2399306278,55.4053620103,56,54,52,55
2086,銳歐,2024,味全龍,Swingman,B_Role-v0.1,B_QuadraticTanh-v1,63,2,92.3333333333,351,Regular,False,2026-08-11,1.436294852,1.60398757377,0.283137780446,3.72905606814,76.0398065299,77.3791958354,67.0731984811,93.1945144498,76,77,67,93
2087,裴瑞茲,2024,統一7-ELEVEn獅,RP,B_Role-v0.1,B_QuadraticTanh-v1,36,0,54,227,Qualified,False,2026-08-11,-1.01133326865,1.39953517827,3.89977684575,0.933661101142,56.4621543486,75.7464862625,94.269433966,72.0559416167,56,76,94,72
2088,#雷公,2024,台鋼雄鷹,RP,B_Role-v0.1,B_QuadraticTanh-v1,31,0,30.6666666667,136,Regular,False,2026-08-11,0.34320920654,-0.129494040158,-0.171285635503,0.382710236831,67.5214691068,64.0444042743,63.7262319543,67.8177326366,68,64,64,68
2089,猛登,2024,中信兄弟,SP,B_Role-v0.1,B_QuadraticTanh-v1,25,25,154,641,Qualified,False,2026-08-11,-0.355501295304,-0.552410372698,1.19311497497,0.0290736237555,62.2690197753,60.6185305477,74.10367647,65.2097089469,62,61,74,65
2090,*巫柏葳,2024,台鋼雄鷹,RP,B_Role-v0.1,B_QuadraticTanh-v1,23,0,31.3333333333,150,Regular,False,2026-08-11,-2.20273421621,-0.752463117174,2.05144973133,-1.33826004222,45.0572653314,58.8539525238,80.9420801702,53.3220346476,45,59,81,53
2091,哈瑪星,2024,台鋼雄鷹,SP,B_Role-v0.1,B_QuadraticTanh-v1,18,18,108.333333333,455,Regular,False,2026-08-11,1.18813372494,0.200246407486,0.411056547271,0.239432823429,74.0641527405,66.4593066353,68.03104613,66.7488327271,74,66,68,67
2092,吉田一将,2025,台鋼雄鷹,SP,B_Role-v0.1,B_QuadraticTanh-v1,13,13,67,294,Provisional,False,2026-08-11,1.67456215808,0.688392374903,-1.08334303999,0.216820495235,77.9429764423,70.1470496038,55.7795004777,66.5816108325,78,70,56,67
2093,布藍登,2024,富邦悍將,SP,B_Role-v0.1,B_QuadraticTanh-v1,14,14,64,293,Provisional,False,2026-08-11,-1.85244673538,-2.07627832193,-2.0085984691,-0.673128447339,48.3254549593,46.2142913559,46.8450776867,59.5634986698,48,46,47,60
2094,*克迪,2024,中信兄弟,SP,B_Role-v0.1,B_QuadraticTanh-v1,13,13,81.6666666667,336,Regular,False,2026-08-11,0.774384616547,0.558327832174,0.393213578598,0.151151809552,70.812764147,69.148426798,67.8967044235,66.0983559283,71,69,68,66
2096,鑀龍,2024,富邦悍將,SP,B_Role-v0.1,B_QuadraticTanh-v1,9,9,53,218,Provisional,False,2026-08-11,-0.329509821412,0.39351505342,-0.483554260085,0.49042353109,62.4798905994,67.8989723288,61.206020671,68.6313678308,62,68,61,69
2096,鑀龍,2025,味全龍,Swingman,B_Role-v0.1,B_QuadraticTanh-v1,24,1,27.6666666667,120,Provisional,False,2026-08-11,-0.603865499467,0.930417901827,-1.03162410021,1.53416747157,60.1726186564,72.0305087539,56.2704475229,76.8213803507,60,72,56,77
2097,小野寺賢人,2024,台鋼雄鷹,SP,B_Role-v0.1,B_QuadraticTanh-v1,9,9,50.6666666667,202,Provisional,False,2026-08-11,0.360621468985,0.949910642313,-0.843026451507,-0.800490335587,67.6519197185,72.1834380016,58.0296480113,58.4186289365,68,72,58,58
2103,郭俞延,2024,台鋼雄鷹,Swingman,B_Role-v0.1,B_QuadraticTanh-v1,5,4,21.6666666667,97,Provisional,False,2026-08-11,-0.867962638721,0.325317510559,0.117173868446,-0.319721425474,57.8001816802,67.3876657992,65.8497292092,62.5588652087,58,67,66,63
2116,*張誠恩,2025,台鋼雄鷹,Swingman,B_Role-v0.1,B_QuadraticTanh-v1,41,1,40,170,Regular,False,2026-08-11,-0.934427842355,0.225025766498,-0.701165838683,-0.0690164300254,57.1836766978,66.64224234,59.3141447103,64.4964478772,57,67,59,64
2117,力亞士,2025,富邦悍將,SP,B_Role-v0.1,B_QuadraticTanh-v1,24,24,144,623,Qualified,False,2026-08-11,0.217316519137,0.0498424715095,1.01475345326,0.220672821677,66.5852745667,65.3599760385,72.6933047814,66.6100701606,67,65,73,67
2118,黃博多,2025,中信兄弟,SP,B_Role-v0.1,B_QuadraticTanh-v1,23,23,123,526,Qualified,False,2026-08-11,-0.0917918502305,-0.760586882221,-0.0933544735337,0.2035250143,64.3273854575,58.7806153108,64.3157339099,66.4834824424,64,59,64,66
2119,蒙德茲,2025,統一7-ELEVEn獅,SP,B_Role-v0.1,B_QuadraticTanh-v1,22,22,120.666666667,537,Qualified,False,2026-08-11,-1.87836459736,0.819893220148,0.0499257112778,0.151490981109,48.0776475449,71.1666895008,65.3605790633,66.1008426694,48,71,65,66
2120,龍聖,2025,味全龍,SP,B_Role-v0.1,B_QuadraticTanh-v1,19,19,109.666666667,454,Regular,False,2026-08-11,-1.23157264735,-0.750918906038,0.269000433669,0.0883178908689,54.3567633986,58.8678789382,66.9681093575,65.6393558104,54,59,67,66
2121,波賽樂,2025,樂天桃猿,SP,B_Role-v0.1,B_QuadraticTanh-v1,16,15,83.3333333333,374,Regular,False,2026-08-11,-1.10539957078,-1.24670989704,-0.797254607868,-0.246457353562,55.5691804815,54.2103965297,58.4480891354,63.1422170192,56,54,58,63
2122,石萬金,2025,台鋼雄鷹,SP,B_Role-v0.1,B_QuadraticTanh-v1,15,15,75.6666666667,354,Provisional,False,2026-08-11,-0.764798768618,-2.79429289687,-1.10743382741,-0.515006662419,58.7425442738,40.1506072177,55.5497558771,60.9389999719,59,40,56,61
2123,李博登,2025,中信兄弟,SP,B_Role-v0.1,B_QuadraticTanh-v1,14,14,83.3333333333,335,Regular,False,2026-08-11,0.684687390859,0.878680133809,0.148949791987,-0.281385112128,70.1184612978,71.6254264441,66.0822135105,62.8658295215,70,72,66,63
2129,◎櫻井周斗,2025,台鋼雄鷹,Swingman,B_Role-v0.1,B_QuadraticTanh-v1,4,4,22,93,Provisional,False,2026-08-11,-1.90541681615,-0.0782288255289,0.347152795364,-0.208045104379,47.8198124312,64.4282356776,67.5509939865,63.4425086627,48,64,68,63
